shsh-check	Set up job	﻿2026-09-18T10:40:45.8940496Z Current runner version: '2.337.0'
shsh-check	Set up job	2026-09-18T10:40:45.8964662Z ##[group]Runner Image Provisioner
shsh-check	Set up job	2026-09-18T10:40:45.8965734Z Hosted Compute Agent
shsh-check	Set up job	2026-09-18T10:40:45.8966307Z Version: 20260828.587
shsh-check	Set up job	2026-09-18T10:40:45.8966934Z Commit: abac92662cab4cc7352de4f9f9d2e2419aad9c29
shsh-check	Set up job	2026-09-18T10:40:45.8967653Z Build Date: 2026-08-28T16:44:25Z
shsh-check	Set up job	2026-09-18T10:40:45.8968267Z Worker ID: {6ba983f7-7361-4404-91f3-09cf8463c5e6}
shsh-check	Set up job	2026-09-18T10:40:45.8968955Z Azure Region: westus3
shsh-check	Set up job	2026-09-18T10:40:45.8969467Z ##[endgroup]
shsh-check	Set up job	2026-09-18T10:40:45.8970963Z ##[group]Operating System
shsh-check	Set up job	2026-09-18T10:40:45.8971599Z Ubuntu
shsh-check	Set up job	2026-09-18T10:40:45.8972086Z 24.04.5
shsh-check	Set up job	2026-09-18T10:40:45.8972574Z LTS
shsh-check	Set up job	2026-09-18T10:40:45.8973063Z ##[endgroup]
shsh-check	Set up job	2026-09-18T10:40:45.8973582Z ##[group]Runner Image
shsh-check	Set up job	2026-09-18T10:40:45.8974154Z Image: ubuntu-24.04
shsh-check	Set up job	2026-09-18T10:40:45.8974695Z Version: 20260907.300.1
shsh-check	Set up job	2026-09-18T10:40:45.8976140Z Included Software: https://github.com/actions/runner-images/blob/ubuntu24/20260907.300/images/ubuntu/Ubuntu2404-Readme.md
shsh-check	Set up job	2026-09-18T10:40:45.8977736Z Image Release: https://github.com/actions/runner-images/releases/tag/ubuntu24%2F20260907.300
shsh-check	Set up job	2026-09-18T10:40:45.8978628Z ##[endgroup]
shsh-check	Set up job	2026-09-18T10:40:45.8979640Z ##[group]GITHUB_TOKEN Permissions
shsh-check	Set up job	2026-09-18T10:40:45.8981726Z Contents: read
shsh-check	Set up job	2026-09-18T10:40:45.8982299Z Metadata: read
shsh-check	Set up job	2026-09-18T10:40:45.8982843Z ##[endgroup]
shsh-check	Set up job	2026-09-18T10:40:45.8985003Z Secret source: Actions
shsh-check	Set up job	2026-09-18T10:40:45.8985840Z Cache mode: write
shsh-check	Set up job	2026-09-18T10:40:45.8986787Z Prepare workflow directory
shsh-check	Set up job	2026-09-18T10:40:45.9416816Z Prepare all required actions
shsh-check	Set up job	2026-09-18T10:40:45.9465528Z Getting action download info
shsh-check	Set up job	2026-09-18T10:40:46.2649980Z Download action repository 'actions/checkout@3d3c42e5aac5ba805825da76410c181273ba90b1' (SHA:3d3c42e5aac5ba805825da76410c181273ba90b1)
shsh-check	Set up job	2026-09-18T10:40:46.3520046Z Download action repository 'actions/setup-node@820762786026740c76f36085b0efc47a31fe5020' (SHA:820762786026740c76f36085b0efc47a31fe5020)
shsh-check	Set up job	2026-09-18T10:40:46.4179300Z Download action repository 'pnpm/action-setup@0977fd99725f1db4007ccb2928dbb4e90d06cc86' (SHA:0977fd99725f1db4007ccb2928dbb4e90d06cc86)
shsh-check	Set up job	2026-09-18T10:40:46.9130792Z Download action repository 'peaceiris/actions-hugo@6b1ee2dcc06c9b6629a5317fa0146473914d05e1' (SHA:6b1ee2dcc06c9b6629a5317fa0146473914d05e1)
shsh-check	Set up job	2026-09-18T10:40:47.5670370Z Download action repository 'actions/upload-artifact@043fb46d1a93c77aae656e7c1c64a875d1fc6a0a' (SHA:043fb46d1a93c77aae656e7c1c64a875d1fc6a0a)
shsh-check	Set up job	2026-09-18T10:40:47.7416181Z Complete job name: shsh-check
shsh-check	Run actions/checkout@3d3c42e5aac5ba805825da76410c181273ba90b1	﻿2026-09-18T10:40:47.8253734Z ##[group]Run actions/checkout@3d3c42e5aac5ba805825da76410c181273ba90b1
shsh-check	Run actions/checkout@3d3c42e5aac5ba805825da76410c181273ba90b1	2026-09-18T10:40:47.8255048Z with:
shsh-check	Run actions/checkout@3d3c42e5aac5ba805825da76410c181273ba90b1	2026-09-18T10:40:47.8255566Z   fetch-depth: 0
shsh-check	Run actions/checkout@3d3c42e5aac5ba805825da76410c181273ba90b1	2026-09-18T10:40:47.8256111Z   persist-credentials: false
shsh-check	Run actions/checkout@3d3c42e5aac5ba805825da76410c181273ba90b1	2026-09-18T10:40:47.8256716Z   repository: shimoju/shimoju.jp
shsh-check	Run actions/checkout@3d3c42e5aac5ba805825da76410c181273ba90b1	2026-09-18T10:40:47.8260846Z   token: ***
shsh-check	Run actions/checkout@3d3c42e5aac5ba805825da76410c181273ba90b1	2026-09-18T10:40:47.8261329Z   ssh-strict: true
shsh-check	Run actions/checkout@3d3c42e5aac5ba805825da76410c181273ba90b1	2026-09-18T10:40:47.8261837Z   ssh-user: git
shsh-check	Run actions/checkout@3d3c42e5aac5ba805825da76410c181273ba90b1	2026-09-18T10:40:47.8262313Z   clean: true
shsh-check	Run actions/checkout@3d3c42e5aac5ba805825da76410c181273ba90b1	2026-09-18T10:40:47.8262831Z   sparse-checkout-cone-mode: true
shsh-check	Run actions/checkout@3d3c42e5aac5ba805825da76410c181273ba90b1	2026-09-18T10:40:47.8263450Z   fetch-tags: false
shsh-check	Run actions/checkout@3d3c42e5aac5ba805825da76410c181273ba90b1	2026-09-18T10:40:47.8263956Z   show-progress: true
shsh-check	Run actions/checkout@3d3c42e5aac5ba805825da76410c181273ba90b1	2026-09-18T10:40:47.8264464Z   lfs: false
shsh-check	Run actions/checkout@3d3c42e5aac5ba805825da76410c181273ba90b1	2026-09-18T10:40:47.8265138Z   submodules: false
shsh-check	Run actions/checkout@3d3c42e5aac5ba805825da76410c181273ba90b1	2026-09-18T10:40:47.8265651Z   set-safe-directory: true
shsh-check	Run actions/checkout@3d3c42e5aac5ba805825da76410c181273ba90b1	2026-09-18T10:40:47.8266235Z   allow-unsafe-pr-checkout: false
shsh-check	Run actions/checkout@3d3c42e5aac5ba805825da76410c181273ba90b1	2026-09-18T10:40:47.8267120Z ##[endgroup]
shsh-check	Run actions/checkout@3d3c42e5aac5ba805825da76410c181273ba90b1	2026-09-18T10:40:47.9359982Z Syncing repository: shimoju/shimoju.jp
shsh-check	Run actions/checkout@3d3c42e5aac5ba805825da76410c181273ba90b1	2026-09-18T10:40:47.9363682Z ##[group]Getting Git version info
shsh-check	Run actions/checkout@3d3c42e5aac5ba805825da76410c181273ba90b1	2026-09-18T10:40:47.9365653Z Working directory is '/home/runner/work/shimoju.jp/shimoju.jp'
shsh-check	Run actions/checkout@3d3c42e5aac5ba805825da76410c181273ba90b1	2026-09-18T10:40:47.9367987Z [command]/usr/bin/git version
shsh-check	Run actions/checkout@3d3c42e5aac5ba805825da76410c181273ba90b1	2026-09-18T10:40:47.9378564Z git version 2.55.0
shsh-check	Run actions/checkout@3d3c42e5aac5ba805825da76410c181273ba90b1	2026-09-18T10:40:47.9403888Z ##[endgroup]
shsh-check	Run actions/checkout@3d3c42e5aac5ba805825da76410c181273ba90b1	2026-09-18T10:40:47.9411925Z Temporarily overriding HOME='/home/runner/work/_temp/cd96690e-a0ba-49cd-82b5-34dea528c34d' before making global git config changes
shsh-check	Run actions/checkout@3d3c42e5aac5ba805825da76410c181273ba90b1	2026-09-18T10:40:47.9415308Z Adding repository directory to the temporary git global config as a safe directory
shsh-check	Run actions/checkout@3d3c42e5aac5ba805825da76410c181273ba90b1	2026-09-18T10:40:47.9418434Z [command]/usr/bin/git config --global --add safe.directory /home/runner/work/shimoju.jp/shimoju.jp
shsh-check	Run actions/checkout@3d3c42e5aac5ba805825da76410c181273ba90b1	2026-09-18T10:40:47.9456277Z Deleting the contents of '/home/runner/work/shimoju.jp/shimoju.jp'
shsh-check	Run actions/checkout@3d3c42e5aac5ba805825da76410c181273ba90b1	2026-09-18T10:40:47.9487059Z ##[group]Determining repository object format
shsh-check	Run actions/checkout@3d3c42e5aac5ba805825da76410c181273ba90b1	2026-09-18T10:40:47.9496198Z ##[endgroup]
shsh-check	Run actions/checkout@3d3c42e5aac5ba805825da76410c181273ba90b1	2026-09-18T10:40:47.9497118Z ##[group]Initializing the repository
shsh-check	Run actions/checkout@3d3c42e5aac5ba805825da76410c181273ba90b1	2026-09-18T10:40:47.9497945Z [command]/usr/bin/git init /home/runner/work/shimoju.jp/shimoju.jp
shsh-check	Run actions/checkout@3d3c42e5aac5ba805825da76410c181273ba90b1	2026-09-18T10:40:47.9579414Z hint: Using 'master' as the name for the initial branch. This default branch name
shsh-check	Run actions/checkout@3d3c42e5aac5ba805825da76410c181273ba90b1	2026-09-18T10:40:47.9582058Z hint: will change to "main" in Git 3.0. To configure the initial branch name
shsh-check	Run actions/checkout@3d3c42e5aac5ba805825da76410c181273ba90b1	2026-09-18T10:40:47.9584257Z hint: to use in all of your new repositories, which will suppress this warning,
shsh-check	Run actions/checkout@3d3c42e5aac5ba805825da76410c181273ba90b1	2026-09-18T10:40:47.9586104Z hint: call:
shsh-check	Run actions/checkout@3d3c42e5aac5ba805825da76410c181273ba90b1	2026-09-18T10:40:47.9587017Z hint:
shsh-check	Run actions/checkout@3d3c42e5aac5ba805825da76410c181273ba90b1	2026-09-18T10:40:47.9588146Z hint: 	git config --global init.defaultBranch <name>
shsh-check	Run actions/checkout@3d3c42e5aac5ba805825da76410c181273ba90b1	2026-09-18T10:40:47.9589904Z hint:
shsh-check	Run actions/checkout@3d3c42e5aac5ba805825da76410c181273ba90b1	2026-09-18T10:40:47.9591343Z hint: Names commonly chosen instead of 'master' are 'main', 'trunk' and
shsh-check	Run actions/checkout@3d3c42e5aac5ba805825da76410c181273ba90b1	2026-09-18T10:40:47.9593256Z hint: 'development'. The just-created branch can be renamed via this command:
shsh-check	Run actions/checkout@3d3c42e5aac5ba805825da76410c181273ba90b1	2026-09-18T10:40:47.9595107Z hint:
shsh-check	Run actions/checkout@3d3c42e5aac5ba805825da76410c181273ba90b1	2026-09-18T10:40:47.9596121Z hint: 	git branch -m <name>
shsh-check	Run actions/checkout@3d3c42e5aac5ba805825da76410c181273ba90b1	2026-09-18T10:40:47.9599415Z hint:
shsh-check	Run actions/checkout@3d3c42e5aac5ba805825da76410c181273ba90b1	2026-09-18T10:40:47.9600827Z hint: Disable this message with "git config set advice.defaultBranchName false"
shsh-check	Run actions/checkout@3d3c42e5aac5ba805825da76410c181273ba90b1	2026-09-18T10:40:47.9603108Z Initialized empty Git repository in /home/runner/work/shimoju.jp/shimoju.jp/.git/
shsh-check	Run actions/checkout@3d3c42e5aac5ba805825da76410c181273ba90b1	2026-09-18T10:40:47.9607141Z [command]/usr/bin/git remote add origin https://github.com/shimoju/shimoju.jp
shsh-check	Run actions/checkout@3d3c42e5aac5ba805825da76410c181273ba90b1	2026-09-18T10:40:47.9636524Z ##[endgroup]
shsh-check	Run actions/checkout@3d3c42e5aac5ba805825da76410c181273ba90b1	2026-09-18T10:40:47.9638221Z ##[group]Disabling automatic garbage collection
shsh-check	Run actions/checkout@3d3c42e5aac5ba805825da76410c181273ba90b1	2026-09-18T10:40:47.9639926Z [command]/usr/bin/git config --local gc.auto 0
shsh-check	Run actions/checkout@3d3c42e5aac5ba805825da76410c181273ba90b1	2026-09-18T10:40:47.9668776Z ##[endgroup]
shsh-check	Run actions/checkout@3d3c42e5aac5ba805825da76410c181273ba90b1	2026-09-18T10:40:47.9671570Z ##[group]Setting up auth
shsh-check	Run actions/checkout@3d3c42e5aac5ba805825da76410c181273ba90b1	2026-09-18T10:40:47.9672828Z Removing SSH command configuration
shsh-check	Run actions/checkout@3d3c42e5aac5ba805825da76410c181273ba90b1	2026-09-18T10:40:47.9675299Z [command]/usr/bin/git config --local --name-only --get-regexp core\.sshCommand
shsh-check	Run actions/checkout@3d3c42e5aac5ba805825da76410c181273ba90b1	2026-09-18T10:40:47.9716039Z [command]/usr/bin/git submodule foreach --recursive sh -c "git config --local --name-only --get-regexp 'core\.sshCommand' && git config --local --unset-all 'core.sshCommand' || :"
shsh-check	Run actions/checkout@3d3c42e5aac5ba805825da76410c181273ba90b1	2026-09-18T10:40:48.0066306Z Removing HTTP extra header
shsh-check	Run actions/checkout@3d3c42e5aac5ba805825da76410c181273ba90b1	2026-09-18T10:40:48.0073909Z [command]/usr/bin/git config --local --name-only --get-regexp http\.https\:\/\/github\.com\/\.extraheader
shsh-check	Run actions/checkout@3d3c42e5aac5ba805825da76410c181273ba90b1	2026-09-18T10:40:48.0118447Z [command]/usr/bin/git submodule foreach --recursive sh -c "git config --local --name-only --get-regexp 'http\.https\:\/\/github\.com\/\.extraheader' && git config --local --unset-all 'http.https://github.com/.extraheader' || :"
shsh-check	Run actions/checkout@3d3c42e5aac5ba805825da76410c181273ba90b1	2026-09-18T10:40:48.0375947Z Removing includeIf entries pointing to credentials config files
shsh-check	Run actions/checkout@3d3c42e5aac5ba805825da76410c181273ba90b1	2026-09-18T10:40:48.0381146Z [command]/usr/bin/git config --local --name-only --get-regexp ^includeIf\.gitdir:
shsh-check	Run actions/checkout@3d3c42e5aac5ba805825da76410c181273ba90b1	2026-09-18T10:40:48.0418004Z [command]/usr/bin/git submodule foreach --recursive git config --local --show-origin --name-only --get-regexp remote.origin.url
shsh-check	Run actions/checkout@3d3c42e5aac5ba805825da76410c181273ba90b1	2026-09-18T10:40:48.0613282Z [command]/usr/bin/git config --file /home/runner/work/_temp/git-credentials-8149d902-4ba2-4771-a74e-4ff22cae2765.config http.https://github.com/.extraheader AUTHORIZATION: basic ***
shsh-check	Run actions/checkout@3d3c42e5aac5ba805825da76410c181273ba90b1	2026-09-18T10:40:48.0645635Z [command]/usr/bin/git config --local includeIf.gitdir:/home/runner/work/shimoju.jp/shimoju.jp/.git.path /home/runner/work/_temp/git-credentials-8149d902-4ba2-4771-a74e-4ff22cae2765.config
shsh-check	Run actions/checkout@3d3c42e5aac5ba805825da76410c181273ba90b1	2026-09-18T10:40:48.0670672Z [command]/usr/bin/git config --local includeIf.gitdir:/home/runner/work/shimoju.jp/shimoju.jp/.git/worktrees/*.path /home/runner/work/_temp/git-credentials-8149d902-4ba2-4771-a74e-4ff22cae2765.config
shsh-check	Run actions/checkout@3d3c42e5aac5ba805825da76410c181273ba90b1	2026-09-18T10:40:48.0699947Z [command]/usr/bin/git config --local includeIf.gitdir:/github/workspace/.git.path /github/runner_temp/git-credentials-8149d902-4ba2-4771-a74e-4ff22cae2765.config
shsh-check	Run actions/checkout@3d3c42e5aac5ba805825da76410c181273ba90b1	2026-09-18T10:40:48.0727602Z [command]/usr/bin/git config --local includeIf.gitdir:/github/workspace/.git/worktrees/*.path /github/runner_temp/git-credentials-8149d902-4ba2-4771-a74e-4ff22cae2765.config
shsh-check	Run actions/checkout@3d3c42e5aac5ba805825da76410c181273ba90b1	2026-09-18T10:40:48.0751305Z ##[endgroup]
shsh-check	Run actions/checkout@3d3c42e5aac5ba805825da76410c181273ba90b1	2026-09-18T10:40:48.0752854Z ##[group]Fetching the repository
shsh-check	Run actions/checkout@3d3c42e5aac5ba805825da76410c181273ba90b1	2026-09-18T10:40:48.0759405Z [command]/usr/bin/git -c protocol.version=2 fetch --no-tags --prune --no-recurse-submodules origin +refs/heads/*:refs/remotes/origin/* +refs/tags/*:refs/tags/*
shsh-check	Run actions/checkout@3d3c42e5aac5ba805825da76410c181273ba90b1	2026-09-18T10:40:50.9280181Z From https://github.com/shimoju/shimoju.jp
shsh-check	Run actions/checkout@3d3c42e5aac5ba805825da76410c181273ba90b1	2026-09-18T10:40:50.9282643Z  * [new branch]      hugo-theme -> origin/hugo-theme
shsh-check	Run actions/checkout@3d3c42e5aac5ba805825da76410c181273ba90b1	2026-09-18T10:40:50.9284381Z  * [new branch]      master     -> origin/master
shsh-check	Run actions/checkout@3d3c42e5aac5ba805825da76410c181273ba90b1	2026-09-18T10:40:50.9288363Z [command]/usr/bin/git branch --list --remote origin/hugo-theme
shsh-check	Run actions/checkout@3d3c42e5aac5ba805825da76410c181273ba90b1	2026-09-18T10:40:50.9310259Z   origin/hugo-theme
shsh-check	Run actions/checkout@3d3c42e5aac5ba805825da76410c181273ba90b1	2026-09-18T10:40:50.9316820Z [command]/usr/bin/git rev-parse refs/remotes/origin/hugo-theme
shsh-check	Run actions/checkout@3d3c42e5aac5ba805825da76410c181273ba90b1	2026-09-18T10:40:50.9337693Z a7789aab338a3aee0817a5eb84362c813b155fbf
shsh-check	Run actions/checkout@3d3c42e5aac5ba805825da76410c181273ba90b1	2026-09-18T10:40:50.9342281Z ##[endgroup]
shsh-check	Run actions/checkout@3d3c42e5aac5ba805825da76410c181273ba90b1	2026-09-18T10:40:50.9344617Z ##[group]Determining the checkout info
shsh-check	Run actions/checkout@3d3c42e5aac5ba805825da76410c181273ba90b1	2026-09-18T10:40:50.9347723Z ##[endgroup]
shsh-check	Run actions/checkout@3d3c42e5aac5ba805825da76410c181273ba90b1	2026-09-18T10:40:50.9349428Z [command]/usr/bin/git sparse-checkout disable
shsh-check	Run actions/checkout@3d3c42e5aac5ba805825da76410c181273ba90b1	2026-09-18T10:40:50.9397717Z [command]/usr/bin/git config --local --unset-all extensions.worktreeConfig
shsh-check	Run actions/checkout@3d3c42e5aac5ba805825da76410c181273ba90b1	2026-09-18T10:40:50.9424924Z ##[group]Checking out the ref
shsh-check	Run actions/checkout@3d3c42e5aac5ba805825da76410c181273ba90b1	2026-09-18T10:40:50.9428528Z [command]/usr/bin/git checkout --progress --force -B hugo-theme refs/remotes/origin/hugo-theme
shsh-check	Run actions/checkout@3d3c42e5aac5ba805825da76410c181273ba90b1	2026-09-18T10:40:51.5962010Z Switched to a new branch 'hugo-theme'
shsh-check	Run actions/checkout@3d3c42e5aac5ba805825da76410c181273ba90b1	2026-09-18T10:40:51.5969692Z branch 'hugo-theme' set up to track 'origin/hugo-theme'.
shsh-check	Run actions/checkout@3d3c42e5aac5ba805825da76410c181273ba90b1	2026-09-18T10:40:51.5984193Z ##[endgroup]
shsh-check	Run actions/checkout@3d3c42e5aac5ba805825da76410c181273ba90b1	2026-09-18T10:40:51.6033494Z [command]/usr/bin/git log -1 --format=%H
shsh-check	Run actions/checkout@3d3c42e5aac5ba805825da76410c181273ba90b1	2026-09-18T10:40:51.6058357Z a7789aab338a3aee0817a5eb84362c813b155fbf
shsh-check	Run actions/checkout@3d3c42e5aac5ba805825da76410c181273ba90b1	2026-09-18T10:40:51.6067046Z ##[group]Removing auth
shsh-check	Run actions/checkout@3d3c42e5aac5ba805825da76410c181273ba90b1	2026-09-18T10:40:51.6067531Z Removing SSH command configuration
shsh-check	Run actions/checkout@3d3c42e5aac5ba805825da76410c181273ba90b1	2026-09-18T10:40:51.6070851Z [command]/usr/bin/git config --local --name-only --get-regexp core\.sshCommand
shsh-check	Run actions/checkout@3d3c42e5aac5ba805825da76410c181273ba90b1	2026-09-18T10:40:51.6100080Z [command]/usr/bin/git submodule foreach --recursive sh -c "git config --local --name-only --get-regexp 'core\.sshCommand' && git config --local --unset-all 'core.sshCommand' || :"
shsh-check	Run actions/checkout@3d3c42e5aac5ba805825da76410c181273ba90b1	2026-09-18T10:40:51.6297117Z Removing HTTP extra header
shsh-check	Run actions/checkout@3d3c42e5aac5ba805825da76410c181273ba90b1	2026-09-18T10:40:51.6301481Z [command]/usr/bin/git config --local --name-only --get-regexp http\.https\:\/\/github\.com\/\.extraheader
shsh-check	Run actions/checkout@3d3c42e5aac5ba805825da76410c181273ba90b1	2026-09-18T10:40:51.6331557Z [command]/usr/bin/git submodule foreach --recursive sh -c "git config --local --name-only --get-regexp 'http\.https\:\/\/github\.com\/\.extraheader' && git config --local --unset-all 'http.https://github.com/.extraheader' || :"
shsh-check	Run actions/checkout@3d3c42e5aac5ba805825da76410c181273ba90b1	2026-09-18T10:40:51.6502800Z Removing includeIf entries pointing to credentials config files
shsh-check	Run actions/checkout@3d3c42e5aac5ba805825da76410c181273ba90b1	2026-09-18T10:40:51.6505813Z [command]/usr/bin/git config --local --name-only --get-regexp ^includeIf\.gitdir:
shsh-check	Run actions/checkout@3d3c42e5aac5ba805825da76410c181273ba90b1	2026-09-18T10:40:51.6529202Z includeif.gitdir:/home/runner/work/shimoju.jp/shimoju.jp/.git.path
shsh-check	Run actions/checkout@3d3c42e5aac5ba805825da76410c181273ba90b1	2026-09-18T10:40:51.6530204Z includeif.gitdir:/home/runner/work/shimoju.jp/shimoju.jp/.git/worktrees/*.path
shsh-check	Run actions/checkout@3d3c42e5aac5ba805825da76410c181273ba90b1	2026-09-18T10:40:51.6531041Z includeif.gitdir:/github/workspace/.git.path
shsh-check	Run actions/checkout@3d3c42e5aac5ba805825da76410c181273ba90b1	2026-09-18T10:40:51.6531541Z includeif.gitdir:/github/workspace/.git/worktrees/*.path
shsh-check	Run actions/checkout@3d3c42e5aac5ba805825da76410c181273ba90b1	2026-09-18T10:40:51.6537621Z [command]/usr/bin/git config --local --get-all includeif.gitdir:/home/runner/work/shimoju.jp/shimoju.jp/.git.path
shsh-check	Run actions/checkout@3d3c42e5aac5ba805825da76410c181273ba90b1	2026-09-18T10:40:51.6556830Z /home/runner/work/_temp/git-credentials-8149d902-4ba2-4771-a74e-4ff22cae2765.config
shsh-check	Run actions/checkout@3d3c42e5aac5ba805825da76410c181273ba90b1	2026-09-18T10:40:51.6565267Z [command]/usr/bin/git config --local --unset includeif.gitdir:/home/runner/work/shimoju.jp/shimoju.jp/.git.path \/home\/runner\/work\/_temp\/git\-credentials\-8149d902\-4ba2\-4771\-a74e\-4ff22cae2765\.config
shsh-check	Run actions/checkout@3d3c42e5aac5ba805825da76410c181273ba90b1	2026-09-18T10:40:51.6592548Z [command]/usr/bin/git config --local --get-all includeif.gitdir:/home/runner/work/shimoju.jp/shimoju.jp/.git/worktrees/*.path
shsh-check	Run actions/checkout@3d3c42e5aac5ba805825da76410c181273ba90b1	2026-09-18T10:40:51.6612900Z /home/runner/work/_temp/git-credentials-8149d902-4ba2-4771-a74e-4ff22cae2765.config
shsh-check	Run actions/checkout@3d3c42e5aac5ba805825da76410c181273ba90b1	2026-09-18T10:40:51.6620285Z [command]/usr/bin/git config --local --unset includeif.gitdir:/home/runner/work/shimoju.jp/shimoju.jp/.git/worktrees/*.path \/home\/runner\/work\/_temp\/git\-credentials\-8149d902\-4ba2\-4771\-a74e\-4ff22cae2765\.config
shsh-check	Run actions/checkout@3d3c42e5aac5ba805825da76410c181273ba90b1	2026-09-18T10:40:51.6648199Z [command]/usr/bin/git config --local --get-all includeif.gitdir:/github/workspace/.git.path
shsh-check	Run actions/checkout@3d3c42e5aac5ba805825da76410c181273ba90b1	2026-09-18T10:40:51.6668996Z /github/runner_temp/git-credentials-8149d902-4ba2-4771-a74e-4ff22cae2765.config
shsh-check	Run actions/checkout@3d3c42e5aac5ba805825da76410c181273ba90b1	2026-09-18T10:40:51.6683274Z [command]/usr/bin/git config --local --unset includeif.gitdir:/github/workspace/.git.path \/github\/runner_temp\/git\-credentials\-8149d902\-4ba2\-4771\-a74e\-4ff22cae2765\.config
shsh-check	Run actions/checkout@3d3c42e5aac5ba805825da76410c181273ba90b1	2026-09-18T10:40:51.6708982Z [command]/usr/bin/git config --local --get-all includeif.gitdir:/github/workspace/.git/worktrees/*.path
shsh-check	Run actions/checkout@3d3c42e5aac5ba805825da76410c181273ba90b1	2026-09-18T10:40:51.6727510Z /github/runner_temp/git-credentials-8149d902-4ba2-4771-a74e-4ff22cae2765.config
shsh-check	Run actions/checkout@3d3c42e5aac5ba805825da76410c181273ba90b1	2026-09-18T10:40:51.6735226Z [command]/usr/bin/git config --local --unset includeif.gitdir:/github/workspace/.git/worktrees/*.path \/github\/runner_temp\/git\-credentials\-8149d902\-4ba2\-4771\-a74e\-4ff22cae2765\.config
shsh-check	Run actions/checkout@3d3c42e5aac5ba805825da76410c181273ba90b1	2026-09-18T10:40:51.6762274Z [command]/usr/bin/git submodule foreach --recursive git config --local --show-origin --name-only --get-regexp remote.origin.url
shsh-check	Run actions/checkout@3d3c42e5aac5ba805825da76410c181273ba90b1	2026-09-18T10:40:51.6931888Z Removing credentials config '/home/runner/work/_temp/git-credentials-8149d902-4ba2-4771-a74e-4ff22cae2765.config'
shsh-check	Run actions/checkout@3d3c42e5aac5ba805825da76410c181273ba90b1	2026-09-18T10:40:51.6939287Z ##[endgroup]
shsh-check	Run actions/setup-node@820762786026740c76f36085b0efc47a31fe5020	﻿2026-09-18T10:40:51.7153167Z ##[group]Run actions/setup-node@820762786026740c76f36085b0efc47a31fe5020
shsh-check	Run actions/setup-node@820762786026740c76f36085b0efc47a31fe5020	2026-09-18T10:40:51.7153557Z with:
shsh-check	Run actions/setup-node@820762786026740c76f36085b0efc47a31fe5020	2026-09-18T10:40:51.7153798Z   node-version-file: themes/shsh/.node-version
shsh-check	Run actions/setup-node@820762786026740c76f36085b0efc47a31fe5020	2026-09-18T10:40:51.7154109Z   package-manager-cache: false
shsh-check	Run actions/setup-node@820762786026740c76f36085b0efc47a31fe5020	2026-09-18T10:40:51.7154356Z   check-latest: false
shsh-check	Run actions/setup-node@820762786026740c76f36085b0efc47a31fe5020	2026-09-18T10:40:51.7157210Z   token: ***
shsh-check	Run actions/setup-node@820762786026740c76f36085b0efc47a31fe5020	2026-09-18T10:40:51.7157419Z ##[endgroup]
shsh-check	Run actions/setup-node@820762786026740c76f36085b0efc47a31fe5020	2026-09-18T10:40:51.8409590Z Node version file is not JSON file
shsh-check	Run actions/setup-node@820762786026740c76f36085b0efc47a31fe5020	2026-09-18T10:40:51.8411710Z Resolved themes/shsh/.node-version as 24.21.0
shsh-check	Run actions/setup-node@820762786026740c76f36085b0efc47a31fe5020	2026-09-18T10:40:51.8430615Z Attempting to download 24.21.0...
shsh-check	Run actions/setup-node@820762786026740c76f36085b0efc47a31fe5020	2026-09-18T10:40:52.8725281Z Acquiring 24.21.0 - x64 from https://github.com/actions/node-versions/releases/download/24.21.0-34304089047/node-24.21.0-linux-x64.tar.gz
shsh-check	Run actions/setup-node@820762786026740c76f36085b0efc47a31fe5020	2026-09-18T10:40:53.4033702Z Extracting ...
shsh-check	Run actions/setup-node@820762786026740c76f36085b0efc47a31fe5020	2026-09-18T10:40:53.4142702Z [command]/usr/bin/tar xz --strip 1 --warning=no-unknown-keyword --overwrite -C /home/runner/work/_temp/66d2764c-2390-4b88-9673-bd4fa168bf01 -f /home/runner/work/_temp/fe8630cc-c59f-4e97-b387-b78011e17c17
shsh-check	Run actions/setup-node@820762786026740c76f36085b0efc47a31fe5020	2026-09-18T10:40:54.6018876Z Adding to the cache ...
shsh-check	Run actions/setup-node@820762786026740c76f36085b0efc47a31fe5020	2026-09-18T10:40:55.9354610Z ##[group]Environment details
shsh-check	Run actions/setup-node@820762786026740c76f36085b0efc47a31fe5020	2026-09-18T10:40:56.1519554Z node: v24.21.0
shsh-check	Run actions/setup-node@820762786026740c76f36085b0efc47a31fe5020	2026-09-18T10:40:56.1519973Z npm: 11.19.0
shsh-check	Run actions/setup-node@820762786026740c76f36085b0efc47a31fe5020	2026-09-18T10:40:56.1520253Z yarn: 1.22.22
shsh-check	Run actions/setup-node@820762786026740c76f36085b0efc47a31fe5020	2026-09-18T10:40:56.1521450Z ##[endgroup]
shsh-check	Run pnpm/action-setup@0977fd99725f1db4007ccb2928dbb4e90d06cc86	﻿2026-09-18T10:40:56.1702621Z ##[group]Run pnpm/action-setup@0977fd99725f1db4007ccb2928dbb4e90d06cc86
shsh-check	Run pnpm/action-setup@0977fd99725f1db4007ccb2928dbb4e90d06cc86	2026-09-18T10:40:56.1702995Z with:
shsh-check	Run pnpm/action-setup@0977fd99725f1db4007ccb2928dbb4e90d06cc86	2026-09-18T10:40:56.1703220Z   package_json_file: themes/shsh/package.json
shsh-check	Run pnpm/action-setup@0977fd99725f1db4007ccb2928dbb4e90d06cc86	2026-09-18T10:40:56.1703498Z   run_install: false
shsh-check	Run pnpm/action-setup@0977fd99725f1db4007ccb2928dbb4e90d06cc86	2026-09-18T10:40:56.1703718Z   dest: ~/setup-pnpm
shsh-check	Run pnpm/action-setup@0977fd99725f1db4007ccb2928dbb4e90d06cc86	2026-09-18T10:40:56.1703919Z   cache: false
shsh-check	Run pnpm/action-setup@0977fd99725f1db4007ccb2928dbb4e90d06cc86	2026-09-18T10:40:56.1704147Z   cache_dependency_path: pnpm-lock.yaml
shsh-check	Run pnpm/action-setup@0977fd99725f1db4007ccb2928dbb4e90d06cc86	2026-09-18T10:40:56.1704409Z   standalone: false
shsh-check	Run pnpm/action-setup@0977fd99725f1db4007ccb2928dbb4e90d06cc86	2026-09-18T10:40:56.1704605Z ##[endgroup]
shsh-check	Run pnpm/action-setup@0977fd99725f1db4007ccb2928dbb4e90d06cc86	2026-09-18T10:40:56.3120997Z ##[group]Running self-installer...
shsh-check	Run pnpm/action-setup@0977fd99725f1db4007ccb2928dbb4e90d06cc86	2026-09-18T10:40:57.4751079Z
shsh-check	Run pnpm/action-setup@0977fd99725f1db4007ccb2928dbb4e90d06cc86	2026-09-18T10:40:57.4758882Z added 1 package, and audited 2 packages in 1s
shsh-check	Run pnpm/action-setup@0977fd99725f1db4007ccb2928dbb4e90d06cc86	2026-09-18T10:40:57.4759236Z
shsh-check	Run pnpm/action-setup@0977fd99725f1db4007ccb2928dbb4e90d06cc86	2026-09-18T10:40:57.4759467Z 1 package is looking for funding
shsh-check	Run pnpm/action-setup@0977fd99725f1db4007ccb2928dbb4e90d06cc86	2026-09-18T10:40:57.4759789Z   run `npm fund` for details
shsh-check	Run pnpm/action-setup@0977fd99725f1db4007ccb2928dbb4e90d06cc86	2026-09-18T10:40:57.4761865Z
shsh-check	Run pnpm/action-setup@0977fd99725f1db4007ccb2928dbb4e90d06cc86	2026-09-18T10:40:57.4762137Z found 0 vulnerabilities
shsh-check	Run pnpm/action-setup@0977fd99725f1db4007ccb2928dbb4e90d06cc86	2026-09-18T10:40:58.0464710Z Checking for updates...
shsh-check	Run pnpm/action-setup@0977fd99725f1db4007ccb2928dbb4e90d06cc86	2026-09-18T10:40:58.2161398Z Switching pnpm from v11.19.0 to v12.4.1...
shsh-check	Run pnpm/action-setup@0977fd99725f1db4007ccb2928dbb4e90d06cc86	2026-09-18T10:40:58.7451309Z .../v11/988-1a0b41aecce-63541209c275b369 | Progress: resolved 1, reused 0, downloaded 0, added 0
shsh-check	Run pnpm/action-setup@0977fd99725f1db4007ccb2928dbb4e90d06cc86	2026-09-18T10:40:58.7478433Z .../v11/988-1a0b41aecce-63541209c275b369 |   +2 +
shsh-check	Run pnpm/action-setup@0977fd99725f1db4007ccb2928dbb4e90d06cc86	2026-09-18T10:40:59.2083644Z .../v11/988-1a0b41aecce-63541209c275b369 | Progress: resolved 2, reused 0, downloaded 2, added 2, done
shsh-check	Run pnpm/action-setup@0977fd99725f1db4007ccb2928dbb4e90d06cc86	2026-09-18T10:41:00.6133916Z [WARN] Detected a pnpm v10 installation layout at PNPM_HOME. The pnpm shims at PNPM_HOME have been refreshed so the new version is active, but pnpm v11 expects bins in PNPM_HOME/bin. Run "pnpm setup" to migrate your PATH to the v11 layout.
shsh-check	Run pnpm/action-setup@0977fd99725f1db4007ccb2928dbb4e90d06cc86	2026-09-18T10:41:00.6176030Z Successfully updated pnpm to v12.4.1
shsh-check	Run pnpm/action-setup@0977fd99725f1db4007ccb2928dbb4e90d06cc86	2026-09-18T10:41:00.6386695Z ##[endgroup]
shsh-check	Run pnpm/action-setup@0977fd99725f1db4007ccb2928dbb4e90d06cc86	2026-09-18T10:41:00.6387347Z Installation Completed!
shsh-check	Run peaceiris/actions-hugo@6b1ee2dcc06c9b6629a5317fa0146473914d05e1	﻿2026-09-18T10:41:00.6496239Z ##[group]Run peaceiris/actions-hugo@6b1ee2dcc06c9b6629a5317fa0146473914d05e1
shsh-check	Run peaceiris/actions-hugo@6b1ee2dcc06c9b6629a5317fa0146473914d05e1	2026-09-18T10:41:00.6496634Z with:
shsh-check	Run peaceiris/actions-hugo@6b1ee2dcc06c9b6629a5317fa0146473914d05e1	2026-09-18T10:41:00.6496838Z   hugo-version: 0.166.0
shsh-check	Run peaceiris/actions-hugo@6b1ee2dcc06c9b6629a5317fa0146473914d05e1	2026-09-18T10:41:00.6497051Z   extended: false
shsh-check	Run peaceiris/actions-hugo@6b1ee2dcc06c9b6629a5317fa0146473914d05e1	2026-09-18T10:41:00.6497241Z env:
shsh-check	Run peaceiris/actions-hugo@6b1ee2dcc06c9b6629a5317fa0146473914d05e1	2026-09-18T10:41:00.6497473Z   PNPM_HOME: /home/runner/setup-pnpm/node_modules/.bin
shsh-check	Run peaceiris/actions-hugo@6b1ee2dcc06c9b6629a5317fa0146473914d05e1	2026-09-18T10:41:00.6497767Z ##[endgroup]
shsh-check	Run peaceiris/actions-hugo@6b1ee2dcc06c9b6629a5317fa0146473914d05e1	2026-09-18T10:41:00.7235595Z Hugo version: 0.166.0
shsh-check	Run peaceiris/actions-hugo@6b1ee2dcc06c9b6629a5317fa0146473914d05e1	2026-09-18T10:41:01.1678881Z [command]/usr/bin/tar xz --warning=no-unknown-keyword --overwrite -C /home/runner/actions_hugo/_temp -f /home/runner/work/_temp/445cdeb0-59f9-484b-b982-c632bd3a25b1
shsh-check	Run peaceiris/actions-hugo@6b1ee2dcc06c9b6629a5317fa0146473914d05e1	2026-09-18T10:41:01.5507062Z [command]/home/runner/actions_hugo/bin/hugo version
shsh-check	Run peaceiris/actions-hugo@6b1ee2dcc06c9b6629a5317fa0146473914d05e1	2026-09-18T10:41:01.5945770Z hugo v0.166.0-78400b4de8adc99273d3e674ed6c4d14c3bdf669 linux/amd64 BuildDate=2026-09-09T14:45:02Z VendorInfo=gohugoio
shsh-check	Run pnpm install --frozen-lockfile	﻿2026-09-18T10:41:01.6062834Z ##[group]Run pnpm install --frozen-lockfile
shsh-check	Run pnpm install --frozen-lockfile	2026-09-18T10:41:01.6063257Z ^[[36;1mpnpm install --frozen-lockfile^[[0m
shsh-check	Run pnpm install --frozen-lockfile	2026-09-18T10:41:01.6091682Z shell: /usr/bin/bash --noprofile --norc -e -o pipefail {0}
shsh-check	Run pnpm install --frozen-lockfile	2026-09-18T10:41:01.6092036Z env:
shsh-check	Run pnpm install --frozen-lockfile	2026-09-18T10:41:01.6092291Z   PNPM_HOME: /home/runner/setup-pnpm/node_modules/.bin
shsh-check	Run pnpm install --frozen-lockfile	2026-09-18T10:41:01.6092608Z ##[endgroup]
shsh-check	Run pnpm install --frozen-lockfile	2026-09-18T10:41:01.6468066Z ? Verifying lockfile against supply-chain policies (205 entries)...
shsh-check	Run pnpm install --frozen-lockfile	2026-09-18T10:41:01.8228082Z Packages are hard linked from the content-addressable store to the virtual store.
shsh-check	Run pnpm install --frozen-lockfile	2026-09-18T10:41:01.8229368Z   Content-addressable store is at: /home/runner/setup-pnpm/node_modules/.bin/store/v11
shsh-check	Run pnpm install --frozen-lockfile	2026-09-18T10:41:01.8230342Z   Virtual store is at:             node_modules/.pnpm
shsh-check	Run pnpm install --frozen-lockfile	2026-09-18T10:41:01.8234577Z Downloading @typescript/typescript-linux-x64@7.0.2: 0.00 B/9.66 MB
shsh-check	Run pnpm install --frozen-lockfile	2026-09-18T10:41:01.8283141Z Downloading @oxlint/binding-linux-x64-gnu@1.82.0: 0.00 B/6.51 MB
shsh-check	Run pnpm install --frozen-lockfile	2026-09-18T10:41:01.9822115Z Downloading @oxlint-tsgolint/linux-x64@7.0.2001: 0.00 B/7.71 MB
shsh-check	Run pnpm install --frozen-lockfile	2026-09-18T10:41:02.6815045Z ✓ Lockfile passes supply-chain policies (205 entries in 1s)
shsh-check	Run pnpm install --frozen-lockfile	2026-09-18T10:41:02.6815605Z Lockfile is up to date, resolution step is skipped
shsh-check	Run pnpm install --frozen-lockfile	2026-09-18T10:41:03.5535286Z Packages: +145
shsh-check	Run pnpm install --frozen-lockfile	2026-09-18T10:41:03.5536238Z ++++++++++++++++++++++++++++++++++++++++++++++++++++++++++++++++++++++++++++++++
shsh-check	Run pnpm install --frozen-lockfile	2026-09-18T10:41:03.5600090Z Progress: resolved 145, reused 0, downloaded 145, added 145, done
shsh-check	Run pnpm install --frozen-lockfile	2026-09-18T10:41:03.5798648Z
shsh-check	Run pnpm install --frozen-lockfile	2026-09-18T10:41:03.5799293Z devDependencies:
shsh-check	Run pnpm install --frozen-lockfile	2026-09-18T10:41:03.5799806Z + @axe-core/playwright 4.13.0
shsh-check	Run pnpm install --frozen-lockfile	2026-09-18T10:41:03.5800274Z + @playwright/test 1.63.0
shsh-check	Run pnpm install --frozen-lockfile	2026-09-18T10:41:03.5800579Z + @types/node 24.13.4
shsh-check	Run pnpm install --frozen-lockfile	2026-09-18T10:41:03.5800856Z + html-validate 11.15.0
shsh-check	Run pnpm install --frozen-lockfile	2026-09-18T10:41:03.5801127Z + oxfmt 0.67.0
shsh-check	Run pnpm install --frozen-lockfile	2026-09-18T10:41:03.5801330Z + oxlint 1.82.0
shsh-check	Run pnpm install --frozen-lockfile	2026-09-18T10:41:03.5801560Z + oxlint-tsgolint 7.0.2001
shsh-check	Run pnpm install --frozen-lockfile	2026-09-18T10:41:03.5801803Z + prettier 3.9.6
shsh-check	Run pnpm install --frozen-lockfile	2026-09-18T10:41:03.5802079Z + prettier-plugin-go-template 0.0.15
shsh-check	Run pnpm install --frozen-lockfile	2026-09-18T10:41:03.5802380Z + stylelint 17.15.0
shsh-check	Run pnpm install --frozen-lockfile	2026-09-18T10:41:03.5802650Z + stylelint-config-standard 40.0.0
shsh-check	Run pnpm install --frozen-lockfile	2026-09-18T10:41:03.5802927Z + typescript 7.0.2
shsh-check	Run pnpm install --frozen-lockfile	2026-09-18T10:41:03.5803066Z
shsh-check	Run pnpm install --frozen-lockfile	2026-09-18T10:41:03.5816727Z Done in 2s using pnpm v12.4.1
shsh-check	Run pnpm exec playwright install --with-deps chromium firefox webkit	﻿2026-09-18T10:41:03.6070650Z ##[group]Run pnpm exec playwright install --with-deps chromium firefox webkit
shsh-check	Run pnpm exec playwright install --with-deps chromium firefox webkit	2026-09-18T10:41:03.6071199Z ^[[36;1mpnpm exec playwright install --with-deps chromium firefox webkit^[[0m
shsh-check	Run pnpm exec playwright install --with-deps chromium firefox webkit	2026-09-18T10:41:03.6093075Z shell: /usr/bin/bash --noprofile --norc -e -o pipefail {0}
shsh-check	Run pnpm exec playwright install --with-deps chromium firefox webkit	2026-09-18T10:41:03.6093408Z env:
shsh-check	Run pnpm exec playwright install --with-deps chromium firefox webkit	2026-09-18T10:41:03.6093657Z   PNPM_HOME: /home/runner/setup-pnpm/node_modules/.bin
shsh-check	Run pnpm exec playwright install --with-deps chromium firefox webkit	2026-09-18T10:41:03.6093953Z ##[endgroup]
shsh-check	Run pnpm exec playwright install --with-deps chromium firefox webkit	2026-09-18T10:41:04.1062592Z Installing dependencies...
shsh-check	Run pnpm exec playwright install --with-deps chromium firefox webkit	2026-09-18T10:41:04.1146094Z Switching to root user to install dependencies...
shsh-check	Run pnpm exec playwright install --with-deps chromium firefox webkit	2026-09-18T10:41:04.2172912Z Get:1 file:/etc/apt/apt-mirrors.txt Mirrorlist [144 B]
shsh-check	Run pnpm exec playwright install --with-deps chromium firefox webkit	2026-09-18T10:41:04.2435785Z Get:6 https://packages.microsoft.com/ubuntu/24.04/prod noble InRelease [3600 B]
shsh-check	Run pnpm exec playwright install --with-deps chromium firefox webkit	2026-09-18T10:41:04.2622424Z Hit:2 http://azure.archive.ubuntu.com/ubuntu noble InRelease
shsh-check	Run pnpm exec playwright install --with-deps chromium firefox webkit	2026-09-18T10:41:04.2641896Z Get:3 http://azure.archive.ubuntu.com/ubuntu noble-updates InRelease [126 kB]
shsh-check	Run pnpm exec playwright install --with-deps chromium firefox webkit	2026-09-18T10:41:04.2672454Z Get:4 http://azure.archive.ubuntu.com/ubuntu noble-backports InRelease [126 kB]
shsh-check	Run pnpm exec playwright install --with-deps chromium firefox webkit	2026-09-18T10:41:04.2685375Z Get:5 http://azure.archive.ubuntu.com/ubuntu noble-security InRelease [126 kB]
shsh-check	Run pnpm exec playwright install --with-deps chromium firefox webkit	2026-09-18T10:41:04.3118215Z Get:7 https://dl.google.com/linux/chrome-stable/deb stable InRelease [2548 B]
shsh-check	Run pnpm exec playwright install --with-deps chromium firefox webkit	2026-09-18T10:41:04.3525250Z Get:8 https://packages.microsoft.com/ubuntu/24.04/prod noble/main amd64 Packages [476 kB]
shsh-check	Run pnpm exec playwright install --with-deps chromium firefox webkit	2026-09-18T10:41:04.3676225Z Get:9 https://packages.microsoft.com/ubuntu/24.04/prod noble/main arm64 Packages [427 kB]
shsh-check	Run pnpm exec playwright install --with-deps chromium firefox webkit	2026-09-18T10:41:04.4388468Z Get:10 http://azure.archive.ubuntu.com/ubuntu noble-updates/main amd64 Packages [1275 kB]
shsh-check	Run pnpm exec playwright install --with-deps chromium firefox webkit	2026-09-18T10:41:04.4460585Z Get:11 http://azure.archive.ubuntu.com/ubuntu noble-updates/main Translation-en [294 kB]
shsh-check	Run pnpm exec playwright install --with-deps chromium firefox webkit	2026-09-18T10:41:04.4469242Z Get:12 http://azure.archive.ubuntu.com/ubuntu noble-updates/main amd64 Components [181 kB]
shsh-check	Run pnpm exec playwright install --with-deps chromium firefox webkit	2026-09-18T10:41:04.4493177Z Get:13 http://azure.archive.ubuntu.com/ubuntu noble-updates/universe amd64 Packages [1689 kB]
shsh-check	Run pnpm exec playwright install --with-deps chromium firefox webkit	2026-09-18T10:41:04.4582111Z Get:14 http://azure.archive.ubuntu.com/ubuntu noble-updates/universe Translation-en [338 kB]
shsh-check	Run pnpm exec playwright install --with-deps chromium firefox webkit	2026-09-18T10:41:04.4603915Z Get:15 http://azure.archive.ubuntu.com/ubuntu noble-updates/universe amd64 Components [388 kB]
shsh-check	Run pnpm exec playwright install --with-deps chromium firefox webkit	2026-09-18T10:41:04.4626586Z Get:16 http://azure.archive.ubuntu.com/ubuntu noble-updates/restricted amd64 Packages [1580 kB]
shsh-check	Run pnpm exec playwright install --with-deps chromium firefox webkit	2026-09-18T10:41:04.4699781Z Get:17 http://azure.archive.ubuntu.com/ubuntu noble-updates/restricted Translation-en [359 kB]
shsh-check	Run pnpm exec playwright install --with-deps chromium firefox webkit	2026-09-18T10:41:04.4734946Z Get:18 http://azure.archive.ubuntu.com/ubuntu noble-updates/multiverse amd64 Packages [45.7 kB]
shsh-check	Run pnpm exec playwright install --with-deps chromium firefox webkit	2026-09-18T10:41:04.4736383Z Get:19 http://azure.archive.ubuntu.com/ubuntu noble-updates/multiverse Translation-en [13.1 kB]
shsh-check	Run pnpm exec playwright install --with-deps chromium firefox webkit	2026-09-18T10:41:04.5173395Z Get:20 http://azure.archive.ubuntu.com/ubuntu noble-updates/multiverse amd64 Components [940 B]
shsh-check	Run pnpm exec playwright install --with-deps chromium firefox webkit	2026-09-18T10:41:04.5181993Z Get:21 http://azure.archive.ubuntu.com/ubuntu noble-backports/main amd64 Packages [65.9 kB]
shsh-check	Run pnpm exec playwright install --with-deps chromium firefox webkit	2026-09-18T10:41:04.5191081Z Get:22 http://azure.archive.ubuntu.com/ubuntu noble-backports/main amd64 Components [5748 B]
shsh-check	Run pnpm exec playwright install --with-deps chromium firefox webkit	2026-09-18T10:41:04.5198665Z Get:23 http://azure.archive.ubuntu.com/ubuntu noble-backports/universe amd64 Packages [34.6 kB]
shsh-check	Run pnpm exec playwright install --with-deps chromium firefox webkit	2026-09-18T10:41:04.5203529Z Get:24 http://azure.archive.ubuntu.com/ubuntu noble-backports/universe Translation-en [18.7 kB]
shsh-check	Run pnpm exec playwright install --with-deps chromium firefox webkit	2026-09-18T10:41:04.5210789Z Get:25 http://azure.archive.ubuntu.com/ubuntu noble-backports/universe amd64 Components [12.6 kB]
shsh-check	Run pnpm exec playwright install --with-deps chromium firefox webkit	2026-09-18T10:41:04.5366725Z Get:26 http://azure.archive.ubuntu.com/ubuntu noble-security/main amd64 Packages [1009 kB]
shsh-check	Run pnpm exec playwright install --with-deps chromium firefox webkit	2026-09-18T10:41:04.5421880Z Get:27 http://azure.archive.ubuntu.com/ubuntu noble-security/main Translation-en [214 kB]
shsh-check	Run pnpm exec playwright install --with-deps chromium firefox webkit	2026-09-18T10:41:04.5441136Z Get:28 http://azure.archive.ubuntu.com/ubuntu noble-security/main amd64 Components [46.4 kB]
shsh-check	Run pnpm exec playwright install --with-deps chromium firefox webkit	2026-09-18T10:41:04.5448516Z Get:29 http://azure.archive.ubuntu.com/ubuntu noble-security/universe amd64 Packages [1208 kB]
shsh-check	Run pnpm exec playwright install --with-deps chromium firefox webkit	2026-09-18T10:41:04.5516040Z Get:30 http://azure.archive.ubuntu.com/ubuntu noble-security/universe Translation-en [243 kB]
shsh-check	Run pnpm exec playwright install --with-deps chromium firefox webkit	2026-09-18T10:41:04.5536656Z Get:31 http://azure.archive.ubuntu.com/ubuntu noble-security/universe amd64 Components [76.2 kB]
shsh-check	Run pnpm exec playwright install --with-deps chromium firefox webkit	2026-09-18T10:41:04.5540670Z Get:32 http://azure.archive.ubuntu.com/ubuntu noble-security/restricted amd64 Packages [1449 kB]
shsh-check	Run pnpm exec playwright install --with-deps chromium firefox webkit	2026-09-18T10:41:04.5616955Z Get:33 http://azure.archive.ubuntu.com/ubuntu noble-security/restricted Translation-en [336 kB]
shsh-check	Run pnpm exec playwright install --with-deps chromium firefox webkit	2026-09-18T10:41:04.6094104Z Get:34 http://azure.archive.ubuntu.com/ubuntu noble-security/multiverse Translation-en [11.3 kB]
shsh-check	Run pnpm exec playwright install --with-deps chromium firefox webkit	2026-09-18T10:41:04.6257306Z Get:35 https://dl.google.com/linux/chrome-stable/deb stable/main amd64 Packages [1408 B]
shsh-check	Run pnpm exec playwright install --with-deps chromium firefox webkit	2026-09-18T10:41:09.1234384Z Fetched 12.2 MB in 1s (9042 kB/s)
shsh-check	Run pnpm exec playwright install --with-deps chromium firefox webkit	2026-09-18T10:41:09.9630693Z Reading package lists...
shsh-check	Run pnpm exec playwright install --with-deps chromium firefox webkit	2026-09-18T10:41:09.9878715Z Reading package lists...
shsh-check	Run pnpm exec playwright install --with-deps chromium firefox webkit	2026-09-18T10:41:10.1762383Z Building dependency tree...
shsh-check	Run pnpm exec playwright install --with-deps chromium firefox webkit	2026-09-18T10:41:10.1769520Z Reading state information...
shsh-check	Run pnpm exec playwright install --with-deps chromium firefox webkit	2026-09-18T10:41:10.1933575Z libasound2t64 is already the newest version (1.2.11-1ubuntu0.3).
shsh-check	Run pnpm exec playwright install --with-deps chromium firefox webkit	2026-09-18T10:41:10.1934453Z libasound2t64 set to manually installed.
shsh-check	Run pnpm exec playwright install --with-deps chromium firefox webkit	2026-09-18T10:41:10.1935422Z libatk-bridge2.0-0t64 is already the newest version (2.52.0-1build1).
shsh-check	Run pnpm exec playwright install --with-deps chromium firefox webkit	2026-09-18T10:41:10.1936153Z libatk-bridge2.0-0t64 set to manually installed.
shsh-check	Run pnpm exec playwright install --with-deps chromium firefox webkit	2026-09-18T10:41:10.1936865Z libatk1.0-0t64 is already the newest version (2.52.0-1build1).
shsh-check	Run pnpm exec playwright install --with-deps chromium firefox webkit	2026-09-18T10:41:10.1937495Z libatk1.0-0t64 set to manually installed.
shsh-check	Run pnpm exec playwright install --with-deps chromium firefox webkit	2026-09-18T10:41:10.1938174Z libatspi2.0-0t64 is already the newest version (2.52.0-1build1).
shsh-check	Run pnpm exec playwright install --with-deps chromium firefox webkit	2026-09-18T10:41:10.1938856Z libatspi2.0-0t64 set to manually installed.
shsh-check	Run pnpm exec playwright install --with-deps chromium firefox webkit	2026-09-18T10:41:10.1939487Z libcairo2 is already the newest version (1.18.0-3build1).
shsh-check	Run pnpm exec playwright install --with-deps chromium firefox webkit	2026-09-18T10:41:10.1940089Z libcairo2 set to manually installed.
shsh-check	Run pnpm exec playwright install --with-deps chromium firefox webkit	2026-09-18T10:41:10.1940736Z libcups2t64 is already the newest version (2.4.7-1.2ubuntu7.14).
shsh-check	Run pnpm exec playwright install --with-deps chromium firefox webkit	2026-09-18T10:41:10.1941379Z libcups2t64 set to manually installed.
shsh-check	Run pnpm exec playwright install --with-deps chromium firefox webkit	2026-09-18T10:41:10.1942031Z libdbus-1-3 is already the newest version (1.14.10-4ubuntu4.1).
shsh-check	Run pnpm exec playwright install --with-deps chromium firefox webkit	2026-09-18T10:41:10.1942667Z libdbus-1-3 set to manually installed.
shsh-check	Run pnpm exec playwright install --with-deps chromium firefox webkit	2026-09-18T10:41:10.1943346Z libdrm2 is already the newest version (2.4.125-1ubuntu0.1~24.04.2).
shsh-check	Run pnpm exec playwright install --with-deps chromium firefox webkit	2026-09-18T10:41:10.1943985Z libdrm2 set to manually installed.
shsh-check	Run pnpm exec playwright install --with-deps chromium firefox webkit	2026-09-18T10:41:10.1944626Z libgbm1 is already the newest version (25.2.8-0ubuntu0.24.04.2).
shsh-check	Run pnpm exec playwright install --with-deps chromium firefox webkit	2026-09-18T10:41:10.1945418Z libgbm1 set to manually installed.
shsh-check	Run pnpm exec playwright install --with-deps chromium firefox webkit	2026-09-18T10:41:10.1946072Z libglib2.0-0t64 is already the newest version (2.80.0-6ubuntu3.8).
shsh-check	Run pnpm exec playwright install --with-deps chromium firefox webkit	2026-09-18T10:41:10.1946723Z libglib2.0-0t64 set to manually installed.
shsh-check	Run pnpm exec playwright install --with-deps chromium firefox webkit	2026-09-18T10:41:10.1947396Z libnspr4 is already the newest version (2:4.35-1.1build1).
shsh-check	Run pnpm exec playwright install --with-deps chromium firefox webkit	2026-09-18T10:41:10.1948001Z libnspr4 set to manually installed.
shsh-check	Run pnpm exec playwright install --with-deps chromium firefox webkit	2026-09-18T10:41:10.1948612Z libnss3 is already the newest version (2:3.98-1ubuntu0.2).
shsh-check	Run pnpm exec playwright install --with-deps chromium firefox webkit	2026-09-18T10:41:10.1949201Z libnss3 set to manually installed.
shsh-check	Run pnpm exec playwright install --with-deps chromium firefox webkit	2026-09-18T10:41:10.1949851Z libpango-1.0-0 is already the newest version (1.52.1+ds-1build1).
shsh-check	Run pnpm exec playwright install --with-deps chromium firefox webkit	2026-09-18T10:41:10.1950500Z libpango-1.0-0 set to manually installed.
shsh-check	Run pnpm exec playwright install --with-deps chromium firefox webkit	2026-09-18T10:41:10.1951122Z libx11-6 is already the newest version (2:1.8.7-1build1).
shsh-check	Run pnpm exec playwright install --with-deps chromium firefox webkit	2026-09-18T10:41:10.1951735Z libx11-6 set to manually installed.
shsh-check	Run pnpm exec playwright install --with-deps chromium firefox webkit	2026-09-18T10:41:10.1952319Z libxcb1 is already the newest version (1.15-1ubuntu2).
shsh-check	Run pnpm exec playwright install --with-deps chromium firefox webkit	2026-09-18T10:41:10.1952892Z libxcb1 set to manually installed.
shsh-check	Run pnpm exec playwright install --with-deps chromium firefox webkit	2026-09-18T10:41:10.1953545Z libxcomposite1 is already the newest version (1:0.4.5-1build3).
shsh-check	Run pnpm exec playwright install --with-deps chromium firefox webkit	2026-09-18T10:41:10.1954205Z libxcomposite1 set to manually installed.
shsh-check	Run pnpm exec playwright install --with-deps chromium firefox webkit	2026-09-18T10:41:10.1955002Z libxdamage1 is already the newest version (1:1.1.6-1build1).
shsh-check	Run pnpm exec playwright install --with-deps chromium firefox webkit	2026-09-18T10:41:10.1955652Z libxdamage1 set to manually installed.
shsh-check	Run pnpm exec playwright install --with-deps chromium firefox webkit	2026-09-18T10:41:10.1956268Z libxext6 is already the newest version (2:1.3.4-1build2).
shsh-check	Run pnpm exec playwright install --with-deps chromium firefox webkit	2026-09-18T10:41:10.1956852Z libxext6 set to manually installed.
shsh-check	Run pnpm exec playwright install --with-deps chromium firefox webkit	2026-09-18T10:41:10.1957475Z libxfixes3 is already the newest version (1:6.0.0-2build1).
shsh-check	Run pnpm exec playwright install --with-deps chromium firefox webkit	2026-09-18T10:41:10.1958088Z libxfixes3 set to manually installed.
shsh-check	Run pnpm exec playwright install --with-deps chromium firefox webkit	2026-09-18T10:41:10.1958742Z libxkbcommon0 is already the newest version (1.6.0-1build1).
shsh-check	Run pnpm exec playwright install --with-deps chromium firefox webkit	2026-09-18T10:41:10.1959384Z libxkbcommon0 set to manually installed.
shsh-check	Run pnpm exec playwright install --with-deps chromium firefox webkit	2026-09-18T10:41:10.1960497Z libxrandr2 is already the newest version (2:1.5.2-2build1).
shsh-check	Run pnpm exec playwright install --with-deps chromium firefox webkit	2026-09-18T10:41:10.1961116Z libxrandr2 set to manually installed.
shsh-check	Run pnpm exec playwright install --with-deps chromium firefox webkit	2026-09-18T10:41:10.1961735Z xvfb is already the newest version (2:21.1.12-1ubuntu1.6).
shsh-check	Run pnpm exec playwright install --with-deps chromium firefox webkit	2026-09-18T10:41:10.1962599Z fonts-noto-color-emoji is already the newest version (2.047-0ubuntu0.24.04.1).
shsh-check	Run pnpm exec playwright install --with-deps chromium firefox webkit	2026-09-18T10:41:10.1963520Z libfontconfig1 is already the newest version (2.15.0-1.1ubuntu2).
shsh-check	Run pnpm exec playwright install --with-deps chromium firefox webkit	2026-09-18T10:41:10.1964400Z libfontconfig1 set to manually installed.
shsh-check	Run pnpm exec playwright install --with-deps chromium firefox webkit	2026-09-18T10:41:10.1965230Z libfreetype6 is already the newest version (2.13.2+dfsg-1ubuntu0.1).
shsh-check	Run pnpm exec playwright install --with-deps chromium firefox webkit	2026-09-18T10:41:10.1965909Z libfreetype6 set to manually installed.
shsh-check	Run pnpm exec playwright install --with-deps chromium firefox webkit	2026-09-18T10:41:10.1966564Z fonts-liberation is already the newest version (1:2.1.5-3).
shsh-check	Run pnpm exec playwright install --with-deps chromium firefox webkit	2026-09-18T10:41:10.1967249Z fonts-liberation set to manually installed.
shsh-check	Run pnpm exec playwright install --with-deps chromium firefox webkit	2026-09-18T10:41:10.1967971Z libcairo-gobject2 is already the newest version (1.18.0-3build1).
shsh-check	Run pnpm exec playwright install --with-deps chromium firefox webkit	2026-09-18T10:41:10.1968662Z libcairo-gobject2 set to manually installed.
shsh-check	Run pnpm exec playwright install --with-deps chromium firefox webkit	2026-09-18T10:41:10.1969470Z libgdk-pixbuf-2.0-0 is already the newest version (2.42.10+dfsg-3ubuntu3.3).
shsh-check	Run pnpm exec playwright install --with-deps chromium firefox webkit	2026-09-18T10:41:10.1970232Z libgdk-pixbuf-2.0-0 set to manually installed.
shsh-check	Run pnpm exec playwright install --with-deps chromium firefox webkit	2026-09-18T10:41:10.1970951Z libgtk-3-0t64 is already the newest version (3.24.41-4ubuntu1.3).
shsh-check	Run pnpm exec playwright install --with-deps chromium firefox webkit	2026-09-18T10:41:10.1971616Z libgtk-3-0t64 set to manually installed.
shsh-check	Run pnpm exec playwright install --with-deps chromium firefox webkit	2026-09-18T10:41:10.1972335Z libpangocairo-1.0-0 is already the newest version (1.52.1+ds-1build1).
shsh-check	Run pnpm exec playwright install --with-deps chromium firefox webkit	2026-09-18T10:41:10.1973072Z libpangocairo-1.0-0 set to manually installed.
shsh-check	Run pnpm exec playwright install --with-deps chromium firefox webkit	2026-09-18T10:41:10.1973766Z libx11-xcb1 is already the newest version (2:1.8.7-1build1).
shsh-check	Run pnpm exec playwright install --with-deps chromium firefox webkit	2026-09-18T10:41:10.1974389Z libx11-xcb1 set to manually installed.
shsh-check	Run pnpm exec playwright install --with-deps chromium firefox webkit	2026-09-18T10:41:10.1975158Z libxcb-shm0 is already the newest version (1.15-1ubuntu2).
shsh-check	Run pnpm exec playwright install --with-deps chromium firefox webkit	2026-09-18T10:41:10.1975795Z libxcb-shm0 set to manually installed.
shsh-check	Run pnpm exec playwright install --with-deps chromium firefox webkit	2026-09-18T10:41:10.1976439Z libxcursor1 is already the newest version (1:1.2.1-1build1).
shsh-check	Run pnpm exec playwright install --with-deps chromium firefox webkit	2026-09-18T10:41:10.1977253Z libxcursor1 set to manually installed.
shsh-check	Run pnpm exec playwright install --with-deps chromium firefox webkit	2026-09-18T10:41:10.1977905Z libxi6 is already the newest version (2:1.8.1-1build1).
shsh-check	Run pnpm exec playwright install --with-deps chromium firefox webkit	2026-09-18T10:41:10.1978504Z libxi6 set to manually installed.
shsh-check	Run pnpm exec playwright install --with-deps chromium firefox webkit	2026-09-18T10:41:10.1979151Z libxrender1 is already the newest version (1:0.9.10-1.1build1).
shsh-check	Run pnpm exec playwright install --with-deps chromium firefox webkit	2026-09-18T10:41:10.1979735Z libxrender1 set to manually installed.
shsh-check	Run pnpm exec playwright install --with-deps chromium firefox webkit	2026-09-18T10:41:10.1980300Z libicu74 is already the newest version (74.2-1ubuntu3.1).
shsh-check	Run pnpm exec playwright install --with-deps chromium firefox webkit	2026-09-18T10:41:10.1980975Z libatomic1 is already the newest version (14.2.0-4ubuntu2~24.04.1).
shsh-check	Run pnpm exec playwright install --with-deps chromium firefox webkit	2026-09-18T10:41:10.1981584Z libatomic1 set to manually installed.
shsh-check	Run pnpm exec playwright install --with-deps chromium firefox webkit	2026-09-18T10:41:10.1982202Z libenchant-2-2 is already the newest version (2.3.3-2build2).
shsh-check	Run pnpm exec playwright install --with-deps chromium firefox webkit	2026-09-18T10:41:10.1982792Z libenchant-2-2 set to manually installed.
shsh-check	Run pnpm exec playwright install --with-deps chromium firefox webkit	2026-09-18T10:41:10.1983342Z libepoxy0 is already the newest version (1.5.10-1build1).
shsh-check	Run pnpm exec playwright install --with-deps chromium firefox webkit	2026-09-18T10:41:10.1983867Z libepoxy0 set to manually installed.
shsh-check	Run pnpm exec playwright install --with-deps chromium firefox webkit	2026-09-18T10:41:10.1984496Z libgstreamer1.0-0 is already the newest version (1.24.2-1ubuntu0.1).
shsh-check	Run pnpm exec playwright install --with-deps chromium firefox webkit	2026-09-18T10:41:10.1985276Z libgstreamer1.0-0 set to manually installed.
shsh-check	Run pnpm exec playwright install --with-deps chromium firefox webkit	2026-09-18T10:41:10.1985891Z libharfbuzz0b is already the newest version (8.3.0-2build2).
shsh-check	Run pnpm exec playwright install --with-deps chromium firefox webkit	2026-09-18T10:41:10.3328372Z libharfbuzz0b set to manually installed.
shsh-check	Run pnpm exec playwright install --with-deps chromium firefox webkit	2026-09-18T10:41:10.3329314Z libjpeg-turbo8 is already the newest version (2.1.5-2ubuntu2).
shsh-check	Run pnpm exec playwright install --with-deps chromium firefox webkit	2026-09-18T10:41:10.3329935Z libjpeg-turbo8 set to manually installed.
shsh-check	Run pnpm exec playwright install --with-deps chromium firefox webkit	2026-09-18T10:41:10.3330531Z liblcms2-2 is already the newest version (2.14-2ubuntu0.1).
shsh-check	Run pnpm exec playwright install --with-deps chromium firefox webkit	2026-09-18T10:41:10.3331089Z liblcms2-2 set to manually installed.
shsh-check	Run pnpm exec playwright install --with-deps chromium firefox webkit	2026-09-18T10:41:10.3331717Z libpng16-16t64 is already the newest version (1.6.43-5ubuntu0.6).
shsh-check	Run pnpm exec playwright install --with-deps chromium firefox webkit	2026-09-18T10:41:10.3332312Z libpng16-16t64 set to manually installed.
shsh-check	Run pnpm exec playwright install --with-deps chromium firefox webkit	2026-09-18T10:41:10.3333007Z libwayland-client0 is already the newest version (1.22.0-2.1build1).
shsh-check	Run pnpm exec playwright install --with-deps chromium firefox webkit	2026-09-18T10:41:10.3333721Z libwayland-client0 set to manually installed.
shsh-check	Run pnpm exec playwright install --with-deps chromium firefox webkit	2026-09-18T10:41:10.3334421Z libwayland-egl1 is already the newest version (1.22.0-2.1build1).
shsh-check	Run pnpm exec playwright install --with-deps chromium firefox webkit	2026-09-18T10:41:10.3335492Z libwayland-egl1 set to manually installed.
shsh-check	Run pnpm exec playwright install --with-deps chromium firefox webkit	2026-09-18T10:41:10.3336074Z libwebp7 is already the newest version (1.3.2-0.4build3).
shsh-check	Run pnpm exec playwright install --with-deps chromium firefox webkit	2026-09-18T10:41:10.3337064Z libwebp7 set to manually installed.
shsh-check	Run pnpm exec playwright install --with-deps chromium firefox webkit	2026-09-18T10:41:10.3337642Z libwebpdemux2 is already the newest version (1.3.2-0.4build3).
shsh-check	Run pnpm exec playwright install --with-deps chromium firefox webkit	2026-09-18T10:41:10.3338191Z libwebpdemux2 set to manually installed.
shsh-check	Run pnpm exec playwright install --with-deps chromium firefox webkit	2026-09-18T10:41:10.3338762Z libxml2 is already the newest version (2.9.14+dfsg-1.3ubuntu3.8).
shsh-check	Run pnpm exec playwright install --with-deps chromium firefox webkit	2026-09-18T10:41:10.3339292Z libxml2 set to manually installed.
shsh-check	Run pnpm exec playwright install --with-deps chromium firefox webkit	2026-09-18T10:41:10.3339871Z libxslt1.1 is already the newest version (1.1.39-0exp1ubuntu0.24.04.3).
shsh-check	Run pnpm exec playwright install --with-deps chromium firefox webkit	2026-09-18T10:41:10.3340680Z libxslt1.1 set to manually installed.
shsh-check	Run pnpm exec playwright install --with-deps chromium firefox webkit	2026-09-18T10:41:10.3341220Z The following additional packages will be installed:
shsh-check	Run pnpm exec playwright install --with-deps chromium firefox webkit	2026-09-18T10:41:10.3341881Z   glib-networking glib-networking-common glib-networking-services
shsh-check	Run pnpm exec playwright install --with-deps chromium firefox webkit	2026-09-18T10:41:10.3342677Z   gsettings-desktop-schemas libaa1 libabsl20220623t64 libass9 libasyncns0
shsh-check	Run pnpm exec playwright install --with-deps chromium firefox webkit	2026-09-18T10:41:10.3343485Z   libavc1394-0 libavfilter9 libavformat60 libavtp0 libavutil58 libblas3
shsh-check	Run pnpm exec playwright install --with-deps chromium firefox webkit	2026-09-18T10:41:10.3344305Z   libbluray2 libbs2b0 libcaca0 libcairo-script-interpreter2 libcdparanoia0
shsh-check	Run pnpm exec playwright install --with-deps chromium firefox webkit	2026-09-18T10:41:10.3345313Z   libchromaprint1 libcjson1 libcodec2-1.2 libdav1d7 libdc1394-25 libdca0
shsh-check	Run pnpm exec playwright install --with-deps chromium firefox webkit	2026-09-18T10:41:10.3346079Z   libde265-0 libdecor-0-0 libdirectfb-1.7-7t64 libdv4t64 libdvdnav4
shsh-check	Run pnpm exec playwright install --with-deps chromium firefox webkit	2026-09-18T10:41:10.3347040Z   libdvdread8t64 libegl-mesa0 libegl1 libfaad2 libflac12t64 libfluidsynth3
shsh-check	Run pnpm exec playwright install --with-deps chromium firefox webkit	2026-09-18T10:41:10.3348056Z   libfreeaptx0 libgav1-1 libgme0 libgraphene-1.0-0 libgsm1 libgssdp-1.6-0
shsh-check	Run pnpm exec playwright install --with-deps chromium firefox webkit	2026-09-18T10:41:10.3348890Z   libgstreamer-plugins-good1.0-0 libgtk-4-common libgupnp-1.6-0
shsh-check	Run pnpm exec playwright install --with-deps chromium firefox webkit	2026-09-18T10:41:10.3349698Z   libgupnp-igd-1.6-0 libhwy1t64 libiec61883-0 libimath-3-1-29t64
shsh-check	Run pnpm exec playwright install --with-deps chromium firefox webkit	2026-09-18T10:41:10.3350431Z   libinstpatch-1.0-2 libjack-jackd2-0 libjxl0.7 liblapack3 liblc3-1
shsh-check	Run pnpm exec playwright install --with-deps chromium firefox webkit	2026-09-18T10:41:10.3351204Z   libldacbt-enc2 liblilv-0-0 liblrdf0 libltc11 libmbedcrypto7t64 libmfx1
shsh-check	Run pnpm exec playwright install --with-deps chromium firefox webkit	2026-09-18T10:41:10.3351954Z   libmjpegutils-2.1-0t64 libmodplug1 libmp3lame0 libmpcdec6
shsh-check	Run pnpm exec playwright install --with-deps chromium firefox webkit	2026-09-18T10:41:10.3352673Z   libmpeg2encpp-2.1-0t64 libmpg123-0t64 libmplex2-2.1-0t64 libmysofa1
shsh-check	Run pnpm exec playwright install --with-deps chromium firefox webkit	2026-09-18T10:41:10.3353349Z   libneon27t64 libnice10 libopenal-data libopenal1 libopenexr-3-1-30
shsh-check	Run pnpm exec playwright install --with-deps chromium firefox webkit	2026-09-18T10:41:10.3353795Z   libopenh264-7 libopenmpt0t64 libopenni2-0 liborc-0.4-0t64
shsh-check	Run pnpm exec playwright install --with-deps chromium firefox webkit	2026-09-18T10:41:10.3354231Z   libpipewire-0.3-0t64 libplacebo338 libpocketsphinx3 libpostproc57
shsh-check	Run pnpm exec playwright install --with-deps chromium firefox webkit	2026-09-18T10:41:10.3354716Z   libproxy1v5 libpulse0 libqrencode4 libraptor2-0 librav1e0 libraw1394-11
shsh-check	Run pnpm exec playwright install --with-deps chromium firefox webkit	2026-09-18T10:41:10.3355396Z   librist4 librsvg2-2 librubberband2 libsamplerate0 libsbc1 libsdl2-2.0-0
shsh-check	Run pnpm exec playwright install --with-deps chromium firefox webkit	2026-09-18T10:41:10.3355901Z   libsecret-common libserd-0-0 libshine3 libshout3 libsndfile1 libsndio7.0
shsh-check	Run pnpm exec playwright install --with-deps chromium firefox webkit	2026-09-18T10:41:10.3356423Z   libsord-0-0 libsoundtouch1 libsoup-3.0-0 libsoup-3.0-common libsoxr0
shsh-check	Run pnpm exec playwright install --with-deps chromium firefox webkit	2026-09-18T10:41:10.3357027Z   libspa-0.2-modules libspandsp2t64 libspeex1 libsphinxbase3t64 libsratom-0-0
shsh-check	Run pnpm exec playwright install --with-deps chromium firefox webkit	2026-09-18T10:41:10.3357561Z   libsrt1.5-gnutls libsrtp2-1 libssh-gcrypt-4 libsvtav1enc1d1 libswresample4
shsh-check	Run pnpm exec playwright install --with-deps chromium firefox webkit	2026-09-18T10:41:10.3358081Z   libswscale7 libtag1v5 libtag1v5-vanilla libtheora0 libtwolame0 libudfread0
shsh-check	Run pnpm exec playwright install --with-deps chromium firefox webkit	2026-09-18T10:41:10.3358597Z   libunibreak5 libv4l-0t64 libv4lconvert0t64 libva-drm2 libva-x11-2 libva2
shsh-check	Run pnpm exec playwright install --with-deps chromium firefox webkit	2026-09-18T10:41:10.3359091Z   libvdpau1 libvidstab1.1 libvisual-0.4-0 libvo-aacenc0 libvo-amrwbenc0
shsh-check	Run pnpm exec playwright install --with-deps chromium firefox webkit	2026-09-18T10:41:10.3359706Z   libvorbisenc2 libvpl2 libwavpack1 libwebrtc-audio-processing1 libwildmidi2
shsh-check	Run pnpm exec playwright install --with-deps chromium firefox webkit	2026-09-18T10:41:10.3360234Z   libx265-199 libxcb-xkb1 libxkbcommon-x11-0 libxvidcore4 libyuv0 libzbar0t64
shsh-check	Run pnpm exec playwright install --with-deps chromium firefox webkit	2026-09-18T10:41:10.3360769Z   libzimg2 libzix-0-0 libzvbi-common libzvbi0t64 libzxing3 ocl-icd-libopencl1
shsh-check	Run pnpm exec playwright install --with-deps chromium firefox webkit	2026-09-18T10:41:10.3361362Z   session-migration timgm6mb-soundfont xfonts-encodings xfonts-utils
shsh-check	Run pnpm exec playwright install --with-deps chromium firefox webkit	2026-09-18T10:41:10.3361899Z Suggested packages:
shsh-check	Run pnpm exec playwright install --with-deps chromium firefox webkit	2026-09-18T10:41:10.3362430Z   frei0r-plugins gvfs libcuda1 libnvcuvid1 libnvidia-encode1 libbluray-bdj
shsh-check	Run pnpm exec playwright install --with-deps chromium firefox webkit	2026-09-18T10:41:10.3363235Z   libdirectfb-extra libdv-bin oss-compat libdvdcss2 libvisual-0.4-plugins
shsh-check	Run pnpm exec playwright install --with-deps chromium firefox webkit	2026-09-18T10:41:10.3364002Z   jackd2 liblrdf0-dev libportaudio2 opus-tools pipewire pulseaudio
shsh-check	Run pnpm exec playwright install --with-deps chromium firefox webkit	2026-09-18T10:41:10.3364476Z   raptor2-utils libraw1394-doc librsvg2-bin serdi sndiod sordi speex
shsh-check	Run pnpm exec playwright install --with-deps chromium firefox webkit	2026-09-18T10:41:10.3365224Z   libwildmidi-config opencl-icd fluid-soundfont-gm
shsh-check	Run pnpm exec playwright install --with-deps chromium firefox webkit	2026-09-18T10:41:10.3365551Z Recommended packages:
shsh-check	Run pnpm exec playwright install --with-deps chromium firefox webkit	2026-09-18T10:41:10.3366106Z   fonts-ipafont-mincho fonts-tlwg-loma gstreamer1.0-x libaacs0
shsh-check	Run pnpm exec playwright install --with-deps chromium firefox webkit	2026-09-18T10:41:10.3366910Z   default-libdecor-0-plugin-1 | libdecor-0-plugin-1 gstreamer1.0-gl
shsh-check	Run pnpm exec playwright install --with-deps chromium firefox webkit	2026-09-18T10:41:10.3367615Z   libgtk-4-bin librsvg2-common libgtk-4-media-gstreamer libpipewire-0.3-common
shsh-check	Run pnpm exec playwright install --with-deps chromium firefox webkit	2026-09-18T10:41:10.3368294Z   pocketsphinx-en-us va-driver-all | va-driver vdpau-driver-all | vdpau-driver
shsh-check	Run pnpm exec playwright install --with-deps chromium firefox webkit	2026-09-18T10:41:10.3368706Z   libmagickcore-6.q16-7-extra
shsh-check	Run pnpm exec playwright install --with-deps chromium firefox webkit	2026-09-18T10:41:10.3912838Z The following NEW packages will be installed:
shsh-check	Run pnpm exec playwright install --with-deps chromium firefox webkit	2026-09-18T10:41:10.3913748Z   fonts-freefont-ttf fonts-ipafont-gothic fonts-tlwg-loma-otf fonts-unifont
shsh-check	Run pnpm exec playwright install --with-deps chromium firefox webkit	2026-09-18T10:41:10.3914481Z   fonts-wqy-zenhei glib-networking glib-networking-common
shsh-check	Run pnpm exec playwright install --with-deps chromium firefox webkit	2026-09-18T10:41:10.3915425Z   glib-networking-services gsettings-desktop-schemas gstreamer1.0-libav
shsh-check	Run pnpm exec playwright install --with-deps chromium firefox webkit	2026-09-18T10:41:10.3916284Z   gstreamer1.0-plugins-bad gstreamer1.0-plugins-base gstreamer1.0-plugins-good
shsh-check	Run pnpm exec playwright install --with-deps chromium firefox webkit	2026-09-18T10:41:10.3917044Z   libaa1 libabsl20220623t64 libass9 libasyncns0 libavc1394-0 libavcodec60
shsh-check	Run pnpm exec playwright install --with-deps chromium firefox webkit	2026-09-18T10:41:10.3917743Z   libavfilter9 libavformat60 libavif16 libavtp0 libavutil58 libblas3
shsh-check	Run pnpm exec playwright install --with-deps chromium firefox webkit	2026-09-18T10:41:10.3918501Z   libbluray2 libbs2b0 libcaca0 libcairo-script-interpreter2 libcdparanoia0
shsh-check	Run pnpm exec playwright install --with-deps chromium firefox webkit	2026-09-18T10:41:10.3919308Z   libchromaprint1 libcjson1 libcodec2-1.2 libdav1d7 libdc1394-25 libdca0
shsh-check	Run pnpm exec playwright install --with-deps chromium firefox webkit	2026-09-18T10:41:10.3920101Z   libde265-0 libdecor-0-0 libdirectfb-1.7-7t64 libdv4t64 libdvdnav4
shsh-check	Run pnpm exec playwright install --with-deps chromium firefox webkit	2026-09-18T10:41:10.3920878Z   libdvdread8t64 libegl-mesa0 libegl1 libevent-2.1-7t64 libfaad2 libflac12t64
shsh-check	Run pnpm exec playwright install --with-deps chromium firefox webkit	2026-09-18T10:41:10.3921671Z   libflite1 libfluidsynth3 libfreeaptx0 libgav1-1 libgles2 libgme0
shsh-check	Run pnpm exec playwright install --with-deps chromium firefox webkit	2026-09-18T10:41:10.3922318Z   libgraphene-1.0-0 libgsm1 libgssdp-1.6-0 libgstreamer-gl1.0-0
shsh-check	Run pnpm exec playwright install --with-deps chromium firefox webkit	2026-09-18T10:41:10.3922999Z   libgstreamer-plugins-bad1.0-0 libgstreamer-plugins-base1.0-0
shsh-check	Run pnpm exec playwright install --with-deps chromium firefox webkit	2026-09-18T10:41:10.3923725Z   libgstreamer-plugins-good1.0-0 libgtk-4-1 libgtk-4-common libgupnp-1.6-0
shsh-check	Run pnpm exec playwright install --with-deps chromium firefox webkit	2026-09-18T10:41:10.3924532Z   libgupnp-igd-1.6-0 libharfbuzz-icu0 libhwy1t64 libhyphen0 libiec61883-0
shsh-check	Run pnpm exec playwright install --with-deps chromium firefox webkit	2026-09-18T10:41:10.3925370Z   libimath-3-1-29t64 libinstpatch-1.0-2 libjack-jackd2-0 libjxl0.7 liblapack3
shsh-check	Run pnpm exec playwright install --with-deps chromium firefox webkit	2026-09-18T10:41:10.3926094Z   liblc3-1 libldacbt-enc2 liblilv-0-0 liblrdf0 libltc11 libmanette-0.2-0
shsh-check	Run pnpm exec playwright install --with-deps chromium firefox webkit	2026-09-18T10:41:10.3926788Z   libmbedcrypto7t64 libmfx1 libmjpegutils-2.1-0t64 libmodplug1 libmp3lame0
shsh-check	Run pnpm exec playwright install --with-deps chromium firefox webkit	2026-09-18T10:41:10.3927487Z   libmpcdec6 libmpeg2encpp-2.1-0t64 libmpg123-0t64 libmplex2-2.1-0t64
shsh-check	Run pnpm exec playwright install --with-deps chromium firefox webkit	2026-09-18T10:41:10.3928125Z   libmysofa1 libneon27t64 libnice10 libopenal-data libopenal1
shsh-check	Run pnpm exec playwright install --with-deps chromium firefox webkit	2026-09-18T10:41:10.3928773Z   libopenexr-3-1-30 libopenh264-7 libopenmpt0t64 libopenni2-0 libopus0
shsh-check	Run pnpm exec playwright install --with-deps chromium firefox webkit	2026-09-18T10:41:10.3929456Z   liborc-0.4-0t64 libpipewire-0.3-0t64 libplacebo338 libpocketsphinx3
shsh-check	Run pnpm exec playwright install --with-deps chromium firefox webkit	2026-09-18T10:41:10.3930222Z   libpostproc57 libproxy1v5 libpulse0 libqrencode4 libraptor2-0 librav1e0
shsh-check	Run pnpm exec playwright install --with-deps chromium firefox webkit	2026-09-18T10:41:10.3931097Z   libraw1394-11 librist4 librsvg2-2 librubberband2 libsamplerate0 libsbc1
shsh-check	Run pnpm exec playwright install --with-deps chromium firefox webkit	2026-09-18T10:41:10.3931973Z   libsdl2-2.0-0 libsecret-1-0 libsecret-common libserd-0-0 libshine3 libshout3
shsh-check	Run pnpm exec playwright install --with-deps chromium firefox webkit	2026-09-18T10:41:10.3932856Z   libsndfile1 libsndio7.0 libsord-0-0 libsoundtouch1 libsoup-3.0-0
shsh-check	Run pnpm exec playwright install --with-deps chromium firefox webkit	2026-09-18T10:41:10.3933732Z   libsoup-3.0-common libsoxr0 libspa-0.2-modules libspandsp2t64 libspeex1
shsh-check	Run pnpm exec playwright install --with-deps chromium firefox webkit	2026-09-18T10:41:10.3934676Z   libsphinxbase3t64 libsratom-0-0 libsrt1.5-gnutls libsrtp2-1 libssh-gcrypt-4
shsh-check	Run pnpm exec playwright install --with-deps chromium firefox webkit	2026-09-18T10:41:10.3935667Z   libsvtav1enc1d1 libswresample4 libswscale7 libtag1v5 libtag1v5-vanilla
shsh-check	Run pnpm exec playwright install --with-deps chromium firefox webkit	2026-09-18T10:41:10.3936386Z   libtheora0 libtwolame0 libudfread0 libunibreak5 libv4l-0t64
shsh-check	Run pnpm exec playwright install --with-deps chromium firefox webkit	2026-09-18T10:41:10.3937127Z   libv4lconvert0t64 libva-drm2 libva-x11-2 libva2 libvdpau1 libvidstab1.1
shsh-check	Run pnpm exec playwright install --with-deps chromium firefox webkit	2026-09-18T10:41:10.3937944Z   libvisual-0.4-0 libvo-aacenc0 libvo-amrwbenc0 libvorbisenc2 libvpl2 libvpx9
shsh-check	Run pnpm exec playwright install --with-deps chromium firefox webkit	2026-09-18T10:41:10.3938797Z   libwavpack1 libwayland-server0 libwebrtc-audio-processing1 libwildmidi2
shsh-check	Run pnpm exec playwright install --with-deps chromium firefox webkit	2026-09-18T10:41:10.3939616Z   libwoff1 libx264-164 libx265-199 libxcb-xkb1 libxkbcommon-x11-0 libxvidcore4
shsh-check	Run pnpm exec playwright install --with-deps chromium firefox webkit	2026-09-18T10:41:10.3941068Z   libyuv0 libzbar0t64 libzimg2 libzix-0-0 libzvbi-common libzvbi0t64 libzxing3
shsh-check	Run pnpm exec playwright install --with-deps chromium firefox webkit	2026-09-18T10:41:10.3942099Z   ocl-icd-libopencl1 session-migration timgm6mb-soundfont xfonts-cyrillic
shsh-check	Run pnpm exec playwright install --with-deps chromium firefox webkit	2026-09-18T10:41:10.3942855Z   xfonts-encodings xfonts-scalable xfonts-utils
shsh-check	Run pnpm exec playwright install --with-deps chromium firefox webkit	2026-09-18T10:41:10.4120535Z 0 upgraded, 181 newly installed, 0 to remove and 73 not upgraded.
shsh-check	Run pnpm exec playwright install --with-deps chromium firefox webkit	2026-09-18T10:41:10.4121569Z Need to get 114 MB of archives.
shsh-check	Run pnpm exec playwright install --with-deps chromium firefox webkit	2026-09-18T10:41:10.4122242Z After this operation, 364 MB of additional disk space will be used.
shsh-check	Run pnpm exec playwright install --with-deps chromium firefox webkit	2026-09-18T10:41:10.4123028Z Get:1 file:/etc/apt/apt-mirrors.txt Mirrorlist [144 B]
shsh-check	Run pnpm exec playwright install --with-deps chromium firefox webkit	2026-09-18T10:41:10.4761370Z Get:2 http://azure.archive.ubuntu.com/ubuntu noble/universe amd64 fonts-ipafont-gothic all 00303-21ubuntu1 [3513 kB]
shsh-check	Run pnpm exec playwright install --with-deps chromium firefox webkit	2026-09-18T10:41:10.5729248Z Get:3 http://azure.archive.ubuntu.com/ubuntu noble/main amd64 fonts-freefont-ttf all 20211204+svn4273-2 [5641 kB]
shsh-check	Run pnpm exec playwright install --with-deps chromium firefox webkit	2026-09-18T10:41:10.7007192Z Get:4 http://azure.archive.ubuntu.com/ubuntu noble/universe amd64 fonts-tlwg-loma-otf all 1:0.7.3-1 [107 kB]
shsh-check	Run pnpm exec playwright install --with-deps chromium firefox webkit	2026-09-18T10:41:10.7477745Z Get:5 http://azure.archive.ubuntu.com/ubuntu noble/universe amd64 fonts-unifont all 1:15.1.01-1build1 [2993 kB]
shsh-check	Run pnpm exec playwright install --with-deps chromium firefox webkit	2026-09-18T10:41:10.8366154Z Get:6 http://azure.archive.ubuntu.com/ubuntu noble/universe amd64 fonts-wqy-zenhei all 0.9.45-8 [7472 kB]
shsh-check	Run pnpm exec playwright install --with-deps chromium firefox webkit	2026-09-18T10:41:10.9899480Z Get:7 http://azure.archive.ubuntu.com/ubuntu noble/main amd64 libproxy1v5 amd64 0.5.4-4build1 [26.5 kB]
shsh-check	Run pnpm exec playwright install --with-deps chromium firefox webkit	2026-09-18T10:41:11.0352493Z Get:8 http://azure.archive.ubuntu.com/ubuntu noble/main amd64 glib-networking-common all 2.80.0-1build1 [6702 B]
shsh-check	Run pnpm exec playwright install --with-deps chromium firefox webkit	2026-09-18T10:41:11.0806613Z Get:9 http://azure.archive.ubuntu.com/ubuntu noble/main amd64 glib-networking-services amd64 2.80.0-1build1 [12.8 kB]
shsh-check	Run pnpm exec playwright install --with-deps chromium firefox webkit	2026-09-18T10:41:11.1260121Z Get:10 http://azure.archive.ubuntu.com/ubuntu noble/main amd64 session-migration amd64 0.3.9build1 [9034 B]
shsh-check	Run pnpm exec playwright install --with-deps chromium firefox webkit	2026-09-18T10:41:11.1715503Z Get:11 http://azure.archive.ubuntu.com/ubuntu noble-updates/main amd64 gsettings-desktop-schemas all 46.1-0ubuntu1 [35.6 kB]
shsh-check	Run pnpm exec playwright install --with-deps chromium firefox webkit	2026-09-18T10:41:11.2173954Z Get:12 http://azure.archive.ubuntu.com/ubuntu noble/main amd64 glib-networking amd64 2.80.0-1build1 [64.1 kB]
shsh-check	Run pnpm exec playwright install --with-deps chromium firefox webkit	2026-09-18T10:41:11.2633350Z Get:13 http://azure.archive.ubuntu.com/ubuntu noble-updates/universe amd64 libva2 amd64 2.20.0-2ubuntu0.2 [66.4 kB]
shsh-check	Run pnpm exec playwright install --with-deps chromium firefox webkit	2026-09-18T10:41:11.3095302Z Get:14 http://azure.archive.ubuntu.com/ubuntu noble-updates/universe amd64 libva-drm2 amd64 2.20.0-2ubuntu0.2 [7124 B]
shsh-check	Run pnpm exec playwright install --with-deps chromium firefox webkit	2026-09-18T10:41:11.3552614Z Get:15 http://azure.archive.ubuntu.com/ubuntu noble-updates/universe amd64 libva-x11-2 amd64 2.20.0-2ubuntu0.2 [12.0 kB]
shsh-check	Run pnpm exec playwright install --with-deps chromium firefox webkit	2026-09-18T10:41:11.4009127Z Get:16 http://azure.archive.ubuntu.com/ubuntu noble/main amd64 libvdpau1 amd64 1.5-2build1 [27.8 kB]
shsh-check	Run pnpm exec playwright install --with-deps chromium firefox webkit	2026-09-18T10:41:11.4471407Z Get:17 http://azure.archive.ubuntu.com/ubuntu noble/universe amd64 libvpl2 amd64 2023.3.0-1build1 [99.8 kB]
shsh-check	Run pnpm exec playwright install --with-deps chromium firefox webkit	2026-09-18T10:41:11.4938597Z Get:18 http://azure.archive.ubuntu.com/ubuntu noble/universe amd64 ocl-icd-libopencl1 amd64 2.3.2-1build1 [38.5 kB]
shsh-check	Run pnpm exec playwright install --with-deps chromium firefox webkit	2026-09-18T10:41:11.5401560Z Get:19 http://azure.archive.ubuntu.com/ubuntu noble/universe amd64 libavutil58 amd64 7:6.1.1-3ubuntu5 [401 kB]
shsh-check	Run pnpm exec playwright install --with-deps chromium firefox webkit	2026-09-18T10:41:11.5915253Z Get:20 http://azure.archive.ubuntu.com/ubuntu noble/universe amd64 libcodec2-1.2 amd64 1.2.0-2build1 [8998 kB]
shsh-check	Run pnpm exec playwright install --with-deps chromium firefox webkit	2026-09-18T10:41:11.7792779Z Get:21 http://azure.archive.ubuntu.com/ubuntu noble/universe amd64 libdav1d7 amd64 1.4.1-1build1 [604 kB]
shsh-check	Run pnpm exec playwright install --with-deps chromium firefox webkit	2026-09-18T10:41:11.8288976Z Get:22 http://azure.archive.ubuntu.com/ubuntu noble/universe amd64 libgsm1 amd64 1.0.22-1build1 [27.8 kB]
shsh-check	Run pnpm exec playwright install --with-deps chromium firefox webkit	2026-09-18T10:41:11.8770651Z Get:23 http://azure.archive.ubuntu.com/ubuntu noble/universe amd64 libhwy1t64 amd64 1.0.7-8.1build1 [584 kB]
shsh-check	Run pnpm exec playwright install --with-deps chromium firefox webkit	2026-09-18T10:41:11.9270287Z Get:24 http://azure.archive.ubuntu.com/ubuntu noble-updates/universe amd64 libjxl0.7 amd64 0.7.0-10.2ubuntu6.1 [1001 kB]
shsh-check	Run pnpm exec playwright install --with-deps chromium firefox webkit	2026-09-18T10:41:11.9798520Z Get:25 http://azure.archive.ubuntu.com/ubuntu noble/main amd64 libmp3lame0 amd64 3.100-6build1 [142 kB]
shsh-check	Run pnpm exec playwright install --with-deps chromium firefox webkit	2026-09-18T10:41:12.0266766Z Get:26 http://azure.archive.ubuntu.com/ubuntu noble/main amd64 libopus0 amd64 1.4-1build1 [208 kB]
shsh-check	Run pnpm exec playwright install --with-deps chromium firefox webkit	2026-09-18T10:41:12.0741526Z Get:27 http://azure.archive.ubuntu.com/ubuntu noble/universe amd64 librav1e0 amd64 0.7.1-2 [1022 kB]
shsh-check	Run pnpm exec playwright install --with-deps chromium firefox webkit	2026-09-18T10:41:12.1278033Z Get:28 http://azure.archive.ubuntu.com/ubuntu noble/main amd64 librsvg2-2 amd64 2.58.0+dfsg-1build1 [2135 kB]
shsh-check	Run pnpm exec playwright install --with-deps chromium firefox webkit	2026-09-18T10:41:12.1865516Z Get:29 http://azure.archive.ubuntu.com/ubuntu noble/universe amd64 libshine3 amd64 3.1.1-2build1 [23.2 kB]
shsh-check	Run pnpm exec playwright install --with-deps chromium firefox webkit	2026-09-18T10:41:12.2324717Z Get:30 http://azure.archive.ubuntu.com/ubuntu noble-updates/main amd64 libspeex1 amd64 1.2.1-2ubuntu2.24.04.1 [59.6 kB]
shsh-check	Run pnpm exec playwright install --with-deps chromium firefox webkit	2026-09-18T10:41:12.2787998Z Get:31 http://azure.archive.ubuntu.com/ubuntu noble/universe amd64 libsvtav1enc1d1 amd64 1.7.0+dfsg-2build1 [2425 kB]
shsh-check	Run pnpm exec playwright install --with-deps chromium firefox webkit	2026-09-18T10:41:12.3405589Z Get:32 http://azure.archive.ubuntu.com/ubuntu noble/universe amd64 libsoxr0 amd64 0.1.3-4build3 [80.0 kB]
shsh-check	Run pnpm exec playwright install --with-deps chromium firefox webkit	2026-09-18T10:41:12.3867589Z Get:33 http://azure.archive.ubuntu.com/ubuntu noble/universe amd64 libswresample4 amd64 7:6.1.1-3ubuntu5 [63.8 kB]
shsh-check	Run pnpm exec playwright install --with-deps chromium firefox webkit	2026-09-18T10:41:12.4331676Z Get:34 http://azure.archive.ubuntu.com/ubuntu noble/main amd64 libtheora0 amd64 1.1.1+dfsg.1-16.1build3 [211 kB]
shsh-check	Run pnpm exec playwright install --with-deps chromium firefox webkit	2026-09-18T10:41:12.4808325Z Get:35 http://azure.archive.ubuntu.com/ubuntu noble/main amd64 libtwolame0 amd64 0.4.0-2build3 [52.3 kB]
shsh-check	Run pnpm exec playwright install --with-deps chromium firefox webkit	2026-09-18T10:41:12.5270646Z Get:36 http://azure.archive.ubuntu.com/ubuntu noble/main amd64 libvorbisenc2 amd64 1.3.7-1build3 [80.8 kB]
shsh-check	Run pnpm exec playwright install --with-deps chromium firefox webkit	2026-09-18T10:41:12.5734567Z Get:37 http://azure.archive.ubuntu.com/ubuntu noble-updates/main amd64 libvpx9 amd64 1.14.0-1ubuntu2.3 [1143 kB]
shsh-check	Run pnpm exec playwright install --with-deps chromium firefox webkit	2026-09-18T10:41:12.6260316Z Get:38 http://azure.archive.ubuntu.com/ubuntu noble/universe amd64 libx264-164 amd64 2:0.164.3108+git31e19f9-1 [604 kB]
shsh-check	Run pnpm exec playwright install --with-deps chromium firefox webkit	2026-09-18T10:41:12.6773817Z Get:39 http://azure.archive.ubuntu.com/ubuntu noble/universe amd64 libx265-199 amd64 3.5-2build1 [1226 kB]
shsh-check	Run pnpm exec playwright install --with-deps chromium firefox webkit	2026-09-18T10:41:12.7301522Z Get:40 http://azure.archive.ubuntu.com/ubuntu noble/universe amd64 libxvidcore4 amd64 2:1.3.7-1build1 [219 kB]
shsh-check	Run pnpm exec playwright install --with-deps chromium firefox webkit	2026-09-18T10:41:12.7809525Z Get:41 http://azure.archive.ubuntu.com/ubuntu noble/universe amd64 libzvbi-common all 0.2.42-2 [42.4 kB]
shsh-check	Run pnpm exec playwright install --with-deps chromium firefox webkit	2026-09-18T10:41:12.8269687Z Get:42 http://azure.archive.ubuntu.com/ubuntu noble/universe amd64 libzvbi0t64 amd64 0.2.42-2 [261 kB]
shsh-check	Run pnpm exec playwright install --with-deps chromium firefox webkit	2026-09-18T10:41:12.8746737Z Get:43 http://azure.archive.ubuntu.com/ubuntu noble/universe amd64 libavcodec60 amd64 7:6.1.1-3ubuntu5 [5851 kB]
shsh-check	Run pnpm exec playwright install --with-deps chromium firefox webkit	2026-09-18T10:41:12.9841165Z Get:44 http://azure.archive.ubuntu.com/ubuntu noble/universe amd64 libunibreak5 amd64 5.1-2build1 [25.0 kB]
shsh-check	Run pnpm exec playwright install --with-deps chromium firefox webkit	2026-09-18T10:41:13.0301243Z Get:45 http://azure.archive.ubuntu.com/ubuntu noble/universe amd64 libass9 amd64 1:0.17.1-2build1 [104 kB]
shsh-check	Run pnpm exec playwright install --with-deps chromium firefox webkit	2026-09-18T10:41:13.0767725Z Get:46 http://azure.archive.ubuntu.com/ubuntu noble/universe amd64 libudfread0 amd64 1.1.2-1build1 [19.0 kB]
shsh-check	Run pnpm exec playwright install --with-deps chromium firefox webkit	2026-09-18T10:41:13.1227628Z Get:47 http://azure.archive.ubuntu.com/ubuntu noble/universe amd64 libbluray2 amd64 1:1.3.4-1build1 [159 kB]
shsh-check	Run pnpm exec playwright install --with-deps chromium firefox webkit	2026-09-18T10:41:13.1690029Z Get:48 http://azure.archive.ubuntu.com/ubuntu noble/universe amd64 libchromaprint1 amd64 1.5.1-5 [30.5 kB]
shsh-check	Run pnpm exec playwright install --with-deps chromium firefox webkit	2026-09-18T10:41:13.2151480Z Get:49 http://azure.archive.ubuntu.com/ubuntu noble/universe amd64 libgme0 amd64 0.6.3-7build1 [134 kB]
shsh-check	Run pnpm exec playwright install --with-deps chromium firefox webkit	2026-09-18T10:41:13.2617890Z Get:50 http://azure.archive.ubuntu.com/ubuntu noble-updates/main amd64 libmpg123-0t64 amd64 1.32.5-1ubuntu1.1 [169 kB]
shsh-check	Run pnpm exec playwright install --with-deps chromium firefox webkit	2026-09-18T10:41:13.3091528Z Get:51 http://azure.archive.ubuntu.com/ubuntu noble/universe amd64 libopenmpt0t64 amd64 0.7.3-1.1build3 [647 kB]
shsh-check	Run pnpm exec playwright install --with-deps chromium firefox webkit	2026-09-18T10:41:13.3588093Z Get:52 http://azure.archive.ubuntu.com/ubuntu noble/universe amd64 libcjson1 amd64 1.7.17-1 [24.8 kB]
shsh-check	Run pnpm exec playwright install --with-deps chromium firefox webkit	2026-09-18T10:41:13.4051989Z Get:53 http://azure.archive.ubuntu.com/ubuntu noble/universe amd64 libmbedcrypto7t64 amd64 2.28.8-1 [209 kB]
shsh-check	Run pnpm exec playwright install --with-deps chromium firefox webkit	2026-09-18T10:41:13.4523490Z Get:54 http://azure.archive.ubuntu.com/ubuntu noble/universe amd64 librist4 amd64 0.2.10+dfsg-2 [74.9 kB]
shsh-check	Run pnpm exec playwright install --with-deps chromium firefox webkit	2026-09-18T10:41:13.4986035Z Get:55 http://azure.archive.ubuntu.com/ubuntu noble/universe amd64 libsrt1.5-gnutls amd64 1.5.3-1build2 [316 kB]
shsh-check	Run pnpm exec playwright install --with-deps chromium firefox webkit	2026-09-18T10:41:13.5462731Z Get:56 http://azure.archive.ubuntu.com/ubuntu noble-updates/main amd64 libssh-gcrypt-4 amd64 0.10.6-2ubuntu0.5 [226 kB]
shsh-check	Run pnpm exec playwright install --with-deps chromium firefox webkit	2026-09-18T10:41:13.5969717Z Get:57 http://azure.archive.ubuntu.com/ubuntu noble/universe amd64 libavformat60 amd64 7:6.1.1-3ubuntu5 [1153 kB]
shsh-check	Run pnpm exec playwright install --with-deps chromium firefox webkit	2026-09-18T10:41:13.6511732Z Get:58 http://azure.archive.ubuntu.com/ubuntu noble/universe amd64 libbs2b0 amd64 3.1.0+dfsg-7build1 [10.6 kB]
shsh-check	Run pnpm exec playwright install --with-deps chromium firefox webkit	2026-09-18T10:41:13.6970801Z Get:59 http://azure.archive.ubuntu.com/ubuntu noble/universe amd64 libflite1 amd64 2.2-6build3 [13.6 MB]
shsh-check	Run pnpm exec playwright install --with-deps chromium firefox webkit	2026-09-18T10:41:13.9364671Z Get:60 http://azure.archive.ubuntu.com/ubuntu noble/universe amd64 libserd-0-0 amd64 0.32.2-1 [43.6 kB]
shsh-check	Run pnpm exec playwright install --with-deps chromium firefox webkit	2026-09-18T10:41:13.9817972Z Get:61 http://azure.archive.ubuntu.com/ubuntu noble/universe amd64 libzix-0-0 amd64 0.4.2-2build1 [23.6 kB]
shsh-check	Run pnpm exec playwright install --with-deps chromium firefox webkit	2026-09-18T10:41:14.0266802Z Get:62 http://azure.archive.ubuntu.com/ubuntu noble/universe amd64 libsord-0-0 amd64 0.16.16-2build1 [15.8 kB]
shsh-check	Run pnpm exec playwright install --with-deps chromium firefox webkit	2026-09-18T10:41:14.0718208Z Get:63 http://azure.archive.ubuntu.com/ubuntu noble/universe amd64 libsratom-0-0 amd64 0.6.16-1build1 [17.3 kB]
shsh-check	Run pnpm exec playwright install --with-deps chromium firefox webkit	2026-09-18T10:41:14.1167161Z Get:64 http://azure.archive.ubuntu.com/ubuntu noble/universe amd64 liblilv-0-0 amd64 0.24.22-1build1 [41.0 kB]
shsh-check	Run pnpm exec playwright install --with-deps chromium firefox webkit	2026-09-18T10:41:14.1619380Z Get:65 http://azure.archive.ubuntu.com/ubuntu noble/universe amd64 libmysofa1 amd64 1.3.2+dfsg-2ubuntu2 [1158 kB]
shsh-check	Run pnpm exec playwright install --with-deps chromium firefox webkit	2026-09-18T10:41:14.2142522Z Get:66 http://azure.archive.ubuntu.com/ubuntu noble/universe amd64 libplacebo338 amd64 6.338.2-2build1 [2654 kB]
shsh-check	Run pnpm exec playwright install --with-deps chromium firefox webkit	2026-09-18T10:41:14.2746989Z Get:67 http://azure.archive.ubuntu.com/ubuntu noble-updates/main amd64 libblas3 amd64 3.12.0-3build1.1 [238 kB]
shsh-check	Run pnpm exec playwright install --with-deps chromium firefox webkit	2026-09-18T10:41:14.3224664Z Get:68 http://azure.archive.ubuntu.com/ubuntu noble-updates/main amd64 liblapack3 amd64 3.12.0-3build1.1 [2646 kB]
shsh-check	Run pnpm exec playwright install --with-deps chromium firefox webkit	2026-09-18T10:41:14.3829433Z Get:69 http://azure.archive.ubuntu.com/ubuntu noble/main amd64 libasyncns0 amd64 0.8-6build4 [11.3 kB]
shsh-check	Run pnpm exec playwright install --with-deps chromium firefox webkit	2026-09-18T10:41:14.4282955Z Get:70 http://azure.archive.ubuntu.com/ubuntu noble/main amd64 libflac12t64 amd64 1.4.3+ds-2.1ubuntu2 [197 kB]
shsh-check	Run pnpm exec playwright install --with-deps chromium firefox webkit	2026-09-18T10:41:14.4748859Z Get:71 http://azure.archive.ubuntu.com/ubuntu noble-updates/main amd64 libsndfile1 amd64 1.2.2-1ubuntu5.24.04.1 [209 kB]
shsh-check	Run pnpm exec playwright install --with-deps chromium firefox webkit	2026-09-18T10:41:14.5217454Z Get:72 http://azure.archive.ubuntu.com/ubuntu noble-updates/main amd64 libpulse0 amd64 1:16.1+dfsg1-2ubuntu10.1 [292 kB]
shsh-check	Run pnpm exec playwright install --with-deps chromium firefox webkit	2026-09-18T10:41:14.5690758Z Get:73 http://azure.archive.ubuntu.com/ubuntu noble/universe amd64 libsphinxbase3t64 amd64 0.8+5prealpha+1-17build2 [126 kB]
shsh-check	Run pnpm exec playwright install --with-deps chromium firefox webkit	2026-09-18T10:41:14.6149525Z Get:74 http://azure.archive.ubuntu.com/ubuntu noble/universe amd64 libpocketsphinx3 amd64 0.8.0+real5prealpha+1-15ubuntu5 [133 kB]
shsh-check	Run pnpm exec playwright install --with-deps chromium firefox webkit	2026-09-18T10:41:14.6607455Z Get:75 http://azure.archive.ubuntu.com/ubuntu noble/universe amd64 libpostproc57 amd64 7:6.1.1-3ubuntu5 [49.9 kB]
shsh-check	Run pnpm exec playwright install --with-deps chromium firefox webkit	2026-09-18T10:41:14.7065097Z Get:76 http://azure.archive.ubuntu.com/ubuntu noble/main amd64 libsamplerate0 amd64 0.2.2-4build1 [1344 kB]
shsh-check	Run pnpm exec playwright install --with-deps chromium firefox webkit	2026-09-18T10:41:14.7609603Z Get:77 http://azure.archive.ubuntu.com/ubuntu noble/universe amd64 librubberband2 amd64 3.3.0+dfsg-2build1 [130 kB]
shsh-check	Run pnpm exec playwright install --with-deps chromium firefox webkit	2026-09-18T10:41:14.8066249Z Get:78 http://azure.archive.ubuntu.com/ubuntu noble/universe amd64 libswscale7 amd64 7:6.1.1-3ubuntu5 [193 kB]
shsh-check	Run pnpm exec playwright install --with-deps chromium firefox webkit	2026-09-18T10:41:14.8528515Z Get:79 http://azure.archive.ubuntu.com/ubuntu noble/universe amd64 libvidstab1.1 amd64 1.1.0-2build1 [38.5 kB]
shsh-check	Run pnpm exec playwright install --with-deps chromium firefox webkit	2026-09-18T10:41:14.8994182Z Get:80 http://azure.archive.ubuntu.com/ubuntu noble/universe amd64 libzimg2 amd64 3.0.5+ds1-1build1 [254 kB]
shsh-check	Run pnpm exec playwright install --with-deps chromium firefox webkit	2026-09-18T10:41:14.9516063Z Get:81 http://azure.archive.ubuntu.com/ubuntu noble/universe amd64 libavfilter9 amd64 7:6.1.1-3ubuntu5 [4235 kB]
shsh-check	Run pnpm exec playwright install --with-deps chromium firefox webkit	2026-09-18T10:41:15.0994339Z Get:82 http://azure.archive.ubuntu.com/ubuntu noble-updates/main amd64 liborc-0.4-0t64 amd64 1:0.4.38-1ubuntu0.1 [207 kB]
shsh-check	Run pnpm exec playwright install --with-deps chromium firefox webkit	2026-09-18T10:41:15.1468019Z Get:83 http://azure.archive.ubuntu.com/ubuntu noble-updates/main amd64 libgstreamer-plugins-base1.0-0 amd64 1.24.2-1ubuntu0.4 [862 kB]
shsh-check	Run pnpm exec playwright install --with-deps chromium firefox webkit	2026-09-18T10:41:15.2006957Z Get:84 http://azure.archive.ubuntu.com/ubuntu noble/universe amd64 gstreamer1.0-libav amd64 1.24.1-1build1 [103 kB]
shsh-check	Run pnpm exec playwright install --with-deps chromium firefox webkit	2026-09-18T10:41:15.2476852Z Get:85 http://azure.archive.ubuntu.com/ubuntu noble/main amd64 libcdparanoia0 amd64 3.10.2+debian-14build3 [48.5 kB]
shsh-check	Run pnpm exec playwright install --with-deps chromium firefox webkit	2026-09-18T10:41:15.2945485Z Get:86 http://azure.archive.ubuntu.com/ubuntu noble/main amd64 libvisual-0.4-0 amd64 0.4.2-2build1 [115 kB]
shsh-check	Run pnpm exec playwright install --with-deps chromium firefox webkit	2026-09-18T10:41:15.3409216Z Get:87 http://azure.archive.ubuntu.com/ubuntu noble-updates/main amd64 gstreamer1.0-plugins-base amd64 1.24.2-1ubuntu0.4 [721 kB]
shsh-check	Run pnpm exec playwright install --with-deps chromium firefox webkit	2026-09-18T10:41:15.3920494Z Get:88 http://azure.archive.ubuntu.com/ubuntu noble/main amd64 libaa1 amd64 1.4p5-51.1 [49.9 kB]
shsh-check	Run pnpm exec playwright install --with-deps chromium firefox webkit	2026-09-18T10:41:15.4835249Z Get:89 http://azure.archive.ubuntu.com/ubuntu noble/main amd64 libraw1394-11 amd64 2.1.2-2build3 [26.2 kB]
shsh-check	Run pnpm exec playwright install --with-deps chromium firefox webkit	2026-09-18T10:41:15.5889035Z Get:90 http://azure.archive.ubuntu.com/ubuntu noble/main amd64 libavc1394-0 amd64 0.5.4-5build3 [15.4 kB]
shsh-check	Run pnpm exec playwright install --with-deps chromium firefox webkit	2026-09-18T10:41:15.6404287Z Get:91 http://azure.archive.ubuntu.com/ubuntu noble-updates/main amd64 libcaca0 amd64 0.99.beta20-4ubuntu0.2 [209 kB]
shsh-check	Run pnpm exec playwright install --with-deps chromium firefox webkit	2026-09-18T10:41:15.8137503Z Get:92 http://azure.archive.ubuntu.com/ubuntu noble/main amd64 libdv4t64 amd64 1.0.0-17.1build1 [63.2 kB]
shsh-check	Run pnpm exec playwright install --with-deps chromium firefox webkit	2026-09-18T10:41:15.8676247Z Get:93 http://azure.archive.ubuntu.com/ubuntu noble-updates/main amd64 libgstreamer-plugins-good1.0-0 amd64 1.24.2-1ubuntu1.6 [33.7 kB]
shsh-check	Run pnpm exec playwright install --with-deps chromium firefox webkit	2026-09-18T10:41:15.9174631Z Get:94 http://azure.archive.ubuntu.com/ubuntu noble/main amd64 libiec61883-0 amd64 1.2.0-6build1 [24.5 kB]
shsh-check	Run pnpm exec playwright install --with-deps chromium firefox webkit	2026-09-18T10:41:15.9659791Z Get:95 http://azure.archive.ubuntu.com/ubuntu noble/main amd64 libshout3 amd64 2.4.6-1build2 [50.3 kB]
shsh-check	Run pnpm exec playwright install --with-deps chromium firefox webkit	2026-09-18T10:41:16.0183278Z Get:96 http://azure.archive.ubuntu.com/ubuntu noble/main amd64 libtag1v5-vanilla amd64 1.13.1-1build1 [326 kB]
shsh-check	Run pnpm exec playwright install --with-deps chromium firefox webkit	2026-09-18T10:41:16.1095167Z Get:97 http://azure.archive.ubuntu.com/ubuntu noble/main amd64 libtag1v5 amd64 1.13.1-1build1 [11.7 kB]
shsh-check	Run pnpm exec playwright install --with-deps chromium firefox webkit	2026-09-18T10:41:16.1554135Z Get:98 http://azure.archive.ubuntu.com/ubuntu noble/main amd64 libv4lconvert0t64 amd64 1.26.1-4build3 [87.6 kB]
shsh-check	Run pnpm exec playwright install --with-deps chromium firefox webkit	2026-09-18T10:41:16.2092827Z Get:99 http://azure.archive.ubuntu.com/ubuntu noble/main amd64 libv4l-0t64 amd64 1.26.1-4build3 [46.9 kB]
shsh-check	Run pnpm exec playwright install --with-deps chromium firefox webkit	2026-09-18T10:41:16.2587847Z Get:100 http://azure.archive.ubuntu.com/ubuntu noble/main amd64 libwavpack1 amd64 5.6.0-1build1 [84.6 kB]
shsh-check	Run pnpm exec playwright install --with-deps chromium firefox webkit	2026-09-18T10:41:16.3121078Z Get:101 http://azure.archive.ubuntu.com/ubuntu noble-updates/main amd64 libsoup-3.0-common all 3.4.4-5ubuntu0.8 [11.7 kB]
shsh-check	Run pnpm exec playwright install --with-deps chromium firefox webkit	2026-09-18T10:41:16.3579806Z Get:102 http://azure.archive.ubuntu.com/ubuntu noble-updates/main amd64 libsoup-3.0-0 amd64 3.4.4-5ubuntu0.8 [290 kB]
shsh-check	Run pnpm exec playwright install --with-deps chromium firefox webkit	2026-09-18T10:41:16.4327174Z Get:103 http://azure.archive.ubuntu.com/ubuntu noble-updates/main amd64 gstreamer1.0-plugins-good amd64 1.24.2-1ubuntu1.6 [2237 kB]
shsh-check	Run pnpm exec playwright install --with-deps chromium firefox webkit	2026-09-18T10:41:16.4901159Z Get:104 http://azure.archive.ubuntu.com/ubuntu noble-updates/main amd64 libabsl20220623t64 amd64 20220623.1-3.1ubuntu3.2 [423 kB]
shsh-check	Run pnpm exec playwright install --with-deps chromium firefox webkit	2026-09-18T10:41:16.5382379Z Get:105 http://azure.archive.ubuntu.com/ubuntu noble/universe amd64 libgav1-1 amd64 0.18.0-1build3 [357 kB]
shsh-check	Run pnpm exec playwright install --with-deps chromium firefox webkit	2026-09-18T10:41:16.5875174Z Get:106 http://azure.archive.ubuntu.com/ubuntu noble/universe amd64 libyuv0 amd64 0.0~git202401110.af6ac82-1 [178 kB]
shsh-check	Run pnpm exec playwright install --with-deps chromium firefox webkit	2026-09-18T10:41:16.6346289Z Get:107 http://azure.archive.ubuntu.com/ubuntu noble/universe amd64 libavif16 amd64 1.0.4-1ubuntu3 [91.2 kB]
shsh-check	Run pnpm exec playwright install --with-deps chromium firefox webkit	2026-09-18T10:41:16.6804349Z Get:108 http://azure.archive.ubuntu.com/ubuntu noble/universe amd64 libavtp0 amd64 0.2.0-1build1 [6414 B]
shsh-check	Run pnpm exec playwright install --with-deps chromium firefox webkit	2026-09-18T10:41:16.7256866Z Get:109 http://azure.archive.ubuntu.com/ubuntu noble/main amd64 libcairo-script-interpreter2 amd64 1.18.0-3build1 [60.3 kB]
shsh-check	Run pnpm exec playwright install --with-deps chromium firefox webkit	2026-09-18T10:41:16.7713800Z Get:110 http://azure.archive.ubuntu.com/ubuntu noble/universe amd64 libdc1394-25 amd64 2.2.6-4build1 [90.1 kB]
shsh-check	Run pnpm exec playwright install --with-deps chromium firefox webkit	2026-09-18T10:41:16.8171202Z Get:111 http://azure.archive.ubuntu.com/ubuntu noble-updates/main amd64 libde265-0 amd64 1.0.15-1ubuntu0.1 [167 kB]
shsh-check	Run pnpm exec playwright install --with-deps chromium firefox webkit	2026-09-18T10:41:16.8635982Z Get:112 http://azure.archive.ubuntu.com/ubuntu noble/main amd64 libdecor-0-0 amd64 0.2.2-1build2 [16.5 kB]
shsh-check	Run pnpm exec playwright install --with-deps chromium firefox webkit	2026-09-18T10:41:16.9089918Z Get:113 http://azure.archive.ubuntu.com/ubuntu noble/main amd64 libgles2 amd64 1.7.0-1build1 [17.1 kB]
shsh-check	Run pnpm exec playwright install --with-deps chromium firefox webkit	2026-09-18T10:41:16.9546817Z Get:114 http://azure.archive.ubuntu.com/ubuntu noble/universe amd64 libdirectfb-1.7-7t64 amd64 1.7.7-11.1ubuntu2 [1035 kB]
shsh-check	Run pnpm exec playwright install --with-deps chromium firefox webkit	2026-09-18T10:41:17.0057136Z Get:115 http://azure.archive.ubuntu.com/ubuntu noble/universe amd64 libdvdread8t64 amd64 6.1.3-1.1build1 [54.7 kB]
shsh-check	Run pnpm exec playwright install --with-deps chromium firefox webkit	2026-09-18T10:41:17.0516198Z Get:116 http://azure.archive.ubuntu.com/ubuntu noble/universe amd64 libdvdnav4 amd64 6.1.1-3build1 [39.5 kB]
shsh-check	Run pnpm exec playwright install --with-deps chromium firefox webkit	2026-09-18T10:41:17.0973597Z Get:117 http://azure.archive.ubuntu.com/ubuntu noble-updates/main amd64 libegl-mesa0 amd64 25.2.8-0ubuntu0.24.04.2 [117 kB]
shsh-check	Run pnpm exec playwright install --with-deps chromium firefox webkit	2026-09-18T10:41:17.1438103Z Get:118 http://azure.archive.ubuntu.com/ubuntu noble-updates/main amd64 libevent-2.1-7t64 amd64 2.1.12-stable-9ubuntu2.1 [146 kB]
shsh-check	Run pnpm exec playwright install --with-deps chromium firefox webkit	2026-09-18T10:41:17.1903115Z Get:119 http://azure.archive.ubuntu.com/ubuntu noble/universe amd64 libfaad2 amd64 2.11.1-1build1 [207 kB]
shsh-check	Run pnpm exec playwright install --with-deps chromium firefox webkit	2026-09-18T10:41:17.2370823Z Get:120 http://azure.archive.ubuntu.com/ubuntu noble/universe amd64 libinstpatch-1.0-2 amd64 1.1.6-1build2 [251 kB]
shsh-check	Run pnpm exec playwright install --with-deps chromium firefox webkit	2026-09-18T10:41:17.2840129Z Get:121 http://azure.archive.ubuntu.com/ubuntu noble/main amd64 libjack-jackd2-0 amd64 1.9.21~dfsg-3ubuntu3 [289 kB]
shsh-check	Run pnpm exec playwright install --with-deps chromium firefox webkit	2026-09-18T10:41:17.3321482Z Get:122 http://azure.archive.ubuntu.com/ubuntu noble/main amd64 libwebrtc-audio-processing1 amd64 0.3.1-0ubuntu6 [290 kB]
shsh-check	Run pnpm exec playwright install --with-deps chromium firefox webkit	2026-09-18T10:41:17.3800194Z Get:123 http://azure.archive.ubuntu.com/ubuntu noble-updates/main amd64 libspa-0.2-modules amd64 1.0.5-1ubuntu3.3 [628 kB]
shsh-check	Run pnpm exec playwright install --with-deps chromium firefox webkit	2026-09-18T10:41:17.4299002Z Get:124 http://azure.archive.ubuntu.com/ubuntu noble-updates/main amd64 libpipewire-0.3-0t64 amd64 1.0.5-1ubuntu3.3 [252 kB]
shsh-check	Run pnpm exec playwright install --with-deps chromium firefox webkit	2026-09-18T10:41:17.4790289Z Get:125 http://azure.archive.ubuntu.com/ubuntu noble-updates/main amd64 libsdl2-2.0-0 amd64 2.30.0+dfsg-1ubuntu3.1 [686 kB]
shsh-check	Run pnpm exec playwright install --with-deps chromium firefox webkit	2026-09-18T10:41:17.5289083Z Get:126 http://azure.archive.ubuntu.com/ubuntu noble/universe amd64 timgm6mb-soundfont all 1.3-5 [5427 kB]
shsh-check	Run pnpm exec playwright install --with-deps chromium firefox webkit	2026-09-18T10:41:17.6643537Z Get:127 http://azure.archive.ubuntu.com/ubuntu noble/universe amd64 libfluidsynth3 amd64 2.3.4-1build3 [249 kB]
shsh-check	Run pnpm exec playwright install --with-deps chromium firefox webkit	2026-09-18T10:41:17.7114072Z Get:128 http://azure.archive.ubuntu.com/ubuntu noble/main amd64 libfreeaptx0 amd64 0.1.1-2build1 [13.5 kB]
shsh-check	Run pnpm exec playwright install --with-deps chromium firefox webkit	2026-09-18T10:41:17.7567115Z Get:129 http://azure.archive.ubuntu.com/ubuntu noble/main amd64 libgraphene-1.0-0 amd64 1.10.8-3build2 [46.2 kB]
shsh-check	Run pnpm exec playwright install --with-deps chromium firefox webkit	2026-09-18T10:41:17.8022759Z Get:130 http://azure.archive.ubuntu.com/ubuntu noble/main amd64 libgssdp-1.6-0 amd64 1.6.3-1build3 [40.4 kB]
shsh-check	Run pnpm exec playwright install --with-deps chromium firefox webkit	2026-09-18T10:41:17.8475406Z Get:131 http://azure.archive.ubuntu.com/ubuntu noble/main amd64 libegl1 amd64 1.7.0-1build1 [28.7 kB]
shsh-check	Run pnpm exec playwright install --with-deps chromium firefox webkit	2026-09-18T10:41:17.8929591Z Get:132 http://azure.archive.ubuntu.com/ubuntu noble-updates/main amd64 libgstreamer-gl1.0-0 amd64 1.24.2-1ubuntu0.4 [214 kB]
shsh-check	Run pnpm exec playwright install --with-deps chromium firefox webkit	2026-09-18T10:41:17.9397103Z Get:133 http://azure.archive.ubuntu.com/ubuntu noble-updates/main amd64 libgtk-4-common all 4.14.5+ds-0ubuntu0.10 [1497 kB]
shsh-check	Run pnpm exec playwright install --with-deps chromium firefox webkit	2026-09-18T10:41:17.9955064Z Get:134 http://azure.archive.ubuntu.com/ubuntu noble-updates/main amd64 libgtk-4-1 amd64 4.14.5+ds-0ubuntu0.10 [3295 kB]
shsh-check	Run pnpm exec playwright install --with-deps chromium firefox webkit	2026-09-18T10:41:18.0890369Z Get:135 http://azure.archive.ubuntu.com/ubuntu noble/main amd64 libgupnp-1.6-0 amd64 1.6.6-1build3 [92.7 kB]
shsh-check	Run pnpm exec playwright install --with-deps chromium firefox webkit	2026-09-18T10:41:18.1347016Z Get:136 http://azure.archive.ubuntu.com/ubuntu noble/universe amd64 libgupnp-igd-1.6-0 amd64 1.6.0-3build3 [16.5 kB]
shsh-check	Run pnpm exec playwright install --with-deps chromium firefox webkit	2026-09-18T10:41:18.1798345Z Get:137 http://azure.archive.ubuntu.com/ubuntu noble/main amd64 libharfbuzz-icu0 amd64 8.3.0-2build2 [13.3 kB]
shsh-check	Run pnpm exec playwright install --with-deps chromium firefox webkit	2026-09-18T10:41:18.2250252Z Get:138 http://azure.archive.ubuntu.com/ubuntu noble/main amd64 libhyphen0 amd64 2.8.8-7build3 [26.5 kB]
shsh-check	Run pnpm exec playwright install --with-deps chromium firefox webkit	2026-09-18T10:41:18.2703484Z Get:139 http://azure.archive.ubuntu.com/ubuntu noble/universe amd64 libimath-3-1-29t64 amd64 3.1.9-3.1ubuntu2 [72.2 kB]
shsh-check	Run pnpm exec playwright install --with-deps chromium firefox webkit	2026-09-18T10:41:18.3159224Z Get:140 http://azure.archive.ubuntu.com/ubuntu noble/main amd64 liblc3-1 amd64 1.0.4-3build1 [69.7 kB]
shsh-check	Run pnpm exec playwright install --with-deps chromium firefox webkit	2026-09-18T10:41:18.3616688Z Get:141 http://azure.archive.ubuntu.com/ubuntu noble/main amd64 libldacbt-enc2 amd64 2.0.2.3+git20200429+ed310a0-4ubuntu2 [27.1 kB]
shsh-check	Run pnpm exec playwright install --with-deps chromium firefox webkit	2026-09-18T10:41:18.4070114Z Get:142 http://azure.archive.ubuntu.com/ubuntu noble-updates/main amd64 libraptor2-0 amd64 2.0.16-3ubuntu0.1 [165 kB]
shsh-check	Run pnpm exec playwright install --with-deps chromium firefox webkit	2026-09-18T10:41:18.4538772Z Get:143 http://azure.archive.ubuntu.com/ubuntu noble/universe amd64 liblrdf0 amd64 0.6.1-4build1 [18.5 kB]
shsh-check	Run pnpm exec playwright install --with-deps chromium firefox webkit	2026-09-18T10:41:18.4993062Z Get:144 http://azure.archive.ubuntu.com/ubuntu noble/universe amd64 libltc11 amd64 1.3.2-1build1 [13.0 kB]
shsh-check	Run pnpm exec playwright install --with-deps chromium firefox webkit	2026-09-18T10:41:18.5470044Z Get:145 http://azure.archive.ubuntu.com/ubuntu noble/main amd64 libmanette-0.2-0 amd64 0.2.7-1build2 [30.6 kB]
shsh-check	Run pnpm exec playwright install --with-deps chromium firefox webkit	2026-09-18T10:41:18.5923947Z Get:146 http://azure.archive.ubuntu.com/ubuntu noble/universe amd64 libmfx1 amd64 22.5.4-1 [3124 kB]
shsh-check	Run pnpm exec playwright install --with-deps chromium firefox webkit	2026-09-18T10:41:18.6856453Z Get:147 http://azure.archive.ubuntu.com/ubuntu noble/universe amd64 libmjpegutils-2.1-0t64 amd64 1:2.1.0+debian-8.1build1 [25.5 kB]
shsh-check	Run pnpm exec playwright install --with-deps chromium firefox webkit	2026-09-18T10:41:18.7310668Z Get:148 http://azure.archive.ubuntu.com/ubuntu noble/universe amd64 libmodplug1 amd64 1:0.8.9.0-3build1 [166 kB]
shsh-check	Run pnpm exec playwright install --with-deps chromium firefox webkit	2026-09-18T10:41:18.7775294Z Get:149 http://azure.archive.ubuntu.com/ubuntu noble/universe amd64 libmpcdec6 amd64 2:0.1~r495-2build1 [32.7 kB]
shsh-check	Run pnpm exec playwright install --with-deps chromium firefox webkit	2026-09-18T10:41:18.8229322Z Get:150 http://azure.archive.ubuntu.com/ubuntu noble/universe amd64 libmpeg2encpp-2.1-0t64 amd64 1:2.1.0+debian-8.1build1 [75.6 kB]
shsh-check	Run pnpm exec playwright install --with-deps chromium firefox webkit	2026-09-18T10:41:18.8686914Z Get:151 http://azure.archive.ubuntu.com/ubuntu noble/universe amd64 libmplex2-2.1-0t64 amd64 1:2.1.0+debian-8.1build1 [46.1 kB]
shsh-check	Run pnpm exec playwright install --with-deps chromium firefox webkit	2026-09-18T10:41:18.9148346Z Get:152 http://azure.archive.ubuntu.com/ubuntu noble/universe amd64 libneon27t64 amd64 0.33.0-1.1build3 [102 kB]
shsh-check	Run pnpm exec playwright install --with-deps chromium firefox webkit	2026-09-18T10:41:18.9608232Z Get:153 http://azure.archive.ubuntu.com/ubuntu noble/universe amd64 libnice10 amd64 0.1.21-2build3 [157 kB]
shsh-check	Run pnpm exec playwright install --with-deps chromium firefox webkit	2026-09-18T10:41:19.0072674Z Get:154 http://azure.archive.ubuntu.com/ubuntu noble/universe amd64 libopenal-data all 1:1.23.1-4build1 [161 kB]
shsh-check	Run pnpm exec playwright install --with-deps chromium firefox webkit	2026-09-18T10:41:19.0534024Z Get:155 http://azure.archive.ubuntu.com/ubuntu noble/universe amd64 libopenexr-3-1-30 amd64 3.1.5-5.1build3 [1004 kB]
shsh-check	Run pnpm exec playwright install --with-deps chromium firefox webkit	2026-09-18T10:41:19.1047429Z Get:156 http://azure.archive.ubuntu.com/ubuntu noble/universe amd64 libopenh264-7 amd64 2.4.1+dfsg-1 [409 kB]
shsh-check	Run pnpm exec playwright install --with-deps chromium firefox webkit	2026-09-18T10:41:19.1524021Z Get:157 http://azure.archive.ubuntu.com/ubuntu noble/universe amd64 libopenni2-0 amd64 2.2.0.33+dfsg-18 [370 kB]
shsh-check	Run pnpm exec playwright install --with-deps chromium firefox webkit	2026-09-18T10:41:19.2003006Z Get:158 http://azure.archive.ubuntu.com/ubuntu noble/universe amd64 libqrencode4 amd64 4.1.1-1build2 [25.0 kB]
shsh-check	Run pnpm exec playwright install --with-deps chromium firefox webkit	2026-09-18T10:41:19.2457449Z Get:159 http://azure.archive.ubuntu.com/ubuntu noble/main amd64 libsecret-common all 0.21.4-1build3 [4962 B]
shsh-check	Run pnpm exec playwright install --with-deps chromium firefox webkit	2026-09-18T10:41:19.2910791Z Get:160 http://azure.archive.ubuntu.com/ubuntu noble/main amd64 libsecret-1-0 amd64 0.21.4-1build3 [116 kB]
shsh-check	Run pnpm exec playwright install --with-deps chromium firefox webkit	2026-09-18T10:41:19.3368932Z Get:161 http://azure.archive.ubuntu.com/ubuntu noble/universe amd64 libsndio7.0 amd64 1.9.0-0.3build3 [29.6 kB]
shsh-check	Run pnpm exec playwright install --with-deps chromium firefox webkit	2026-09-18T10:41:19.4267531Z Get:162 http://azure.archive.ubuntu.com/ubuntu noble/universe amd64 libsoundtouch1 amd64 2.3.2+ds1-1build1 [60.5 kB]
shsh-check	Run pnpm exec playwright install --with-deps chromium firefox webkit	2026-09-18T10:41:19.5762016Z Get:163 http://azure.archive.ubuntu.com/ubuntu noble/universe amd64 libspandsp2t64 amd64 0.0.6+dfsg-2.1build1 [311 kB]
shsh-check	Run pnpm exec playwright install --with-deps chromium firefox webkit	2026-09-18T10:41:19.7457899Z Get:164 http://azure.archive.ubuntu.com/ubuntu noble/universe amd64 libsrtp2-1 amd64 2.5.0-3build1 [41.9 kB]
shsh-check	Run pnpm exec playwright install --with-deps chromium firefox webkit	2026-09-18T10:41:19.7940357Z Get:165 http://azure.archive.ubuntu.com/ubuntu noble/main amd64 libwayland-server0 amd64 1.22.0-2.1build1 [33.9 kB]
shsh-check	Run pnpm exec playwright install --with-deps chromium firefox webkit	2026-09-18T10:41:19.8411121Z Get:166 http://azure.archive.ubuntu.com/ubuntu noble/universe amd64 libwildmidi2 amd64 0.4.3-1build3 [68.5 kB]
shsh-check	Run pnpm exec playwright install --with-deps chromium firefox webkit	2026-09-18T10:41:19.8911135Z Get:167 http://azure.archive.ubuntu.com/ubuntu noble/main amd64 libwoff1 amd64 1.0.2-2build1 [45.3 kB]
shsh-check	Run pnpm exec playwright install --with-deps chromium firefox webkit	2026-09-18T10:41:19.9394168Z Get:168 http://azure.archive.ubuntu.com/ubuntu noble/main amd64 libxcb-xkb1 amd64 1.15-1ubuntu2 [32.3 kB]
shsh-check	Run pnpm exec playwright install --with-deps chromium firefox webkit	2026-09-18T10:41:19.9865478Z Get:169 http://azure.archive.ubuntu.com/ubuntu noble/main amd64 libxkbcommon-x11-0 amd64 1.6.0-1build1 [14.5 kB]
shsh-check	Run pnpm exec playwright install --with-deps chromium firefox webkit	2026-09-18T10:41:20.0317935Z Get:170 http://azure.archive.ubuntu.com/ubuntu noble/universe amd64 libzbar0t64 amd64 0.23.93-4build3 [123 kB]
shsh-check	Run pnpm exec playwright install --with-deps chromium firefox webkit	2026-09-18T10:41:20.0877617Z Get:171 http://azure.archive.ubuntu.com/ubuntu noble/universe amd64 libzxing3 amd64 2.2.1-3 [583 kB]
shsh-check	Run pnpm exec playwright install --with-deps chromium firefox webkit	2026-09-18T10:41:20.1863822Z Get:172 http://azure.archive.ubuntu.com/ubuntu noble/main amd64 xfonts-encodings all 1:1.0.5-0ubuntu2 [578 kB]
shsh-check	Run pnpm exec playwright install --with-deps chromium firefox webkit	2026-09-18T10:41:20.2492548Z Get:173 http://azure.archive.ubuntu.com/ubuntu noble/main amd64 xfonts-utils amd64 1:7.7+6build3 [94.4 kB]
shsh-check	Run pnpm exec playwright install --with-deps chromium firefox webkit	2026-09-18T10:41:20.2965970Z Get:174 http://azure.archive.ubuntu.com/ubuntu noble/universe amd64 xfonts-cyrillic all 1:1.0.5+nmu1 [384 kB]
shsh-check	Run pnpm exec playwright install --with-deps chromium firefox webkit	2026-09-18T10:41:20.3531666Z Get:175 http://azure.archive.ubuntu.com/ubuntu noble/main amd64 xfonts-scalable all 1:1.0.3-1.3 [304 kB]
shsh-check	Run pnpm exec playwright install --with-deps chromium firefox webkit	2026-09-18T10:41:20.4073855Z Get:176 http://azure.archive.ubuntu.com/ubuntu noble/universe amd64 libgstreamer-plugins-bad1.0-0 amd64 1.24.2-1ubuntu4 [797 kB]
shsh-check	Run pnpm exec playwright install --with-deps chromium firefox webkit	2026-09-18T10:41:20.4777732Z Get:177 http://azure.archive.ubuntu.com/ubuntu noble/universe amd64 libdca0 amd64 0.0.7-2build1 [93.8 kB]
shsh-check	Run pnpm exec playwright install --with-deps chromium firefox webkit	2026-09-18T10:41:20.5241279Z Get:178 http://azure.archive.ubuntu.com/ubuntu noble/universe amd64 libopenal1 amd64 1:1.23.1-4build1 [540 kB]
shsh-check	Run pnpm exec playwright install --with-deps chromium firefox webkit	2026-09-18T10:41:20.5849464Z Get:179 http://azure.archive.ubuntu.com/ubuntu noble/main amd64 libsbc1 amd64 2.0-1build1 [33.9 kB]
shsh-check	Run pnpm exec playwright install --with-deps chromium firefox webkit	2026-09-18T10:41:20.6303234Z Get:180 http://azure.archive.ubuntu.com/ubuntu noble/universe amd64 libvo-aacenc0 amd64 0.1.3-2build1 [67.8 kB]
shsh-check	Run pnpm exec playwright install --with-deps chromium firefox webkit	2026-09-18T10:41:20.6772436Z Get:181 http://azure.archive.ubuntu.com/ubuntu noble/universe amd64 libvo-amrwbenc0 amd64 0.1.3-2build1 [76.7 kB]
shsh-check	Run pnpm exec playwright install --with-deps chromium firefox webkit	2026-09-18T10:41:20.7235280Z Get:182 http://azure.archive.ubuntu.com/ubuntu noble/universe amd64 gstreamer1.0-plugins-bad amd64 1.24.2-1ubuntu4 [3081 kB]
shsh-check	Run pnpm exec playwright install --with-deps chromium firefox webkit	2026-09-18T10:41:21.2372685Z Fetched 114 MB in 10s (11.0 MB/s)
shsh-check	Run pnpm exec playwright install --with-deps chromium firefox webkit	2026-09-18T10:41:21.2856537Z Selecting previously unselected package fonts-ipafont-gothic.
shsh-check	Run pnpm exec playwright install --with-deps chromium firefox webkit	2026-09-18T10:41:21.3101464Z (Reading database ...
shsh-check	Run pnpm exec playwright install --with-deps chromium firefox webkit	2026-09-18T10:41:21.3102016Z (Reading database ... 5%
shsh-check	Run pnpm exec playwright install --with-deps chromium firefox webkit	2026-09-18T10:41:21.3102503Z (Reading database ... 10%
shsh-check	Run pnpm exec playwright install --with-deps chromium firefox webkit	2026-09-18T10:41:21.3102918Z (Reading database ... 15%
shsh-check	Run pnpm exec playwright install --with-deps chromium firefox webkit	2026-09-18T10:41:21.3103323Z (Reading database ... 20%
shsh-check	Run pnpm exec playwright install --with-deps chromium firefox webkit	2026-09-18T10:41:21.3103672Z (Reading database ... 25%
shsh-check	Run pnpm exec playwright install --with-deps chromium firefox webkit	2026-09-18T10:41:21.3103907Z (Reading database ... 30%
shsh-check	Run pnpm exec playwright install --with-deps chromium firefox webkit	2026-09-18T10:41:21.3104138Z (Reading database ... 35%
shsh-check	Run pnpm exec playwright install --with-deps chromium firefox webkit	2026-09-18T10:41:21.3104369Z (Reading database ... 40%
shsh-check	Run pnpm exec playwright install --with-deps chromium firefox webkit	2026-09-18T10:41:21.3104608Z (Reading database ... 45%
shsh-check	Run pnpm exec playwright install --with-deps chromium firefox webkit	2026-09-18T10:41:21.3105084Z (Reading database ... 50%
shsh-check	Run pnpm exec playwright install --with-deps chromium firefox webkit	2026-09-18T10:41:21.3269134Z (Reading database ... 55%
shsh-check	Run pnpm exec playwright install --with-deps chromium firefox webkit	2026-09-18T10:41:21.6381733Z (Reading database ... 60%
shsh-check	Run pnpm exec playwright install --with-deps chromium firefox webkit	2026-09-18T10:41:21.8726272Z (Reading database ... 65%
shsh-check	Run pnpm exec playwright install --with-deps chromium firefox webkit	2026-09-18T10:41:22.0966490Z (Reading database ... 70%
shsh-check	Run pnpm exec playwright install --with-deps chromium firefox webkit	2026-09-18T10:41:22.3203340Z (Reading database ... 75%
shsh-check	Run pnpm exec playwright install --with-deps chromium firefox webkit	2026-09-18T10:41:22.6533256Z (Reading database ... 80%
shsh-check	Run pnpm exec playwright install --with-deps chromium firefox webkit	2026-09-18T10:41:23.0420422Z (Reading database ... 85%
shsh-check	Run pnpm exec playwright install --with-deps chromium firefox webkit	2026-09-18T10:41:23.4594909Z (Reading database ... 90%
shsh-check	Run pnpm exec playwright install --with-deps chromium firefox webkit	2026-09-18T10:41:23.9079115Z (Reading database ... 95%
shsh-check	Run pnpm exec playwright install --with-deps chromium firefox webkit	2026-09-18T10:41:23.9079680Z (Reading database ... 100%
shsh-check	Run pnpm exec playwright install --with-deps chromium firefox webkit	2026-09-18T10:41:23.9080446Z (Reading database ... 201818 files and directories currently installed.)
shsh-check	Run pnpm exec playwright install --with-deps chromium firefox webkit	2026-09-18T10:41:23.9123549Z Preparing to unpack .../000-fonts-ipafont-gothic_00303-21ubuntu1_all.deb ...
shsh-check	Run pnpm exec playwright install --with-deps chromium firefox webkit	2026-09-18T10:41:23.9197255Z Unpacking fonts-ipafont-gothic (00303-21ubuntu1) ...
shsh-check	Run pnpm exec playwright install --with-deps chromium firefox webkit	2026-09-18T10:41:24.1439681Z Selecting previously unselected package fonts-freefont-ttf.
shsh-check	Run pnpm exec playwright install --with-deps chromium firefox webkit	2026-09-18T10:41:24.1553794Z Preparing to unpack .../001-fonts-freefont-ttf_20211204+svn4273-2_all.deb ...
shsh-check	Run pnpm exec playwright install --with-deps chromium firefox webkit	2026-09-18T10:41:24.1570622Z Unpacking fonts-freefont-ttf (20211204+svn4273-2) ...
shsh-check	Run pnpm exec playwright install --with-deps chromium firefox webkit	2026-09-18T10:41:24.2306076Z Selecting previously unselected package fonts-tlwg-loma-otf.
shsh-check	Run pnpm exec playwright install --with-deps chromium firefox webkit	2026-09-18T10:41:24.2415336Z Preparing to unpack .../002-fonts-tlwg-loma-otf_1%3a0.7.3-1_all.deb ...
shsh-check	Run pnpm exec playwright install --with-deps chromium firefox webkit	2026-09-18T10:41:24.2426346Z Unpacking fonts-tlwg-loma-otf (1:0.7.3-1) ...
shsh-check	Run pnpm exec playwright install --with-deps chromium firefox webkit	2026-09-18T10:41:24.2580749Z Selecting previously unselected package fonts-unifont.
shsh-check	Run pnpm exec playwright install --with-deps chromium firefox webkit	2026-09-18T10:41:24.2689020Z Preparing to unpack .../003-fonts-unifont_1%3a15.1.01-1build1_all.deb ...
shsh-check	Run pnpm exec playwright install --with-deps chromium firefox webkit	2026-09-18T10:41:24.2695639Z Unpacking fonts-unifont (1:15.1.01-1build1) ...
shsh-check	Run pnpm exec playwright install --with-deps chromium firefox webkit	2026-09-18T10:41:24.3612312Z Selecting previously unselected package fonts-wqy-zenhei.
shsh-check	Run pnpm exec playwright install --with-deps chromium firefox webkit	2026-09-18T10:41:24.3723476Z Preparing to unpack .../004-fonts-wqy-zenhei_0.9.45-8_all.deb ...
shsh-check	Run pnpm exec playwright install --with-deps chromium firefox webkit	2026-09-18T10:41:24.3804149Z Unpacking fonts-wqy-zenhei (0.9.45-8) ...
shsh-check	Run pnpm exec playwright install --with-deps chromium firefox webkit	2026-09-18T10:41:25.0469719Z Selecting previously unselected package libproxy1v5:amd64.
shsh-check	Run pnpm exec playwright install --with-deps chromium firefox webkit	2026-09-18T10:41:25.0594731Z Preparing to unpack .../005-libproxy1v5_0.5.4-4build1_amd64.deb ...
shsh-check	Run pnpm exec playwright install --with-deps chromium firefox webkit	2026-09-18T10:41:25.1376706Z Unpacking libproxy1v5:amd64 (0.5.4-4build1) ...
shsh-check	Run pnpm exec playwright install --with-deps chromium firefox webkit	2026-09-18T10:41:25.3921878Z Selecting previously unselected package glib-networking-common.
shsh-check	Run pnpm exec playwright install --with-deps chromium firefox webkit	2026-09-18T10:41:25.4043275Z Preparing to unpack .../006-glib-networking-common_2.80.0-1build1_all.deb ...
shsh-check	Run pnpm exec playwright install --with-deps chromium firefox webkit	2026-09-18T10:41:25.5339415Z Unpacking glib-networking-common (2.80.0-1build1) ...
shsh-check	Run pnpm exec playwright install --with-deps chromium firefox webkit	2026-09-18T10:41:25.5992768Z Selecting previously unselected package glib-networking-services.
shsh-check	Run pnpm exec playwright install --with-deps chromium firefox webkit	2026-09-18T10:41:25.6100580Z Preparing to unpack .../007-glib-networking-services_2.80.0-1build1_amd64.deb ...
shsh-check	Run pnpm exec playwright install --with-deps chromium firefox webkit	2026-09-18T10:41:25.6108415Z Unpacking glib-networking-services (2.80.0-1build1) ...
shsh-check	Run pnpm exec playwright install --with-deps chromium firefox webkit	2026-09-18T10:41:25.6257098Z Selecting previously unselected package session-migration.
shsh-check	Run pnpm exec playwright install --with-deps chromium firefox webkit	2026-09-18T10:41:25.6364468Z Preparing to unpack .../008-session-migration_0.3.9build1_amd64.deb ...
shsh-check	Run pnpm exec playwright install --with-deps chromium firefox webkit	2026-09-18T10:41:25.6373167Z Unpacking session-migration (0.3.9build1) ...
shsh-check	Run pnpm exec playwright install --with-deps chromium firefox webkit	2026-09-18T10:41:25.6542615Z Selecting previously unselected package gsettings-desktop-schemas.
shsh-check	Run pnpm exec playwright install --with-deps chromium firefox webkit	2026-09-18T10:41:25.6653140Z Preparing to unpack .../009-gsettings-desktop-schemas_46.1-0ubuntu1_all.deb ...
shsh-check	Run pnpm exec playwright install --with-deps chromium firefox webkit	2026-09-18T10:41:25.6663751Z Unpacking gsettings-desktop-schemas (46.1-0ubuntu1) ...
shsh-check	Run pnpm exec playwright install --with-deps chromium firefox webkit	2026-09-18T10:41:25.6900352Z Selecting previously unselected package glib-networking:amd64.
shsh-check	Run pnpm exec playwright install --with-deps chromium firefox webkit	2026-09-18T10:41:25.7009754Z Preparing to unpack .../010-glib-networking_2.80.0-1build1_amd64.deb ...
shsh-check	Run pnpm exec playwright install --with-deps chromium firefox webkit	2026-09-18T10:41:25.7015845Z Unpacking glib-networking:amd64 (2.80.0-1build1) ...
shsh-check	Run pnpm exec playwright install --with-deps chromium firefox webkit	2026-09-18T10:41:25.7181331Z Selecting previously unselected package libva2:amd64.
shsh-check	Run pnpm exec playwright install --with-deps chromium firefox webkit	2026-09-18T10:41:25.7292931Z Preparing to unpack .../011-libva2_2.20.0-2ubuntu0.2_amd64.deb ...
shsh-check	Run pnpm exec playwright install --with-deps chromium firefox webkit	2026-09-18T10:41:25.7301949Z Unpacking libva2:amd64 (2.20.0-2ubuntu0.2) ...
shsh-check	Run pnpm exec playwright install --with-deps chromium firefox webkit	2026-09-18T10:41:25.7467215Z Selecting previously unselected package libva-drm2:amd64.
shsh-check	Run pnpm exec playwright install --with-deps chromium firefox webkit	2026-09-18T10:41:25.7578895Z Preparing to unpack .../012-libva-drm2_2.20.0-2ubuntu0.2_amd64.deb ...
shsh-check	Run pnpm exec playwright install --with-deps chromium firefox webkit	2026-09-18T10:41:25.7589541Z Unpacking libva-drm2:amd64 (2.20.0-2ubuntu0.2) ...
shsh-check	Run pnpm exec playwright install --with-deps chromium firefox webkit	2026-09-18T10:41:25.7745581Z Selecting previously unselected package libva-x11-2:amd64.
shsh-check	Run pnpm exec playwright install --with-deps chromium firefox webkit	2026-09-18T10:41:25.7856442Z Preparing to unpack .../013-libva-x11-2_2.20.0-2ubuntu0.2_amd64.deb ...
shsh-check	Run pnpm exec playwright install --with-deps chromium firefox webkit	2026-09-18T10:41:25.7863376Z Unpacking libva-x11-2:amd64 (2.20.0-2ubuntu0.2) ...
shsh-check	Run pnpm exec playwright install --with-deps chromium firefox webkit	2026-09-18T10:41:25.8037367Z Selecting previously unselected package libvdpau1:amd64.
shsh-check	Run pnpm exec playwright install --with-deps chromium firefox webkit	2026-09-18T10:41:25.8149844Z Preparing to unpack .../014-libvdpau1_1.5-2build1_amd64.deb ...
shsh-check	Run pnpm exec playwright install --with-deps chromium firefox webkit	2026-09-18T10:41:25.8167704Z Unpacking libvdpau1:amd64 (1.5-2build1) ...
shsh-check	Run pnpm exec playwright install --with-deps chromium firefox webkit	2026-09-18T10:41:25.8328499Z Selecting previously unselected package libvpl2.
shsh-check	Run pnpm exec playwright install --with-deps chromium firefox webkit	2026-09-18T10:41:25.8436613Z Preparing to unpack .../015-libvpl2_2023.3.0-1build1_amd64.deb ...
shsh-check	Run pnpm exec playwright install --with-deps chromium firefox webkit	2026-09-18T10:41:25.8445664Z Unpacking libvpl2 (2023.3.0-1build1) ...
shsh-check	Run pnpm exec playwright install --with-deps chromium firefox webkit	2026-09-18T10:41:25.8610014Z Selecting previously unselected package ocl-icd-libopencl1:amd64.
shsh-check	Run pnpm exec playwright install --with-deps chromium firefox webkit	2026-09-18T10:41:25.8720303Z Preparing to unpack .../016-ocl-icd-libopencl1_2.3.2-1build1_amd64.deb ...
shsh-check	Run pnpm exec playwright install --with-deps chromium firefox webkit	2026-09-18T10:41:25.8726719Z Unpacking ocl-icd-libopencl1:amd64 (2.3.2-1build1) ...
shsh-check	Run pnpm exec playwright install --with-deps chromium firefox webkit	2026-09-18T10:41:25.8898341Z Selecting previously unselected package libavutil58:amd64.
shsh-check	Run pnpm exec playwright install --with-deps chromium firefox webkit	2026-09-18T10:41:25.9007761Z Preparing to unpack .../017-libavutil58_7%3a6.1.1-3ubuntu5_amd64.deb ...
shsh-check	Run pnpm exec playwright install --with-deps chromium firefox webkit	2026-09-18T10:41:25.9015069Z Unpacking libavutil58:amd64 (7:6.1.1-3ubuntu5) ...
shsh-check	Run pnpm exec playwright install --with-deps chromium firefox webkit	2026-09-18T10:41:25.9208574Z Selecting previously unselected package libcodec2-1.2:amd64.
shsh-check	Run pnpm exec playwright install --with-deps chromium firefox webkit	2026-09-18T10:41:25.9317307Z Preparing to unpack .../018-libcodec2-1.2_1.2.0-2build1_amd64.deb ...
shsh-check	Run pnpm exec playwright install --with-deps chromium firefox webkit	2026-09-18T10:41:25.9326656Z Unpacking libcodec2-1.2:amd64 (1.2.0-2build1) ...
shsh-check	Run pnpm exec playwright install --with-deps chromium firefox webkit	2026-09-18T10:41:25.9980080Z Selecting previously unselected package libdav1d7:amd64.
shsh-check	Run pnpm exec playwright install --with-deps chromium firefox webkit	2026-09-18T10:41:26.0088655Z Preparing to unpack .../019-libdav1d7_1.4.1-1build1_amd64.deb ...
shsh-check	Run pnpm exec playwright install --with-deps chromium firefox webkit	2026-09-18T10:41:26.0095069Z Unpacking libdav1d7:amd64 (1.4.1-1build1) ...
shsh-check	Run pnpm exec playwright install --with-deps chromium firefox webkit	2026-09-18T10:41:26.0317433Z Selecting previously unselected package libgsm1:amd64.
shsh-check	Run pnpm exec playwright install --with-deps chromium firefox webkit	2026-09-18T10:41:26.0427468Z Preparing to unpack .../020-libgsm1_1.0.22-1build1_amd64.deb ...
shsh-check	Run pnpm exec playwright install --with-deps chromium firefox webkit	2026-09-18T10:41:26.0434020Z Unpacking libgsm1:amd64 (1.0.22-1build1) ...
shsh-check	Run pnpm exec playwright install --with-deps chromium firefox webkit	2026-09-18T10:41:26.0600260Z Selecting previously unselected package libhwy1t64:amd64.
shsh-check	Run pnpm exec playwright install --with-deps chromium firefox webkit	2026-09-18T10:41:26.0713821Z Preparing to unpack .../021-libhwy1t64_1.0.7-8.1build1_amd64.deb ...
shsh-check	Run pnpm exec playwright install --with-deps chromium firefox webkit	2026-09-18T10:41:26.0725490Z Unpacking libhwy1t64:amd64 (1.0.7-8.1build1) ...
shsh-check	Run pnpm exec playwright install --with-deps chromium firefox webkit	2026-09-18T10:41:26.1016327Z Selecting previously unselected package libjxl0.7:amd64.
shsh-check	Run pnpm exec playwright install --with-deps chromium firefox webkit	2026-09-18T10:41:26.1128158Z Preparing to unpack .../022-libjxl0.7_0.7.0-10.2ubuntu6.1_amd64.deb ...
shsh-check	Run pnpm exec playwright install --with-deps chromium firefox webkit	2026-09-18T10:41:26.1137225Z Unpacking libjxl0.7:amd64 (0.7.0-10.2ubuntu6.1) ...
shsh-check	Run pnpm exec playwright install --with-deps chromium firefox webkit	2026-09-18T10:41:26.1419402Z Selecting previously unselected package libmp3lame0:amd64.
shsh-check	Run pnpm exec playwright install --with-deps chromium firefox webkit	2026-09-18T10:41:26.1529929Z Preparing to unpack .../023-libmp3lame0_3.100-6build1_amd64.deb ...
shsh-check	Run pnpm exec playwright install --with-deps chromium firefox webkit	2026-09-18T10:41:26.1541545Z Unpacking libmp3lame0:amd64 (3.100-6build1) ...
shsh-check	Run pnpm exec playwright install --with-deps chromium firefox webkit	2026-09-18T10:41:26.1716201Z Selecting previously unselected package libopus0:amd64.
shsh-check	Run pnpm exec playwright install --with-deps chromium firefox webkit	2026-09-18T10:41:26.1825700Z Preparing to unpack .../024-libopus0_1.4-1build1_amd64.deb ...
shsh-check	Run pnpm exec playwright install --with-deps chromium firefox webkit	2026-09-18T10:41:26.1836064Z Unpacking libopus0:amd64 (1.4-1build1) ...
shsh-check	Run pnpm exec playwright install --with-deps chromium firefox webkit	2026-09-18T10:41:26.2012055Z Selecting previously unselected package librav1e0:amd64.
shsh-check	Run pnpm exec playwright install --with-deps chromium firefox webkit	2026-09-18T10:41:26.2121509Z Preparing to unpack .../025-librav1e0_0.7.1-2_amd64.deb ...
shsh-check	Run pnpm exec playwright install --with-deps chromium firefox webkit	2026-09-18T10:41:26.2128168Z Unpacking librav1e0:amd64 (0.7.1-2) ...
shsh-check	Run pnpm exec playwright install --with-deps chromium firefox webkit	2026-09-18T10:41:26.2393094Z Selecting previously unselected package librsvg2-2:amd64.
shsh-check	Run pnpm exec playwright install --with-deps chromium firefox webkit	2026-09-18T10:41:26.2504270Z Preparing to unpack .../026-librsvg2-2_2.58.0+dfsg-1build1_amd64.deb ...
shsh-check	Run pnpm exec playwright install --with-deps chromium firefox webkit	2026-09-18T10:41:26.2511271Z Unpacking librsvg2-2:amd64 (2.58.0+dfsg-1build1) ...
shsh-check	Run pnpm exec playwright install --with-deps chromium firefox webkit	2026-09-18T10:41:26.2906855Z Selecting previously unselected package libshine3:amd64.
shsh-check	Run pnpm exec playwright install --with-deps chromium firefox webkit	2026-09-18T10:41:26.3017007Z Preparing to unpack .../027-libshine3_3.1.1-2build1_amd64.deb ...
shsh-check	Run pnpm exec playwright install --with-deps chromium firefox webkit	2026-09-18T10:41:26.3027748Z Unpacking libshine3:amd64 (3.1.1-2build1) ...
shsh-check	Run pnpm exec playwright install --with-deps chromium firefox webkit	2026-09-18T10:41:26.3180368Z Selecting previously unselected package libspeex1:amd64.
shsh-check	Run pnpm exec playwright install --with-deps chromium firefox webkit	2026-09-18T10:41:26.3290434Z Preparing to unpack .../028-libspeex1_1.2.1-2ubuntu2.24.04.1_amd64.deb ...
shsh-check	Run pnpm exec playwright install --with-deps chromium firefox webkit	2026-09-18T10:41:26.3301080Z Unpacking libspeex1:amd64 (1.2.1-2ubuntu2.24.04.1) ...
shsh-check	Run pnpm exec playwright install --with-deps chromium firefox webkit	2026-09-18T10:41:26.3461395Z Selecting previously unselected package libsvtav1enc1d1:amd64.
shsh-check	Run pnpm exec playwright install --with-deps chromium firefox webkit	2026-09-18T10:41:26.3572269Z Preparing to unpack .../029-libsvtav1enc1d1_1.7.0+dfsg-2build1_amd64.deb ...
shsh-check	Run pnpm exec playwright install --with-deps chromium firefox webkit	2026-09-18T10:41:26.3578602Z Unpacking libsvtav1enc1d1:amd64 (1.7.0+dfsg-2build1) ...
shsh-check	Run pnpm exec playwright install --with-deps chromium firefox webkit	2026-09-18T10:41:26.3999220Z Selecting previously unselected package libsoxr0:amd64.
shsh-check	Run pnpm exec playwright install --with-deps chromium firefox webkit	2026-09-18T10:41:26.4109907Z Preparing to unpack .../030-libsoxr0_0.1.3-4build3_amd64.deb ...
shsh-check	Run pnpm exec playwright install --with-deps chromium firefox webkit	2026-09-18T10:41:26.4116939Z Unpacking libsoxr0:amd64 (0.1.3-4build3) ...
shsh-check	Run pnpm exec playwright install --with-deps chromium firefox webkit	2026-09-18T10:41:26.4280862Z Selecting previously unselected package libswresample4:amd64.
shsh-check	Run pnpm exec playwright install --with-deps chromium firefox webkit	2026-09-18T10:41:26.4391362Z Preparing to unpack .../031-libswresample4_7%3a6.1.1-3ubuntu5_amd64.deb ...
shsh-check	Run pnpm exec playwright install --with-deps chromium firefox webkit	2026-09-18T10:41:26.4398797Z Unpacking libswresample4:amd64 (7:6.1.1-3ubuntu5) ...
shsh-check	Run pnpm exec playwright install --with-deps chromium firefox webkit	2026-09-18T10:41:26.4561834Z Selecting previously unselected package libtheora0:amd64.
shsh-check	Run pnpm exec playwright install --with-deps chromium firefox webkit	2026-09-18T10:41:26.4670914Z Preparing to unpack .../032-libtheora0_1.1.1+dfsg.1-16.1build3_amd64.deb ...
shsh-check	Run pnpm exec playwright install --with-deps chromium firefox webkit	2026-09-18T10:41:26.4679773Z Unpacking libtheora0:amd64 (1.1.1+dfsg.1-16.1build3) ...
shsh-check	Run pnpm exec playwright install --with-deps chromium firefox webkit	2026-09-18T10:41:26.4860171Z Selecting previously unselected package libtwolame0:amd64.
shsh-check	Run pnpm exec playwright install --with-deps chromium firefox webkit	2026-09-18T10:41:26.4969898Z Preparing to unpack .../033-libtwolame0_0.4.0-2build3_amd64.deb ...
shsh-check	Run pnpm exec playwright install --with-deps chromium firefox webkit	2026-09-18T10:41:26.4977037Z Unpacking libtwolame0:amd64 (0.4.0-2build3) ...
shsh-check	Run pnpm exec playwright install --with-deps chromium firefox webkit	2026-09-18T10:41:26.5132227Z Selecting previously unselected package libvorbisenc2:amd64.
shsh-check	Run pnpm exec playwright install --with-deps chromium firefox webkit	2026-09-18T10:41:26.5239557Z Preparing to unpack .../034-libvorbisenc2_1.3.7-1build3_amd64.deb ...
shsh-check	Run pnpm exec playwright install --with-deps chromium firefox webkit	2026-09-18T10:41:26.5256321Z Unpacking libvorbisenc2:amd64 (1.3.7-1build3) ...
shsh-check	Run pnpm exec playwright install --with-deps chromium firefox webkit	2026-09-18T10:41:26.5430086Z Selecting previously unselected package libvpx9:amd64.
shsh-check	Run pnpm exec playwright install --with-deps chromium firefox webkit	2026-09-18T10:41:26.5542013Z Preparing to unpack .../035-libvpx9_1.14.0-1ubuntu2.3_amd64.deb ...
shsh-check	Run pnpm exec playwright install --with-deps chromium firefox webkit	2026-09-18T10:41:26.5548975Z Unpacking libvpx9:amd64 (1.14.0-1ubuntu2.3) ...
shsh-check	Run pnpm exec playwright install --with-deps chromium firefox webkit	2026-09-18T10:41:26.5818005Z Selecting previously unselected package libx264-164:amd64.
shsh-check	Run pnpm exec playwright install --with-deps chromium firefox webkit	2026-09-18T10:41:26.5928496Z Preparing to unpack .../036-libx264-164_2%3a0.164.3108+git31e19f9-1_amd64.deb ...
shsh-check	Run pnpm exec playwright install --with-deps chromium firefox webkit	2026-09-18T10:41:26.5935685Z Unpacking libx264-164:amd64 (2:0.164.3108+git31e19f9-1) ...
shsh-check	Run pnpm exec playwright install --with-deps chromium firefox webkit	2026-09-18T10:41:26.6161796Z Selecting previously unselected package libx265-199:amd64.
shsh-check	Run pnpm exec playwright install --with-deps chromium firefox webkit	2026-09-18T10:41:26.6272384Z Preparing to unpack .../037-libx265-199_3.5-2build1_amd64.deb ...
shsh-check	Run pnpm exec playwright install --with-deps chromium firefox webkit	2026-09-18T10:41:26.6282539Z Unpacking libx265-199:amd64 (3.5-2build1) ...
shsh-check	Run pnpm exec playwright install --with-deps chromium firefox webkit	2026-09-18T10:41:26.6842475Z Selecting previously unselected package libxvidcore4:amd64.
shsh-check	Run pnpm exec playwright install --with-deps chromium firefox webkit	2026-09-18T10:41:26.6954245Z Preparing to unpack .../038-libxvidcore4_2%3a1.3.7-1build1_amd64.deb ...
shsh-check	Run pnpm exec playwright install --with-deps chromium firefox webkit	2026-09-18T10:41:26.6962036Z Unpacking libxvidcore4:amd64 (2:1.3.7-1build1) ...
shsh-check	Run pnpm exec playwright install --with-deps chromium firefox webkit	2026-09-18T10:41:26.7137295Z Selecting previously unselected package libzvbi-common.
shsh-check	Run pnpm exec playwright install --with-deps chromium firefox webkit	2026-09-18T10:41:26.7248754Z Preparing to unpack .../039-libzvbi-common_0.2.42-2_all.deb ...
shsh-check	Run pnpm exec playwright install --with-deps chromium firefox webkit	2026-09-18T10:41:26.7255468Z Unpacking libzvbi-common (0.2.42-2) ...
shsh-check	Run pnpm exec playwright install --with-deps chromium firefox webkit	2026-09-18T10:41:26.7783594Z Selecting previously unselected package libzvbi0t64:amd64.
shsh-check	Run pnpm exec playwright install --with-deps chromium firefox webkit	2026-09-18T10:41:26.7895648Z Preparing to unpack .../040-libzvbi0t64_0.2.42-2_amd64.deb ...
shsh-check	Run pnpm exec playwright install --with-deps chromium firefox webkit	2026-09-18T10:41:26.7903919Z Unpacking libzvbi0t64:amd64 (0.2.42-2) ...
shsh-check	Run pnpm exec playwright install --with-deps chromium firefox webkit	2026-09-18T10:41:26.8100291Z Selecting previously unselected package libavcodec60:amd64.
shsh-check	Run pnpm exec playwright install --with-deps chromium firefox webkit	2026-09-18T10:41:26.8212867Z Preparing to unpack .../041-libavcodec60_7%3a6.1.1-3ubuntu5_amd64.deb ...
shsh-check	Run pnpm exec playwright install --with-deps chromium firefox webkit	2026-09-18T10:41:26.8225388Z Unpacking libavcodec60:amd64 (7:6.1.1-3ubuntu5) ...
shsh-check	Run pnpm exec playwright install --with-deps chromium firefox webkit	2026-09-18T10:41:26.8998146Z Selecting previously unselected package libunibreak5:amd64.
shsh-check	Run pnpm exec playwright install --with-deps chromium firefox webkit	2026-09-18T10:41:26.9113743Z Preparing to unpack .../042-libunibreak5_5.1-2build1_amd64.deb ...
shsh-check	Run pnpm exec playwright install --with-deps chromium firefox webkit	2026-09-18T10:41:26.9120896Z Unpacking libunibreak5:amd64 (5.1-2build1) ...
shsh-check	Run pnpm exec playwright install --with-deps chromium firefox webkit	2026-09-18T10:41:26.9287755Z Selecting previously unselected package libass9:amd64.
shsh-check	Run pnpm exec playwright install --with-deps chromium firefox webkit	2026-09-18T10:41:26.9397126Z Preparing to unpack .../043-libass9_1%3a0.17.1-2build1_amd64.deb ...
shsh-check	Run pnpm exec playwright install --with-deps chromium firefox webkit	2026-09-18T10:41:26.9408382Z Unpacking libass9:amd64 (1:0.17.1-2build1) ...
shsh-check	Run pnpm exec playwright install --with-deps chromium firefox webkit	2026-09-18T10:41:26.9572385Z Selecting previously unselected package libudfread0:amd64.
shsh-check	Run pnpm exec playwright install --with-deps chromium firefox webkit	2026-09-18T10:41:26.9684559Z Preparing to unpack .../044-libudfread0_1.1.2-1build1_amd64.deb ...
shsh-check	Run pnpm exec playwright install --with-deps chromium firefox webkit	2026-09-18T10:41:26.9695081Z Unpacking libudfread0:amd64 (1.1.2-1build1) ...
shsh-check	Run pnpm exec playwright install --with-deps chromium firefox webkit	2026-09-18T10:41:26.9858554Z Selecting previously unselected package libbluray2:amd64.
shsh-check	Run pnpm exec playwright install --with-deps chromium firefox webkit	2026-09-18T10:41:26.9977363Z Preparing to unpack .../045-libbluray2_1%3a1.3.4-1build1_amd64.deb ...
shsh-check	Run pnpm exec playwright install --with-deps chromium firefox webkit	2026-09-18T10:41:26.9984315Z Unpacking libbluray2:amd64 (1:1.3.4-1build1) ...
shsh-check	Run pnpm exec playwright install --with-deps chromium firefox webkit	2026-09-18T10:41:27.0160251Z Selecting previously unselected package libchromaprint1:amd64.
shsh-check	Run pnpm exec playwright install --with-deps chromium firefox webkit	2026-09-18T10:41:27.0271221Z Preparing to unpack .../046-libchromaprint1_1.5.1-5_amd64.deb ...
shsh-check	Run pnpm exec playwright install --with-deps chromium firefox webkit	2026-09-18T10:41:27.0278896Z Unpacking libchromaprint1:amd64 (1.5.1-5) ...
shsh-check	Run pnpm exec playwright install --with-deps chromium firefox webkit	2026-09-18T10:41:27.0446900Z Selecting previously unselected package libgme0:amd64.
shsh-check	Run pnpm exec playwright install --with-deps chromium firefox webkit	2026-09-18T10:41:27.0559108Z Preparing to unpack .../047-libgme0_0.6.3-7build1_amd64.deb ...
shsh-check	Run pnpm exec playwright install --with-deps chromium firefox webkit	2026-09-18T10:41:27.0567811Z Unpacking libgme0:amd64 (0.6.3-7build1) ...
shsh-check	Run pnpm exec playwright install --with-deps chromium firefox webkit	2026-09-18T10:41:27.0747493Z Selecting previously unselected package libmpg123-0t64:amd64.
shsh-check	Run pnpm exec playwright install --with-deps chromium firefox webkit	2026-09-18T10:41:27.0859343Z Preparing to unpack .../048-libmpg123-0t64_1.32.5-1ubuntu1.1_amd64.deb ...
shsh-check	Run pnpm exec playwright install --with-deps chromium firefox webkit	2026-09-18T10:41:27.0866786Z Unpacking libmpg123-0t64:amd64 (1.32.5-1ubuntu1.1) ...
shsh-check	Run pnpm exec playwright install --with-deps chromium firefox webkit	2026-09-18T10:41:27.1039953Z Selecting previously unselected package libopenmpt0t64:amd64.
shsh-check	Run pnpm exec playwright install --with-deps chromium firefox webkit	2026-09-18T10:41:27.1152127Z Preparing to unpack .../049-libopenmpt0t64_0.7.3-1.1build3_amd64.deb ...
shsh-check	Run pnpm exec playwright install --with-deps chromium firefox webkit	2026-09-18T10:41:27.1160033Z Unpacking libopenmpt0t64:amd64 (0.7.3-1.1build3) ...
shsh-check	Run pnpm exec playwright install --with-deps chromium firefox webkit	2026-09-18T10:41:27.1379547Z Selecting previously unselected package libcjson1:amd64.
shsh-check	Run pnpm exec playwright install --with-deps chromium firefox webkit	2026-09-18T10:41:27.1488407Z Preparing to unpack .../050-libcjson1_1.7.17-1_amd64.deb ...
shsh-check	Run pnpm exec playwright install --with-deps chromium firefox webkit	2026-09-18T10:41:27.1494864Z Unpacking libcjson1:amd64 (1.7.17-1) ...
shsh-check	Run pnpm exec playwright install --with-deps chromium firefox webkit	2026-09-18T10:41:27.1653237Z Selecting previously unselected package libmbedcrypto7t64:amd64.
shsh-check	Run pnpm exec playwright install --with-deps chromium firefox webkit	2026-09-18T10:41:27.1763520Z Preparing to unpack .../051-libmbedcrypto7t64_2.28.8-1_amd64.deb ...
shsh-check	Run pnpm exec playwright install --with-deps chromium firefox webkit	2026-09-18T10:41:27.1772208Z Unpacking libmbedcrypto7t64:amd64 (2.28.8-1) ...
shsh-check	Run pnpm exec playwright install --with-deps chromium firefox webkit	2026-09-18T10:41:27.1956438Z Selecting previously unselected package librist4:amd64.
shsh-check	Run pnpm exec playwright install --with-deps chromium firefox webkit	2026-09-18T10:41:27.2067167Z Preparing to unpack .../052-librist4_0.2.10+dfsg-2_amd64.deb ...
shsh-check	Run pnpm exec playwright install --with-deps chromium firefox webkit	2026-09-18T10:41:27.2074034Z Unpacking librist4:amd64 (0.2.10+dfsg-2) ...
shsh-check	Run pnpm exec playwright install --with-deps chromium firefox webkit	2026-09-18T10:41:27.2231385Z Selecting previously unselected package libsrt1.5-gnutls:amd64.
shsh-check	Run pnpm exec playwright install --with-deps chromium firefox webkit	2026-09-18T10:41:27.2340112Z Preparing to unpack .../053-libsrt1.5-gnutls_1.5.3-1build2_amd64.deb ...
shsh-check	Run pnpm exec playwright install --with-deps chromium firefox webkit	2026-09-18T10:41:27.2346491Z Unpacking libsrt1.5-gnutls:amd64 (1.5.3-1build2) ...
shsh-check	Run pnpm exec playwright install --with-deps chromium firefox webkit	2026-09-18T10:41:27.2537228Z Selecting previously unselected package libssh-gcrypt-4:amd64.
shsh-check	Run pnpm exec playwright install --with-deps chromium firefox webkit	2026-09-18T10:41:27.2648028Z Preparing to unpack .../054-libssh-gcrypt-4_0.10.6-2ubuntu0.5_amd64.deb ...
shsh-check	Run pnpm exec playwright install --with-deps chromium firefox webkit	2026-09-18T10:41:27.2655620Z Unpacking libssh-gcrypt-4:amd64 (0.10.6-2ubuntu0.5) ...
shsh-check	Run pnpm exec playwright install --with-deps chromium firefox webkit	2026-09-18T10:41:27.2835441Z Selecting previously unselected package libavformat60:amd64.
shsh-check	Run pnpm exec playwright install --with-deps chromium firefox webkit	2026-09-18T10:41:27.2947255Z Preparing to unpack .../055-libavformat60_7%3a6.1.1-3ubuntu5_amd64.deb ...
shsh-check	Run pnpm exec playwright install --with-deps chromium firefox webkit	2026-09-18T10:41:27.2961052Z Unpacking libavformat60:amd64 (7:6.1.1-3ubuntu5) ...
shsh-check	Run pnpm exec playwright install --with-deps chromium firefox webkit	2026-09-18T10:41:27.3223648Z Selecting previously unselected package libbs2b0:amd64.
shsh-check	Run pnpm exec playwright install --with-deps chromium firefox webkit	2026-09-18T10:41:27.3332202Z Preparing to unpack .../056-libbs2b0_3.1.0+dfsg-7build1_amd64.deb ...
shsh-check	Run pnpm exec playwright install --with-deps chromium firefox webkit	2026-09-18T10:41:27.3338660Z Unpacking libbs2b0:amd64 (3.1.0+dfsg-7build1) ...
shsh-check	Run pnpm exec playwright install --with-deps chromium firefox webkit	2026-09-18T10:41:27.3508703Z Selecting previously unselected package libflite1:amd64.
shsh-check	Run pnpm exec playwright install --with-deps chromium firefox webkit	2026-09-18T10:41:27.3620224Z Preparing to unpack .../057-libflite1_2.2-6build3_amd64.deb ...
shsh-check	Run pnpm exec playwright install --with-deps chromium firefox webkit	2026-09-18T10:41:27.3628996Z Unpacking libflite1:amd64 (2.2-6build3) ...
shsh-check	Run pnpm exec playwright install --with-deps chromium firefox webkit	2026-09-18T10:41:27.4600490Z Selecting previously unselected package libserd-0-0:amd64.
shsh-check	Run pnpm exec playwright install --with-deps chromium firefox webkit	2026-09-18T10:41:27.4711126Z Preparing to unpack .../058-libserd-0-0_0.32.2-1_amd64.deb ...
shsh-check	Run pnpm exec playwright install --with-deps chromium firefox webkit	2026-09-18T10:41:27.4717225Z Unpacking libserd-0-0:amd64 (0.32.2-1) ...
shsh-check	Run pnpm exec playwright install --with-deps chromium firefox webkit	2026-09-18T10:41:27.4876338Z Selecting previously unselected package libzix-0-0:amd64.
shsh-check	Run pnpm exec playwright install --with-deps chromium firefox webkit	2026-09-18T10:41:27.4985347Z Preparing to unpack .../059-libzix-0-0_0.4.2-2build1_amd64.deb ...
shsh-check	Run pnpm exec playwright install --with-deps chromium firefox webkit	2026-09-18T10:41:27.4992539Z Unpacking libzix-0-0:amd64 (0.4.2-2build1) ...
shsh-check	Run pnpm exec playwright install --with-deps chromium firefox webkit	2026-09-18T10:41:27.5146819Z Selecting previously unselected package libsord-0-0:amd64.
shsh-check	Run pnpm exec playwright install --with-deps chromium firefox webkit	2026-09-18T10:41:27.5258907Z Preparing to unpack .../060-libsord-0-0_0.16.16-2build1_amd64.deb ...
shsh-check	Run pnpm exec playwright install --with-deps chromium firefox webkit	2026-09-18T10:41:27.5267398Z Unpacking libsord-0-0:amd64 (0.16.16-2build1) ...
shsh-check	Run pnpm exec playwright install --with-deps chromium firefox webkit	2026-09-18T10:41:27.5420058Z Selecting previously unselected package libsratom-0-0:amd64.
shsh-check	Run pnpm exec playwright install --with-deps chromium firefox webkit	2026-09-18T10:41:27.5527993Z Preparing to unpack .../061-libsratom-0-0_0.6.16-1build1_amd64.deb ...
shsh-check	Run pnpm exec playwright install --with-deps chromium firefox webkit	2026-09-18T10:41:27.5534945Z Unpacking libsratom-0-0:amd64 (0.6.16-1build1) ...
shsh-check	Run pnpm exec playwright install --with-deps chromium firefox webkit	2026-09-18T10:41:27.5687748Z Selecting previously unselected package liblilv-0-0:amd64.
shsh-check	Run pnpm exec playwright install --with-deps chromium firefox webkit	2026-09-18T10:41:27.5799268Z Preparing to unpack .../062-liblilv-0-0_0.24.22-1build1_amd64.deb ...
shsh-check	Run pnpm exec playwright install --with-deps chromium firefox webkit	2026-09-18T10:41:27.5812410Z Unpacking liblilv-0-0:amd64 (0.24.22-1build1) ...
shsh-check	Run pnpm exec playwright install --with-deps chromium firefox webkit	2026-09-18T10:41:27.5968039Z Selecting previously unselected package libmysofa1:amd64.
shsh-check	Run pnpm exec playwright install --with-deps chromium firefox webkit	2026-09-18T10:41:27.6075880Z Preparing to unpack .../063-libmysofa1_1.3.2+dfsg-2ubuntu2_amd64.deb ...
shsh-check	Run pnpm exec playwright install --with-deps chromium firefox webkit	2026-09-18T10:41:27.6086562Z Unpacking libmysofa1:amd64 (1.3.2+dfsg-2ubuntu2) ...
shsh-check	Run pnpm exec playwright install --with-deps chromium firefox webkit	2026-09-18T10:41:27.6276037Z Selecting previously unselected package libplacebo338:amd64.
shsh-check	Run pnpm exec playwright install --with-deps chromium firefox webkit	2026-09-18T10:41:27.6387219Z Preparing to unpack .../064-libplacebo338_6.338.2-2build1_amd64.deb ...
shsh-check	Run pnpm exec playwright install --with-deps chromium firefox webkit	2026-09-18T10:41:27.6394321Z Unpacking libplacebo338:amd64 (6.338.2-2build1) ...
shsh-check	Run pnpm exec playwright install --with-deps chromium firefox webkit	2026-09-18T10:41:27.6874443Z Selecting previously unselected package libblas3:amd64.
shsh-check	Run pnpm exec playwright install --with-deps chromium firefox webkit	2026-09-18T10:41:27.6985334Z Preparing to unpack .../065-libblas3_3.12.0-3build1.1_amd64.deb ...
shsh-check	Run pnpm exec playwright install --with-deps chromium firefox webkit	2026-09-18T10:41:27.7010393Z Unpacking libblas3:amd64 (3.12.0-3build1.1) ...
shsh-check	Run pnpm exec playwright install --with-deps chromium firefox webkit	2026-09-18T10:41:27.7204737Z Selecting previously unselected package liblapack3:amd64.
shsh-check	Run pnpm exec playwright install --with-deps chromium firefox webkit	2026-09-18T10:41:27.7316647Z Preparing to unpack .../066-liblapack3_3.12.0-3build1.1_amd64.deb ...
shsh-check	Run pnpm exec playwright install --with-deps chromium firefox webkit	2026-09-18T10:41:27.7341796Z Unpacking liblapack3:amd64 (3.12.0-3build1.1) ...
shsh-check	Run pnpm exec playwright install --with-deps chromium firefox webkit	2026-09-18T10:41:27.7779975Z Selecting previously unselected package libasyncns0:amd64.
shsh-check	Run pnpm exec playwright install --with-deps chromium firefox webkit	2026-09-18T10:41:27.7893428Z Preparing to unpack .../067-libasyncns0_0.8-6build4_amd64.deb ...
shsh-check	Run pnpm exec playwright install --with-deps chromium firefox webkit	2026-09-18T10:41:27.7901051Z Unpacking libasyncns0:amd64 (0.8-6build4) ...
shsh-check	Run pnpm exec playwright install --with-deps chromium firefox webkit	2026-09-18T10:41:27.8060099Z Selecting previously unselected package libflac12t64:amd64.
shsh-check	Run pnpm exec playwright install --with-deps chromium firefox webkit	2026-09-18T10:41:27.8172062Z Preparing to unpack .../068-libflac12t64_1.4.3+ds-2.1ubuntu2_amd64.deb ...
shsh-check	Run pnpm exec playwright install --with-deps chromium firefox webkit	2026-09-18T10:41:27.8184225Z Unpacking libflac12t64:amd64 (1.4.3+ds-2.1ubuntu2) ...
shsh-check	Run pnpm exec playwright install --with-deps chromium firefox webkit	2026-09-18T10:41:27.8380552Z Selecting previously unselected package libsndfile1:amd64.
shsh-check	Run pnpm exec playwright install --with-deps chromium firefox webkit	2026-09-18T10:41:27.8489542Z Preparing to unpack .../069-libsndfile1_1.2.2-1ubuntu5.24.04.1_amd64.deb ...
shsh-check	Run pnpm exec playwright install --with-deps chromium firefox webkit	2026-09-18T10:41:27.8496929Z Unpacking libsndfile1:amd64 (1.2.2-1ubuntu5.24.04.1) ...
shsh-check	Run pnpm exec playwright install --with-deps chromium firefox webkit	2026-09-18T10:41:27.8691176Z Selecting previously unselected package libpulse0:amd64.
shsh-check	Run pnpm exec playwright install --with-deps chromium firefox webkit	2026-09-18T10:41:27.8804000Z Preparing to unpack .../070-libpulse0_1%3a16.1+dfsg1-2ubuntu10.1_amd64.deb ...
shsh-check	Run pnpm exec playwright install --with-deps chromium firefox webkit	2026-09-18T10:41:27.8859735Z Unpacking libpulse0:amd64 (1:16.1+dfsg1-2ubuntu10.1) ...
shsh-check	Run pnpm exec playwright install --with-deps chromium firefox webkit	2026-09-18T10:41:27.9090707Z Selecting previously unselected package libsphinxbase3t64:amd64.
shsh-check	Run pnpm exec playwright install --with-deps chromium firefox webkit	2026-09-18T10:41:27.9200806Z Preparing to unpack .../071-libsphinxbase3t64_0.8+5prealpha+1-17build2_amd64.deb ...
shsh-check	Run pnpm exec playwright install --with-deps chromium firefox webkit	2026-09-18T10:41:27.9209547Z Unpacking libsphinxbase3t64:amd64 (0.8+5prealpha+1-17build2) ...
shsh-check	Run pnpm exec playwright install --with-deps chromium firefox webkit	2026-09-18T10:41:27.9364638Z Selecting previously unselected package libpocketsphinx3:amd64.
shsh-check	Run pnpm exec playwright install --with-deps chromium firefox webkit	2026-09-18T10:41:27.9473749Z Preparing to unpack .../072-libpocketsphinx3_0.8.0+real5prealpha+1-15ubuntu5_amd64.deb ...
shsh-check	Run pnpm exec playwright install --with-deps chromium firefox webkit	2026-09-18T10:41:27.9480313Z Unpacking libpocketsphinx3:amd64 (0.8.0+real5prealpha+1-15ubuntu5) ...
shsh-check	Run pnpm exec playwright install --with-deps chromium firefox webkit	2026-09-18T10:41:27.9652107Z Selecting previously unselected package libpostproc57:amd64.
shsh-check	Run pnpm exec playwright install --with-deps chromium firefox webkit	2026-09-18T10:41:27.9762094Z Preparing to unpack .../073-libpostproc57_7%3a6.1.1-3ubuntu5_amd64.deb ...
shsh-check	Run pnpm exec playwright install --with-deps chromium firefox webkit	2026-09-18T10:41:27.9769441Z Unpacking libpostproc57:amd64 (7:6.1.1-3ubuntu5) ...
shsh-check	Run pnpm exec playwright install --with-deps chromium firefox webkit	2026-09-18T10:41:27.9934114Z Selecting previously unselected package libsamplerate0:amd64.
shsh-check	Run pnpm exec playwright install --with-deps chromium firefox webkit	2026-09-18T10:41:28.0042902Z Preparing to unpack .../074-libsamplerate0_0.2.2-4build1_amd64.deb ...
shsh-check	Run pnpm exec playwright install --with-deps chromium firefox webkit	2026-09-18T10:41:28.0050936Z Unpacking libsamplerate0:amd64 (0.2.2-4build1) ...
shsh-check	Run pnpm exec playwright install --with-deps chromium firefox webkit	2026-09-18T10:41:28.0251814Z Selecting previously unselected package librubberband2:amd64.
shsh-check	Run pnpm exec playwright install --with-deps chromium firefox webkit	2026-09-18T10:41:28.0362326Z Preparing to unpack .../075-librubberband2_3.3.0+dfsg-2build1_amd64.deb ...
shsh-check	Run pnpm exec playwright install --with-deps chromium firefox webkit	2026-09-18T10:41:28.0369645Z Unpacking librubberband2:amd64 (3.3.0+dfsg-2build1) ...
shsh-check	Run pnpm exec playwright install --with-deps chromium firefox webkit	2026-09-18T10:41:28.0551612Z Selecting previously unselected package libswscale7:amd64.
shsh-check	Run pnpm exec playwright install --with-deps chromium firefox webkit	2026-09-18T10:41:28.0668096Z Preparing to unpack .../076-libswscale7_7%3a6.1.1-3ubuntu5_amd64.deb ...
shsh-check	Run pnpm exec playwright install --with-deps chromium firefox webkit	2026-09-18T10:41:28.0682212Z Unpacking libswscale7:amd64 (7:6.1.1-3ubuntu5) ...
shsh-check	Run pnpm exec playwright install --with-deps chromium firefox webkit	2026-09-18T10:41:28.0870333Z Selecting previously unselected package libvidstab1.1:amd64.
shsh-check	Run pnpm exec playwright install --with-deps chromium firefox webkit	2026-09-18T10:41:28.0986117Z Preparing to unpack .../077-libvidstab1.1_1.1.0-2build1_amd64.deb ...
shsh-check	Run pnpm exec playwright install --with-deps chromium firefox webkit	2026-09-18T10:41:28.0996941Z Unpacking libvidstab1.1:amd64 (1.1.0-2build1) ...
shsh-check	Run pnpm exec playwright install --with-deps chromium firefox webkit	2026-09-18T10:41:28.1187269Z Selecting previously unselected package libzimg2:amd64.
shsh-check	Run pnpm exec playwright install --with-deps chromium firefox webkit	2026-09-18T10:41:28.1299949Z Preparing to unpack .../078-libzimg2_3.0.5+ds1-1build1_amd64.deb ...
shsh-check	Run pnpm exec playwright install --with-deps chromium firefox webkit	2026-09-18T10:41:28.1307537Z Unpacking libzimg2:amd64 (3.0.5+ds1-1build1) ...
shsh-check	Run pnpm exec playwright install --with-deps chromium firefox webkit	2026-09-18T10:41:28.1498257Z Selecting previously unselected package libavfilter9:amd64.
shsh-check	Run pnpm exec playwright install --with-deps chromium firefox webkit	2026-09-18T10:41:28.1608217Z Preparing to unpack .../079-libavfilter9_7%3a6.1.1-3ubuntu5_amd64.deb ...
shsh-check	Run pnpm exec playwright install --with-deps chromium firefox webkit	2026-09-18T10:41:28.1615672Z Unpacking libavfilter9:amd64 (7:6.1.1-3ubuntu5) ...
shsh-check	Run pnpm exec playwright install --with-deps chromium firefox webkit	2026-09-18T10:41:28.2283939Z Selecting previously unselected package liborc-0.4-0t64:amd64.
shsh-check	Run pnpm exec playwright install --with-deps chromium firefox webkit	2026-09-18T10:41:28.2393272Z Preparing to unpack .../080-liborc-0.4-0t64_1%3a0.4.38-1ubuntu0.1_amd64.deb ...
shsh-check	Run pnpm exec playwright install --with-deps chromium firefox webkit	2026-09-18T10:41:28.2400574Z Unpacking liborc-0.4-0t64:amd64 (1:0.4.38-1ubuntu0.1) ...
shsh-check	Run pnpm exec playwright install --with-deps chromium firefox webkit	2026-09-18T10:41:28.2599193Z Selecting previously unselected package libgstreamer-plugins-base1.0-0:amd64.
shsh-check	Run pnpm exec playwright install --with-deps chromium firefox webkit	2026-09-18T10:41:28.2710246Z Preparing to unpack .../081-libgstreamer-plugins-base1.0-0_1.24.2-1ubuntu0.4_amd64.deb ...
shsh-check	Run pnpm exec playwright install --with-deps chromium firefox webkit	2026-09-18T10:41:28.2716361Z Unpacking libgstreamer-plugins-base1.0-0:amd64 (1.24.2-1ubuntu0.4) ...
shsh-check	Run pnpm exec playwright install --with-deps chromium firefox webkit	2026-09-18T10:41:28.3084274Z Selecting previously unselected package gstreamer1.0-libav:amd64.
shsh-check	Run pnpm exec playwright install --with-deps chromium firefox webkit	2026-09-18T10:41:28.3193394Z Preparing to unpack .../082-gstreamer1.0-libav_1.24.1-1build1_amd64.deb ...
shsh-check	Run pnpm exec playwright install --with-deps chromium firefox webkit	2026-09-18T10:41:28.3201185Z Unpacking gstreamer1.0-libav:amd64 (1.24.1-1build1) ...
shsh-check	Run pnpm exec playwright install --with-deps chromium firefox webkit	2026-09-18T10:41:28.3370548Z Selecting previously unselected package libcdparanoia0:amd64.
shsh-check	Run pnpm exec playwright install --with-deps chromium firefox webkit	2026-09-18T10:41:28.3473395Z Preparing to unpack .../083-libcdparanoia0_3.10.2+debian-14build3_amd64.deb ...
shsh-check	Run pnpm exec playwright install --with-deps chromium firefox webkit	2026-09-18T10:41:28.3483627Z Unpacking libcdparanoia0:amd64 (3.10.2+debian-14build3) ...
shsh-check	Run pnpm exec playwright install --with-deps chromium firefox webkit	2026-09-18T10:41:28.3658354Z Selecting previously unselected package libvisual-0.4-0:amd64.
shsh-check	Run pnpm exec playwright install --with-deps chromium firefox webkit	2026-09-18T10:41:28.3768304Z Preparing to unpack .../084-libvisual-0.4-0_0.4.2-2build1_amd64.deb ...
shsh-check	Run pnpm exec playwright install --with-deps chromium firefox webkit	2026-09-18T10:41:28.3774655Z Unpacking libvisual-0.4-0:amd64 (0.4.2-2build1) ...
shsh-check	Run pnpm exec playwright install --with-deps chromium firefox webkit	2026-09-18T10:41:28.3945163Z Selecting previously unselected package gstreamer1.0-plugins-base:amd64.
shsh-check	Run pnpm exec playwright install --with-deps chromium firefox webkit	2026-09-18T10:41:28.4052600Z Preparing to unpack .../085-gstreamer1.0-plugins-base_1.24.2-1ubuntu0.4_amd64.deb ...
shsh-check	Run pnpm exec playwright install --with-deps chromium firefox webkit	2026-09-18T10:41:28.4058368Z Unpacking gstreamer1.0-plugins-base:amd64 (1.24.2-1ubuntu0.4) ...
shsh-check	Run pnpm exec playwright install --with-deps chromium firefox webkit	2026-09-18T10:41:28.4310238Z Selecting previously unselected package libaa1:amd64.
shsh-check	Run pnpm exec playwright install --with-deps chromium firefox webkit	2026-09-18T10:41:28.4419949Z Preparing to unpack .../086-libaa1_1.4p5-51.1_amd64.deb ...
shsh-check	Run pnpm exec playwright install --with-deps chromium firefox webkit	2026-09-18T10:41:28.4428471Z Unpacking libaa1:amd64 (1.4p5-51.1) ...
shsh-check	Run pnpm exec playwright install --with-deps chromium firefox webkit	2026-09-18T10:41:28.4594205Z Selecting previously unselected package libraw1394-11:amd64.
shsh-check	Run pnpm exec playwright install --with-deps chromium firefox webkit	2026-09-18T10:41:28.4704480Z Preparing to unpack .../087-libraw1394-11_2.1.2-2build3_amd64.deb ...
shsh-check	Run pnpm exec playwright install --with-deps chromium firefox webkit	2026-09-18T10:41:28.4710692Z Unpacking libraw1394-11:amd64 (2.1.2-2build3) ...
shsh-check	Run pnpm exec playwright install --with-deps chromium firefox webkit	2026-09-18T10:41:28.4872573Z Selecting previously unselected package libavc1394-0:amd64.
shsh-check	Run pnpm exec playwright install --with-deps chromium firefox webkit	2026-09-18T10:41:28.4984270Z Preparing to unpack .../088-libavc1394-0_0.5.4-5build3_amd64.deb ...
shsh-check	Run pnpm exec playwright install --with-deps chromium firefox webkit	2026-09-18T10:41:28.4993471Z Unpacking libavc1394-0:amd64 (0.5.4-5build3) ...
shsh-check	Run pnpm exec playwright install --with-deps chromium firefox webkit	2026-09-18T10:41:28.5145013Z Selecting previously unselected package libcaca0:amd64.
shsh-check	Run pnpm exec playwright install --with-deps chromium firefox webkit	2026-09-18T10:41:28.5253952Z Preparing to unpack .../089-libcaca0_0.99.beta20-4ubuntu0.2_amd64.deb ...
shsh-check	Run pnpm exec playwright install --with-deps chromium firefox webkit	2026-09-18T10:41:28.5259686Z Unpacking libcaca0:amd64 (0.99.beta20-4ubuntu0.2) ...
shsh-check	Run pnpm exec playwright install --with-deps chromium firefox webkit	2026-09-18T10:41:28.5448180Z Selecting previously unselected package libdv4t64:amd64.
shsh-check	Run pnpm exec playwright install --with-deps chromium firefox webkit	2026-09-18T10:41:28.5559389Z Preparing to unpack .../090-libdv4t64_1.0.0-17.1build1_amd64.deb ...
shsh-check	Run pnpm exec playwright install --with-deps chromium firefox webkit	2026-09-18T10:41:28.5566617Z Unpacking libdv4t64:amd64 (1.0.0-17.1build1) ...
shsh-check	Run pnpm exec playwright install --with-deps chromium firefox webkit	2026-09-18T10:41:28.5733300Z Selecting previously unselected package libgstreamer-plugins-good1.0-0:amd64.
shsh-check	Run pnpm exec playwright install --with-deps chromium firefox webkit	2026-09-18T10:41:28.5846748Z Preparing to unpack .../091-libgstreamer-plugins-good1.0-0_1.24.2-1ubuntu1.6_amd64.deb ...
shsh-check	Run pnpm exec playwright install --with-deps chromium firefox webkit	2026-09-18T10:41:28.5856150Z Unpacking libgstreamer-plugins-good1.0-0:amd64 (1.24.2-1ubuntu1.6) ...
shsh-check	Run pnpm exec playwright install --with-deps chromium firefox webkit	2026-09-18T10:41:28.6030500Z Selecting previously unselected package libiec61883-0:amd64.
shsh-check	Run pnpm exec playwright install --with-deps chromium firefox webkit	2026-09-18T10:41:28.6145178Z Preparing to unpack .../092-libiec61883-0_1.2.0-6build1_amd64.deb ...
shsh-check	Run pnpm exec playwright install --with-deps chromium firefox webkit	2026-09-18T10:41:28.6152255Z Unpacking libiec61883-0:amd64 (1.2.0-6build1) ...
shsh-check	Run pnpm exec playwright install --with-deps chromium firefox webkit	2026-09-18T10:41:28.6317219Z Selecting previously unselected package libshout3:amd64.
shsh-check	Run pnpm exec playwright install --with-deps chromium firefox webkit	2026-09-18T10:41:28.6426553Z Preparing to unpack .../093-libshout3_2.4.6-1build2_amd64.deb ...
shsh-check	Run pnpm exec playwright install --with-deps chromium firefox webkit	2026-09-18T10:41:28.6432573Z Unpacking libshout3:amd64 (2.4.6-1build2) ...
shsh-check	Run pnpm exec playwright install --with-deps chromium firefox webkit	2026-09-18T10:41:28.6593425Z Selecting previously unselected package libtag1v5-vanilla:amd64.
shsh-check	Run pnpm exec playwright install --with-deps chromium firefox webkit	2026-09-18T10:41:28.6706437Z Preparing to unpack .../094-libtag1v5-vanilla_1.13.1-1build1_amd64.deb ...
shsh-check	Run pnpm exec playwright install --with-deps chromium firefox webkit	2026-09-18T10:41:28.6713092Z Unpacking libtag1v5-vanilla:amd64 (1.13.1-1build1) ...
shsh-check	Run pnpm exec playwright install --with-deps chromium firefox webkit	2026-09-18T10:41:28.6899320Z Selecting previously unselected package libtag1v5:amd64.
shsh-check	Run pnpm exec playwright install --with-deps chromium firefox webkit	2026-09-18T10:41:28.7011038Z Preparing to unpack .../095-libtag1v5_1.13.1-1build1_amd64.deb ...
shsh-check	Run pnpm exec playwright install --with-deps chromium firefox webkit	2026-09-18T10:41:28.7029138Z Unpacking libtag1v5:amd64 (1.13.1-1build1) ...
shsh-check	Run pnpm exec playwright install --with-deps chromium firefox webkit	2026-09-18T10:41:28.7184213Z Selecting previously unselected package libv4lconvert0t64:amd64.
shsh-check	Run pnpm exec playwright install --with-deps chromium firefox webkit	2026-09-18T10:41:28.7297253Z Preparing to unpack .../096-libv4lconvert0t64_1.26.1-4build3_amd64.deb ...
shsh-check	Run pnpm exec playwright install --with-deps chromium firefox webkit	2026-09-18T10:41:28.7303699Z Unpacking libv4lconvert0t64:amd64 (1.26.1-4build3) ...
shsh-check	Run pnpm exec playwright install --with-deps chromium firefox webkit	2026-09-18T10:41:28.7470057Z Selecting previously unselected package libv4l-0t64:amd64.
shsh-check	Run pnpm exec playwright install --with-deps chromium firefox webkit	2026-09-18T10:41:28.7579890Z Preparing to unpack .../097-libv4l-0t64_1.26.1-4build3_amd64.deb ...
shsh-check	Run pnpm exec playwright install --with-deps chromium firefox webkit	2026-09-18T10:41:28.7588992Z Unpacking libv4l-0t64:amd64 (1.26.1-4build3) ...
shsh-check	Run pnpm exec playwright install --with-deps chromium firefox webkit	2026-09-18T10:41:28.7755464Z Selecting previously unselected package libwavpack1:amd64.
shsh-check	Run pnpm exec playwright install --with-deps chromium firefox webkit	2026-09-18T10:41:28.7866046Z Preparing to unpack .../098-libwavpack1_5.6.0-1build1_amd64.deb ...
shsh-check	Run pnpm exec playwright install --with-deps chromium firefox webkit	2026-09-18T10:41:28.7873013Z Unpacking libwavpack1:amd64 (5.6.0-1build1) ...
shsh-check	Run pnpm exec playwright install --with-deps chromium firefox webkit	2026-09-18T10:41:28.8019624Z Selecting previously unselected package libsoup-3.0-common.
shsh-check	Run pnpm exec playwright install --with-deps chromium firefox webkit	2026-09-18T10:41:28.8128919Z Preparing to unpack .../099-libsoup-3.0-common_3.4.4-5ubuntu0.8_all.deb ...
shsh-check	Run pnpm exec playwright install --with-deps chromium firefox webkit	2026-09-18T10:41:28.8137447Z Unpacking libsoup-3.0-common (3.4.4-5ubuntu0.8) ...
shsh-check	Run pnpm exec playwright install --with-deps chromium firefox webkit	2026-09-18T10:41:28.8292116Z Selecting previously unselected package libsoup-3.0-0:amd64.
shsh-check	Run pnpm exec playwright install --with-deps chromium firefox webkit	2026-09-18T10:41:28.8400698Z Preparing to unpack .../100-libsoup-3.0-0_3.4.4-5ubuntu0.8_amd64.deb ...
shsh-check	Run pnpm exec playwright install --with-deps chromium firefox webkit	2026-09-18T10:41:28.8411354Z Unpacking libsoup-3.0-0:amd64 (3.4.4-5ubuntu0.8) ...
shsh-check	Run pnpm exec playwright install --with-deps chromium firefox webkit	2026-09-18T10:41:28.8586426Z Selecting previously unselected package gstreamer1.0-plugins-good:amd64.
shsh-check	Run pnpm exec playwright install --with-deps chromium firefox webkit	2026-09-18T10:41:28.8697601Z Preparing to unpack .../101-gstreamer1.0-plugins-good_1.24.2-1ubuntu1.6_amd64.deb ...
shsh-check	Run pnpm exec playwright install --with-deps chromium firefox webkit	2026-09-18T10:41:28.8708707Z Unpacking gstreamer1.0-plugins-good:amd64 (1.24.2-1ubuntu1.6) ...
shsh-check	Run pnpm exec playwright install --with-deps chromium firefox webkit	2026-09-18T10:41:28.9161586Z Selecting previously unselected package libabsl20220623t64:amd64.
shsh-check	Run pnpm exec playwright install --with-deps chromium firefox webkit	2026-09-18T10:41:28.9283224Z Preparing to unpack .../102-libabsl20220623t64_20220623.1-3.1ubuntu3.2_amd64.deb ...
shsh-check	Run pnpm exec playwright install --with-deps chromium firefox webkit	2026-09-18T10:41:28.9293444Z Unpacking libabsl20220623t64:amd64 (20220623.1-3.1ubuntu3.2) ...
shsh-check	Run pnpm exec playwright install --with-deps chromium firefox webkit	2026-09-18T10:41:28.9608024Z Selecting previously unselected package libgav1-1:amd64.
shsh-check	Run pnpm exec playwright install --with-deps chromium firefox webkit	2026-09-18T10:41:28.9724442Z Preparing to unpack .../103-libgav1-1_0.18.0-1build3_amd64.deb ...
shsh-check	Run pnpm exec playwright install --with-deps chromium firefox webkit	2026-09-18T10:41:28.9731635Z Unpacking libgav1-1:amd64 (0.18.0-1build3) ...
shsh-check	Run pnpm exec playwright install --with-deps chromium firefox webkit	2026-09-18T10:41:28.9939762Z Selecting previously unselected package libyuv0:amd64.
shsh-check	Run pnpm exec playwright install --with-deps chromium firefox webkit	2026-09-18T10:41:29.0060142Z Preparing to unpack .../104-libyuv0_0.0~git202401110.af6ac82-1_amd64.deb ...
shsh-check	Run pnpm exec playwright install --with-deps chromium firefox webkit	2026-09-18T10:41:29.0068972Z Unpacking libyuv0:amd64 (0.0~git202401110.af6ac82-1) ...
shsh-check	Run pnpm exec playwright install --with-deps chromium firefox webkit	2026-09-18T10:41:29.0254087Z Selecting previously unselected package libavif16:amd64.
shsh-check	Run pnpm exec playwright install --with-deps chromium firefox webkit	2026-09-18T10:41:29.0371408Z Preparing to unpack .../105-libavif16_1.0.4-1ubuntu3_amd64.deb ...
shsh-check	Run pnpm exec playwright install --with-deps chromium firefox webkit	2026-09-18T10:41:29.0380530Z Unpacking libavif16:amd64 (1.0.4-1ubuntu3) ...
shsh-check	Run pnpm exec playwright install --with-deps chromium firefox webkit	2026-09-18T10:41:29.0542820Z Selecting previously unselected package libavtp0:amd64.
shsh-check	Run pnpm exec playwright install --with-deps chromium firefox webkit	2026-09-18T10:41:29.0678718Z Preparing to unpack .../106-libavtp0_0.2.0-1build1_amd64.deb ...
shsh-check	Run pnpm exec playwright install --with-deps chromium firefox webkit	2026-09-18T10:41:29.0691174Z Unpacking libavtp0:amd64 (0.2.0-1build1) ...
shsh-check	Run pnpm exec playwright install --with-deps chromium firefox webkit	2026-09-18T10:41:29.0851764Z Selecting previously unselected package libcairo-script-interpreter2:amd64.
shsh-check	Run pnpm exec playwright install --with-deps chromium firefox webkit	2026-09-18T10:41:29.0963013Z Preparing to unpack .../107-libcairo-script-interpreter2_1.18.0-3build1_amd64.deb ...
shsh-check	Run pnpm exec playwright install --with-deps chromium firefox webkit	2026-09-18T10:41:29.0976444Z Unpacking libcairo-script-interpreter2:amd64 (1.18.0-3build1) ...
shsh-check	Run pnpm exec playwright install --with-deps chromium firefox webkit	2026-09-18T10:41:29.1136692Z Selecting previously unselected package libdc1394-25:amd64.
shsh-check	Run pnpm exec playwright install --with-deps chromium firefox webkit	2026-09-18T10:41:29.1254410Z Preparing to unpack .../108-libdc1394-25_2.2.6-4build1_amd64.deb ...
shsh-check	Run pnpm exec playwright install --with-deps chromium firefox webkit	2026-09-18T10:41:29.1262676Z Unpacking libdc1394-25:amd64 (2.2.6-4build1) ...
shsh-check	Run pnpm exec playwright install --with-deps chromium firefox webkit	2026-09-18T10:41:29.1432176Z Selecting previously unselected package libde265-0:amd64.
shsh-check	Run pnpm exec playwright install --with-deps chromium firefox webkit	2026-09-18T10:41:29.1543642Z Preparing to unpack .../109-libde265-0_1.0.15-1ubuntu0.1_amd64.deb ...
shsh-check	Run pnpm exec playwright install --with-deps chromium firefox webkit	2026-09-18T10:41:29.1552661Z Unpacking libde265-0:amd64 (1.0.15-1ubuntu0.1) ...
shsh-check	Run pnpm exec playwright install --with-deps chromium firefox webkit	2026-09-18T10:41:29.1726475Z Selecting previously unselected package libdecor-0-0:amd64.
shsh-check	Run pnpm exec playwright install --with-deps chromium firefox webkit	2026-09-18T10:41:29.1836374Z Preparing to unpack .../110-libdecor-0-0_0.2.2-1build2_amd64.deb ...
shsh-check	Run pnpm exec playwright install --with-deps chromium firefox webkit	2026-09-18T10:41:29.1844652Z Unpacking libdecor-0-0:amd64 (0.2.2-1build2) ...
shsh-check	Run pnpm exec playwright install --with-deps chromium firefox webkit	2026-09-18T10:41:29.2007251Z Selecting previously unselected package libgles2:amd64.
shsh-check	Run pnpm exec playwright install --with-deps chromium firefox webkit	2026-09-18T10:41:29.2121721Z Preparing to unpack .../111-libgles2_1.7.0-1build1_amd64.deb ...
shsh-check	Run pnpm exec playwright install --with-deps chromium firefox webkit	2026-09-18T10:41:29.2129140Z Unpacking libgles2:amd64 (1.7.0-1build1) ...
shsh-check	Run pnpm exec playwright install --with-deps chromium firefox webkit	2026-09-18T10:41:29.2299733Z Selecting previously unselected package libdirectfb-1.7-7t64:amd64.
shsh-check	Run pnpm exec playwright install --with-deps chromium firefox webkit	2026-09-18T10:41:29.2410262Z Preparing to unpack .../112-libdirectfb-1.7-7t64_1.7.7-11.1ubuntu2_amd64.deb ...
shsh-check	Run pnpm exec playwright install --with-deps chromium firefox webkit	2026-09-18T10:41:29.2418288Z Unpacking libdirectfb-1.7-7t64:amd64 (1.7.7-11.1ubuntu2) ...
shsh-check	Run pnpm exec playwright install --with-deps chromium firefox webkit	2026-09-18T10:41:29.2728731Z Selecting previously unselected package libdvdread8t64:amd64.
shsh-check	Run pnpm exec playwright install --with-deps chromium firefox webkit	2026-09-18T10:41:29.2840108Z Preparing to unpack .../113-libdvdread8t64_6.1.3-1.1build1_amd64.deb ...
shsh-check	Run pnpm exec playwright install --with-deps chromium firefox webkit	2026-09-18T10:41:29.2849055Z Unpacking libdvdread8t64:amd64 (6.1.3-1.1build1) ...
shsh-check	Run pnpm exec playwright install --with-deps chromium firefox webkit	2026-09-18T10:41:29.3019532Z Selecting previously unselected package libdvdnav4:amd64.
shsh-check	Run pnpm exec playwright install --with-deps chromium firefox webkit	2026-09-18T10:41:29.3132959Z Preparing to unpack .../114-libdvdnav4_6.1.1-3build1_amd64.deb ...
shsh-check	Run pnpm exec playwright install --with-deps chromium firefox webkit	2026-09-18T10:41:29.3141238Z Unpacking libdvdnav4:amd64 (6.1.1-3build1) ...
shsh-check	Run pnpm exec playwright install --with-deps chromium firefox webkit	2026-09-18T10:41:29.3312783Z Selecting previously unselected package libegl-mesa0:amd64.
shsh-check	Run pnpm exec playwright install --with-deps chromium firefox webkit	2026-09-18T10:41:29.3425532Z Preparing to unpack .../115-libegl-mesa0_25.2.8-0ubuntu0.24.04.2_amd64.deb ...
shsh-check	Run pnpm exec playwright install --with-deps chromium firefox webkit	2026-09-18T10:41:29.3433652Z Unpacking libegl-mesa0:amd64 (25.2.8-0ubuntu0.24.04.2) ...
shsh-check	Run pnpm exec playwright install --with-deps chromium firefox webkit	2026-09-18T10:41:29.3613765Z Selecting previously unselected package libevent-2.1-7t64:amd64.
shsh-check	Run pnpm exec playwright install --with-deps chromium firefox webkit	2026-09-18T10:41:29.3726006Z Preparing to unpack .../116-libevent-2.1-7t64_2.1.12-stable-9ubuntu2.1_amd64.deb ...
shsh-check	Run pnpm exec playwright install --with-deps chromium firefox webkit	2026-09-18T10:41:29.3735604Z Unpacking libevent-2.1-7t64:amd64 (2.1.12-stable-9ubuntu2.1) ...
shsh-check	Run pnpm exec playwright install --with-deps chromium firefox webkit	2026-09-18T10:41:29.3915366Z Selecting previously unselected package libfaad2:amd64.
shsh-check	Run pnpm exec playwright install --with-deps chromium firefox webkit	2026-09-18T10:41:29.4027586Z Preparing to unpack .../117-libfaad2_2.11.1-1build1_amd64.deb ...
shsh-check	Run pnpm exec playwright install --with-deps chromium firefox webkit	2026-09-18T10:41:29.4035885Z Unpacking libfaad2:amd64 (2.11.1-1build1) ...
shsh-check	Run pnpm exec playwright install --with-deps chromium firefox webkit	2026-09-18T10:41:29.4233061Z Selecting previously unselected package libinstpatch-1.0-2:amd64.
shsh-check	Run pnpm exec playwright install --with-deps chromium firefox webkit	2026-09-18T10:41:29.4342835Z Preparing to unpack .../118-libinstpatch-1.0-2_1.1.6-1build2_amd64.deb ...
shsh-check	Run pnpm exec playwright install --with-deps chromium firefox webkit	2026-09-18T10:41:29.4350227Z Unpacking libinstpatch-1.0-2:amd64 (1.1.6-1build2) ...
shsh-check	Run pnpm exec playwright install --with-deps chromium firefox webkit	2026-09-18T10:41:29.4535752Z Selecting previously unselected package libjack-jackd2-0:amd64.
shsh-check	Run pnpm exec playwright install --with-deps chromium firefox webkit	2026-09-18T10:41:29.4645799Z Preparing to unpack .../119-libjack-jackd2-0_1.9.21~dfsg-3ubuntu3_amd64.deb ...
shsh-check	Run pnpm exec playwright install --with-deps chromium firefox webkit	2026-09-18T10:41:29.4652541Z Unpacking libjack-jackd2-0:amd64 (1.9.21~dfsg-3ubuntu3) ...
shsh-check	Run pnpm exec playwright install --with-deps chromium firefox webkit	2026-09-18T10:41:29.4856543Z Selecting previously unselected package libwebrtc-audio-processing1:amd64.
shsh-check	Run pnpm exec playwright install --with-deps chromium firefox webkit	2026-09-18T10:41:29.4964491Z Preparing to unpack .../120-libwebrtc-audio-processing1_0.3.1-0ubuntu6_amd64.deb ...
shsh-check	Run pnpm exec playwright install --with-deps chromium firefox webkit	2026-09-18T10:41:29.4971095Z Unpacking libwebrtc-audio-processing1:amd64 (0.3.1-0ubuntu6) ...
shsh-check	Run pnpm exec playwright install --with-deps chromium firefox webkit	2026-09-18T10:41:29.5145514Z Selecting previously unselected package libspa-0.2-modules:amd64.
shsh-check	Run pnpm exec playwright install --with-deps chromium firefox webkit	2026-09-18T10:41:29.5255015Z Preparing to unpack .../121-libspa-0.2-modules_1.0.5-1ubuntu3.3_amd64.deb ...
shsh-check	Run pnpm exec playwright install --with-deps chromium firefox webkit	2026-09-18T10:41:29.5261935Z Unpacking libspa-0.2-modules:amd64 (1.0.5-1ubuntu3.3) ...
shsh-check	Run pnpm exec playwright install --with-deps chromium firefox webkit	2026-09-18T10:41:29.5506708Z Selecting previously unselected package libpipewire-0.3-0t64:amd64.
shsh-check	Run pnpm exec playwright install --with-deps chromium firefox webkit	2026-09-18T10:41:29.5617167Z Preparing to unpack .../122-libpipewire-0.3-0t64_1.0.5-1ubuntu3.3_amd64.deb ...
shsh-check	Run pnpm exec playwright install --with-deps chromium firefox webkit	2026-09-18T10:41:29.5624358Z Unpacking libpipewire-0.3-0t64:amd64 (1.0.5-1ubuntu3.3) ...
shsh-check	Run pnpm exec playwright install --with-deps chromium firefox webkit	2026-09-18T10:41:29.5814119Z Selecting previously unselected package libsdl2-2.0-0:amd64.
shsh-check	Run pnpm exec playwright install --with-deps chromium firefox webkit	2026-09-18T10:41:29.5925388Z Preparing to unpack .../123-libsdl2-2.0-0_2.30.0+dfsg-1ubuntu3.1_amd64.deb ...
shsh-check	Run pnpm exec playwright install --with-deps chromium firefox webkit	2026-09-18T10:41:29.5932130Z Unpacking libsdl2-2.0-0:amd64 (2.30.0+dfsg-1ubuntu3.1) ...
shsh-check	Run pnpm exec playwright install --with-deps chromium firefox webkit	2026-09-18T10:41:29.6159024Z Selecting previously unselected package timgm6mb-soundfont.
shsh-check	Run pnpm exec playwright install --with-deps chromium firefox webkit	2026-09-18T10:41:29.6269432Z Preparing to unpack .../124-timgm6mb-soundfont_1.3-5_all.deb ...
shsh-check	Run pnpm exec playwright install --with-deps chromium firefox webkit	2026-09-18T10:41:29.6276591Z Unpacking timgm6mb-soundfont (1.3-5) ...
shsh-check	Run pnpm exec playwright install --with-deps chromium firefox webkit	2026-09-18T10:41:29.9707447Z Selecting previously unselected package libfluidsynth3:amd64.
shsh-check	Run pnpm exec playwright install --with-deps chromium firefox webkit	2026-09-18T10:41:29.9818441Z Preparing to unpack .../125-libfluidsynth3_2.3.4-1build3_amd64.deb ...
shsh-check	Run pnpm exec playwright install --with-deps chromium firefox webkit	2026-09-18T10:41:29.9825115Z Unpacking libfluidsynth3:amd64 (2.3.4-1build3) ...
shsh-check	Run pnpm exec playwright install --with-deps chromium firefox webkit	2026-09-18T10:41:30.0005924Z Selecting previously unselected package libfreeaptx0:amd64.
shsh-check	Run pnpm exec playwright install --with-deps chromium firefox webkit	2026-09-18T10:41:30.0116317Z Preparing to unpack .../126-libfreeaptx0_0.1.1-2build1_amd64.deb ...
shsh-check	Run pnpm exec playwright install --with-deps chromium firefox webkit	2026-09-18T10:41:30.0123882Z Unpacking libfreeaptx0:amd64 (0.1.1-2build1) ...
shsh-check	Run pnpm exec playwright install --with-deps chromium firefox webkit	2026-09-18T10:41:30.0279989Z Selecting previously unselected package libgraphene-1.0-0:amd64.
shsh-check	Run pnpm exec playwright install --with-deps chromium firefox webkit	2026-09-18T10:41:30.0392867Z Preparing to unpack .../127-libgraphene-1.0-0_1.10.8-3build2_amd64.deb ...
shsh-check	Run pnpm exec playwright install --with-deps chromium firefox webkit	2026-09-18T10:41:30.0400811Z Unpacking libgraphene-1.0-0:amd64 (1.10.8-3build2) ...
shsh-check	Run pnpm exec playwright install --with-deps chromium firefox webkit	2026-09-18T10:41:30.0567583Z Selecting previously unselected package libgssdp-1.6-0:amd64.
shsh-check	Run pnpm exec playwright install --with-deps chromium firefox webkit	2026-09-18T10:41:30.0679965Z Preparing to unpack .../128-libgssdp-1.6-0_1.6.3-1build3_amd64.deb ...
shsh-check	Run pnpm exec playwright install --with-deps chromium firefox webkit	2026-09-18T10:41:30.0690542Z Unpacking libgssdp-1.6-0:amd64 (1.6.3-1build3) ...
shsh-check	Run pnpm exec playwright install --with-deps chromium firefox webkit	2026-09-18T10:41:30.0857117Z Selecting previously unselected package libegl1:amd64.
shsh-check	Run pnpm exec playwright install --with-deps chromium firefox webkit	2026-09-18T10:41:30.0968304Z Preparing to unpack .../129-libegl1_1.7.0-1build1_amd64.deb ...
shsh-check	Run pnpm exec playwright install --with-deps chromium firefox webkit	2026-09-18T10:41:30.0979602Z Unpacking libegl1:amd64 (1.7.0-1build1) ...
shsh-check	Run pnpm exec playwright install --with-deps chromium firefox webkit	2026-09-18T10:41:30.1158586Z Selecting previously unselected package libgstreamer-gl1.0-0:amd64.
shsh-check	Run pnpm exec playwright install --with-deps chromium firefox webkit	2026-09-18T10:41:30.1270671Z Preparing to unpack .../130-libgstreamer-gl1.0-0_1.24.2-1ubuntu0.4_amd64.deb ...
shsh-check	Run pnpm exec playwright install --with-deps chromium firefox webkit	2026-09-18T10:41:30.1279950Z Unpacking libgstreamer-gl1.0-0:amd64 (1.24.2-1ubuntu0.4) ...
shsh-check	Run pnpm exec playwright install --with-deps chromium firefox webkit	2026-09-18T10:41:30.1466836Z Selecting previously unselected package libgtk-4-common.
shsh-check	Run pnpm exec playwright install --with-deps chromium firefox webkit	2026-09-18T10:41:30.1580136Z Preparing to unpack .../131-libgtk-4-common_4.14.5+ds-0ubuntu0.10_all.deb ...
shsh-check	Run pnpm exec playwright install --with-deps chromium firefox webkit	2026-09-18T10:41:30.1589671Z Unpacking libgtk-4-common (4.14.5+ds-0ubuntu0.10) ...
shsh-check	Run pnpm exec playwright install --with-deps chromium firefox webkit	2026-09-18T10:41:30.2007537Z Selecting previously unselected package libgtk-4-1:amd64.
shsh-check	Run pnpm exec playwright install --with-deps chromium firefox webkit	2026-09-18T10:41:30.2125848Z Preparing to unpack .../132-libgtk-4-1_4.14.5+ds-0ubuntu0.10_amd64.deb ...
shsh-check	Run pnpm exec playwright install --with-deps chromium firefox webkit	2026-09-18T10:41:30.2139298Z Unpacking libgtk-4-1:amd64 (4.14.5+ds-0ubuntu0.10) ...
shsh-check	Run pnpm exec playwright install --with-deps chromium firefox webkit	2026-09-18T10:41:30.2747282Z Selecting previously unselected package libgupnp-1.6-0:amd64.
shsh-check	Run pnpm exec playwright install --with-deps chromium firefox webkit	2026-09-18T10:41:30.2856538Z Preparing to unpack .../133-libgupnp-1.6-0_1.6.6-1build3_amd64.deb ...
shsh-check	Run pnpm exec playwright install --with-deps chromium firefox webkit	2026-09-18T10:41:30.2866425Z Unpacking libgupnp-1.6-0:amd64 (1.6.6-1build3) ...
shsh-check	Run pnpm exec playwright install --with-deps chromium firefox webkit	2026-09-18T10:41:30.3030891Z Selecting previously unselected package libgupnp-igd-1.6-0:amd64.
shsh-check	Run pnpm exec playwright install --with-deps chromium firefox webkit	2026-09-18T10:41:30.3139685Z Preparing to unpack .../134-libgupnp-igd-1.6-0_1.6.0-3build3_amd64.deb ...
shsh-check	Run pnpm exec playwright install --with-deps chromium firefox webkit	2026-09-18T10:41:30.3149127Z Unpacking libgupnp-igd-1.6-0:amd64 (1.6.0-3build3) ...
shsh-check	Run pnpm exec playwright install --with-deps chromium firefox webkit	2026-09-18T10:41:30.3300883Z Selecting previously unselected package libharfbuzz-icu0:amd64.
shsh-check	Run pnpm exec playwright install --with-deps chromium firefox webkit	2026-09-18T10:41:30.3411659Z Preparing to unpack .../135-libharfbuzz-icu0_8.3.0-2build2_amd64.deb ...
shsh-check	Run pnpm exec playwright install --with-deps chromium firefox webkit	2026-09-18T10:41:30.3420073Z Unpacking libharfbuzz-icu0:amd64 (8.3.0-2build2) ...
shsh-check	Run pnpm exec playwright install --with-deps chromium firefox webkit	2026-09-18T10:41:30.3579888Z Selecting previously unselected package libhyphen0:amd64.
shsh-check	Run pnpm exec playwright install --with-deps chromium firefox webkit	2026-09-18T10:41:30.3691241Z Preparing to unpack .../136-libhyphen0_2.8.8-7build3_amd64.deb ...
shsh-check	Run pnpm exec playwright install --with-deps chromium firefox webkit	2026-09-18T10:41:30.3700264Z Unpacking libhyphen0:amd64 (2.8.8-7build3) ...
shsh-check	Run pnpm exec playwright install --with-deps chromium firefox webkit	2026-09-18T10:41:30.3861383Z Selecting previously unselected package libimath-3-1-29t64:amd64.
shsh-check	Run pnpm exec playwright install --with-deps chromium firefox webkit	2026-09-18T10:41:30.3971241Z Preparing to unpack .../137-libimath-3-1-29t64_3.1.9-3.1ubuntu2_amd64.deb ...
shsh-check	Run pnpm exec playwright install --with-deps chromium firefox webkit	2026-09-18T10:41:30.3982394Z Unpacking libimath-3-1-29t64:amd64 (3.1.9-3.1ubuntu2) ...
shsh-check	Run pnpm exec playwright install --with-deps chromium firefox webkit	2026-09-18T10:41:30.4380870Z Selecting previously unselected package liblc3-1:amd64.
shsh-check	Run pnpm exec playwright install --with-deps chromium firefox webkit	2026-09-18T10:41:30.4493637Z Preparing to unpack .../138-liblc3-1_1.0.4-3build1_amd64.deb ...
shsh-check	Run pnpm exec playwright install --with-deps chromium firefox webkit	2026-09-18T10:41:30.4507783Z Unpacking liblc3-1:amd64 (1.0.4-3build1) ...
shsh-check	Run pnpm exec playwright install --with-deps chromium firefox webkit	2026-09-18T10:41:30.4673766Z Selecting previously unselected package libldacbt-enc2:amd64.
shsh-check	Run pnpm exec playwright install --with-deps chromium firefox webkit	2026-09-18T10:41:30.4783361Z Preparing to unpack .../139-libldacbt-enc2_2.0.2.3+git20200429+ed310a0-4ubuntu2_amd64.deb ...
shsh-check	Run pnpm exec playwright install --with-deps chromium firefox webkit	2026-09-18T10:41:30.4794485Z Unpacking libldacbt-enc2:amd64 (2.0.2.3+git20200429+ed310a0-4ubuntu2) ...
shsh-check	Run pnpm exec playwright install --with-deps chromium firefox webkit	2026-09-18T10:41:30.4950607Z Selecting previously unselected package libraptor2-0:amd64.
shsh-check	Run pnpm exec playwright install --with-deps chromium firefox webkit	2026-09-18T10:41:30.5061644Z Preparing to unpack .../140-libraptor2-0_2.0.16-3ubuntu0.1_amd64.deb ...
shsh-check	Run pnpm exec playwright install --with-deps chromium firefox webkit	2026-09-18T10:41:30.5069841Z Unpacking libraptor2-0:amd64 (2.0.16-3ubuntu0.1) ...
shsh-check	Run pnpm exec playwright install --with-deps chromium firefox webkit	2026-09-18T10:41:30.5238550Z Selecting previously unselected package liblrdf0:amd64.
shsh-check	Run pnpm exec playwright install --with-deps chromium firefox webkit	2026-09-18T10:41:30.5346916Z Preparing to unpack .../141-liblrdf0_0.6.1-4build1_amd64.deb ...
shsh-check	Run pnpm exec playwright install --with-deps chromium firefox webkit	2026-09-18T10:41:30.5355137Z Unpacking liblrdf0:amd64 (0.6.1-4build1) ...
shsh-check	Run pnpm exec playwright install --with-deps chromium firefox webkit	2026-09-18T10:41:30.5521443Z Selecting previously unselected package libltc11:amd64.
shsh-check	Run pnpm exec playwright install --with-deps chromium firefox webkit	2026-09-18T10:41:30.5634032Z Preparing to unpack .../142-libltc11_1.3.2-1build1_amd64.deb ...
shsh-check	Run pnpm exec playwright install --with-deps chromium firefox webkit	2026-09-18T10:41:30.5642507Z Unpacking libltc11:amd64 (1.3.2-1build1) ...
shsh-check	Run pnpm exec playwright install --with-deps chromium firefox webkit	2026-09-18T10:41:30.5793106Z Selecting previously unselected package libmanette-0.2-0:amd64.
shsh-check	Run pnpm exec playwright install --with-deps chromium firefox webkit	2026-09-18T10:41:30.5903908Z Preparing to unpack .../143-libmanette-0.2-0_0.2.7-1build2_amd64.deb ...
shsh-check	Run pnpm exec playwright install --with-deps chromium firefox webkit	2026-09-18T10:41:30.5935386Z Unpacking libmanette-0.2-0:amd64 (0.2.7-1build2) ...
shsh-check	Run pnpm exec playwright install --with-deps chromium firefox webkit	2026-09-18T10:41:30.6101117Z Selecting previously unselected package libmfx1:amd64.
shsh-check	Run pnpm exec playwright install --with-deps chromium firefox webkit	2026-09-18T10:41:30.6212803Z Preparing to unpack .../144-libmfx1_22.5.4-1_amd64.deb ...
shsh-check	Run pnpm exec playwright install --with-deps chromium firefox webkit	2026-09-18T10:41:30.6222350Z Unpacking libmfx1:amd64 (22.5.4-1) ...
shsh-check	Run pnpm exec playwright install --with-deps chromium firefox webkit	2026-09-18T10:41:30.7029114Z Selecting previously unselected package libmjpegutils-2.1-0t64:amd64.
shsh-check	Run pnpm exec playwright install --with-deps chromium firefox webkit	2026-09-18T10:41:30.7141587Z Preparing to unpack .../145-libmjpegutils-2.1-0t64_1%3a2.1.0+debian-8.1build1_amd64.deb ...
shsh-check	Run pnpm exec playwright install --with-deps chromium firefox webkit	2026-09-18T10:41:30.7149671Z Unpacking libmjpegutils-2.1-0t64:amd64 (1:2.1.0+debian-8.1build1) ...
shsh-check	Run pnpm exec playwright install --with-deps chromium firefox webkit	2026-09-18T10:41:30.7301988Z Selecting previously unselected package libmodplug1:amd64.
shsh-check	Run pnpm exec playwright install --with-deps chromium firefox webkit	2026-09-18T10:41:30.7411884Z Preparing to unpack .../146-libmodplug1_1%3a0.8.9.0-3build1_amd64.deb ...
shsh-check	Run pnpm exec playwright install --with-deps chromium firefox webkit	2026-09-18T10:41:30.7423966Z Unpacking libmodplug1:amd64 (1:0.8.9.0-3build1) ...
shsh-check	Run pnpm exec playwright install --with-deps chromium firefox webkit	2026-09-18T10:41:30.7591220Z Selecting previously unselected package libmpcdec6:amd64.
shsh-check	Run pnpm exec playwright install --with-deps chromium firefox webkit	2026-09-18T10:41:30.7702640Z Preparing to unpack .../147-libmpcdec6_2%3a0.1~r495-2build1_amd64.deb ...
shsh-check	Run pnpm exec playwright install --with-deps chromium firefox webkit	2026-09-18T10:41:30.7714287Z Unpacking libmpcdec6:amd64 (2:0.1~r495-2build1) ...
shsh-check	Run pnpm exec playwright install --with-deps chromium firefox webkit	2026-09-18T10:41:30.7871257Z Selecting previously unselected package libmpeg2encpp-2.1-0t64:amd64.
shsh-check	Run pnpm exec playwright install --with-deps chromium firefox webkit	2026-09-18T10:41:30.7981515Z Preparing to unpack .../148-libmpeg2encpp-2.1-0t64_1%3a2.1.0+debian-8.1build1_amd64.deb ...
shsh-check	Run pnpm exec playwright install --with-deps chromium firefox webkit	2026-09-18T10:41:30.7989603Z Unpacking libmpeg2encpp-2.1-0t64:amd64 (1:2.1.0+debian-8.1build1) ...
shsh-check	Run pnpm exec playwright install --with-deps chromium firefox webkit	2026-09-18T10:41:30.8164579Z Selecting previously unselected package libmplex2-2.1-0t64:amd64.
shsh-check	Run pnpm exec playwright install --with-deps chromium firefox webkit	2026-09-18T10:41:30.8277838Z Preparing to unpack .../149-libmplex2-2.1-0t64_1%3a2.1.0+debian-8.1build1_amd64.deb ...
shsh-check	Run pnpm exec playwright install --with-deps chromium firefox webkit	2026-09-18T10:41:30.8285735Z Unpacking libmplex2-2.1-0t64:amd64 (1:2.1.0+debian-8.1build1) ...
shsh-check	Run pnpm exec playwright install --with-deps chromium firefox webkit	2026-09-18T10:41:30.8447301Z Selecting previously unselected package libneon27t64:amd64.
shsh-check	Run pnpm exec playwright install --with-deps chromium firefox webkit	2026-09-18T10:41:30.8561158Z Preparing to unpack .../150-libneon27t64_0.33.0-1.1build3_amd64.deb ...
shsh-check	Run pnpm exec playwright install --with-deps chromium firefox webkit	2026-09-18T10:41:30.8567923Z Unpacking libneon27t64:amd64 (0.33.0-1.1build3) ...
shsh-check	Run pnpm exec playwright install --with-deps chromium firefox webkit	2026-09-18T10:41:30.8736702Z Selecting previously unselected package libnice10:amd64.
shsh-check	Run pnpm exec playwright install --with-deps chromium firefox webkit	2026-09-18T10:41:30.8848365Z Preparing to unpack .../151-libnice10_0.1.21-2build3_amd64.deb ...
shsh-check	Run pnpm exec playwright install --with-deps chromium firefox webkit	2026-09-18T10:41:30.8856780Z Unpacking libnice10:amd64 (0.1.21-2build3) ...
shsh-check	Run pnpm exec playwright install --with-deps chromium firefox webkit	2026-09-18T10:41:30.9029608Z Selecting previously unselected package libopenal-data.
shsh-check	Run pnpm exec playwright install --with-deps chromium firefox webkit	2026-09-18T10:41:30.9143259Z Preparing to unpack .../152-libopenal-data_1%3a1.23.1-4build1_all.deb ...
shsh-check	Run pnpm exec playwright install --with-deps chromium firefox webkit	2026-09-18T10:41:30.9155870Z Unpacking libopenal-data (1:1.23.1-4build1) ...
shsh-check	Run pnpm exec playwright install --with-deps chromium firefox webkit	2026-09-18T10:41:30.9331096Z Selecting previously unselected package libopenexr-3-1-30:amd64.
shsh-check	Run pnpm exec playwright install --with-deps chromium firefox webkit	2026-09-18T10:41:30.9443671Z Preparing to unpack .../153-libopenexr-3-1-30_3.1.5-5.1build3_amd64.deb ...
shsh-check	Run pnpm exec playwright install --with-deps chromium firefox webkit	2026-09-18T10:41:30.9449761Z Unpacking libopenexr-3-1-30:amd64 (3.1.5-5.1build3) ...
shsh-check	Run pnpm exec playwright install --with-deps chromium firefox webkit	2026-09-18T10:41:30.9756634Z Selecting previously unselected package libopenh264-7:amd64.
shsh-check	Run pnpm exec playwright install --with-deps chromium firefox webkit	2026-09-18T10:41:30.9867518Z Preparing to unpack .../154-libopenh264-7_2.4.1+dfsg-1_amd64.deb ...
shsh-check	Run pnpm exec playwright install --with-deps chromium firefox webkit	2026-09-18T10:41:30.9883790Z Unpacking libopenh264-7:amd64 (2.4.1+dfsg-1) ...
shsh-check	Run pnpm exec playwright install --with-deps chromium firefox webkit	2026-09-18T10:41:31.0093921Z Selecting previously unselected package libopenni2-0:amd64.
shsh-check	Run pnpm exec playwright install --with-deps chromium firefox webkit	2026-09-18T10:41:31.0204400Z Preparing to unpack .../155-libopenni2-0_2.2.0.33+dfsg-18_amd64.deb ...
shsh-check	Run pnpm exec playwright install --with-deps chromium firefox webkit	2026-09-18T10:41:31.0226821Z Unpacking libopenni2-0:amd64 (2.2.0.33+dfsg-18) ...
shsh-check	Run pnpm exec playwright install --with-deps chromium firefox webkit	2026-09-18T10:41:31.0430827Z Selecting previously unselected package libqrencode4:amd64.
shsh-check	Run pnpm exec playwright install --with-deps chromium firefox webkit	2026-09-18T10:41:31.0541201Z Preparing to unpack .../156-libqrencode4_4.1.1-1build2_amd64.deb ...
shsh-check	Run pnpm exec playwright install --with-deps chromium firefox webkit	2026-09-18T10:41:31.0547391Z Unpacking libqrencode4:amd64 (4.1.1-1build2) ...
shsh-check	Run pnpm exec playwright install --with-deps chromium firefox webkit	2026-09-18T10:41:31.0701445Z Selecting previously unselected package libsecret-common.
shsh-check	Run pnpm exec playwright install --with-deps chromium firefox webkit	2026-09-18T10:41:31.0812917Z Preparing to unpack .../157-libsecret-common_0.21.4-1build3_all.deb ...
shsh-check	Run pnpm exec playwright install --with-deps chromium firefox webkit	2026-09-18T10:41:31.0819995Z Unpacking libsecret-common (0.21.4-1build3) ...
shsh-check	Run pnpm exec playwright install --with-deps chromium firefox webkit	2026-09-18T10:41:31.0977670Z Selecting previously unselected package libsecret-1-0:amd64.
shsh-check	Run pnpm exec playwright install --with-deps chromium firefox webkit	2026-09-18T10:41:31.1087438Z Preparing to unpack .../158-libsecret-1-0_0.21.4-1build3_amd64.deb ...
shsh-check	Run pnpm exec playwright install --with-deps chromium firefox webkit	2026-09-18T10:41:31.1094615Z Unpacking libsecret-1-0:amd64 (0.21.4-1build3) ...
shsh-check	Run pnpm exec playwright install --with-deps chromium firefox webkit	2026-09-18T10:41:31.1266393Z Selecting previously unselected package libsndio7.0:amd64.
shsh-check	Run pnpm exec playwright install --with-deps chromium firefox webkit	2026-09-18T10:41:31.1377177Z Preparing to unpack .../159-libsndio7.0_1.9.0-0.3build3_amd64.deb ...
shsh-check	Run pnpm exec playwright install --with-deps chromium firefox webkit	2026-09-18T10:41:31.1389294Z Unpacking libsndio7.0:amd64 (1.9.0-0.3build3) ...
shsh-check	Run pnpm exec playwright install --with-deps chromium firefox webkit	2026-09-18T10:41:31.1549879Z Selecting previously unselected package libsoundtouch1:amd64.
shsh-check	Run pnpm exec playwright install --with-deps chromium firefox webkit	2026-09-18T10:41:31.1660376Z Preparing to unpack .../160-libsoundtouch1_2.3.2+ds1-1build1_amd64.deb ...
shsh-check	Run pnpm exec playwright install --with-deps chromium firefox webkit	2026-09-18T10:41:31.1672647Z Unpacking libsoundtouch1:amd64 (2.3.2+ds1-1build1) ...
shsh-check	Run pnpm exec playwright install --with-deps chromium firefox webkit	2026-09-18T10:41:31.1851934Z Selecting previously unselected package libspandsp2t64:amd64.
shsh-check	Run pnpm exec playwright install --with-deps chromium firefox webkit	2026-09-18T10:41:31.1965839Z Preparing to unpack .../161-libspandsp2t64_0.0.6+dfsg-2.1build1_amd64.deb ...
shsh-check	Run pnpm exec playwright install --with-deps chromium firefox webkit	2026-09-18T10:41:31.1973957Z Unpacking libspandsp2t64:amd64 (0.0.6+dfsg-2.1build1) ...
shsh-check	Run pnpm exec playwright install --with-deps chromium firefox webkit	2026-09-18T10:41:31.2178131Z Selecting previously unselected package libsrtp2-1:amd64.
shsh-check	Run pnpm exec playwright install --with-deps chromium firefox webkit	2026-09-18T10:41:31.2288892Z Preparing to unpack .../162-libsrtp2-1_2.5.0-3build1_amd64.deb ...
shsh-check	Run pnpm exec playwright install --with-deps chromium firefox webkit	2026-09-18T10:41:31.2297098Z Unpacking libsrtp2-1:amd64 (2.5.0-3build1) ...
shsh-check	Run pnpm exec playwright install --with-deps chromium firefox webkit	2026-09-18T10:41:31.2455238Z Selecting previously unselected package libwayland-server0:amd64.
shsh-check	Run pnpm exec playwright install --with-deps chromium firefox webkit	2026-09-18T10:41:31.2569208Z Preparing to unpack .../163-libwayland-server0_1.22.0-2.1build1_amd64.deb ...
shsh-check	Run pnpm exec playwright install --with-deps chromium firefox webkit	2026-09-18T10:41:31.2581369Z Unpacking libwayland-server0:amd64 (1.22.0-2.1build1) ...
shsh-check	Run pnpm exec playwright install --with-deps chromium firefox webkit	2026-09-18T10:41:31.2745361Z Selecting previously unselected package libwildmidi2:amd64.
shsh-check	Run pnpm exec playwright install --with-deps chromium firefox webkit	2026-09-18T10:41:31.2858587Z Preparing to unpack .../164-libwildmidi2_0.4.3-1build3_amd64.deb ...
shsh-check	Run pnpm exec playwright install --with-deps chromium firefox webkit	2026-09-18T10:41:31.2865650Z Unpacking libwildmidi2:amd64 (0.4.3-1build3) ...
shsh-check	Run pnpm exec playwright install --with-deps chromium firefox webkit	2026-09-18T10:41:31.3121240Z Selecting previously unselected package libwoff1:amd64.
shsh-check	Run pnpm exec playwright install --with-deps chromium firefox webkit	2026-09-18T10:41:31.3232951Z Preparing to unpack .../165-libwoff1_1.0.2-2build1_amd64.deb ...
shsh-check	Run pnpm exec playwright install --with-deps chromium firefox webkit	2026-09-18T10:41:31.3238765Z Unpacking libwoff1:amd64 (1.0.2-2build1) ...
shsh-check	Run pnpm exec playwright install --with-deps chromium firefox webkit	2026-09-18T10:41:31.3403669Z Selecting previously unselected package libxcb-xkb1:amd64.
shsh-check	Run pnpm exec playwright install --with-deps chromium firefox webkit	2026-09-18T10:41:31.3517676Z Preparing to unpack .../166-libxcb-xkb1_1.15-1ubuntu2_amd64.deb ...
shsh-check	Run pnpm exec playwright install --with-deps chromium firefox webkit	2026-09-18T10:41:31.3527456Z Unpacking libxcb-xkb1:amd64 (1.15-1ubuntu2) ...
shsh-check	Run pnpm exec playwright install --with-deps chromium firefox webkit	2026-09-18T10:41:31.3702383Z Selecting previously unselected package libxkbcommon-x11-0:amd64.
shsh-check	Run pnpm exec playwright install --with-deps chromium firefox webkit	2026-09-18T10:41:31.3814673Z Preparing to unpack .../167-libxkbcommon-x11-0_1.6.0-1build1_amd64.deb ...
shsh-check	Run pnpm exec playwright install --with-deps chromium firefox webkit	2026-09-18T10:41:31.3822133Z Unpacking libxkbcommon-x11-0:amd64 (1.6.0-1build1) ...
shsh-check	Run pnpm exec playwright install --with-deps chromium firefox webkit	2026-09-18T10:41:31.3989713Z Selecting previously unselected package libzbar0t64:amd64.
shsh-check	Run pnpm exec playwright install --with-deps chromium firefox webkit	2026-09-18T10:41:31.4102421Z Preparing to unpack .../168-libzbar0t64_0.23.93-4build3_amd64.deb ...
shsh-check	Run pnpm exec playwright install --with-deps chromium firefox webkit	2026-09-18T10:41:31.4110801Z Unpacking libzbar0t64:amd64 (0.23.93-4build3) ...
shsh-check	Run pnpm exec playwright install --with-deps chromium firefox webkit	2026-09-18T10:41:31.4291704Z Selecting previously unselected package libzxing3:amd64.
shsh-check	Run pnpm exec playwright install --with-deps chromium firefox webkit	2026-09-18T10:41:31.4400538Z Preparing to unpack .../169-libzxing3_2.2.1-3_amd64.deb ...
shsh-check	Run pnpm exec playwright install --with-deps chromium firefox webkit	2026-09-18T10:41:31.4406744Z Unpacking libzxing3:amd64 (2.2.1-3) ...
shsh-check	Run pnpm exec playwright install --with-deps chromium firefox webkit	2026-09-18T10:41:31.4608521Z Selecting previously unselected package xfonts-encodings.
shsh-check	Run pnpm exec playwright install --with-deps chromium firefox webkit	2026-09-18T10:41:31.4723199Z Preparing to unpack .../170-xfonts-encodings_1%3a1.0.5-0ubuntu2_all.deb ...
shsh-check	Run pnpm exec playwright install --with-deps chromium firefox webkit	2026-09-18T10:41:31.4731102Z Unpacking xfonts-encodings (1:1.0.5-0ubuntu2) ...
shsh-check	Run pnpm exec playwright install --with-deps chromium firefox webkit	2026-09-18T10:41:31.4953843Z Selecting previously unselected package xfonts-utils.
shsh-check	Run pnpm exec playwright install --with-deps chromium firefox webkit	2026-09-18T10:41:31.5064426Z Preparing to unpack .../171-xfonts-utils_1%3a7.7+6build3_amd64.deb ...
shsh-check	Run pnpm exec playwright install --with-deps chromium firefox webkit	2026-09-18T10:41:31.5071014Z Unpacking xfonts-utils (1:7.7+6build3) ...
shsh-check	Run pnpm exec playwright install --with-deps chromium firefox webkit	2026-09-18T10:41:31.5324318Z Selecting previously unselected package xfonts-cyrillic.
shsh-check	Run pnpm exec playwright install --with-deps chromium firefox webkit	2026-09-18T10:41:31.5433870Z Preparing to unpack .../172-xfonts-cyrillic_1%3a1.0.5+nmu1_all.deb ...
shsh-check	Run pnpm exec playwright install --with-deps chromium firefox webkit	2026-09-18T10:41:31.5441453Z Unpacking xfonts-cyrillic (1:1.0.5+nmu1) ...
shsh-check	Run pnpm exec playwright install --with-deps chromium firefox webkit	2026-09-18T10:41:31.5669110Z Selecting previously unselected package xfonts-scalable.
shsh-check	Run pnpm exec playwright install --with-deps chromium firefox webkit	2026-09-18T10:41:31.5779986Z Preparing to unpack .../173-xfonts-scalable_1%3a1.0.3-1.3_all.deb ...
shsh-check	Run pnpm exec playwright install --with-deps chromium firefox webkit	2026-09-18T10:41:31.5787251Z Unpacking xfonts-scalable (1:1.0.3-1.3) ...
shsh-check	Run pnpm exec playwright install --with-deps chromium firefox webkit	2026-09-18T10:41:31.5974003Z Selecting previously unselected package libgstreamer-plugins-bad1.0-0:amd64.
shsh-check	Run pnpm exec playwright install --with-deps chromium firefox webkit	2026-09-18T10:41:31.6087683Z Preparing to unpack .../174-libgstreamer-plugins-bad1.0-0_1.24.2-1ubuntu4_amd64.deb ...
shsh-check	Run pnpm exec playwright install --with-deps chromium firefox webkit	2026-09-18T10:41:31.6096104Z Unpacking libgstreamer-plugins-bad1.0-0:amd64 (1.24.2-1ubuntu4) ...
shsh-check	Run pnpm exec playwright install --with-deps chromium firefox webkit	2026-09-18T10:41:31.6375623Z Selecting previously unselected package libdca0:amd64.
shsh-check	Run pnpm exec playwright install --with-deps chromium firefox webkit	2026-09-18T10:41:31.6488218Z Preparing to unpack .../175-libdca0_0.0.7-2build1_amd64.deb ...
shsh-check	Run pnpm exec playwright install --with-deps chromium firefox webkit	2026-09-18T10:41:31.6494025Z Unpacking libdca0:amd64 (0.0.7-2build1) ...
shsh-check	Run pnpm exec playwright install --with-deps chromium firefox webkit	2026-09-18T10:41:31.6662041Z Selecting previously unselected package libopenal1:amd64.
shsh-check	Run pnpm exec playwright install --with-deps chromium firefox webkit	2026-09-18T10:41:31.6774674Z Preparing to unpack .../176-libopenal1_1%3a1.23.1-4build1_amd64.deb ...
shsh-check	Run pnpm exec playwright install --with-deps chromium firefox webkit	2026-09-18T10:41:31.6781568Z Unpacking libopenal1:amd64 (1:1.23.1-4build1) ...
shsh-check	Run pnpm exec playwright install --with-deps chromium firefox webkit	2026-09-18T10:41:31.6999055Z Selecting previously unselected package libsbc1:amd64.
shsh-check	Run pnpm exec playwright install --with-deps chromium firefox webkit	2026-09-18T10:41:31.7111401Z Preparing to unpack .../177-libsbc1_2.0-1build1_amd64.deb ...
shsh-check	Run pnpm exec playwright install --with-deps chromium firefox webkit	2026-09-18T10:41:31.7118995Z Unpacking libsbc1:amd64 (2.0-1build1) ...
shsh-check	Run pnpm exec playwright install --with-deps chromium firefox webkit	2026-09-18T10:41:31.7280274Z Selecting previously unselected package libvo-aacenc0:amd64.
shsh-check	Run pnpm exec playwright install --with-deps chromium firefox webkit	2026-09-18T10:41:31.7391396Z Preparing to unpack .../178-libvo-aacenc0_0.1.3-2build1_amd64.deb ...
shsh-check	Run pnpm exec playwright install --with-deps chromium firefox webkit	2026-09-18T10:41:31.7398653Z Unpacking libvo-aacenc0:amd64 (0.1.3-2build1) ...
shsh-check	Run pnpm exec playwright install --with-deps chromium firefox webkit	2026-09-18T10:41:31.7569292Z Selecting previously unselected package libvo-amrwbenc0:amd64.
shsh-check	Run pnpm exec playwright install --with-deps chromium firefox webkit	2026-09-18T10:41:31.7681812Z Preparing to unpack .../179-libvo-amrwbenc0_0.1.3-2build1_amd64.deb ...
shsh-check	Run pnpm exec playwright install --with-deps chromium firefox webkit	2026-09-18T10:41:31.7692299Z Unpacking libvo-amrwbenc0:amd64 (0.1.3-2build1) ...
shsh-check	Run pnpm exec playwright install --with-deps chromium firefox webkit	2026-09-18T10:41:31.7853228Z Selecting previously unselected package gstreamer1.0-plugins-bad:amd64.
shsh-check	Run pnpm exec playwright install --with-deps chromium firefox webkit	2026-09-18T10:41:31.7968040Z Preparing to unpack .../180-gstreamer1.0-plugins-bad_1.24.2-1ubuntu4_amd64.deb ...
shsh-check	Run pnpm exec playwright install --with-deps chromium firefox webkit	2026-09-18T10:41:31.7982522Z Unpacking gstreamer1.0-plugins-bad:amd64 (1.24.2-1ubuntu4) ...
shsh-check	Run pnpm exec playwright install --with-deps chromium firefox webkit	2026-09-18T10:41:31.9672007Z Setting up libgme0:amd64 (0.6.3-7build1) ...
shsh-check	Run pnpm exec playwright install --with-deps chromium firefox webkit	2026-09-18T10:41:31.9697838Z Setting up libchromaprint1:amd64 (1.5.1-5) ...
shsh-check	Run pnpm exec playwright install --with-deps chromium firefox webkit	2026-09-18T10:41:31.9716141Z Setting up libssh-gcrypt-4:amd64 (0.10.6-2ubuntu0.5) ...
shsh-check	Run pnpm exec playwright install --with-deps chromium firefox webkit	2026-09-18T10:41:31.9734487Z Setting up libhwy1t64:amd64 (1.0.7-8.1build1) ...
shsh-check	Run pnpm exec playwright install --with-deps chromium firefox webkit	2026-09-18T10:41:31.9751422Z Setting up libcairo-script-interpreter2:amd64 (1.18.0-3build1) ...
shsh-check	Run pnpm exec playwright install --with-deps chromium firefox webkit	2026-09-18T10:41:31.9768048Z Setting up libfreeaptx0:amd64 (0.1.1-2build1) ...
shsh-check	Run pnpm exec playwright install --with-deps chromium firefox webkit	2026-09-18T10:41:31.9790047Z Setting up libdvdread8t64:amd64 (6.1.3-1.1build1) ...
shsh-check	Run pnpm exec playwright install --with-deps chromium firefox webkit	2026-09-18T10:41:31.9806528Z Setting up libudfread0:amd64 (1.1.2-1build1) ...
shsh-check	Run pnpm exec playwright install --with-deps chromium firefox webkit	2026-09-18T10:41:31.9823591Z Setting up libmodplug1:amd64 (1:0.8.9.0-3build1) ...
shsh-check	Run pnpm exec playwright install --with-deps chromium firefox webkit	2026-09-18T10:41:31.9839896Z Setting up libcdparanoia0:amd64 (3.10.2+debian-14build3) ...
shsh-check	Run pnpm exec playwright install --with-deps chromium firefox webkit	2026-09-18T10:41:31.9855938Z Setting up libwayland-server0:amd64 (1.22.0-2.1build1) ...
shsh-check	Run pnpm exec playwright install --with-deps chromium firefox webkit	2026-09-18T10:41:31.9888717Z Setting up libvo-amrwbenc0:amd64 (0.1.3-2build1) ...
shsh-check	Run pnpm exec playwright install --with-deps chromium firefox webkit	2026-09-18T10:41:31.9910685Z Setting up session-migration (0.3.9build1) ...
shsh-check	Run pnpm exec playwright install --with-deps chromium firefox webkit	2026-09-18T10:41:32.1212040Z Created symlink /etc/systemd/user/graphical-session-pre.target.wants/session-migration.service → /usr/lib/systemd/user/session-migration.service.
shsh-check	Run pnpm exec playwright install --with-deps chromium firefox webkit	2026-09-18T10:41:32.1213045Z
shsh-check	Run pnpm exec playwright install --with-deps chromium firefox webkit	2026-09-18T10:41:32.1238036Z Setting up libraw1394-11:amd64 (2.1.2-2build3) ...
shsh-check	Run pnpm exec playwright install --with-deps chromium firefox webkit	2026-09-18T10:41:32.1253211Z Setting up libsbc1:amd64 (2.0-1build1) ...
shsh-check	Run pnpm exec playwright install --with-deps chromium firefox webkit	2026-09-18T10:41:32.1272283Z Setting up libproxy1v5:amd64 (0.5.4-4build1) ...
shsh-check	Run pnpm exec playwright install --with-deps chromium firefox webkit	2026-09-18T10:41:32.1298514Z Setting up libneon27t64:amd64 (0.33.0-1.1build3) ...
shsh-check	Run pnpm exec playwright install --with-deps chromium firefox webkit	2026-09-18T10:41:32.1317479Z Setting up libtag1v5-vanilla:amd64 (1.13.1-1build1) ...
shsh-check	Run pnpm exec playwright install --with-deps chromium firefox webkit	2026-09-18T10:41:32.1334080Z Setting up libharfbuzz-icu0:amd64 (8.3.0-2build2) ...
shsh-check	Run pnpm exec playwright install --with-deps chromium firefox webkit	2026-09-18T10:41:32.1350775Z Setting up libopenni2-0:amd64 (2.2.0.33+dfsg-18) ...
shsh-check	Run pnpm exec playwright install --with-deps chromium firefox webkit	2026-09-18T10:41:32.1585722Z Setting up libspeex1:amd64 (1.2.1-2ubuntu2.24.04.1) ...
shsh-check	Run pnpm exec playwright install --with-deps chromium firefox webkit	2026-09-18T10:41:32.1605614Z Setting up libshine3:amd64 (3.1.1-2build1) ...
shsh-check	Run pnpm exec playwright install --with-deps chromium firefox webkit	2026-09-18T10:41:32.1628343Z Setting up libcaca0:amd64 (0.99.beta20-4ubuntu0.2) ...
shsh-check	Run pnpm exec playwright install --with-deps chromium firefox webkit	2026-09-18T10:41:32.1644382Z Setting up libvpl2 (2023.3.0-1build1) ...
shsh-check	Run pnpm exec playwright install --with-deps chromium firefox webkit	2026-09-18T10:41:32.1665094Z Setting up libv4lconvert0t64:amd64 (1.26.1-4build3) ...
shsh-check	Run pnpm exec playwright install --with-deps chromium firefox webkit	2026-09-18T10:41:32.1682690Z Setting up libx264-164:amd64 (2:0.164.3108+git31e19f9-1) ...
shsh-check	Run pnpm exec playwright install --with-deps chromium firefox webkit	2026-09-18T10:41:32.1698055Z Setting up libtwolame0:amd64 (0.4.0-2build3) ...
shsh-check	Run pnpm exec playwright install --with-deps chromium firefox webkit	2026-09-18T10:41:32.1715043Z Setting up libmbedcrypto7t64:amd64 (2.28.8-1) ...
shsh-check	Run pnpm exec playwright install --with-deps chromium firefox webkit	2026-09-18T10:41:32.1731718Z Setting up libwoff1:amd64 (1.0.2-2build1) ...
shsh-check	Run pnpm exec playwright install --with-deps chromium firefox webkit	2026-09-18T10:41:32.1747692Z Setting up liblc3-1:amd64 (1.0.4-3build1) ...
shsh-check	Run pnpm exec playwright install --with-deps chromium firefox webkit	2026-09-18T10:41:32.1763690Z Setting up libqrencode4:amd64 (4.1.1-1build2) ...
shsh-check	Run pnpm exec playwright install --with-deps chromium firefox webkit	2026-09-18T10:41:32.1783606Z Setting up libhyphen0:amd64 (2.8.8-7build3) ...
shsh-check	Run pnpm exec playwright install --with-deps chromium firefox webkit	2026-09-18T10:41:32.1801152Z Setting up libgsm1:amd64 (1.0.22-1build1) ...
shsh-check	Run pnpm exec playwright install --with-deps chromium firefox webkit	2026-09-18T10:41:32.1818999Z Setting up libvisual-0.4-0:amd64 (0.4.2-2build1) ...
shsh-check	Run pnpm exec playwright install --with-deps chromium firefox webkit	2026-09-18T10:41:32.1834632Z Setting up libsoxr0:amd64 (0.1.3-4build3) ...
shsh-check	Run pnpm exec playwright install --with-deps chromium firefox webkit	2026-09-18T10:41:32.1851525Z Setting up libzix-0-0:amd64 (0.4.2-2build1) ...
shsh-check	Run pnpm exec playwright install --with-deps chromium firefox webkit	2026-09-18T10:41:32.1870953Z Setting up libcodec2-1.2:amd64 (1.2.0-2build1) ...
shsh-check	Run pnpm exec playwright install --with-deps chromium firefox webkit	2026-09-18T10:41:32.1886914Z Setting up libmanette-0.2-0:amd64 (0.2.7-1build2) ...
shsh-check	Run pnpm exec playwright install --with-deps chromium firefox webkit	2026-09-18T10:41:32.1906558Z Setting up libsrtp2-1:amd64 (2.5.0-3build1) ...
shsh-check	Run pnpm exec playwright install --with-deps chromium firefox webkit	2026-09-18T10:41:32.1921958Z Setting up libmysofa1:amd64 (1.3.2+dfsg-2ubuntu2) ...
shsh-check	Run pnpm exec playwright install --with-deps chromium firefox webkit	2026-09-18T10:41:32.1942490Z Setting up libraptor2-0:amd64 (2.0.16-3ubuntu0.1) ...
shsh-check	Run pnpm exec playwright install --with-deps chromium firefox webkit	2026-09-18T10:41:32.1964429Z Setting up libldacbt-enc2:amd64 (2.0.2.3+git20200429+ed310a0-4ubuntu2) ...
shsh-check	Run pnpm exec playwright install --with-deps chromium firefox webkit	2026-09-18T10:41:32.1979913Z Setting up fonts-wqy-zenhei (0.9.45-8) ...
shsh-check	Run pnpm exec playwright install --with-deps chromium firefox webkit	2026-09-18T10:41:32.2078894Z Setting up libwebrtc-audio-processing1:amd64 (0.3.1-0ubuntu6) ...
shsh-check	Run pnpm exec playwright install --with-deps chromium firefox webkit	2026-09-18T10:41:32.2100063Z Setting up fonts-freefont-ttf (20211204+svn4273-2) ...
shsh-check	Run pnpm exec playwright install --with-deps chromium firefox webkit	2026-09-18T10:41:32.2118222Z Setting up libevent-2.1-7t64:amd64 (2.1.12-stable-9ubuntu2.1) ...
shsh-check	Run pnpm exec playwright install --with-deps chromium firefox webkit	2026-09-18T10:41:32.2134287Z Setting up libsvtav1enc1d1:amd64 (1.7.0+dfsg-2build1) ...
shsh-check	Run pnpm exec playwright install --with-deps chromium firefox webkit	2026-09-18T10:41:32.2153456Z Setting up libsoup-3.0-common (3.4.4-5ubuntu0.8) ...
shsh-check	Run pnpm exec playwright install --with-deps chromium firefox webkit	2026-09-18T10:41:32.2175811Z Setting up libmpg123-0t64:amd64 (1.32.5-1ubuntu1.1) ...
shsh-check	Run pnpm exec playwright install --with-deps chromium firefox webkit	2026-09-18T10:41:32.2192695Z Setting up libcjson1:amd64 (1.7.17-1) ...
shsh-check	Run pnpm exec playwright install --with-deps chromium firefox webkit	2026-09-18T10:41:32.2208203Z Setting up libxvidcore4:amd64 (2:1.3.7-1build1) ...
shsh-check	Run pnpm exec playwright install --with-deps chromium firefox webkit	2026-09-18T10:41:32.2226295Z Setting up libmpcdec6:amd64 (2:0.1~r495-2build1) ...
shsh-check	Run pnpm exec playwright install --with-deps chromium firefox webkit	2026-09-18T10:41:32.2244169Z Setting up libmjpegutils-2.1-0t64:amd64 (1:2.1.0+debian-8.1build1) ...
shsh-check	Run pnpm exec playwright install --with-deps chromium firefox webkit	2026-09-18T10:41:32.2263325Z Setting up librav1e0:amd64 (0.7.1-2) ...
shsh-check	Run pnpm exec playwright install --with-deps chromium firefox webkit	2026-09-18T10:41:32.2281568Z Setting up liborc-0.4-0t64:amd64 (1:0.4.38-1ubuntu0.1) ...
shsh-check	Run pnpm exec playwright install --with-deps chromium firefox webkit	2026-09-18T10:41:32.2297626Z Setting up libxcb-xkb1:amd64 (1.15-1ubuntu2) ...
shsh-check	Run pnpm exec playwright install --with-deps chromium firefox webkit	2026-09-18T10:41:32.2316808Z Setting up libvo-aacenc0:amd64 (0.1.3-2build1) ...
shsh-check	Run pnpm exec playwright install --with-deps chromium firefox webkit	2026-09-18T10:41:32.2332420Z Setting up librist4:amd64 (0.2.10+dfsg-2) ...
shsh-check	Run pnpm exec playwright install --with-deps chromium firefox webkit	2026-09-18T10:41:32.2348374Z Setting up librsvg2-2:amd64 (2.58.0+dfsg-1build1) ...
shsh-check	Run pnpm exec playwright install --with-deps chromium firefox webkit	2026-09-18T10:41:32.2366789Z Setting up libblas3:amd64 (3.12.0-3build1.1) ...
shsh-check	Run pnpm exec playwright install --with-deps chromium firefox webkit	2026-09-18T10:41:32.2413970Z update-alternatives: using /usr/lib/x86_64-linux-gnu/blas/libblas.so.3 to provide /usr/lib/x86_64-linux-gnu/libblas.so.3 (libblas.so.3-x86_64-linux-gnu) in auto mode
shsh-check	Run pnpm exec playwright install --with-deps chromium firefox webkit	2026-09-18T10:41:32.2427721Z Setting up libegl-mesa0:amd64 (25.2.8-0ubuntu0.24.04.2) ...
shsh-check	Run pnpm exec playwright install --with-deps chromium firefox webkit	2026-09-18T10:41:32.2447088Z Setting up libsoundtouch1:amd64 (2.3.2+ds1-1build1) ...
shsh-check	Run pnpm exec playwright install --with-deps chromium firefox webkit	2026-09-18T10:41:32.2462483Z Setting up libplacebo338:amd64 (6.338.2-2build1) ...
shsh-check	Run pnpm exec playwright install --with-deps chromium firefox webkit	2026-09-18T10:41:32.2479504Z Setting up libgles2:amd64 (1.7.0-1build1) ...
shsh-check	Run pnpm exec playwright install --with-deps chromium firefox webkit	2026-09-18T10:41:32.2501491Z Setting up fonts-tlwg-loma-otf (1:0.7.3-1) ...
shsh-check	Run pnpm exec playwright install --with-deps chromium firefox webkit	2026-09-18T10:41:32.2518670Z Setting up libva2:amd64 (2.20.0-2ubuntu0.2) ...
shsh-check	Run pnpm exec playwright install --with-deps chromium firefox webkit	2026-09-18T10:41:32.2537669Z Setting up libspa-0.2-modules:amd64 (1.0.5-1ubuntu3.3) ...
shsh-check	Run pnpm exec playwright install --with-deps chromium firefox webkit	2026-09-18T10:41:32.2557212Z Setting up libzxing3:amd64 (2.2.1-3) ...
shsh-check	Run pnpm exec playwright install --with-deps chromium firefox webkit	2026-09-18T10:41:32.2574019Z Setting up xfonts-encodings (1:1.0.5-0ubuntu2) ...
shsh-check	Run pnpm exec playwright install --with-deps chromium firefox webkit	2026-09-18T10:41:32.2592304Z Setting up libopus0:amd64 (1.4-1build1) ...
shsh-check	Run pnpm exec playwright install --with-deps chromium firefox webkit	2026-09-18T10:41:32.2611375Z Setting up libfaad2:amd64 (2.11.1-1build1) ...
shsh-check	Run pnpm exec playwright install --with-deps chromium firefox webkit	2026-09-18T10:41:32.2629309Z Setting up libxkbcommon-x11-0:amd64 (1.6.0-1build1) ...
shsh-check	Run pnpm exec playwright install --with-deps chromium firefox webkit	2026-09-18T10:41:32.2645572Z Setting up libdc1394-25:amd64 (2.2.6-4build1) ...
shsh-check	Run pnpm exec playwright install --with-deps chromium firefox webkit	2026-09-18T10:41:32.2662657Z Setting up libimath-3-1-29t64:amd64 (3.1.9-3.1ubuntu2) ...
shsh-check	Run pnpm exec playwright install --with-deps chromium firefox webkit	2026-09-18T10:41:32.2682081Z Setting up libunibreak5:amd64 (5.1-2build1) ...
shsh-check	Run pnpm exec playwright install --with-deps chromium firefox webkit	2026-09-18T10:41:32.2699417Z Setting up libdv4t64:amd64 (1.0.0-17.1build1) ...
shsh-check	Run pnpm exec playwright install --with-deps chromium firefox webkit	2026-09-18T10:41:32.2718960Z Setting up libjxl0.7:amd64 (0.7.0-10.2ubuntu6.1) ...
shsh-check	Run pnpm exec playwright install --with-deps chromium firefox webkit	2026-09-18T10:41:32.2735437Z Setting up libopenh264-7:amd64 (2.4.1+dfsg-1) ...
shsh-check	Run pnpm exec playwright install --with-deps chromium firefox webkit	2026-09-18T10:41:32.2752593Z Setting up libltc11:amd64 (1.3.2-1build1) ...
shsh-check	Run pnpm exec playwright install --with-deps chromium firefox webkit	2026-09-18T10:41:32.2768807Z Setting up libx265-199:amd64 (3.5-2build1) ...
shsh-check	Run pnpm exec playwright install --with-deps chromium firefox webkit	2026-09-18T10:41:32.2786264Z Setting up libv4l-0t64:amd64 (1.26.1-4build3) ...
shsh-check	Run pnpm exec playwright install --with-deps chromium firefox webkit	2026-09-18T10:41:32.2803274Z Setting up libavtp0:amd64 (0.2.0-1build1) ...
shsh-check	Run pnpm exec playwright install --with-deps chromium firefox webkit	2026-09-18T10:41:32.2818732Z Setting up libsndio7.0:amd64 (1.9.0-0.3build3) ...
shsh-check	Run pnpm exec playwright install --with-deps chromium firefox webkit	2026-09-18T10:41:32.2912937Z Setting up libdirectfb-1.7-7t64:amd64 (1.7.7-11.1ubuntu2) ...
shsh-check	Run pnpm exec playwright install --with-deps chromium firefox webkit	2026-09-18T10:41:32.2932102Z Setting up libspandsp2t64:amd64 (0.0.6+dfsg-2.1build1) ...
shsh-check	Run pnpm exec playwright install --with-deps chromium firefox webkit	2026-09-18T10:41:32.2950153Z Setting up libvidstab1.1:amd64 (1.1.0-2build1) ...
shsh-check	Run pnpm exec playwright install --with-deps chromium firefox webkit	2026-09-18T10:41:32.2969742Z Setting up libvpx9:amd64 (1.14.0-1ubuntu2.3) ...
shsh-check	Run pnpm exec playwright install --with-deps chromium firefox webkit	2026-09-18T10:41:32.2985678Z Setting up libsrt1.5-gnutls:amd64 (1.5.3-1build2) ...
shsh-check	Run pnpm exec playwright install --with-deps chromium firefox webkit	2026-09-18T10:41:32.3004928Z Setting up libtag1v5:amd64 (1.13.1-1build1) ...
shsh-check	Run pnpm exec playwright install --with-deps chromium firefox webkit	2026-09-18T10:41:32.3021361Z Setting up libflite1:amd64 (2.2-6build3) ...
shsh-check	Run pnpm exec playwright install --with-deps chromium firefox webkit	2026-09-18T10:41:32.3043758Z Setting up libdav1d7:amd64 (1.4.1-1build1) ...
shsh-check	Run pnpm exec playwright install --with-deps chromium firefox webkit	2026-09-18T10:41:32.3059863Z Setting up libva-drm2:amd64 (2.20.0-2ubuntu0.2) ...
shsh-check	Run pnpm exec playwright install --with-deps chromium firefox webkit	2026-09-18T10:41:32.3077029Z Setting up fonts-ipafont-gothic (00303-21ubuntu1) ...
shsh-check	Run pnpm exec playwright install --with-deps chromium firefox webkit	2026-09-18T10:41:32.3130624Z update-alternatives: using /usr/share/fonts/opentype/ipafont-gothic/ipag.ttf to provide /usr/share/fonts/truetype/fonts-japanese-gothic.ttf (fonts-japanese-gothic.ttf) in auto mode
shsh-check	Run pnpm exec playwright install --with-deps chromium firefox webkit	2026-09-18T10:41:32.3143205Z Setting up ocl-icd-libopencl1:amd64 (2.3.2-1build1) ...
shsh-check	Run pnpm exec playwright install --with-deps chromium firefox webkit	2026-09-18T10:41:32.3160174Z Setting up libasyncns0:amd64 (0.8-6build4) ...
shsh-check	Run pnpm exec playwright install --with-deps chromium firefox webkit	2026-09-18T10:41:32.3175484Z Setting up libwildmidi2:amd64 (0.4.3-1build3) ...
shsh-check	Run pnpm exec playwright install --with-deps chromium firefox webkit	2026-09-18T10:41:32.3197813Z Setting up libvdpau1:amd64 (1.5-2build1) ...
shsh-check	Run pnpm exec playwright install --with-deps chromium firefox webkit	2026-09-18T10:41:32.3223289Z Setting up libwavpack1:amd64 (5.6.0-1build1) ...
shsh-check	Run pnpm exec playwright install --with-deps chromium firefox webkit	2026-09-18T10:41:32.3240257Z Setting up libbs2b0:amd64 (3.1.0+dfsg-7build1) ...
shsh-check	Run pnpm exec playwright install --with-deps chromium firefox webkit	2026-09-18T10:41:32.3258616Z Setting up libtheora0:amd64 (1.1.1+dfsg.1-16.1build3) ...
shsh-check	Run pnpm exec playwright install --with-deps chromium firefox webkit	2026-09-18T10:41:32.3274721Z Setting up libegl1:amd64 (1.7.0-1build1) ...
shsh-check	Run pnpm exec playwright install --with-deps chromium firefox webkit	2026-09-18T10:41:32.3303270Z Setting up libdecor-0-0:amd64 (0.2.2-1build2) ...
shsh-check	Run pnpm exec playwright install --with-deps chromium firefox webkit	2026-09-18T10:41:32.3320950Z Setting up libdca0:amd64 (0.0.7-2build1) ...
shsh-check	Run pnpm exec playwright install --with-deps chromium firefox webkit	2026-09-18T10:41:32.3335540Z Setting up libzimg2:amd64 (3.0.5+ds1-1build1) ...
shsh-check	Run pnpm exec playwright install --with-deps chromium firefox webkit	2026-09-18T10:41:32.3354390Z Setting up libopenal-data (1:1.23.1-4build1) ...
shsh-check	Run pnpm exec playwright install --with-deps chromium firefox webkit	2026-09-18T10:41:32.3381110Z Setting up libabsl20220623t64:amd64 (20220623.1-3.1ubuntu3.2) ...
shsh-check	Run pnpm exec playwright install --with-deps chromium firefox webkit	2026-09-18T10:41:32.3397844Z Setting up libflac12t64:amd64 (1.4.3+ds-2.1ubuntu2) ...
shsh-check	Run pnpm exec playwright install --with-deps chromium firefox webkit	2026-09-18T10:41:32.3417484Z Setting up libgtk-4-common (4.14.5+ds-0ubuntu0.10) ...
shsh-check	Run pnpm exec playwright install --with-deps chromium firefox webkit	2026-09-18T10:41:32.3436800Z Setting up libmpeg2encpp-2.1-0t64:amd64 (1:2.1.0+debian-8.1build1) ...
shsh-check	Run pnpm exec playwright install --with-deps chromium firefox webkit	2026-09-18T10:41:32.3454374Z Setting up glib-networking-common (2.80.0-1build1) ...
shsh-check	Run pnpm exec playwright install --with-deps chromium firefox webkit	2026-09-18T10:41:32.3472810Z Setting up libmfx1:amd64 (22.5.4-1) ...
shsh-check	Run pnpm exec playwright install --with-deps chromium firefox webkit	2026-09-18T10:41:32.3489400Z Setting up libbluray2:amd64 (1:1.3.4-1build1) ...
shsh-check	Run pnpm exec playwright install --with-deps chromium firefox webkit	2026-09-18T10:41:32.3514296Z Setting up libde265-0:amd64 (1.0.15-1ubuntu0.1) ...
shsh-check	Run pnpm exec playwright install --with-deps chromium firefox webkit	2026-09-18T10:41:32.3531371Z Setting up libsamplerate0:amd64 (0.2.2-4build1) ...
shsh-check	Run pnpm exec playwright install --with-deps chromium firefox webkit	2026-09-18T10:41:32.3547202Z Setting up timgm6mb-soundfont (1.3-5) ...
shsh-check	Run pnpm exec playwright install --with-deps chromium firefox webkit	2026-09-18T10:41:32.3615056Z update-alternatives: using /usr/share/sounds/sf2/TimGM6mb.sf2 to provide /usr/share/sounds/sf2/default-GM.sf2 (default-GM.sf2) in auto mode
shsh-check	Run pnpm exec playwright install --with-deps chromium firefox webkit	2026-09-18T10:41:32.3647282Z update-alternatives: using /usr/share/sounds/sf2/TimGM6mb.sf2 to provide /usr/share/sounds/sf3/default-GM.sf3 (default-GM.sf3) in auto mode
shsh-check	Run pnpm exec playwright install --with-deps chromium firefox webkit	2026-09-18T10:41:32.3660933Z Setting up libva-x11-2:amd64 (2.20.0-2ubuntu0.2) ...
shsh-check	Run pnpm exec playwright install --with-deps chromium firefox webkit	2026-09-18T10:41:32.3682667Z Setting up libyuv0:amd64 (0.0~git202401110.af6ac82-1) ...
shsh-check	Run pnpm exec playwright install --with-deps chromium firefox webkit	2026-09-18T10:41:32.3701162Z Setting up libmplex2-2.1-0t64:amd64 (1:2.1.0+debian-8.1build1) ...
shsh-check	Run pnpm exec playwright install --with-deps chromium firefox webkit	2026-09-18T10:41:32.3716909Z Setting up libpipewire-0.3-0t64:amd64 (1.0.5-1ubuntu3.3) ...
shsh-check	Run pnpm exec playwright install --with-deps chromium firefox webkit	2026-09-18T10:41:32.3733362Z Setting up libopenmpt0t64:amd64 (0.7.3-1.1build3) ...
shsh-check	Run pnpm exec playwright install --with-deps chromium firefox webkit	2026-09-18T10:41:32.3751306Z Setting up libzvbi-common (0.2.42-2) ...
shsh-check	Run pnpm exec playwright install --with-deps chromium firefox webkit	2026-09-18T10:41:32.3770431Z Setting up libsecret-common (0.21.4-1build3) ...
shsh-check	Run pnpm exec playwright install --with-deps chromium firefox webkit	2026-09-18T10:41:32.3788326Z Setting up libmp3lame0:amd64 (3.100-6build1) ...
shsh-check	Run pnpm exec playwright install --with-deps chromium firefox webkit	2026-09-18T10:41:32.3804409Z Setting up libgraphene-1.0-0:amd64 (1.10.8-3build2) ...
shsh-check	Run pnpm exec playwright install --with-deps chromium firefox webkit	2026-09-18T10:41:32.3826553Z Setting up libvorbisenc2:amd64 (1.3.7-1build3) ...
shsh-check	Run pnpm exec playwright install --with-deps chromium firefox webkit	2026-09-18T10:41:32.3843861Z Setting up libdvdnav4:amd64 (6.1.1-3build1) ...
shsh-check	Run pnpm exec playwright install --with-deps chromium firefox webkit	2026-09-18T10:41:32.3858753Z Setting up fonts-unifont (1:15.1.01-1build1) ...
shsh-check	Run pnpm exec playwright install --with-deps chromium firefox webkit	2026-09-18T10:41:32.3876861Z Setting up libaa1:amd64 (1.4p5-51.1) ...
shsh-check	Run pnpm exec playwright install --with-deps chromium firefox webkit	2026-09-18T10:41:32.3895178Z Setting up libiec61883-0:amd64 (1.2.0-6build1) ...
shsh-check	Run pnpm exec playwright install --with-deps chromium firefox webkit	2026-09-18T10:41:32.3913150Z Setting up libserd-0-0:amd64 (0.32.2-1) ...
shsh-check	Run pnpm exec playwright install --with-deps chromium firefox webkit	2026-09-18T10:41:32.3936229Z Setting up libavc1394-0:amd64 (0.5.4-5build3) ...
shsh-check	Run pnpm exec playwright install --with-deps chromium firefox webkit	2026-09-18T10:41:32.3953884Z Setting up gsettings-desktop-schemas (46.1-0ubuntu1) ...
shsh-check	Run pnpm exec playwright install --with-deps chromium firefox webkit	2026-09-18T10:41:32.3971234Z Setting up glib-networking-services (2.80.0-1build1) ...
shsh-check	Run pnpm exec playwright install --with-deps chromium firefox webkit	2026-09-18T10:41:32.3991689Z Setting up liblapack3:amd64 (3.12.0-3build1.1) ...
shsh-check	Run pnpm exec playwright install --with-deps chromium firefox webkit	2026-09-18T10:41:32.4041839Z update-alternatives: using /usr/lib/x86_64-linux-gnu/lapack/liblapack.so.3 to provide /usr/lib/x86_64-linux-gnu/liblapack.so.3 (liblapack.so.3-x86_64-linux-gnu) in auto mode
shsh-check	Run pnpm exec playwright install --with-deps chromium firefox webkit	2026-09-18T10:41:32.4054096Z Setting up libzvbi0t64:amd64 (0.2.42-2) ...
shsh-check	Run pnpm exec playwright install --with-deps chromium firefox webkit	2026-09-18T10:41:32.4070803Z Setting up liblrdf0:amd64 (0.6.1-4build1) ...
shsh-check	Run pnpm exec playwright install --with-deps chromium firefox webkit	2026-09-18T10:41:32.4085177Z Setting up libzbar0t64:amd64 (0.23.93-4build3) ...
shsh-check	Run pnpm exec playwright install --with-deps chromium firefox webkit	2026-09-18T10:41:32.4099575Z Setting up libgstreamer-plugins-base1.0-0:amd64 (1.24.2-1ubuntu0.4) ...
shsh-check	Run pnpm exec playwright install --with-deps chromium firefox webkit	2026-09-18T10:41:32.4118247Z Setting up libavutil58:amd64 (7:6.1.1-3ubuntu5) ...
shsh-check	Run pnpm exec playwright install --with-deps chromium firefox webkit	2026-09-18T10:41:32.4134715Z Setting up libopenal1:amd64 (1:1.23.1-4build1) ...
shsh-check	Run pnpm exec playwright install --with-deps chromium firefox webkit	2026-09-18T10:41:32.4151004Z Setting up xfonts-utils (1:7.7+6build3) ...
shsh-check	Run pnpm exec playwright install --with-deps chromium firefox webkit	2026-09-18T10:41:32.4184382Z Setting up libsecret-1-0:amd64 (0.21.4-1build3) ...
shsh-check	Run pnpm exec playwright install --with-deps chromium firefox webkit	2026-09-18T10:41:32.4201106Z Setting up libgstreamer-plugins-good1.0-0:amd64 (1.24.2-1ubuntu1.6) ...
shsh-check	Run pnpm exec playwright install --with-deps chromium firefox webkit	2026-09-18T10:41:32.4220528Z Setting up libgstreamer-gl1.0-0:amd64 (1.24.2-1ubuntu0.4) ...
shsh-check	Run pnpm exec playwright install --with-deps chromium firefox webkit	2026-09-18T10:41:32.4236373Z Setting up gstreamer1.0-plugins-base:amd64 (1.24.2-1ubuntu0.4) ...
shsh-check	Run pnpm exec playwright install --with-deps chromium firefox webkit	2026-09-18T10:41:32.4273044Z Setting up libass9:amd64 (1:0.17.1-2build1) ...
shsh-check	Run pnpm exec playwright install --with-deps chromium firefox webkit	2026-09-18T10:41:32.4291963Z Setting up libswresample4:amd64 (7:6.1.1-3ubuntu5) ...
shsh-check	Run pnpm exec playwright install --with-deps chromium firefox webkit	2026-09-18T10:41:32.4308694Z Setting up libopenexr-3-1-30:amd64 (3.1.5-5.1build3) ...
shsh-check	Run pnpm exec playwright install --with-deps chromium firefox webkit	2026-09-18T10:41:32.4327739Z Setting up libshout3:amd64 (2.4.6-1build2) ...
shsh-check	Run pnpm exec playwright install --with-deps chromium firefox webkit	2026-09-18T10:41:32.4346294Z Setting up libgav1-1:amd64 (0.18.0-1build3) ...
shsh-check	Run pnpm exec playwright install --with-deps chromium firefox webkit	2026-09-18T10:41:32.4361905Z Setting up libavcodec60:amd64 (7:6.1.1-3ubuntu5) ...
shsh-check	Run pnpm exec playwright install --with-deps chromium firefox webkit	2026-09-18T10:41:32.4380062Z Setting up librubberband2:amd64 (3.3.0+dfsg-2build1) ...
shsh-check	Run pnpm exec playwright install --with-deps chromium firefox webkit	2026-09-18T10:41:32.4395249Z Setting up libjack-jackd2-0:amd64 (1.9.21~dfsg-3ubuntu3) ...
shsh-check	Run pnpm exec playwright install --with-deps chromium firefox webkit	2026-09-18T10:41:32.4411793Z Setting up libsord-0-0:amd64 (0.16.16-2build1) ...
shsh-check	Run pnpm exec playwright install --with-deps chromium firefox webkit	2026-09-18T10:41:32.4429680Z Setting up xfonts-cyrillic (1:1.0.5+nmu1) ...
shsh-check	Run pnpm exec playwright install --with-deps chromium firefox webkit	2026-09-18T10:41:32.4824983Z Setting up libpostproc57:amd64 (7:6.1.1-3ubuntu5) ...
shsh-check	Run pnpm exec playwright install --with-deps chromium firefox webkit	2026-09-18T10:41:32.4844599Z Setting up libsratom-0-0:amd64 (0.6.16-1build1) ...
shsh-check	Run pnpm exec playwright install --with-deps chromium firefox webkit	2026-09-18T10:41:32.4862797Z Setting up libsndfile1:amd64 (1.2.2-1ubuntu5.24.04.1) ...
shsh-check	Run pnpm exec playwright install --with-deps chromium firefox webkit	2026-09-18T10:41:32.4879261Z Setting up liblilv-0-0:amd64 (0.24.22-1build1) ...
shsh-check	Run pnpm exec playwright install --with-deps chromium firefox webkit	2026-09-18T10:41:32.4895844Z Setting up libinstpatch-1.0-2:amd64 (1.1.6-1build2) ...
shsh-check	Run pnpm exec playwright install --with-deps chromium firefox webkit	2026-09-18T10:41:32.4920181Z Setting up xfonts-scalable (1:1.0.3-1.3) ...
shsh-check	Run pnpm exec playwright install --with-deps chromium firefox webkit	2026-09-18T10:41:32.5132199Z Setting up libswscale7:amd64 (7:6.1.1-3ubuntu5) ...
shsh-check	Run pnpm exec playwright install --with-deps chromium firefox webkit	2026-09-18T10:41:32.5150487Z Setting up libavif16:amd64 (1.0.4-1ubuntu3) ...
shsh-check	Run pnpm exec playwright install --with-deps chromium firefox webkit	2026-09-18T10:41:32.5168581Z Setting up libpulse0:amd64 (1:16.1+dfsg1-2ubuntu10.1) ...
shsh-check	Run pnpm exec playwright install --with-deps chromium firefox webkit	2026-09-18T10:41:32.5303274Z Setting up libavformat60:amd64 (7:6.1.1-3ubuntu5) ...
shsh-check	Run pnpm exec playwright install --with-deps chromium firefox webkit	2026-09-18T10:41:32.5322495Z Setting up libsphinxbase3t64:amd64 (0.8+5prealpha+1-17build2) ...
shsh-check	Run pnpm exec playwright install --with-deps chromium firefox webkit	2026-09-18T10:41:32.5345877Z Setting up libsdl2-2.0-0:amd64 (2.30.0+dfsg-1ubuntu3.1) ...
shsh-check	Run pnpm exec playwright install --with-deps chromium firefox webkit	2026-09-18T10:41:32.5361433Z Setting up libfluidsynth3:amd64 (2.3.4-1build3) ...
shsh-check	Run pnpm exec playwright install --with-deps chromium firefox webkit	2026-09-18T10:41:32.5383846Z Setting up libpocketsphinx3:amd64 (0.8.0+real5prealpha+1-15ubuntu5) ...
shsh-check	Run pnpm exec playwright install --with-deps chromium firefox webkit	2026-09-18T10:41:32.5404643Z Setting up libavfilter9:amd64 (7:6.1.1-3ubuntu5) ...
shsh-check	Run pnpm exec playwright install --with-deps chromium firefox webkit	2026-09-18T10:41:32.5420700Z Setting up gstreamer1.0-libav:amd64 (1.24.1-1build1) ...
shsh-check	Run pnpm exec playwright install --with-deps chromium firefox webkit	2026-09-18T10:41:32.5696367Z Processing triggers for fontconfig (2.15.0-1.1ubuntu2) ...
shsh-check	Run pnpm exec playwright install --with-deps chromium firefox webkit	2026-09-18T10:41:32.6879571Z Processing triggers for libc-bin (2.39-0ubuntu8.8) ...
shsh-check	Run pnpm exec playwright install --with-deps chromium firefox webkit	2026-09-18T10:41:32.7584724Z Processing triggers for man-db (2.12.0-4build2) ...
shsh-check	Run pnpm exec playwright install --with-deps chromium firefox webkit	2026-09-18T10:41:32.7611688Z Not building database; man-db/auto-update is not 'true'.
shsh-check	Run pnpm exec playwright install --with-deps chromium firefox webkit	2026-09-18T10:41:32.7638933Z Processing triggers for libglib2.0-0t64:amd64 (2.80.0-6ubuntu3.8) ...
shsh-check	Run pnpm exec playwright install --with-deps chromium firefox webkit	2026-09-18T10:41:32.7973060Z Setting up libgtk-4-1:amd64 (4.14.5+ds-0ubuntu0.10) ...
shsh-check	Run pnpm exec playwright install --with-deps chromium firefox webkit	2026-09-18T10:41:33.0759092Z Setting up glib-networking:amd64 (2.80.0-1build1) ...
shsh-check	Run pnpm exec playwright install --with-deps chromium firefox webkit	2026-09-18T10:41:33.0795730Z Setting up libsoup-3.0-0:amd64 (3.4.4-5ubuntu0.8) ...
shsh-check	Run pnpm exec playwright install --with-deps chromium firefox webkit	2026-09-18T10:41:33.0830540Z Setting up libgssdp-1.6-0:amd64 (1.6.3-1build3) ...
shsh-check	Run pnpm exec playwright install --with-deps chromium firefox webkit	2026-09-18T10:41:33.0897902Z Setting up gstreamer1.0-plugins-good:amd64 (1.24.2-1ubuntu1.6) ...
shsh-check	Run pnpm exec playwright install --with-deps chromium firefox webkit	2026-09-18T10:41:33.0929682Z Setting up libgupnp-1.6-0:amd64 (1.6.6-1build3) ...
shsh-check	Run pnpm exec playwright install --with-deps chromium firefox webkit	2026-09-18T10:41:33.0987081Z Setting up libgupnp-igd-1.6-0:amd64 (1.6.0-3build3) ...
shsh-check	Run pnpm exec playwright install --with-deps chromium firefox webkit	2026-09-18T10:41:33.1019800Z Setting up libnice10:amd64 (0.1.21-2build3) ...
shsh-check	Run pnpm exec playwright install --with-deps chromium firefox webkit	2026-09-18T10:41:33.1073321Z Setting up libgstreamer-plugins-bad1.0-0:amd64 (1.24.2-1ubuntu4) ...
shsh-check	Run pnpm exec playwright install --with-deps chromium firefox webkit	2026-09-18T10:41:33.1109383Z Setting up gstreamer1.0-plugins-bad:amd64 (1.24.2-1ubuntu4) ...
shsh-check	Run pnpm exec playwright install --with-deps chromium firefox webkit	2026-09-18T10:41:33.1132948Z Processing triggers for libc-bin (2.39-0ubuntu8.8) ...
shsh-check	Run pnpm exec playwright install --with-deps chromium firefox webkit	2026-09-18T10:41:34.0324913Z
shsh-check	Run pnpm exec playwright install --with-deps chromium firefox webkit	2026-09-18T10:41:34.0325575Z Running kernel seems to be up-to-date.
shsh-check	Run pnpm exec playwright install --with-deps chromium firefox webkit	2026-09-18T10:41:34.0325928Z
shsh-check	Run pnpm exec playwright install --with-deps chromium firefox webkit	2026-09-18T10:41:34.0326142Z No services need to be restarted.
shsh-check	Run pnpm exec playwright install --with-deps chromium firefox webkit	2026-09-18T10:41:34.0326503Z
shsh-check	Run pnpm exec playwright install --with-deps chromium firefox webkit	2026-09-18T10:41:34.0326698Z No containers need to be restarted.
shsh-check	Run pnpm exec playwright install --with-deps chromium firefox webkit	2026-09-18T10:41:34.0327079Z
shsh-check	Run pnpm exec playwright install --with-deps chromium firefox webkit	2026-09-18T10:41:34.0327480Z No user sessions are running outdated binaries.
shsh-check	Run pnpm exec playwright install --with-deps chromium firefox webkit	2026-09-18T10:41:34.0327759Z
shsh-check	Run pnpm exec playwright install --with-deps chromium firefox webkit	2026-09-18T10:41:34.0328140Z No VM guests are running outdated hypervisor (qemu) binaries on this host.
shsh-check	Run pnpm exec playwright install --with-deps chromium firefox webkit	2026-09-18T10:41:34.9626497Z Downloading Chrome for Testing 153.0.8010.12 (playwright chromium v1243) from https://cdn.playwright.dev/builds/cft/153.0.8010.12/linux64/chrome-linux64.zip
shsh-check	Run pnpm exec playwright install --with-deps chromium firefox webkit	2026-09-18T10:41:35.3993680Z |                                                                                |   0% of 186.8 MiB
shsh-check	Run pnpm exec playwright install --with-deps chromium firefox webkit	2026-09-18T10:41:35.5955258Z |■■■■■■■■                                                                        |  10% of 186.8 MiB
shsh-check	Run pnpm exec playwright install --with-deps chromium firefox webkit	2026-09-18T10:41:35.6554352Z |■■■■■■■■■■■■■■■■                                                                |  20% of 186.8 MiB
shsh-check	Run pnpm exec playwright install --with-deps chromium firefox webkit	2026-09-18T10:41:35.7316303Z |■■■■■■■■■■■■■■■■■■■■■■■■                                                        |  30% of 186.8 MiB
shsh-check	Run pnpm exec playwright install --with-deps chromium firefox webkit	2026-09-18T10:41:35.7828327Z |■■■■■■■■■■■■■■■■■■■■■■■■■■■■■■■■                                                |  40% of 186.8 MiB
shsh-check	Run pnpm exec playwright install --with-deps chromium firefox webkit	2026-09-18T10:41:35.8482967Z |■■■■■■■■■■■■■■■■■■■■■■■■■■■■■■■■■■■■■■■■                                        |  50% of 186.8 MiB
shsh-check	Run pnpm exec playwright install --with-deps chromium firefox webkit	2026-09-18T10:41:35.8970719Z |■■■■■■■■■■■■■■■■■■■■■■■■■■■■■■■■■■■■■■■■■■■■■■■■                                |  60% of 186.8 MiB
shsh-check	Run pnpm exec playwright install --with-deps chromium firefox webkit	2026-09-18T10:41:35.9610469Z |■■■■■■■■■■■■■■■■■■■■■■■■■■■■■■■■■■■■■■■■■■■■■■■■■■■■■■■■                        |  70% of 186.8 MiB
shsh-check	Run pnpm exec playwright install --with-deps chromium firefox webkit	2026-09-18T10:41:36.0336295Z |■■■■■■■■■■■■■■■■■■■■■■■■■■■■■■■■■■■■■■■■■■■■■■■■■■■■■■■■■■■■■■■■                |  80% of 186.8 MiB
shsh-check	Run pnpm exec playwright install --with-deps chromium firefox webkit	2026-09-18T10:41:36.0791799Z |■■■■■■■■■■■■■■■■■■■■■■■■■■■■■■■■■■■■■■■■■■■■■■■■■■■■■■■■■■■■■■■■■■■■■■■■        |  90% of 186.8 MiB
shsh-check	Run pnpm exec playwright install --with-deps chromium firefox webkit	2026-09-18T10:41:36.1403967Z |■■■■■■■■■■■■■■■■■■■■■■■■■■■■■■■■■■■■■■■■■■■■■■■■■■■■■■■■■■■■■■■■■■■■■■■■■■■■■■■■| 100% of 186.8 MiB
shsh-check	Run pnpm exec playwright install --with-deps chromium firefox webkit	2026-09-18T10:41:38.9645835Z Chrome for Testing 153.0.8010.12 (playwright chromium v1243) downloaded to /home/runner/.cache/ms-playwright/chromium-1243
shsh-check	Run pnpm exec playwright install --with-deps chromium firefox webkit	2026-09-18T10:41:38.9650536Z Downloading FFmpeg (playwright ffmpeg v1011) from https://cdn.playwright.dev/dbazure/download/playwright/builds/ffmpeg/1011/ffmpeg-linux.zip
shsh-check	Run pnpm exec playwright install --with-deps chromium firefox webkit	2026-09-18T10:41:39.3169561Z |                                                                                |   0% of 2.3 MiB
shsh-check	Run pnpm exec playwright install --with-deps chromium firefox webkit	2026-09-18T10:41:39.3195426Z |■■■■■■■■                                                                        |  10% of 2.3 MiB
shsh-check	Run pnpm exec playwright install --with-deps chromium firefox webkit	2026-09-18T10:41:39.3214660Z |■■■■■■■■■■■■■■■■                                                                |  20% of 2.3 MiB
shsh-check	Run pnpm exec playwright install --with-deps chromium firefox webkit	2026-09-18T10:41:39.3232140Z |■■■■■■■■■■■■■■■■■■■■■■■■                                                        |  30% of 2.3 MiB
shsh-check	Run pnpm exec playwright install --with-deps chromium firefox webkit	2026-09-18T10:41:39.3247906Z |■■■■■■■■■■■■■■■■■■■■■■■■■■■■■■■■                                                |  40% of 2.3 MiB
shsh-check	Run pnpm exec playwright install --with-deps chromium firefox webkit	2026-09-18T10:41:39.3266098Z |■■■■■■■■■■■■■■■■■■■■■■■■■■■■■■■■■■■■■■■■                                        |  50% of 2.3 MiB
shsh-check	Run pnpm exec playwright install --with-deps chromium firefox webkit	2026-09-18T10:41:39.3276816Z |■■■■■■■■■■■■■■■■■■■■■■■■■■■■■■■■■■■■■■■■■■■■■■■■                                |  60% of 2.3 MiB
shsh-check	Run pnpm exec playwright install --with-deps chromium firefox webkit	2026-09-18T10:41:39.3287539Z |■■■■■■■■■■■■■■■■■■■■■■■■■■■■■■■■■■■■■■■■■■■■■■■■■■■■■■■■                        |  70% of 2.3 MiB
shsh-check	Run pnpm exec playwright install --with-deps chromium firefox webkit	2026-09-18T10:41:39.3336198Z |■■■■■■■■■■■■■■■■■■■■■■■■■■■■■■■■■■■■■■■■■■■■■■■■■■■■■■■■■■■■■■■■                |  80% of 2.3 MiB
shsh-check	Run pnpm exec playwright install --with-deps chromium firefox webkit	2026-09-18T10:41:39.3341961Z |■■■■■■■■■■■■■■■■■■■■■■■■■■■■■■■■■■■■■■■■■■■■■■■■■■■■■■■■■■■■■■■■■■■■■■■■        |  90% of 2.3 MiB
shsh-check	Run pnpm exec playwright install --with-deps chromium firefox webkit	2026-09-18T10:41:39.3350312Z |■■■■■■■■■■■■■■■■■■■■■■■■■■■■■■■■■■■■■■■■■■■■■■■■■■■■■■■■■■■■■■■■■■■■■■■■■■■■■■■■| 100% of 2.3 MiB
shsh-check	Run pnpm exec playwright install --with-deps chromium firefox webkit	2026-09-18T10:41:39.3848672Z FFmpeg (playwright ffmpeg v1011) downloaded to /home/runner/.cache/ms-playwright/ffmpeg-1011
shsh-check	Run pnpm exec playwright install --with-deps chromium firefox webkit	2026-09-18T10:41:39.3851003Z Downloading Chrome Headless Shell 153.0.8010.12 (playwright chromium-headless-shell v1243) from https://cdn.playwright.dev/builds/cft/153.0.8010.12/linux64/chrome-headless-shell-linux64.zip
shsh-check	Run pnpm exec playwright install --with-deps chromium firefox webkit	2026-09-18T10:41:39.7884082Z |                                                                                |   0% of 114.3 MiB
shsh-check	Run pnpm exec playwright install --with-deps chromium firefox webkit	2026-09-18T10:41:39.9311558Z |■■■■■■■■                                                                        |  10% of 114.3 MiB
shsh-check	Run pnpm exec playwright install --with-deps chromium firefox webkit	2026-09-18T10:41:39.9929346Z |■■■■■■■■■■■■■■■■                                                                |  20% of 114.3 MiB
shsh-check	Run pnpm exec playwright install --with-deps chromium firefox webkit	2026-09-18T10:41:40.0371165Z |■■■■■■■■■■■■■■■■■■■■■■■■                                                        |  30% of 114.3 MiB
shsh-check	Run pnpm exec playwright install --with-deps chromium firefox webkit	2026-09-18T10:41:40.0881158Z |■■■■■■■■■■■■■■■■■■■■■■■■■■■■■■■■                                                |  40% of 114.3 MiB
shsh-check	Run pnpm exec playwright install --with-deps chromium firefox webkit	2026-09-18T10:41:40.1373334Z |■■■■■■■■■■■■■■■■■■■■■■■■■■■■■■■■■■■■■■■■                                        |  50% of 114.3 MiB
shsh-check	Run pnpm exec playwright install --with-deps chromium firefox webkit	2026-09-18T10:41:40.1756569Z |■■■■■■■■■■■■■■■■■■■■■■■■■■■■■■■■■■■■■■■■■■■■■■■■                                |  60% of 114.3 MiB
shsh-check	Run pnpm exec playwright install --with-deps chromium firefox webkit	2026-09-18T10:41:40.2405190Z |■■■■■■■■■■■■■■■■■■■■■■■■■■■■■■■■■■■■■■■■■■■■■■■■■■■■■■■■                        |  70% of 114.3 MiB
shsh-check	Run pnpm exec playwright install --with-deps chromium firefox webkit	2026-09-18T10:41:40.2731870Z |■■■■■■■■■■■■■■■■■■■■■■■■■■■■■■■■■■■■■■■■■■■■■■■■■■■■■■■■■■■■■■■■                |  80% of 114.3 MiB
shsh-check	Run pnpm exec playwright install --with-deps chromium firefox webkit	2026-09-18T10:41:40.3012867Z |■■■■■■■■■■■■■■■■■■■■■■■■■■■■■■■■■■■■■■■■■■■■■■■■■■■■■■■■■■■■■■■■■■■■■■■■        |  90% of 114.3 MiB
shsh-check	Run pnpm exec playwright install --with-deps chromium firefox webkit	2026-09-18T10:41:40.3519713Z |■■■■■■■■■■■■■■■■■■■■■■■■■■■■■■■■■■■■■■■■■■■■■■■■■■■■■■■■■■■■■■■■■■■■■■■■■■■■■■■■| 100% of 114.3 MiB
shsh-check	Run pnpm exec playwright install --with-deps chromium firefox webkit	2026-09-18T10:41:42.5096061Z Chrome Headless Shell 153.0.8010.12 (playwright chromium-headless-shell v1243) downloaded to /home/runner/.cache/ms-playwright/chromium_headless_shell-1243
shsh-check	Run pnpm exec playwright install --with-deps chromium firefox webkit	2026-09-18T10:41:42.5098659Z Downloading Firefox 155.0 (playwright firefox v1543) from https://cdn.playwright.dev/dbazure/download/playwright/builds/firefox/1543/firefox-ubuntu-24.04.zip
shsh-check	Run pnpm exec playwright install --with-deps chromium firefox webkit	2026-09-18T10:41:42.8619753Z |                                                                                |   0% of 109.5 MiB
shsh-check	Run pnpm exec playwright install --with-deps chromium firefox webkit	2026-09-18T10:41:42.9598081Z |■■■■■■■■                                                                        |  10% of 109.5 MiB
shsh-check	Run pnpm exec playwright install --with-deps chromium firefox webkit	2026-09-18T10:41:43.0279395Z |■■■■■■■■■■■■■■■■                                                                |  20% of 109.5 MiB
shsh-check	Run pnpm exec playwright install --with-deps chromium firefox webkit	2026-09-18T10:41:43.0653649Z |■■■■■■■■■■■■■■■■■■■■■■■■                                                        |  30% of 109.5 MiB
shsh-check	Run pnpm exec playwright install --with-deps chromium firefox webkit	2026-09-18T10:41:43.1123490Z |■■■■■■■■■■■■■■■■■■■■■■■■■■■■■■■■                                                |  40% of 109.5 MiB
shsh-check	Run pnpm exec playwright install --with-deps chromium firefox webkit	2026-09-18T10:41:43.1849611Z |■■■■■■■■■■■■■■■■■■■■■■■■■■■■■■■■■■■■■■■■                                        |  50% of 109.5 MiB
shsh-check	Run pnpm exec playwright install --with-deps chromium firefox webkit	2026-09-18T10:41:43.2212676Z |■■■■■■■■■■■■■■■■■■■■■■■■■■■■■■■■■■■■■■■■■■■■■■■■                                |  60% of 109.5 MiB
shsh-check	Run pnpm exec playwright install --with-deps chromium firefox webkit	2026-09-18T10:41:43.2587720Z |■■■■■■■■■■■■■■■■■■■■■■■■■■■■■■■■■■■■■■■■■■■■■■■■■■■■■■■■                        |  70% of 109.5 MiB
shsh-check	Run pnpm exec playwright install --with-deps chromium firefox webkit	2026-09-18T10:41:43.3177800Z |■■■■■■■■■■■■■■■■■■■■■■■■■■■■■■■■■■■■■■■■■■■■■■■■■■■■■■■■■■■■■■■■                |  80% of 109.5 MiB
shsh-check	Run pnpm exec playwright install --with-deps chromium firefox webkit	2026-09-18T10:41:43.3531015Z |■■■■■■■■■■■■■■■■■■■■■■■■■■■■■■■■■■■■■■■■■■■■■■■■■■■■■■■■■■■■■■■■■■■■■■■■        |  90% of 109.5 MiB
shsh-check	Run pnpm exec playwright install --with-deps chromium firefox webkit	2026-09-18T10:41:43.3871097Z |■■■■■■■■■■■■■■■■■■■■■■■■■■■■■■■■■■■■■■■■■■■■■■■■■■■■■■■■■■■■■■■■■■■■■■■■■■■■■■■■| 100% of 109.5 MiB
shsh-check	Run pnpm exec playwright install --with-deps chromium firefox webkit	2026-09-18T10:41:45.4838444Z Firefox 155.0 (playwright firefox v1543) downloaded to /home/runner/.cache/ms-playwright/firefox-1543
shsh-check	Run pnpm exec playwright install --with-deps chromium firefox webkit	2026-09-18T10:41:45.4845325Z Downloading WebKit 26.6 (playwright webkit v2359) from https://cdn.playwright.dev/dbazure/download/playwright/builds/webkit/2359/webkit-ubuntu-24.04.zip
shsh-check	Run pnpm exec playwright install --with-deps chromium firefox webkit	2026-09-18T10:41:45.8308290Z |                                                                                |   0% of 102.3 MiB
shsh-check	Run pnpm exec playwright install --with-deps chromium firefox webkit	2026-09-18T10:41:45.9110377Z |■■■■■■■■                                                                        |  10% of 102.3 MiB
shsh-check	Run pnpm exec playwright install --with-deps chromium firefox webkit	2026-09-18T10:41:45.9921532Z |■■■■■■■■■■■■■■■■                                                                |  20% of 102.3 MiB
shsh-check	Run pnpm exec playwright install --with-deps chromium firefox webkit	2026-09-18T10:41:46.0835991Z |■■■■■■■■■■■■■■■■■■■■■■■■                                                        |  30% of 102.3 MiB
shsh-check	Run pnpm exec playwright install --with-deps chromium firefox webkit	2026-09-18T10:41:46.1629629Z |■■■■■■■■■■■■■■■■■■■■■■■■■■■■■■■■                                                |  40% of 102.3 MiB
shsh-check	Run pnpm exec playwright install --with-deps chromium firefox webkit	2026-09-18T10:41:46.2428649Z |■■■■■■■■■■■■■■■■■■■■■■■■■■■■■■■■■■■■■■■■                                        |  50% of 102.3 MiB
shsh-check	Run pnpm exec playwright install --with-deps chromium firefox webkit	2026-09-18T10:41:46.2976481Z |■■■■■■■■■■■■■■■■■■■■■■■■■■■■■■■■■■■■■■■■■■■■■■■■                                |  60% of 102.3 MiB
shsh-check	Run pnpm exec playwright install --with-deps chromium firefox webkit	2026-09-18T10:41:46.3689736Z |■■■■■■■■■■■■■■■■■■■■■■■■■■■■■■■■■■■■■■■■■■■■■■■■■■■■■■■■                        |  70% of 102.3 MiB
shsh-check	Run pnpm exec playwright install --with-deps chromium firefox webkit	2026-09-18T10:41:46.4532377Z |■■■■■■■■■■■■■■■■■■■■■■■■■■■■■■■■■■■■■■■■■■■■■■■■■■■■■■■■■■■■■■■■                |  80% of 102.3 MiB
shsh-check	Run pnpm exec playwright install --with-deps chromium firefox webkit	2026-09-18T10:41:46.5048424Z |■■■■■■■■■■■■■■■■■■■■■■■■■■■■■■■■■■■■■■■■■■■■■■■■■■■■■■■■■■■■■■■■■■■■■■■■        |  90% of 102.3 MiB
shsh-check	Run pnpm exec playwright install --with-deps chromium firefox webkit	2026-09-18T10:41:46.5910590Z |■■■■■■■■■■■■■■■■■■■■■■■■■■■■■■■■■■■■■■■■■■■■■■■■■■■■■■■■■■■■■■■■■■■■■■■■■■■■■■■■| 100% of 102.3 MiB
shsh-check	Run pnpm exec playwright install --with-deps chromium firefox webkit	2026-09-18T10:41:48.4667867Z WebKit 26.6 (playwright webkit v2359) downloaded to /home/runner/.cache/ms-playwright/webkit-2359
shsh-check	Verify theme, migrated output and browser behavior	﻿2026-09-18T10:41:48.7469777Z ##[group]Run mkdir -p .cache/ci
shsh-check	Verify theme, migrated output and browser behavior	2026-09-18T10:41:48.7470104Z ^[[36;1mmkdir -p .cache/ci^[[0m
shsh-check	Verify theme, migrated output and browser behavior	2026-09-18T10:41:48.7470339Z ^[[36;1mstart=$(date +%s)^[[0m
shsh-check	Verify theme, migrated output and browser behavior	2026-09-18T10:41:48.7470680Z ^[[36;1mset +e^[[0m
shsh-check	Verify theme, migrated output and browser behavior	2026-09-18T10:41:48.7470923Z ^[[36;1mpnpm check 2>&1 | tee .cache/ci/check.log^[[0m
shsh-check	Verify theme, migrated output and browser behavior	2026-09-18T10:41:48.7471228Z ^[[36;1mresult=${PIPESTATUS[0]}^[[0m
shsh-check	Verify theme, migrated output and browser behavior	2026-09-18T10:41:48.7471572Z ^[[36;1mprintf '%s\n' "$(( $(date +%s) - start ))" > .cache/ci/seconds.txt^[[0m
shsh-check	Verify theme, migrated output and browser behavior	2026-09-18T10:41:48.7471923Z ^[[36;1mexit "$result"^[[0m
shsh-check	Verify theme, migrated output and browser behavior	2026-09-18T10:41:48.7494080Z shell: /usr/bin/bash --noprofile --norc -e -o pipefail {0}
shsh-check	Verify theme, migrated output and browser behavior	2026-09-18T10:41:48.7494422Z env:
shsh-check	Verify theme, migrated output and browser behavior	2026-09-18T10:41:48.7494670Z   PNPM_HOME: /home/runner/setup-pnpm/node_modules/.bin
shsh-check	Verify theme, migrated output and browser behavior	2026-09-18T10:41:48.7495195Z ##[endgroup]
shsh-check	Verify theme, migrated output and browser behavior	2026-09-18T10:41:48.7682058Z $ pnpm format:check && pnpm lint && pnpm lint:css && pnpm check:progress && pnpm check:tooling && pnpm build:fixtures && pnpm check:theme && pnpm check:collections && pnpm check:prose && pnpm check:media && pnpm check:sharing && pnpm check:metadata && pnpm build:review && pnpm build:full-review && pnpm build:site-fixture && pnpm check:site-inputs && pnpm check:site-output && pnpm test
shsh-check	Verify theme, migrated output and browser behavior	2026-09-18T10:41:48.7813841Z $ node scripts/format.mjs
shsh-check	Verify theme, migrated output and browser behavior	2026-09-18T10:41:48.8981402Z Checking formatting...
shsh-check	Verify theme, migrated output and browser behavior	2026-09-18T10:41:48.8982018Z
shsh-check	Verify theme, migrated output and browser behavior	2026-09-18T10:41:50.0131893Z All matched files use the correct format.
shsh-check	Verify theme, migrated output and browser behavior	2026-09-18T10:41:50.0132407Z Finished in 1114ms on 224 files using 4 threads.
shsh-check	Verify theme, migrated output and browser behavior	2026-09-18T10:41:50.8120525Z Go templates: 58 checked, 0 differ.
shsh-check	Verify theme, migrated output and browser behavior	2026-09-18T10:41:50.8327307Z $ oxlint --type-aware --type-check --deny-warnings scripts tests assets playwright.config.ts
shsh-check	Verify theme, migrated output and browser behavior	2026-09-18T10:41:51.3141444Z Found 0 warnings and 0 errors.
shsh-check	Verify theme, migrated output and browser behavior	2026-09-18T10:41:51.3142154Z Finished in 447ms on 42 files with 112 rules using 4 threads.
shsh-check	Verify theme, migrated output and browser behavior	2026-09-18T10:41:51.3305570Z $ stylelint "assets/css/**/*.css" "tests/fixtures/**/*.css" --allow-empty-input
shsh-check	Verify theme, migrated output and browser behavior	2026-09-18T10:41:51.9481401Z $ node scripts/verify-progress.mjs
shsh-check	Verify theme, migrated output and browser behavior	2026-09-18T10:41:52.2177928Z Progress valid: 45 tasks; requirements Q1–Q34; discipline Q1–Q9; references and DAG checked. Human evidence still requires review.
shsh-check	Verify theme, migrated output and browser behavior	2026-09-18T10:41:52.2378283Z $ node --experimental-strip-types scripts/verify-tooling.ts
shsh-check	Verify theme, migrated output and browser behavior	2026-09-18T10:41:53.1465773Z Toolchain probes passed. Hugo/formatter output is ready for three-engine browser comparison.
shsh-check	Verify theme, migrated output and browser behavior	2026-09-18T10:41:53.1470500Z { hugo_before_ms: 50, template_format_ms: 95, hugo_after_ms: 50 }
shsh-check	Verify theme, migrated output and browser behavior	2026-09-18T10:41:53.1723245Z $ node scripts/build-fixtures.ts
shsh-check	Verify theme, migrated output and browser behavior	2026-09-18T10:41:53.2901321Z Start building sites …
shsh-check	Verify theme, migrated output and browser behavior	2026-09-18T10:41:53.2921465Z hugo v0.166.0-78400b4de8adc99273d3e674ed6c4d14c3bdf669 linux/amd64 BuildDate=2026-09-09T14:45:02Z VendorInfo=gohugoio
shsh-check	Verify theme, migrated output and browser behavior	2026-09-18T10:41:53.2922083Z
shsh-check	Verify theme, migrated output and browser behavior	2026-09-18T10:41:53.3625868Z
shsh-check	Verify theme, migrated output and browser behavior	2026-09-18T10:41:53.3627180Z                   │ JA
shsh-check	Verify theme, migrated output and browser behavior	2026-09-18T10:41:53.3627794Z ──────────────────┼────
shsh-check	Verify theme, migrated output and browser behavior	2026-09-18T10:41:53.3629059Z  Pages            │ 16
shsh-check	Verify theme, migrated output and browser behavior	2026-09-18T10:41:53.3629551Z  Paginator pages  │  4
shsh-check	Verify theme, migrated output and browser behavior	2026-09-18T10:41:53.3629841Z  Non-page files   │  0
shsh-check	Verify theme, migrated output and browser behavior	2026-09-18T10:41:53.3630095Z  Static files     │  0
shsh-check	Verify theme, migrated output and browser behavior	2026-09-18T10:41:53.3630382Z  Processed images │  0
shsh-check	Verify theme, migrated output and browser behavior	2026-09-18T10:41:53.3630630Z  Aliases          │  2
shsh-check	Verify theme, migrated output and browser behavior	2026-09-18T10:41:53.3630867Z  Cleaned          │  0
shsh-check	Verify theme, migrated output and browser behavior	2026-09-18T10:41:53.3631021Z
shsh-check	Verify theme, migrated output and browser behavior	2026-09-18T10:41:53.3631116Z Total in 78 ms
shsh-check	Verify theme, migrated output and browser behavior	2026-09-18T10:41:53.3974947Z Start building sites …
shsh-check	Verify theme, migrated output and browser behavior	2026-09-18T10:41:53.3975762Z hugo v0.166.0-78400b4de8adc99273d3e674ed6c4d14c3bdf669 linux/amd64 BuildDate=2026-09-09T14:45:02Z VendorInfo=gohugoio
shsh-check	Verify theme, migrated output and browser behavior	2026-09-18T10:41:53.3976194Z
shsh-check	Verify theme, migrated output and browser behavior	2026-09-18T10:41:53.4568954Z
shsh-check	Verify theme, migrated output and browser behavior	2026-09-18T10:41:53.4572784Z                   │ JA
shsh-check	Verify theme, migrated output and browser behavior	2026-09-18T10:41:53.4573355Z ──────────────────┼────
shsh-check	Verify theme, migrated output and browser behavior	2026-09-18T10:41:53.4573703Z  Pages            │ 16
shsh-check	Verify theme, migrated output and browser behavior	2026-09-18T10:41:53.4574021Z  Paginator pages  │  4
shsh-check	Verify theme, migrated output and browser behavior	2026-09-18T10:41:53.4574338Z  Non-page files   │  0
shsh-check	Verify theme, migrated output and browser behavior	2026-09-18T10:41:53.4574651Z  Static files     │  0
shsh-check	Verify theme, migrated output and browser behavior	2026-09-18T10:41:53.4575225Z  Processed images │  0
shsh-check	Verify theme, migrated output and browser behavior	2026-09-18T10:41:53.4575596Z  Aliases          │  2
shsh-check	Verify theme, migrated output and browser behavior	2026-09-18T10:41:53.4575847Z  Cleaned          │  0
shsh-check	Verify theme, migrated output and browser behavior	2026-09-18T10:41:53.4575981Z
shsh-check	Verify theme, migrated output and browser behavior	2026-09-18T10:41:53.4576291Z Total in 60 ms
shsh-check	Verify theme, migrated output and browser behavior	2026-09-18T10:41:53.4957740Z Start building sites …
shsh-check	Verify theme, migrated output and browser behavior	2026-09-18T10:41:53.4959091Z hugo v0.166.0-78400b4de8adc99273d3e674ed6c4d14c3bdf669 linux/amd64 BuildDate=2026-09-09T14:45:02Z VendorInfo=gohugoio
shsh-check	Verify theme, migrated output and browser behavior	2026-09-18T10:41:53.4960275Z
shsh-check	Verify theme, migrated output and browser behavior	2026-09-18T10:41:53.5548452Z
shsh-check	Verify theme, migrated output and browser behavior	2026-09-18T10:41:53.5550619Z                   │ JA
shsh-check	Verify theme, migrated output and browser behavior	2026-09-18T10:41:53.5551033Z ──────────────────┼────
shsh-check	Verify theme, migrated output and browser behavior	2026-09-18T10:41:53.5551321Z  Pages            │ 16
shsh-check	Verify theme, migrated output and browser behavior	2026-09-18T10:41:53.5551580Z  Paginator pages  │  4
shsh-check	Verify theme, migrated output and browser behavior	2026-09-18T10:41:53.5551842Z  Non-page files   │  0
shsh-check	Verify theme, migrated output and browser behavior	2026-09-18T10:41:53.5552095Z  Static files     │  0
shsh-check	Verify theme, migrated output and browser behavior	2026-09-18T10:41:53.5552351Z  Processed images │  0
shsh-check	Verify theme, migrated output and browser behavior	2026-09-18T10:41:53.5552599Z  Aliases          │  2
shsh-check	Verify theme, migrated output and browser behavior	2026-09-18T10:41:53.5552846Z  Cleaned          │  0
shsh-check	Verify theme, migrated output and browser behavior	2026-09-18T10:41:53.5552979Z
shsh-check	Verify theme, migrated output and browser behavior	2026-09-18T10:41:53.5553076Z Total in 60 ms
shsh-check	Verify theme, migrated output and browser behavior	2026-09-18T10:41:53.5741604Z $ node scripts/verify-theme.ts
shsh-check	Verify theme, migrated output and browser behavior	2026-09-18T10:41:55.3472235Z Theme foundation: HTML, production/preview/development assets, invalid configuration and minimal alternative site passed.
shsh-check	Verify theme, migrated output and browser behavior	2026-09-18T10:41:55.3715259Z $ node scripts/verify-collections.ts
shsh-check	Verify theme, migrated output and browser behavior	2026-09-18T10:41:57.0004041Z Collections: empty/single/default10/custom2, UTC ties, mainSections, publication filters, summaries, dates and invalid inputs passed.
shsh-check	Verify theme, migrated output and browser behavior	2026-09-18T10:41:57.0768357Z Discovery: local year/month, all-section order, tie navigation, fixed-page exclusion, original term case and HTML/feed title consistency passed.
shsh-check	Verify theme, migrated output and browser behavior	2026-09-18T10:41:57.0941129Z $ node scripts/verify-prose.ts
shsh-check	Verify theme, migrated output and browser behavior	2026-09-18T10:41:57.7549269Z Prose: date fallback/day boundaries/visibility/types, legal footnote IDs, full real article HTML and native heading IDs passed.
shsh-check	Verify theme, migrated output and browser behavior	2026-09-18T10:41:57.7761818Z $ node scripts/verify-media.ts
shsh-check	Verify theme, migrated output and browser behavior	2026-09-18T10:41:58.0023783Z Start building sites …
shsh-check	Verify theme, migrated output and browser behavior	2026-09-18T10:41:58.0025237Z hugo v0.166.0-78400b4de8adc99273d3e674ed6c4d14c3bdf669 linux/amd64 BuildDate=2026-09-09T14:45:02Z VendorInfo=gohugoio
shsh-check	Verify theme, migrated output and browser behavior	2026-09-18T10:41:58.0025943Z
shsh-check	Verify theme, migrated output and browser behavior	2026-09-18T10:42:05.2758739Z
shsh-check	Verify theme, migrated output and browser behavior	2026-09-18T10:42:05.2776149Z                   │ JA
shsh-check	Verify theme, migrated output and browser behavior	2026-09-18T10:42:05.2805628Z ──────────────────┼────
shsh-check	Verify theme, migrated output and browser behavior	2026-09-18T10:42:05.2806113Z  Pages            │ 15
shsh-check	Verify theme, migrated output and browser behavior	2026-09-18T10:42:05.2806562Z  Paginator pages  │  2
shsh-check	Verify theme, migrated output and browser behavior	2026-09-18T10:42:05.2807092Z  Non-page files   │ 13
shsh-check	Verify theme, migrated output and browser behavior	2026-09-18T10:42:05.2807515Z  Static files     │  4
shsh-check	Verify theme, migrated output and browser behavior	2026-09-18T10:42:05.2807907Z  Processed images │ 46
shsh-check	Verify theme, migrated output and browser behavior	2026-09-18T10:42:05.2808156Z  Aliases          │  2
shsh-check	Verify theme, migrated output and browser behavior	2026-09-18T10:42:05.2808396Z  Cleaned          │  0
shsh-check	Verify theme, migrated output and browser behavior	2026-09-18T10:42:05.2808531Z
shsh-check	Verify theme, migrated output and browser behavior	2026-09-18T10:42:05.2808628Z Total in 7274 ms
shsh-check	Verify theme, migrated output and browser behavior	2026-09-18T10:42:05.3184065Z Start building sites …
shsh-check	Verify theme, migrated output and browser behavior	2026-09-18T10:42:05.3185696Z hugo v0.166.0-78400b4de8adc99273d3e674ed6c4d14c3bdf669 linux/amd64 BuildDate=2026-09-09T14:45:02Z VendorInfo=gohugoio
shsh-check	Verify theme, migrated output and browser behavior	2026-09-18T10:42:05.3186850Z
shsh-check	Verify theme, migrated output and browser behavior	2026-09-18T10:42:05.3929887Z
shsh-check	Verify theme, migrated output and browser behavior	2026-09-18T10:42:05.3931326Z                   │ JA
shsh-check	Verify theme, migrated output and browser behavior	2026-09-18T10:42:05.3931847Z ──────────────────┼────
shsh-check	Verify theme, migrated output and browser behavior	2026-09-18T10:42:05.3932279Z  Pages            │ 15
shsh-check	Verify theme, migrated output and browser behavior	2026-09-18T10:42:05.3932721Z  Paginator pages  │  2
shsh-check	Verify theme, migrated output and browser behavior	2026-09-18T10:42:05.3933157Z  Non-page files   │ 13
shsh-check	Verify theme, migrated output and browser behavior	2026-09-18T10:42:05.3933623Z  Static files     │  4
shsh-check	Verify theme, migrated output and browser behavior	2026-09-18T10:42:05.3934055Z  Processed images │ 46
shsh-check	Verify theme, migrated output and browser behavior	2026-09-18T10:42:05.3934482Z  Aliases          │  2
shsh-check	Verify theme, migrated output and browser behavior	2026-09-18T10:42:05.3935031Z  Cleaned          │  0
shsh-check	Verify theme, migrated output and browser behavior	2026-09-18T10:42:05.3935303Z
shsh-check	Verify theme, migrated output and browser behavior	2026-09-18T10:42:05.3935452Z Total in 75 ms
shsh-check	Verify theme, migrated output and browser behavior	2026-09-18T10:42:07.0819710Z Media: production/preview HTML, unchanged original media, unavailable external URL and invalid inputs passed.
shsh-check	Verify theme, migrated output and browser behavior	2026-09-18T10:42:07.1055499Z $ node scripts/verify-sharing.ts
shsh-check	Verify theme, migrated output and browser behavior	2026-09-18T10:42:08.3703831Z Sharing: defaults, ordered services, fixed pages/posts, escaped title/URLs, author setting, invalid inputs and preview isolation passed.
shsh-check	Verify theme, migrated output and browser behavior	2026-09-18T10:42:08.3918040Z $ node scripts/verify-metadata.ts
shsh-check	Verify theme, migrated output and browser behavior	2026-09-18T10:42:13.2158171Z Metadata fixtures: all HTML valid; asset/static/external defaults, bundle isolation, input failures, preview and empty feed built. XML/head assertions run in metadata.spec.ts.
shsh-check	Verify theme, migrated output and browser behavior	2026-09-18T10:42:13.2532230Z $ node scripts/build-review-fixture.ts
shsh-check	Verify theme, migrated output and browser behavior	2026-09-18T10:42:13.4056225Z Start building sites …
shsh-check	Verify theme, migrated output and browser behavior	2026-09-18T10:42:13.4058241Z hugo v0.166.0-78400b4de8adc99273d3e674ed6c4d14c3bdf669 linux/amd64 BuildDate=2026-09-09T14:45:02Z VendorInfo=gohugoio
shsh-check	Verify theme, migrated output and browser behavior	2026-09-18T10:42:13.4059475Z
shsh-check	Verify theme, migrated output and browser behavior	2026-09-18T10:42:28.4211498Z
shsh-check	Verify theme, migrated output and browser behavior	2026-09-18T10:42:28.4213006Z                   │ JA
shsh-check	Verify theme, migrated output and browser behavior	2026-09-18T10:42:28.4213566Z ──────────────────┼────
shsh-check	Verify theme, migrated output and browser behavior	2026-09-18T10:42:28.4214311Z  Pages            │ 46
shsh-check	Verify theme, migrated output and browser behavior	2026-09-18T10:42:28.4226103Z  Paginator pages  │  5
shsh-check	Verify theme, migrated output and browser behavior	2026-09-18T10:42:28.4226601Z  Non-page files   │  6
shsh-check	Verify theme, migrated output and browser behavior	2026-09-18T10:42:28.4226885Z  Static files     │  0
shsh-check	Verify theme, migrated output and browser behavior	2026-09-18T10:42:28.4227265Z  Processed images │ 54
shsh-check	Verify theme, migrated output and browser behavior	2026-09-18T10:42:28.4227653Z  Aliases          │ 15
shsh-check	Verify theme, migrated output and browser behavior	2026-09-18T10:42:28.4228009Z  Cleaned          │  0
shsh-check	Verify theme, migrated output and browser behavior	2026-09-18T10:42:28.4228208Z
shsh-check	Verify theme, migrated output and browser behavior	2026-09-18T10:42:28.4228386Z Total in 15017 ms
shsh-check	Verify theme, migrated output and browser behavior	2026-09-18T10:42:28.4597848Z Start building sites …
shsh-check	Verify theme, migrated output and browser behavior	2026-09-18T10:42:28.4598767Z hugo v0.166.0-78400b4de8adc99273d3e674ed6c4d14c3bdf669 linux/amd64 BuildDate=2026-09-09T14:45:02Z VendorInfo=gohugoio
shsh-check	Verify theme, migrated output and browser behavior	2026-09-18T10:42:28.4599219Z
shsh-check	Verify theme, migrated output and browser behavior	2026-09-18T10:42:28.5734416Z
shsh-check	Verify theme, migrated output and browser behavior	2026-09-18T10:42:28.5736439Z                   │ JA
shsh-check	Verify theme, migrated output and browser behavior	2026-09-18T10:42:28.5736955Z ──────────────────┼────
shsh-check	Verify theme, migrated output and browser behavior	2026-09-18T10:42:28.5737229Z  Pages            │ 46
shsh-check	Verify theme, migrated output and browser behavior	2026-09-18T10:42:28.5737532Z  Paginator pages  │  5
shsh-check	Verify theme, migrated output and browser behavior	2026-09-18T10:42:28.5737784Z  Non-page files   │  6
shsh-check	Verify theme, migrated output and browser behavior	2026-09-18T10:42:28.5738036Z  Static files     │  0
shsh-check	Verify theme, migrated output and browser behavior	2026-09-18T10:42:28.5738286Z  Processed images │ 54
shsh-check	Verify theme, migrated output and browser behavior	2026-09-18T10:42:28.5738529Z  Aliases          │ 15
shsh-check	Verify theme, migrated output and browser behavior	2026-09-18T10:42:28.5738767Z  Cleaned          │  0
shsh-check	Verify theme, migrated output and browser behavior	2026-09-18T10:42:28.5738901Z
shsh-check	Verify theme, migrated output and browser behavior	2026-09-18T10:42:28.5738994Z Total in 115 ms
shsh-check	Verify theme, migrated output and browser behavior	2026-09-18T10:42:28.5936089Z $ node scripts/build-full-review.ts
shsh-check	Verify theme, migrated output and browser behavior	2026-09-18T10:42:28.8262700Z Start building sites …
shsh-check	Verify theme, migrated output and browser behavior	2026-09-18T10:42:28.8264124Z hugo v0.166.0-78400b4de8adc99273d3e674ed6c4d14c3bdf669 linux/amd64 BuildDate=2026-09-09T14:45:02Z VendorInfo=gohugoio
shsh-check	Verify theme, migrated output and browser behavior	2026-09-18T10:42:28.8265005Z
shsh-check	Verify theme, migrated output and browser behavior	2026-09-18T10:42:28.9292296Z
shsh-check	Verify theme, migrated output and browser behavior	2026-09-18T10:42:28.9294321Z                   │ JA
shsh-check	Verify theme, migrated output and browser behavior	2026-09-18T10:42:28.9295005Z ──────────────────┼────
shsh-check	Verify theme, migrated output and browser behavior	2026-09-18T10:42:28.9295338Z  Pages            │ 24
shsh-check	Verify theme, migrated output and browser behavior	2026-09-18T10:42:28.9295650Z  Paginator pages  │  8
shsh-check	Verify theme, migrated output and browser behavior	2026-09-18T10:42:28.9295906Z  Non-page files   │  6
shsh-check	Verify theme, migrated output and browser behavior	2026-09-18T10:42:28.9296150Z  Static files     │  0
shsh-check	Verify theme, migrated output and browser behavior	2026-09-18T10:42:28.9296412Z  Processed images │ 54
shsh-check	Verify theme, migrated output and browser behavior	2026-09-18T10:42:28.9296655Z  Aliases          │  4
shsh-check	Verify theme, migrated output and browser behavior	2026-09-18T10:42:28.9296893Z  Cleaned          │  0
shsh-check	Verify theme, migrated output and browser behavior	2026-09-18T10:42:28.9297026Z
shsh-check	Verify theme, migrated output and browser behavior	2026-09-18T10:42:28.9297125Z Total in 104 ms
shsh-check	Verify theme, migrated output and browser behavior	2026-09-18T10:42:28.9712708Z Start building sites …
shsh-check	Verify theme, migrated output and browser behavior	2026-09-18T10:42:28.9713722Z hugo v0.166.0-78400b4de8adc99273d3e674ed6c4d14c3bdf669 linux/amd64 BuildDate=2026-09-09T14:45:02Z VendorInfo=gohugoio
shsh-check	Verify theme, migrated output and browser behavior	2026-09-18T10:42:28.9714159Z
shsh-check	Verify theme, migrated output and browser behavior	2026-09-18T10:42:29.0375148Z
shsh-check	Verify theme, migrated output and browser behavior	2026-09-18T10:42:29.0377258Z                   │ JA
shsh-check	Verify theme, migrated output and browser behavior	2026-09-18T10:42:29.0377872Z ──────────────────┼────
shsh-check	Verify theme, migrated output and browser behavior	2026-09-18T10:42:29.0378301Z  Pages            │ 15
shsh-check	Verify theme, migrated output and browser behavior	2026-09-18T10:42:29.0378718Z  Paginator pages  │  0
shsh-check	Verify theme, migrated output and browser behavior	2026-09-18T10:42:29.0379139Z  Non-page files   │  0
shsh-check	Verify theme, migrated output and browser behavior	2026-09-18T10:42:29.0379563Z  Static files     │  0
shsh-check	Verify theme, migrated output and browser behavior	2026-09-18T10:42:29.0380005Z  Processed images │ 15
shsh-check	Verify theme, migrated output and browser behavior	2026-09-18T10:42:29.0380488Z  Aliases          │  2
shsh-check	Verify theme, migrated output and browser behavior	2026-09-18T10:42:29.0380911Z  Cleaned          │  0
shsh-check	Verify theme, migrated output and browser behavior	2026-09-18T10:42:29.0381141Z
shsh-check	Verify theme, migrated output and browser behavior	2026-09-18T10:42:29.0381309Z Total in 67 ms
shsh-check	Verify theme, migrated output and browser behavior	2026-09-18T10:42:29.0792394Z Start building sites …
shsh-check	Verify theme, migrated output and browser behavior	2026-09-18T10:42:29.0793630Z hugo v0.166.0-78400b4de8adc99273d3e674ed6c4d14c3bdf669 linux/amd64 BuildDate=2026-09-09T14:45:02Z VendorInfo=gohugoio
shsh-check	Verify theme, migrated output and browser behavior	2026-09-18T10:42:29.0794375Z
shsh-check	Verify theme, migrated output and browser behavior	2026-09-18T10:42:29.1460855Z
shsh-check	Verify theme, migrated output and browser behavior	2026-09-18T10:42:29.1462635Z                   │ JA
shsh-check	Verify theme, migrated output and browser behavior	2026-09-18T10:42:29.1463219Z ──────────────────┼────
shsh-check	Verify theme, migrated output and browser behavior	2026-09-18T10:42:29.1463669Z  Pages            │ 16
shsh-check	Verify theme, migrated output and browser behavior	2026-09-18T10:42:29.1464114Z  Paginator pages  │  0
shsh-check	Verify theme, migrated output and browser behavior	2026-09-18T10:42:29.1464585Z  Non-page files   │  0
shsh-check	Verify theme, migrated output and browser behavior	2026-09-18T10:42:29.1465163Z  Static files     │  0
shsh-check	Verify theme, migrated output and browser behavior	2026-09-18T10:42:29.1465545Z  Processed images │ 15
shsh-check	Verify theme, migrated output and browser behavior	2026-09-18T10:42:29.1465800Z  Aliases          │  2
shsh-check	Verify theme, migrated output and browser behavior	2026-09-18T10:42:29.1466042Z  Cleaned          │  0
shsh-check	Verify theme, migrated output and browser behavior	2026-09-18T10:42:29.1466170Z
shsh-check	Verify theme, migrated output and browser behavior	2026-09-18T10:42:29.1466263Z Total in 68 ms
shsh-check	Verify theme, migrated output and browser behavior	2026-09-18T10:42:29.1496570Z Full review: 40 frozen product screens mapped; specimen stays in representative suite.
shsh-check	Verify theme, migrated output and browser behavior	2026-09-18T10:42:30.9069528Z Full review HTML: all production, preview and boundary fixture pages valid.
shsh-check	Verify theme, migrated output and browser behavior	2026-09-18T10:42:30.9325179Z $ node scripts/build-site-fixture.ts
shsh-check	Verify theme, migrated output and browser behavior	2026-09-18T10:42:49.2232745Z {
shsh-check	Verify theme, migrated output and browser behavior	2026-09-18T10:42:49.2233284Z   "command": [
shsh-check	Verify theme, migrated output and browser behavior	2026-09-18T10:42:49.2233697Z     "hugo",
shsh-check	Verify theme, migrated output and browser behavior	2026-09-18T10:42:49.2234146Z     "--source",
shsh-check	Verify theme, migrated output and browser behavior	2026-09-18T10:42:49.2235001Z     "/home/runner/work/shimoju.jp/shimoju.jp/themes/shsh/.cache/site/source",
shsh-check	Verify theme, migrated output and browser behavior	2026-09-18T10:42:49.2235820Z     "--themesDir",
shsh-check	Verify theme, migrated output and browser behavior	2026-09-18T10:42:49.2236285Z     "/home/runner/work/shimoju.jp/shimoju.jp/themes",
shsh-check	Verify theme, migrated output and browser behavior	2026-09-18T10:42:49.2236846Z     "--destination",
shsh-check	Verify theme, migrated output and browser behavior	2026-09-18T10:42:49.2237543Z     "/home/runner/work/shimoju.jp/shimoju.jp/themes/shsh/.cache/site/production",
shsh-check	Verify theme, migrated output and browser behavior	2026-09-18T10:42:49.2238299Z     "--cacheDir",
shsh-check	Verify theme, migrated output and browser behavior	2026-09-18T10:42:49.2239027Z     "/home/runner/work/shimoju.jp/shimoju.jp/themes/shsh/.cache/site/hugo-cache",
shsh-check	Verify theme, migrated output and browser behavior	2026-09-18T10:42:49.2239793Z     "--environment",
shsh-check	Verify theme, migrated output and browser behavior	2026-09-18T10:42:49.2240238Z     "production",
shsh-check	Verify theme, migrated output and browser behavior	2026-09-18T10:42:49.2240615Z     "--clock",
shsh-check	Verify theme, migrated output and browser behavior	2026-09-18T10:42:49.2241026Z     "2026-09-17T12:00:00+09:00",
shsh-check	Verify theme, migrated output and browser behavior	2026-09-18T10:42:49.2241559Z     "--cleanDestinationDir",
shsh-check	Verify theme, migrated output and browser behavior	2026-09-18T10:42:49.2242035Z     "--panicOnWarning"
shsh-check	Verify theme, migrated output and browser behavior	2026-09-18T10:42:49.2242418Z   ],
shsh-check	Verify theme, migrated output and browser behavior	2026-09-18T10:42:49.2242758Z   "live": false,
shsh-check	Verify theme, migrated output and browser behavior	2026-09-18T10:42:49.2243171Z   "environment": "production",
shsh-check	Verify theme, migrated output and browser behavior	2026-09-18T10:42:49.2243594Z   "exitCode": 0,
shsh-check	Verify theme, migrated output and browser behavior	2026-09-18T10:42:49.2243918Z   "seconds": 18.208616681,
shsh-check	Verify theme, migrated output and browser behavior	2026-09-18T10:42:49.2248246Z   "stdout": "Start building sites … \nhugo v0.166.0-78400b4de8adc99273d3e674ed6c4d14c3bdf669 linux/amd64 BuildDate=2026-09-09T14:45:02Z VendorInfo=gohugoio\n\n\n                  │ JA  \n──────────────────┼─────\n Pages            │ 160 \n Paginator pages  │  14 \n Non-page files   │  19 \n Static files     │   6 \n Processed images │ 124 \n Aliases          │  46 \n Cleaned          │   0 \n\nTotal in 18167 ms\n",
shsh-check	Verify theme, migrated output and browser behavior	2026-09-18T10:42:49.2250329Z   "stderr": ""
shsh-check	Verify theme, migrated output and browser behavior	2026-09-18T10:42:49.2250669Z }
shsh-check	Verify theme, migrated output and browser behavior	2026-09-18T10:42:49.5181763Z {
shsh-check	Verify theme, migrated output and browser behavior	2026-09-18T10:42:49.5183528Z   "command": [
shsh-check	Verify theme, migrated output and browser behavior	2026-09-18T10:42:49.5183945Z     "hugo",
shsh-check	Verify theme, migrated output and browser behavior	2026-09-18T10:42:49.5184256Z     "--source",
shsh-check	Verify theme, migrated output and browser behavior	2026-09-18T10:42:49.5184718Z     "/home/runner/work/shimoju.jp/shimoju.jp/themes/shsh/.cache/site/source",
shsh-check	Verify theme, migrated output and browser behavior	2026-09-18T10:42:49.5185291Z     "--themesDir",
shsh-check	Verify theme, migrated output and browser behavior	2026-09-18T10:42:49.5185591Z     "/home/runner/work/shimoju.jp/shimoju.jp/themes",
shsh-check	Verify theme, migrated output and browser behavior	2026-09-18T10:42:49.5185891Z     "--destination",
shsh-check	Verify theme, migrated output and browser behavior	2026-09-18T10:42:49.5186267Z     "/home/runner/work/shimoju.jp/shimoju.jp/themes/shsh/.cache/site/preview",
shsh-check	Verify theme, migrated output and browser behavior	2026-09-18T10:42:49.5186632Z     "--cacheDir",
shsh-check	Verify theme, migrated output and browser behavior	2026-09-18T10:42:49.5186999Z     "/home/runner/work/shimoju.jp/shimoju.jp/themes/shsh/.cache/site/hugo-cache",
shsh-check	Verify theme, migrated output and browser behavior	2026-09-18T10:42:49.5187378Z     "--environment",
shsh-check	Verify theme, migrated output and browser behavior	2026-09-18T10:42:49.5187593Z     "preview",
shsh-check	Verify theme, migrated output and browser behavior	2026-09-18T10:42:49.5187791Z     "--clock",
shsh-check	Verify theme, migrated output and browser behavior	2026-09-18T10:42:49.5188014Z     "2026-09-17T12:00:00+09:00",
shsh-check	Verify theme, migrated output and browser behavior	2026-09-18T10:42:49.5188270Z     "--cleanDestinationDir",
shsh-check	Verify theme, migrated output and browser behavior	2026-09-18T10:42:49.5188535Z     "--panicOnWarning",
shsh-check	Verify theme, migrated output and browser behavior	2026-09-18T10:42:49.5188782Z     "--baseURL",
shsh-check	Verify theme, migrated output and browser behavior	2026-09-18T10:42:49.5189066Z     "https://preview.invalid/"
shsh-check	Verify theme, migrated output and browser behavior	2026-09-18T10:42:49.5189333Z   ],
shsh-check	Verify theme, migrated output and browser behavior	2026-09-18T10:42:49.5189537Z   "live": false,
shsh-check	Verify theme, migrated output and browser behavior	2026-09-18T10:42:49.5189750Z   "environment": "preview",
shsh-check	Verify theme, migrated output and browser behavior	2026-09-18T10:42:49.5190012Z   "exitCode": 0,
shsh-check	Verify theme, migrated output and browser behavior	2026-09-18T10:42:49.5190264Z   "seconds": 0.2944266760000028,
shsh-check	Verify theme, migrated output and browser behavior	2026-09-18T10:42:49.5192339Z   "stdout": "Start building sites … \nhugo v0.166.0-78400b4de8adc99273d3e674ed6c4d14c3bdf669 linux/amd64 BuildDate=2026-09-09T14:45:02Z VendorInfo=gohugoio\n\n\n                  │ JA  \n──────────────────┼─────\n Pages            │ 160 \n Paginator pages  │  14 \n Non-page files   │  19 \n Static files     │   6 \n Processed images │ 124 \n Aliases          │  46 \n Cleaned          │   0 \n\nTotal in 260 ms\n",
shsh-check	Verify theme, migrated output and browser behavior	2026-09-18T10:42:49.5193635Z   "stderr": ""
shsh-check	Verify theme, migrated output and browser behavior	2026-09-18T10:42:49.5193868Z }
shsh-check	Verify theme, migrated output and browser behavior	2026-09-18T10:42:49.5352344Z $ node scripts/verify-site-inputs.ts
shsh-check	Verify theme, migrated output and browser behavior	2026-09-18T10:42:49.8005950Z Site inputs: 80 original source/assets, 7 authorized changes, 62 Markdown files and 46 embeds verified. Offline production/preview passed.
shsh-check	Verify theme, migrated output and browser behavior	2026-09-18T10:42:49.8229574Z $ node scripts/verify-site-output.ts
shsh-check	Verify theme, migrated output and browser behavior	2026-09-18T10:42:53.4799472Z All 340 production/preview HTML files valid; F015 exact-title length exception only.
shsh-check	Verify theme, migrated output and browser behavior	2026-09-18T10:42:53.5148488Z $ playwright test
shsh-check	Verify theme, migrated output and browser behavior	2026-09-18T10:42:54.6089720Z
shsh-check	Verify theme, migrated output and browser behavior	2026-09-18T10:42:54.6090824Z Running 243 tests using 2 workers
shsh-check	Verify theme, migrated output and browser behavior	2026-09-18T10:42:54.6091075Z
shsh-check	Verify theme, migrated output and browser behavior	2026-09-18T10:42:57.9446442Z   ✓    1 [chromium] › tests/collections.spec.ts:4:1 › home and section pagination retain newer-left/older-right and first-page introduction (1.2s)
shsh-check	Verify theme, migrated output and browser behavior	2026-09-18T10:42:58.3695557Z   ✓    3 [chromium] › tests/collections.spec.ts:91:1 › pagination and whole-card links work without JavaScript (405ms)
shsh-check	Verify theme, migrated output and browser behavior	2026-09-18T10:43:02.8735095Z   ✓    2 [chromium] › tests/collections.spec.ts:29:1 › list text, separators and pager preserve frozen mock styles in both widths and palettes (6.1s)
shsh-check	Verify theme, migrated output and browser behavior	2026-09-18T10:43:03.6349749Z   ✓    4 [chromium] › tests/full-review.spec.ts:9:3 › Full screen home (5.2s)
shsh-check	Verify theme, migrated output and browser behavior	2026-09-18T10:43:07.6672165Z   ✓    5 [chromium] › tests/full-review.spec.ts:9:3 › Full screen home-2 (4.8s)
shsh-check	Verify theme, migrated output and browser behavior	2026-09-18T10:43:08.0331176Z   ✓    6 [chromium] › tests/full-review.spec.ts:9:3 › Full screen home-3 (4.4s)
shsh-check	Verify theme, migrated output and browser behavior	2026-09-18T10:43:12.6768030Z   ✓    8 [chromium] › tests/full-review.spec.ts:9:3 › Full screen posts-2 (4.6s)
shsh-check	Verify theme, migrated output and browser behavior	2026-09-18T10:43:12.6948851Z   ✓    7 [chromium] › tests/full-review.spec.ts:9:3 › Full screen posts (5.0s)
shsh-check	Verify theme, migrated output and browser behavior	2026-09-18T10:43:16.9499451Z   ✓    9 [chromium] › tests/full-review.spec.ts:9:3 › Full screen posts-3 (4.3s)
shsh-check	Verify theme, migrated output and browser behavior	2026-09-18T10:43:17.2657048Z   ✓   10 [chromium] › tests/full-review.spec.ts:9:3 › Full screen tags (4.6s)
shsh-check	Verify theme, migrated output and browser behavior	2026-09-18T10:43:20.9907158Z   ✓   11 [chromium] › tests/full-review.spec.ts:9:3 › Full screen tags-empty (4.0s)
shsh-check	Verify theme, migrated output and browser behavior	2026-09-18T10:43:21.9352046Z   ✓   12 [chromium] › tests/full-review.spec.ts:9:3 › Full screen tag-1 (4.7s)
shsh-check	Verify theme, migrated output and browser behavior	2026-09-18T10:43:25.3920624Z   ✓   13 [chromium] › tests/full-review.spec.ts:9:3 › Full screen tag-2 (4.4s)
shsh-check	Verify theme, migrated output and browser behavior	2026-09-18T10:43:26.7202402Z   ✓   14 [chromium] › tests/full-review.spec.ts:9:3 › Full screen tag-3 (4.7s)
shsh-check	Verify theme, migrated output and browser behavior	2026-09-18T10:43:30.0997517Z   ✓   15 [chromium] › tests/full-review.spec.ts:9:3 › Full screen tag-4 (4.7s)
shsh-check	Verify theme, migrated output and browser behavior	2026-09-18T10:43:31.5529840Z   ✓   16 [chromium] › tests/full-review.spec.ts:9:3 › Full screen tag-5 (4.8s)
shsh-check	Verify theme, migrated output and browser behavior	2026-09-18T10:43:34.3340328Z   ✓   17 [chromium] › tests/full-review.spec.ts:9:3 › Full screen tag-6 (4.2s)
shsh-check	Verify theme, migrated output and browser behavior	2026-09-18T10:43:36.2988543Z   ✓   18 [chromium] › tests/full-review.spec.ts:9:3 › Full screen tag-7 (4.7s)
shsh-check	Verify theme, migrated output and browser behavior	2026-09-18T10:43:39.0321326Z   ✓   19 [chromium] › tests/full-review.spec.ts:9:3 › Full screen tag-8 (4.7s)
shsh-check	Verify theme, migrated output and browser behavior	2026-09-18T10:43:40.6529909Z   ✓   20 [chromium] › tests/full-review.spec.ts:9:3 › Full screen tag-9 (4.3s)
shsh-check	Verify theme, migrated output and browser behavior	2026-09-18T10:43:43.8016784Z   ✓   21 [chromium] › tests/full-review.spec.ts:9:3 › Full screen tag-10 (4.8s)
shsh-check	Verify theme, migrated output and browser behavior	2026-09-18T10:43:45.3585855Z   ✓   22 [chromium] › tests/full-review.spec.ts:9:3 › Full screen tag-11 (4.7s)
shsh-check	Verify theme, migrated output and browser behavior	2026-09-18T10:43:47.8347734Z   ✓   23 [chromium] › tests/full-review.spec.ts:9:3 › Full screen categories (4.0s)
shsh-check	Verify theme, migrated output and browser behavior	2026-09-18T10:43:49.4048108Z   ✓   24 [chromium] › tests/full-review.spec.ts:9:3 › Full screen categories-empty (4.0s)
shsh-check	Verify theme, migrated output and browser behavior	2026-09-18T10:43:52.7499234Z   ✓   25 [chromium] › tests/full-review.spec.ts:9:3 › Full screen category-1 (4.9s)
shsh-check	Verify theme, migrated output and browser behavior	2026-09-18T10:43:54.1646090Z   ✓   26 [chromium] › tests/full-review.spec.ts:9:3 › Full screen category-2 (4.7s)
shsh-check	Verify theme, migrated output and browser behavior	2026-09-18T10:43:57.1449140Z   ✓   27 [chromium] › tests/full-review.spec.ts:9:3 › Full screen category-2-2 (4.4s)
shsh-check	Verify theme, migrated output and browser behavior	2026-09-18T10:43:59.3270230Z   ✓   28 [chromium] › tests/full-review.spec.ts:9:3 › Full screen tag-pagination (5.2s)
shsh-check	Verify theme, migrated output and browser behavior	2026-09-18T10:44:01.8655264Z   ✓   29 [chromium] › tests/full-review.spec.ts:9:3 › Full screen tag-pagination-2 (4.7s)
shsh-check	Verify theme, migrated output and browser behavior	2026-09-18T10:44:03.7197385Z   ✓   30 [chromium] › tests/full-review.spec.ts:9:3 › Full screen tag-pagination-3 (4.4s)
shsh-check	Verify theme, migrated output and browser behavior	2026-09-18T10:44:06.9804964Z   ✓   31 [chromium] › tests/full-review.spec.ts:9:3 › Full screen category-pagination (5.1s)
shsh-check	Verify theme, migrated output and browser behavior	2026-09-18T10:44:08.5906985Z   ✓   32 [chromium] › tests/full-review.spec.ts:9:3 › Full screen category-pagination-2 (4.9s)
shsh-check	Verify theme, migrated output and browser behavior	2026-09-18T10:44:11.2956606Z   ✓   33 [chromium] › tests/full-review.spec.ts:9:3 › Full screen category-pagination-3 (4.3s)
shsh-check	Verify theme, migrated output and browser behavior	2026-09-18T10:44:19.8093515Z   ✓   35 [chromium] › tests/full-review.spec.ts:9:3 › Full screen article-hugo (8.5s)
shsh-check	Verify theme, migrated output and browser behavior	2026-09-18T10:44:24.3626397Z   ✓   36 [chromium] › tests/full-review.spec.ts:9:3 › Full screen article-diary (4.5s)
shsh-check	Verify theme, migrated output and browser behavior	2026-09-18T10:44:29.3939801Z   ✓   37 [chromium] › tests/full-review.spec.ts:9:3 › Full screen article-bgm (5.0s)
shsh-check	Verify theme, migrated output and browser behavior	2026-09-18T10:44:31.4311251Z   ✓   34 [chromium] › tests/full-review.spec.ts:9:3 › Full screen article (22.8s)
shsh-check	Verify theme, migrated output and browser behavior	2026-09-18T10:44:35.7072458Z   ✓   38 [chromium] › tests/full-review.spec.ts:9:3 › Full screen article-pasmo (6.3s)
shsh-check	Verify theme, migrated output and browser behavior	2026-09-18T10:44:40.4146572Z   ✓   40 [chromium] › tests/full-review.spec.ts:9:3 › Full screen archives (4.7s)
shsh-check	Verify theme, migrated output and browser behavior	2026-09-18T10:44:44.2674263Z   ✓   41 [chromium] › tests/full-review.spec.ts:9:3 › Full screen 404 (3.8s)
shsh-check	Verify theme, migrated output and browser behavior	2026-09-18T10:44:44.8953864Z   ✓   39 [chromium] › tests/full-review.spec.ts:9:3 › Full screen about (13.5s)
shsh-check	Verify theme, migrated output and browser behavior	2026-09-18T10:44:48.2317930Z   ✓   42 [chromium] › tests/full-review.spec.ts:9:3 › Full screen empty (4.0s)
shsh-check	Verify theme, migrated output and browser behavior	2026-09-18T10:44:49.1326751Z   ✓   43 [chromium] › tests/full-review.spec.ts:9:3 › Full screen single-item (4.2s)
shsh-check	Verify theme, migrated output and browser behavior	2026-09-18T10:44:50.1637863Z   ✓   45 [chromium] › tests/media.spec.ts:10:1 › responsive candidates, originals, dimensions, loading and figure semantics (1.0s)
shsh-check	Verify theme, migrated output and browser behavior	2026-09-18T10:44:52.5508105Z   ✓   44 [chromium] › tests/full-review.spec.ts:138:1 › discovery semantics, keyboard, fixed pages and JavaScript-disabled navigation (4.3s)
shsh-check	Verify theme, migrated output and browser behavior	2026-09-18T10:44:52.8161241Z   ✓   46 [chromium] › tests/media.spec.ts:88:1 › WebP preserves PNG pixels and transparency at each generated width (2.6s)
shsh-check	Verify theme, migrated output and browser behavior	2026-09-18T10:44:53.4920588Z   ✓   48 [chromium] › tests/media.spec.ts:193:1 › DPR chooses fitting candidates and JavaScript-free media remain usable (657ms)
shsh-check	Verify theme, migrated output and browser behavior	2026-09-18T10:44:53.6067985Z   ✓   49 [chromium] › tests/metadata.spec.ts:52:1 › RSS uses all ordered articles, plain common summaries and stable document GUIDs (95ms)
shsh-check	Verify theme, migrated output and browser behavior	2026-09-18T10:44:53.7097773Z   ✓   50 [chromium] › tests/metadata.spec.ts:79:1 › taxonomy feeds contain term pages, term feeds filter posts, empty feeds have no fake dates (94ms)
shsh-check	Verify theme, migrated output and browser behavior	2026-09-18T10:44:53.8791066Z   ✓   51 [chromium] › tests/metadata.spec.ts:109:1 › canonical and discovery URLs follow the active pager and build baseURL (157ms)
shsh-check	Verify theme, migrated output and browser behavior	2026-09-18T10:44:53.9841420Z   ✓   52 [chromium] › tests/metadata.spec.ts:135:1 › description, dates and JSON-LD preserve page roles and safe text (96ms)
shsh-check	Verify theme, migrated output and browser behavior	2026-09-18T10:44:54.1047940Z   ✓   53 [chromium] › tests/metadata.spec.ts:170:1 › SNS images use cover, global assets/static/external defaults or none, never body images (111ms)
shsh-check	Verify theme, migrated output and browser behavior	2026-09-18T10:44:54.2488454Z   ✓   54 [chromium] › tests/metadata.spec.ts:193:1 › all XML parses, sitemap and robots follow production and preview (133ms)
shsh-check	Verify theme, migrated output and browser behavior	2026-09-18T10:44:56.7946826Z   ✓   55 [chromium] › tests/migration.spec.ts:36:3 › All migrated outputs: production (2.5s)
shsh-check	Verify theme, migrated output and browser behavior	2026-09-18T10:44:57.5072311Z   ✓   56 [chromium] › tests/migration.spec.ts:36:3 › All migrated outputs: preview (700ms)
shsh-check	Verify theme, migrated output and browser behavior	2026-09-18T10:44:58.2459651Z   ✓   57 [chromium] › tests/prose.spec.ts:19:1 › copy preserves code with Japanese, inline/table numbers, unknown language and no label (716ms)
shsh-check	Verify theme, migrated output and browser behavior	2026-09-18T10:44:58.7004625Z   ✓   58 [chromium] › tests/prose.spec.ts:47:1 › failed copy announces manual fallback, permits retry, and resets success after three seconds (442ms)
shsh-check	Verify theme, migrated output and browser behavior	2026-09-18T10:44:58.7158110Z   ✓   47 [chromium] › tests/media.spec.ts:151:1 › media geometry matches mock, small images stay small, both colors remain accessible (6.1s)
shsh-check	Verify theme, migrated output and browser behavior	2026-09-18T10:44:59.3063899Z   ✓   60 [chromium] › tests/prose.spec.ts:95:1 › touch reveals copy, outside tap and horizontal scroll dismiss it (566ms)
shsh-check	Verify theme, migrated output and browser behavior	2026-09-18T10:44:59.5229913Z   ✓   59 [chromium] › tests/prose.spec.ts:74:1 › keyboard reveals copy and Escape returns focus to selectable code (806ms)
shsh-check	Verify theme, migrated output and browser behavior	2026-09-18T10:45:00.0012050Z   ✓   61 [chromium] › tests/prose.spec.ts:116:1 › the first tap on a revealed copy button copies exactly once (680ms)
shsh-check	Verify theme, migrated output and browser behavior	2026-09-18T10:45:03.4577272Z   ✓   63 [chromium] › tests/prose.spec.ts:256:1 › full real article preserves mock prose layout in both palettes and widths (3.4s)
shsh-check	Verify theme, migrated output and browser behavior	2026-09-18T10:45:07.0274628Z   ✓   62 [chromium] › tests/prose.spec.ts:160:1 › prose matches mock type and spacing; footnotes, headings, dates and JS-free reading work (7.5s)
shsh-check	Verify theme, migrated output and browser behavior	2026-09-18T10:45:08.8552673Z   ✓   64 [chromium] › tests/review.spec.ts:70:3 › Representative home comparison, both widths/colors and text enlargement (5.4s)
shsh-check	Verify theme, migrated output and browser behavior	2026-09-18T10:45:12.1083235Z   ✓   65 [chromium] › tests/review.spec.ts:70:3 › Representative posts comparison, both widths/colors and text enlargement (5.1s)
shsh-check	Verify theme, migrated output and browser behavior	2026-09-18T10:45:25.8790148Z   ✓   67 [chromium] › tests/review.spec.ts:70:3 › Representative specimen comparison, both widths/colors and text enlargement (13.8s)
shsh-check	Verify theme, migrated output and browser behavior	2026-09-18T10:45:27.7064012Z   ✓   68 [chromium] › tests/sharing.spec.ts:14:1 › shared document URLs, encoded titles, service order and keyboard navigation (1.8s)
shsh-check	Verify theme, migrated output and browser behavior	2026-09-18T10:45:28.5137042Z   ✓   69 [chromium] › tests/sharing.spec.ts:59:1 › failed star download preserves reading and share links and announces failure (795ms)
shsh-check	Verify theme, migrated output and browser behavior	2026-09-18T10:45:28.9054556Z   ✓   70 [chromium] › tests/sharing.spec.ts:72:1 › preview cannot share or load stars; JS-free production retains ordinary links (381ms)
shsh-check	Verify theme, migrated output and browser behavior	2026-09-18T10:45:30.3828269Z   ✓   71 [chromium] › tests/sharing.spec.ts:103:1 › sharing retains mock geometry and icon styling at both widths and palettes (1.5s)
shsh-check	Verify theme, migrated output and browser behavior	2026-09-18T10:45:30.7281828Z   ✓   66 [chromium] › tests/review.spec.ts:70:3 › Representative article comparison, both widths/colors and text enlargement (21.9s)
shsh-check	Verify theme, migrated output and browser behavior	2026-09-18T10:45:33.8890239Z   ✓   72 [chromium] › tests/site.spec.ts:9:3 › Migrated site production: all embed positions, URLs and publication controls (3.5s)
shsh-check	Verify theme, migrated output and browser behavior	2026-09-18T10:45:34.2256283Z   ✓   73 [chromium] › tests/site.spec.ts:9:3 › Migrated site preview: all embed positions, URLs and publication controls (3.5s)
shsh-check	Verify theme, migrated output and browser behavior	2026-09-18T10:45:34.4509511Z   ✓   75 [chromium] › tests/theme.spec.ts:4:1 › saved pref-theme is applied before styles load (204ms)
shsh-check	Verify theme, migrated output and browser behavior	2026-09-18T10:45:34.6023940Z   ✓   74 [chromium] › tests/site.spec.ts:99:1 › real video reserves its intrinsic ratio before loading; native playback dimensions agree (690ms)
shsh-check	Verify theme, migrated output and browser behavior	2026-09-18T10:45:34.8638433Z   ✓   77 [chromium] › tests/theme.spec.ts:53:1 › invalid and unavailable storage retain OS fallback and allow a page-local choice (243ms)
shsh-check	Verify theme, migrated output and browser behavior	2026-09-18T10:45:34.9603929Z   ✓   76 [chromium] › tests/theme.spec.ts:25:1 › OS follows until a keyboard choice, persists and ignores mock query parameters (492ms)
shsh-check	Verify theme, migrated output and browser behavior	2026-09-18T10:45:35.0626789Z   ✓   78 [chromium] › tests/theme.spec.ts:78:1 › invalid saved value uses OS preference (187ms)
shsh-check	Verify theme, migrated output and browser behavior	2026-09-18T10:45:35.3426999Z   ✓   79 [chromium] › tests/theme.spec.ts:85:1 › without JavaScript both OS palettes, navigation and subscription remain usable (371ms)
shsh-check	Verify theme, migrated output and browser behavior	2026-09-18T10:45:36.6706234Z   ✓   81 [chromium] › tests/tooling.spec.ts:5:1 › Hugo formatting preserves inline spaces, attributes, render hooks and compiled assets (1.3s)
shsh-check	Verify theme, migrated output and browser behavior	2026-09-18T10:45:38.5786981Z   ✓   80 [chromium] › tests/theme.spec.ts:102:1 › shared shell keeps mock dimensions at desktop and mobile widths in both palettes (3.5s)
shsh-check	Verify theme, migrated output and browser behavior	2026-09-18T10:45:41.0917150Z   ✓   82 [firefox] › tests/collections.spec.ts:4:1 › home and section pagination retain newer-left/older-right and first-page introduction (3.1s)
shsh-check	Verify theme, migrated output and browser behavior	2026-09-18T10:45:41.9169027Z   ✓   84 [firefox] › tests/collections.spec.ts:91:1 › pagination and whole-card links work without JavaScript (803ms)
shsh-check	Verify theme, migrated output and browser behavior	2026-09-18T10:45:49.3707231Z   ✓   85 [firefox] › tests/full-review.spec.ts:9:3 › Full screen home (7.4s)
shsh-check	Verify theme, migrated output and browser behavior	2026-09-18T10:45:51.5466500Z   ✓   83 [firefox] › tests/collections.spec.ts:29:1 › list text, separators and pager preserve frozen mock styles in both widths and palettes (11.8s)
shsh-check	Verify theme, migrated output and browser behavior	2026-09-18T10:45:56.0782317Z   ✓   86 [firefox] › tests/full-review.spec.ts:9:3 › Full screen home-2 (6.7s)
shsh-check	Verify theme, migrated output and browser behavior	2026-09-18T10:45:58.2666610Z   ✓   87 [firefox] › tests/full-review.spec.ts:9:3 › Full screen home-3 (6.7s)
shsh-check	Verify theme, migrated output and browser behavior	2026-09-18T10:46:02.9747392Z   ✓   88 [firefox] › tests/full-review.spec.ts:9:3 › Full screen posts (6.9s)
shsh-check	Verify theme, migrated output and browser behavior	2026-09-18T10:46:05.0021158Z   ✓   89 [firefox] › tests/full-review.spec.ts:9:3 › Full screen posts-2 (6.7s)
shsh-check	Verify theme, migrated output and browser behavior	2026-09-18T10:46:11.5412505Z   ✓   90 [firefox] › tests/full-review.spec.ts:9:3 › Full screen posts-3 (8.6s)
shsh-check	Verify theme, migrated output and browser behavior	2026-09-18T10:46:11.6139003Z   ✓   91 [firefox] › tests/full-review.spec.ts:9:3 › Full screen tags (6.6s)
shsh-check	Verify theme, migrated output and browser behavior	2026-09-18T10:46:17.4987603Z   ✓   92 [firefox] › tests/full-review.spec.ts:9:3 › Full screen tags-empty (5.9s)
shsh-check	Verify theme, migrated output and browser behavior	2026-09-18T10:46:18.0676339Z   ✓   93 [firefox] › tests/full-review.spec.ts:9:3 › Full screen tag-1 (6.4s)
shsh-check	Verify theme, migrated output and browser behavior	2026-09-18T10:46:23.6588500Z   ✓   94 [firefox] › tests/full-review.spec.ts:9:3 › Full screen tag-2 (6.1s)
shsh-check	Verify theme, migrated output and browser behavior	2026-09-18T10:46:27.1858095Z   ✓   95 [firefox] › tests/full-review.spec.ts:9:3 › Full screen tag-3 (9.1s)
shsh-check	Verify theme, migrated output and browser behavior	2026-09-18T10:46:30.0983720Z   ✓   96 [firefox] › tests/full-review.spec.ts:9:3 › Full screen tag-4 (6.4s)
shsh-check	Verify theme, migrated output and browser behavior	2026-09-18T10:46:33.7384134Z   ✓   97 [firefox] › tests/full-review.spec.ts:9:3 › Full screen tag-5 (6.5s)
shsh-check	Verify theme, migrated output and browser behavior	2026-09-18T10:46:36.4004283Z   ✓   98 [firefox] › tests/full-review.spec.ts:9:3 › Full screen tag-6 (6.3s)
shsh-check	Verify theme, migrated output and browser behavior	2026-09-18T10:46:40.2903507Z   ✓   99 [firefox] › tests/full-review.spec.ts:9:3 › Full screen tag-7 (6.5s)
shsh-check	Verify theme, migrated output and browser behavior	2026-09-18T10:46:45.4294612Z   ✓  100 [firefox] › tests/full-review.spec.ts:9:3 › Full screen tag-8 (9.0s)
shsh-check	Verify theme, migrated output and browser behavior	2026-09-18T10:46:46.7137427Z   ✓  101 [firefox] › tests/full-review.spec.ts:9:3 › Full screen tag-9 (6.4s)
shsh-check	Verify theme, migrated output and browser behavior	2026-09-18T10:46:52.1001197Z   ✓  102 [firefox] › tests/full-review.spec.ts:9:3 › Full screen tag-10 (6.7s)
shsh-check	Verify theme, migrated output and browser behavior	2026-09-18T10:46:53.4243801Z   ✓  103 [firefox] › tests/full-review.spec.ts:9:3 › Full screen tag-11 (6.7s)
shsh-check	Verify theme, migrated output and browser behavior	2026-09-18T10:46:58.2083425Z   ✓  104 [firefox] › tests/full-review.spec.ts:9:3 › Full screen categories (6.1s)
shsh-check	Verify theme, migrated output and browser behavior	2026-09-18T10:47:01.4169658Z   ✓  105 [firefox] › tests/full-review.spec.ts:9:3 › Full screen categories-empty (8.0s)
shsh-check	Verify theme, migrated output and browser behavior	2026-09-18T10:47:04.7964019Z   ✓  106 [firefox] › tests/full-review.spec.ts:9:3 › Full screen category-1 (6.6s)
shsh-check	Verify theme, migrated output and browser behavior	2026-09-18T10:47:08.1373275Z   ✓  107 [firefox] › tests/full-review.spec.ts:9:3 › Full screen category-2 (6.7s)
shsh-check	Verify theme, migrated output and browser behavior	2026-09-18T10:47:11.5291884Z   ✓  108 [firefox] › tests/full-review.spec.ts:9:3 › Full screen category-2-2 (6.7s)
shsh-check	Verify theme, migrated output and browser behavior	2026-09-18T10:47:14.8992045Z   ✓  109 [firefox] › tests/full-review.spec.ts:9:3 › Full screen tag-pagination (6.7s)
shsh-check	Verify theme, migrated output and browser behavior	2026-09-18T10:47:20.9894142Z   ✓  110 [firefox] › tests/full-review.spec.ts:9:3 › Full screen tag-pagination-2 (9.4s)
shsh-check	Verify theme, migrated output and browser behavior	2026-09-18T10:47:21.1627180Z   ✓  111 [firefox] › tests/full-review.spec.ts:9:3 › Full screen tag-pagination-3 (6.2s)
shsh-check	Verify theme, migrated output and browser behavior	2026-09-18T10:47:27.6918923Z   ✓  112 [firefox] › tests/full-review.spec.ts:9:3 › Full screen category-pagination (6.7s)
shsh-check	Verify theme, migrated output and browser behavior	2026-09-18T10:47:27.7946942Z   ✓  113 [firefox] › tests/full-review.spec.ts:9:3 › Full screen category-pagination-2 (6.6s)
shsh-check	Verify theme, migrated output and browser behavior	2026-09-18T10:47:34.0869801Z   ✓  114 [firefox] › tests/full-review.spec.ts:9:3 › Full screen category-pagination-3 (6.4s)
shsh-check	Verify theme, migrated output and browser behavior	2026-09-18T10:47:44.0193380Z   ✓  116 [firefox] › tests/full-review.spec.ts:9:3 › Full screen article-hugo (9.9s)
shsh-check	Verify theme, migrated output and browser behavior	2026-09-18T10:47:48.8024224Z   ✓  115 [firefox] › tests/full-review.spec.ts:9:3 › Full screen article (21.0s)
shsh-check	Verify theme, migrated output and browser behavior	2026-09-18T10:47:50.6166716Z   ✓  117 [firefox] › tests/full-review.spec.ts:9:3 › Full screen article-diary (6.6s)
shsh-check	Verify theme, migrated output and browser behavior	2026-09-18T10:47:55.6286856Z   ✓  118 [firefox] › tests/full-review.spec.ts:9:3 › Full screen article-bgm (6.8s)
shsh-check	Verify theme, migrated output and browser behavior	2026-09-18T10:47:59.9887038Z   ✓  119 [firefox] › tests/full-review.spec.ts:9:3 › Full screen article-pasmo (9.3s)
shsh-check	Verify theme, migrated output and browser behavior	2026-09-18T10:48:06.8288087Z   ✓  121 [firefox] › tests/full-review.spec.ts:9:3 › Full screen archives (6.8s)
shsh-check	Verify theme, migrated output and browser behavior	2026-09-18T10:48:07.8123499Z   ✓  120 [firefox] › tests/full-review.spec.ts:9:3 › Full screen about (12.2s)
shsh-check	Verify theme, migrated output and browser behavior	2026-09-18T10:48:12.9129877Z   ✓  122 [firefox] › tests/full-review.spec.ts:9:3 › Full screen 404 (6.1s)
shsh-check	Verify theme, migrated output and browser behavior	2026-09-18T10:48:14.5117882Z   ✓  123 [firefox] › tests/full-review.spec.ts:9:3 › Full screen empty (6.7s)
shsh-check	Verify theme, migrated output and browser behavior	2026-09-18T10:48:19.4830949Z   ✓  124 [firefox] › tests/full-review.spec.ts:9:3 › Full screen single-item (6.6s)
shsh-check	Verify theme, migrated output and browser behavior	2026-09-18T10:48:21.1667830Z   ✓  126 [firefox] › tests/media.spec.ts:10:1 › responsive candidates, originals, dimensions, loading and figure semantics (1.7s)
shsh-check	Verify theme, migrated output and browser behavior	2026-09-18T10:48:22.3174920Z   ✓  125 [firefox] › tests/full-review.spec.ts:138:1 › discovery semantics, keyboard, fixed pages and JavaScript-disabled navigation (7.8s)
shsh-check	Verify theme, migrated output and browser behavior	2026-09-18T10:48:23.8999341Z   ✓  127 [firefox] › tests/media.spec.ts:88:1 › WebP preserves PNG pixels and transparency at each generated width (2.7s)
shsh-check	Verify theme, migrated output and browser behavior	2026-09-18T10:48:27.4561087Z   ✓  129 [firefox] › tests/media.spec.ts:193:1 › DPR chooses fitting candidates and JavaScript-free media remain usable (3.5s)
shsh-check	Verify theme, migrated output and browser behavior	2026-09-18T10:48:27.8595109Z   ✓  130 [firefox] › tests/metadata.spec.ts:52:1 › RSS uses all ordered articles, plain common summaries and stable document GUIDs (382ms)
shsh-check	Verify theme, migrated output and browser behavior	2026-09-18T10:48:28.2239374Z   ✓  131 [firefox] › tests/metadata.spec.ts:79:1 › taxonomy feeds contain term pages, term feeds filter posts, empty feeds have no fake dates (349ms)
shsh-check	Verify theme, migrated output and browser behavior	2026-09-18T10:48:28.5974266Z   ✓  132 [firefox] › tests/metadata.spec.ts:109:1 › canonical and discovery URLs follow the active pager and build baseURL (363ms)
shsh-check	Verify theme, migrated output and browser behavior	2026-09-18T10:48:28.9398342Z   ✓  133 [firefox] › tests/metadata.spec.ts:135:1 › description, dates and JSON-LD preserve page roles and safe text (329ms)
shsh-check	Verify theme, migrated output and browser behavior	2026-09-18T10:48:29.3147088Z   ✓  134 [firefox] › tests/metadata.spec.ts:170:1 › SNS images use cover, global assets/static/external defaults or none, never body images (363ms)
shsh-check	Verify theme, migrated output and browser behavior	2026-09-18T10:48:29.7179657Z   ✓  135 [firefox] › tests/metadata.spec.ts:193:1 › all XML parses, sitemap and robots follow production and preview (389ms)
shsh-check	Verify theme, migrated output and browser behavior	2026-09-18T10:48:30.9554679Z   ✓  128 [firefox] › tests/media.spec.ts:151:1 › media geometry matches mock, small images stay small, both colors remain accessible (8.6s)
shsh-check	Verify theme, migrated output and browser behavior	2026-09-18T10:48:31.9148520Z   ✓  137 [firefox] › tests/migration.spec.ts:36:3 › All migrated outputs: preview (923ms)
shsh-check	Verify theme, migrated output and browser behavior	2026-09-18T10:48:32.4646735Z   ✓  136 [firefox] › tests/migration.spec.ts:36:3 › All migrated outputs: production (2.7s)
shsh-check	Verify theme, migrated output and browser behavior	2026-09-18T10:48:33.1212611Z   ✓  138 [firefox] › tests/prose.spec.ts:19:1 › copy preserves code with Japanese, inline/table numbers, unknown language and no label (1.2s)
shsh-check	Verify theme, migrated output and browser behavior	2026-09-18T10:48:33.1783216Z   ✓  139 [firefox] › tests/prose.spec.ts:47:1 › failed copy announces manual fallback, permits retry, and resets success after three seconds (690ms)
shsh-check	Verify theme, migrated output and browser behavior	2026-09-18T10:48:34.2581378Z   ✓  140 [firefox] › tests/prose.spec.ts:74:1 › keyboard reveals copy and Escape returns focus to selectable code (1.1s)
shsh-check	Verify theme, migrated output and browser behavior	2026-09-18T10:48:35.2470322Z   ✓  141 [firefox] › tests/prose.spec.ts:95:1 › touch reveals copy, outside tap and horizontal scroll dismiss it (2.0s)
shsh-check	Verify theme, migrated output and browser behavior	2026-09-18T10:48:35.2638124Z   ✓  142 [firefox] › tests/prose.spec.ts:116:1 › the first tap on a revealed copy button copies exactly once (989ms)
shsh-check	Verify theme, migrated output and browser behavior	2026-09-18T10:48:38.6828918Z   ✓  144 [firefox] › tests/prose.spec.ts:256:1 › full real article preserves mock prose layout in both palettes and widths (3.4s)
shsh-check	Verify theme, migrated output and browser behavior	2026-09-18T10:48:45.6235774Z   ✓  145 [firefox] › tests/review.spec.ts:70:3 › Representative home comparison, both widths/colors and text enlargement (6.9s)
shsh-check	Verify theme, migrated output and browser behavior	2026-09-18T10:48:47.3324253Z   ✓  143 [firefox] › tests/prose.spec.ts:160:1 › prose matches mock type and spacing; footnotes, headings, dates and JS-free reading work (12.1s)
shsh-check	Verify theme, migrated output and browser behavior	2026-09-18T10:48:54.1806305Z   ✓  146 [firefox] › tests/review.spec.ts:70:3 › Representative posts comparison, both widths/colors and text enlargement (8.5s)
shsh-check	Verify theme, migrated output and browser behavior	2026-09-18T10:49:06.0790019Z   ✓  147 [firefox] › tests/review.spec.ts:70:3 › Representative article comparison, both widths/colors and text enlargement (18.7s)
shsh-check	Verify theme, migrated output and browser behavior	2026-09-18T10:49:08.2626719Z   ✓  148 [firefox] › tests/review.spec.ts:70:3 › Representative specimen comparison, both widths/colors and text enlargement (14.1s)
shsh-check	Verify theme, migrated output and browser behavior	2026-09-18T10:49:09.5626950Z   ✓  150 [firefox] › tests/sharing.spec.ts:59:1 › failed star download preserves reading and share links and announces failure (1.3s)
shsh-check	Verify theme, migrated output and browser behavior	2026-09-18T10:49:09.6459955Z   ✓  149 [firefox] › tests/sharing.spec.ts:14:1 › shared document URLs, encoded titles, service order and keyboard navigation (3.6s)
shsh-check	Verify theme, migrated output and browser behavior	2026-09-18T10:49:10.6428579Z   ✓  151 [firefox] › tests/sharing.spec.ts:72:1 › preview cannot share or load stars; JS-free production retains ordinary links (1.1s)
shsh-check	Verify theme, migrated output and browser behavior	2026-09-18T10:49:12.2671318Z   ✓  152 [firefox] › tests/sharing.spec.ts:103:1 › sharing retains mock geometry and icon styling at both widths and palettes (2.6s)
shsh-check	Verify theme, migrated output and browser behavior	2026-09-18T10:49:16.7057199Z   ✓  153 [firefox] › tests/site.spec.ts:9:3 › Migrated site production: all embed positions, URLs and publication controls (6.0s)
shsh-check	Verify theme, migrated output and browser behavior	2026-09-18T10:49:17.6975187Z   ✓  155 [firefox] › tests/site.spec.ts:99:1 › real video reserves its intrinsic ratio before loading; native playback dimensions agree (978ms)
shsh-check	Verify theme, migrated output and browser behavior	2026-09-18T10:49:17.8702591Z   ✓  154 [firefox] › tests/site.spec.ts:9:3 › Migrated site preview: all embed positions, URLs and publication controls (5.6s)
shsh-check	Verify theme, migrated output and browser behavior	2026-09-18T10:49:18.1975244Z   ✓  156 [firefox] › tests/theme.spec.ts:4:1 › saved pref-theme is applied before styles load (481ms)
shsh-check	Verify theme, migrated output and browser behavior	2026-09-18T10:49:18.7574721Z   ✓  158 [firefox] › tests/theme.spec.ts:53:1 › invalid and unavailable storage retain OS fallback and allow a page-local choice (542ms)
shsh-check	Verify theme, migrated output and browser behavior	2026-09-18T10:49:18.8327014Z   ✓  157 [firefox] › tests/theme.spec.ts:25:1 › OS follows until a keyboard choice, persists and ignores mock query parameters (931ms)
shsh-check	Verify theme, migrated output and browser behavior	2026-09-18T10:49:20.3467603Z   ✓  160 [firefox] › tests/theme.spec.ts:85:1 › without JavaScript both OS palettes, navigation and subscription remain usable (1.5s)
shsh-check	Verify theme, migrated output and browser behavior	2026-09-18T10:49:20.9461933Z   ✓  159 [firefox] › tests/theme.spec.ts:78:1 › invalid saved value uses OS preference (2.2s)
shsh-check	Verify theme, migrated output and browser behavior	2026-09-18T10:49:23.1187330Z   ✓  162 [firefox] › tests/tooling.spec.ts:5:1 › Hugo formatting preserves inline spaces, attributes, render hooks and compiled assets (2.2s)
shsh-check	Verify theme, migrated output and browser behavior	2026-09-18T10:49:25.8449716Z   ✓  161 [firefox] › tests/theme.spec.ts:102:1 › shared shell keeps mock dimensions at desktop and mobile widths in both palettes (5.5s)
shsh-check	Verify theme, migrated output and browser behavior	2026-09-18T10:49:30.1167507Z   ✓  163 [webkit] › tests/collections.spec.ts:4:1 › home and section pagination retain newer-left/older-right and first-page introduction (5.5s)
shsh-check	Verify theme, migrated output and browser behavior	2026-09-18T10:49:31.0452644Z   ✓  165 [webkit] › tests/collections.spec.ts:91:1 › pagination and whole-card links work without JavaScript (917ms)
shsh-check	Verify theme, migrated output and browser behavior	2026-09-18T10:49:36.8478937Z   ✓  164 [webkit] › tests/collections.spec.ts:29:1 › list text, separators and pager preserve frozen mock styles in both widths and palettes (10.1s)
shsh-check	Verify theme, migrated output and browser behavior	2026-09-18T10:49:38.6099380Z   ✓  166 [webkit] › tests/full-review.spec.ts:9:3 › Full screen home (7.5s)
shsh-check	Verify theme, migrated output and browser behavior	2026-09-18T10:49:43.9448475Z   ✓  167 [webkit] › tests/full-review.spec.ts:9:3 › Full screen home-2 (7.1s)
shsh-check	Verify theme, migrated output and browser behavior	2026-09-18T10:49:45.2485264Z   ✓  168 [webkit] › tests/full-review.spec.ts:9:3 › Full screen home-3 (6.6s)
shsh-check	Verify theme, migrated output and browser behavior	2026-09-18T10:49:51.2226636Z   ✓  169 [webkit] › tests/full-review.spec.ts:9:3 › Full screen posts (7.3s)
shsh-check	Verify theme, migrated output and browser behavior	2026-09-18T10:49:52.2076516Z   ✓  170 [webkit] › tests/full-review.spec.ts:9:3 › Full screen posts-2 (6.9s)
shsh-check	Verify theme, migrated output and browser behavior	2026-09-18T10:49:57.8825679Z   ✓  171 [webkit] › tests/full-review.spec.ts:9:3 › Full screen posts-3 (6.6s)
shsh-check	Verify theme, migrated output and browser behavior	2026-09-18T10:49:58.8294232Z   ✓  172 [webkit] › tests/full-review.spec.ts:9:3 › Full screen tags (6.6s)
shsh-check	Verify theme, migrated output and browser behavior	2026-09-18T10:50:04.0271465Z   ✓  173 [webkit] › tests/full-review.spec.ts:9:3 › Full screen tags-empty (6.1s)
shsh-check	Verify theme, migrated output and browser behavior	2026-09-18T10:50:06.0028069Z   ✓  174 [webkit] › tests/full-review.spec.ts:9:3 › Full screen tag-1 (7.2s)
shsh-check	Verify theme, migrated output and browser behavior	2026-09-18T10:50:10.6513297Z   ✓  175 [webkit] › tests/full-review.spec.ts:9:3 › Full screen tag-2 (6.6s)
shsh-check	Verify theme, migrated output and browser behavior	2026-09-18T10:50:13.0911369Z   ✓  176 [webkit] › tests/full-review.spec.ts:9:3 › Full screen tag-3 (7.1s)
shsh-check	Verify theme, migrated output and browser behavior	2026-09-18T10:50:17.7339851Z   ✓  177 [webkit] › tests/full-review.spec.ts:9:3 › Full screen tag-4 (7.1s)
shsh-check	Verify theme, migrated output and browser behavior	2026-09-18T10:50:20.2592305Z   ✓  178 [webkit] › tests/full-review.spec.ts:9:3 › Full screen tag-5 (7.2s)
shsh-check	Verify theme, migrated output and browser behavior	2026-09-18T10:50:24.4277189Z   ✓  179 [webkit] › tests/full-review.spec.ts:9:3 › Full screen tag-6 (6.7s)
shsh-check	Verify theme, migrated output and browser behavior	2026-09-18T10:50:27.3568147Z   ✓  180 [webkit] › tests/full-review.spec.ts:9:3 › Full screen tag-7 (7.1s)
shsh-check	Verify theme, migrated output and browser behavior	2026-09-18T10:50:31.4029197Z   ✓  181 [webkit] › tests/full-review.spec.ts:9:3 › Full screen tag-8 (7.0s)
shsh-check	Verify theme, migrated output and browser behavior	2026-09-18T10:50:33.8992962Z   ✓  182 [webkit] › tests/full-review.spec.ts:9:3 › Full screen tag-9 (6.5s)
shsh-check	Verify theme, migrated output and browser behavior	2026-09-18T10:50:38.3986193Z   ✓  183 [webkit] › tests/full-review.spec.ts:9:3 › Full screen tag-10 (7.0s)
shsh-check	Verify theme, migrated output and browser behavior	2026-09-18T10:50:40.8196535Z   ✓  184 [webkit] › tests/full-review.spec.ts:9:3 › Full screen tag-11 (6.9s)
shsh-check	Verify theme, migrated output and browser behavior	2026-09-18T10:50:44.6615343Z   ✓  185 [webkit] › tests/full-review.spec.ts:9:3 › Full screen categories (6.2s)
shsh-check	Verify theme, migrated output and browser behavior	2026-09-18T10:50:47.0609298Z   ✓  186 [webkit] › tests/full-review.spec.ts:9:3 › Full screen categories-empty (6.2s)
shsh-check	Verify theme, migrated output and browser behavior	2026-09-18T10:50:51.8245852Z   ✓  187 [webkit] › tests/full-review.spec.ts:9:3 › Full screen category-1 (7.2s)
shsh-check	Verify theme, migrated output and browser behavior	2026-09-18T10:50:54.2051324Z   ✓  188 [webkit] › tests/full-review.spec.ts:9:3 › Full screen category-2 (7.1s)
shsh-check	Verify theme, migrated output and browser behavior	2026-09-18T10:50:58.5928459Z   ✓  189 [webkit] › tests/full-review.spec.ts:9:3 › Full screen category-2-2 (6.8s)
shsh-check	Verify theme, migrated output and browser behavior	2026-09-18T10:51:01.5202981Z   ✓  190 [webkit] › tests/full-review.spec.ts:9:3 › Full screen tag-pagination (7.3s)
shsh-check	Verify theme, migrated output and browser behavior	2026-09-18T10:51:05.7608698Z   ✓  191 [webkit] › tests/full-review.spec.ts:9:3 › Full screen tag-pagination-2 (7.2s)
shsh-check	Verify theme, migrated output and browser behavior	2026-09-18T10:51:08.7840826Z   ✓  192 [webkit] › tests/full-review.spec.ts:9:3 › Full screen tag-pagination-3 (7.2s)
shsh-check	Verify theme, migrated output and browser behavior	2026-09-18T10:51:13.1231194Z   ✓  193 [webkit] › tests/full-review.spec.ts:9:3 › Full screen category-pagination (7.3s)
shsh-check	Verify theme, migrated output and browser behavior	2026-09-18T10:51:15.9670124Z   ✓  194 [webkit] › tests/full-review.spec.ts:9:3 › Full screen category-pagination-2 (7.2s)
shsh-check	Verify theme, migrated output and browser behavior	2026-09-18T10:51:19.7996987Z   ✓  195 [webkit] › tests/full-review.spec.ts:9:3 › Full screen category-pagination-3 (6.7s)
shsh-check	Verify theme, migrated output and browser behavior	2026-09-18T10:51:30.5903121Z   ✓  197 [webkit] › tests/full-review.spec.ts:9:3 › Full screen article-hugo (10.8s)
shsh-check	Verify theme, migrated output and browser behavior	2026-09-18T10:51:36.1163605Z   ✓  196 [webkit] › tests/full-review.spec.ts:9:3 › Full screen article (20.1s)
shsh-check	Verify theme, migrated output and browser behavior	2026-09-18T10:51:37.0966505Z   ✓  198 [webkit] › tests/full-review.spec.ts:9:3 › Full screen article-diary (6.5s)
shsh-check	Verify theme, migrated output and browser behavior	2026-09-18T10:51:42.9476640Z   ✓  199 [webkit] › tests/full-review.spec.ts:9:3 › Full screen article-bgm (6.8s)
shsh-check	Verify theme, migrated output and browser behavior	2026-09-18T10:51:44.2696996Z   ✓  200 [webkit] › tests/full-review.spec.ts:9:3 › Full screen article-pasmo (7.2s)
shsh-check	Verify theme, migrated output and browser behavior	2026-09-18T10:51:51.0216386Z   ✓  202 [webkit] › tests/full-review.spec.ts:9:3 › Full screen archives (6.7s)
shsh-check	Verify theme, migrated output and browser behavior	2026-09-18T10:51:55.6065193Z   ✓  201 [webkit] › tests/full-review.spec.ts:9:3 › Full screen about (12.6s)
shsh-check	Verify theme, migrated output and browser behavior	2026-09-18T10:51:56.9015151Z   ✓  203 [webkit] › tests/full-review.spec.ts:9:3 › Full screen 404 (5.9s)
shsh-check	Verify theme, migrated output and browser behavior	2026-09-18T10:52:01.5911993Z   ✓  204 [webkit] › tests/full-review.spec.ts:9:3 › Full screen empty (6.0s)
shsh-check	Verify theme, migrated output and browser behavior	2026-09-18T10:52:03.1527479Z   ✓  205 [webkit] › tests/full-review.spec.ts:9:3 › Full screen single-item (6.2s)
shsh-check	Verify theme, migrated output and browser behavior	2026-09-18T10:52:05.4888009Z   ✓  207 [webkit] › tests/media.spec.ts:10:1 › responsive candidates, originals, dimensions, loading and figure semantics (2.3s)
shsh-check	Verify theme, migrated output and browser behavior	2026-09-18T10:52:09.4187890Z   ✓  208 [webkit] › tests/media.spec.ts:88:1 › WebP preserves PNG pixels and transparency at each generated width (3.9s)
shsh-check	Verify theme, migrated output and browser behavior	2026-09-18T10:52:10.4741895Z   ✓  206 [webkit] › tests/full-review.spec.ts:138:1 › discovery semantics, keyboard, fixed pages and JavaScript-disabled navigation (8.9s)
shsh-check	Verify theme, migrated output and browser behavior	2026-09-18T10:52:12.7328009Z   ✓  210 [webkit] › tests/media.spec.ts:193:1 › DPR chooses fitting candidates and JavaScript-free media remain usable (2.2s)
shsh-check	Verify theme, migrated output and browser behavior	2026-09-18T10:52:13.0906156Z   ✓  211 [webkit] › tests/metadata.spec.ts:52:1 › RSS uses all ordered articles, plain common summaries and stable document GUIDs (337ms)
shsh-check	Verify theme, migrated output and browser behavior	2026-09-18T10:52:13.5696928Z   ✓  212 [webkit] › tests/metadata.spec.ts:79:1 › taxonomy feeds contain term pages, term feeds filter posts, empty feeds have no fake dates (456ms)
shsh-check	Verify theme, migrated output and browser behavior	2026-09-18T10:52:14.2224624Z   ✓  213 [webkit] › tests/metadata.spec.ts:109:1 › canonical and discovery URLs follow the active pager and build baseURL (631ms)
shsh-check	Verify theme, migrated output and browser behavior	2026-09-18T10:52:14.5146409Z   ✓  214 [webkit] › tests/metadata.spec.ts:135:1 › description, dates and JSON-LD preserve page roles and safe text (277ms)
shsh-check	Verify theme, migrated output and browser behavior	2026-09-18T10:52:14.9871118Z   ✓  215 [webkit] › tests/metadata.spec.ts:170:1 › SNS images use cover, global assets/static/external defaults or none, never body images (450ms)
shsh-check	Verify theme, migrated output and browser behavior	2026-09-18T10:52:15.6454273Z   ✓  216 [webkit] › tests/metadata.spec.ts:193:1 › all XML parses, sitemap and robots follow production and preview (638ms)
shsh-check	Verify theme, migrated output and browser behavior	2026-09-18T10:52:19.0416718Z   ✓  217 [webkit] › tests/migration.spec.ts:36:3 › All migrated outputs: production (3.3s)
shsh-check	Verify theme, migrated output and browser behavior	2026-09-18T10:52:19.2883674Z   ✓  209 [webkit] › tests/media.spec.ts:151:1 › media geometry matches mock, small images stay small, both colors remain accessible (9.8s)
shsh-check	Verify theme, migrated output and browser behavior	2026-09-18T10:52:19.9162315Z   ✓  218 [webkit] › tests/migration.spec.ts:36:3 › All migrated outputs: preview (862ms)
shsh-check	Verify theme, migrated output and browser behavior	2026-09-18T10:52:21.0553297Z   ✓  220 [webkit] › tests/prose.spec.ts:47:1 › failed copy announces manual fallback, permits retry, and resets success after three seconds (1.1s)
shsh-check	Verify theme, migrated output and browser behavior	2026-09-18T10:52:21.5997058Z   ✓  219 [webkit] › tests/prose.spec.ts:19:1 › copy preserves code with Japanese, inline/table numbers, unknown language and no label (2.3s)
shsh-check	Verify theme, migrated output and browser behavior	2026-09-18T10:52:23.0270774Z   ✓  221 [webkit] › tests/prose.spec.ts:74:1 › keyboard reveals copy and Escape returns focus to selectable code (1.9s)
shsh-check	Verify theme, migrated output and browser behavior	2026-09-18T10:52:23.0405974Z   ✓  222 [webkit] › tests/prose.spec.ts:95:1 › touch reveals copy, outside tap and horizontal scroll dismiss it (1.4s)
shsh-check	Verify theme, migrated output and browser behavior	2026-09-18T10:52:24.6799796Z   ✓  223 [webkit] › tests/prose.spec.ts:116:1 › the first tap on a revealed copy button copies exactly once (1.6s)
shsh-check	Verify theme, migrated output and browser behavior	2026-09-18T10:52:28.6554617Z   ✓  225 [webkit] › tests/prose.spec.ts:256:1 › full real article preserves mock prose layout in both palettes and widths (4.0s)
shsh-check	Verify theme, migrated output and browser behavior	2026-09-18T10:52:35.3525975Z   ✓  224 [webkit] › tests/prose.spec.ts:160:1 › prose matches mock type and spacing; footnotes, headings, dates and JS-free reading work (12.3s)
shsh-check	Verify theme, migrated output and browser behavior	2026-09-18T10:52:36.3208439Z   ✓  226 [webkit] › tests/review.spec.ts:70:3 › Representative home comparison, both widths/colors and text enlargement (7.6s)
shsh-check	Verify theme, migrated output and browser behavior	2026-09-18T10:52:42.5120875Z   ✓  227 [webkit] › tests/review.spec.ts:70:3 › Representative posts comparison, both widths/colors and text enlargement (7.1s)
shsh-check	Verify theme, migrated output and browser behavior	2026-09-18T10:52:56.2290327Z   ✓  228 [webkit] › tests/review.spec.ts:70:3 › Representative article comparison, both widths/colors and text enlargement (19.9s)
shsh-check	Verify theme, migrated output and browser behavior	2026-09-18T10:52:57.6089924Z   ✓  229 [webkit] › tests/review.spec.ts:70:3 › Representative specimen comparison, both widths/colors and text enlargement (15.1s)
shsh-check	Verify theme, migrated output and browser behavior	2026-09-18T10:52:59.0742225Z   ✓  231 [webkit] › tests/sharing.spec.ts:59:1 › failed star download preserves reading and share links and announces failure (1.4s)
shsh-check	Verify theme, migrated output and browser behavior	2026-09-18T10:52:59.1609244Z   ✓  230 [webkit] › tests/sharing.spec.ts:14:1 › shared document URLs, encoded titles, service order and keyboard navigation (2.9s)
shsh-check	Verify theme, migrated output and browser behavior	2026-09-18T10:53:00.4326911Z   ✓  232 [webkit] › tests/sharing.spec.ts:72:1 › preview cannot share or load stars; JS-free production retains ordinary links (1.3s)
shsh-check	Verify theme, migrated output and browser behavior	2026-09-18T10:53:02.7247599Z   ✓  233 [webkit] › tests/sharing.spec.ts:103:1 › sharing retains mock geometry and icon styling at both widths and palettes (3.5s)
shsh-check	Verify theme, migrated output and browser behavior	2026-09-18T10:53:07.7979351Z   ✓  234 [webkit] › tests/site.spec.ts:9:3 › Migrated site production: all embed positions, URLs and publication controls (7.3s)
shsh-check	Verify theme, migrated output and browser behavior	2026-09-18T10:53:09.2035221Z   ✓  236 [webkit] › tests/site.spec.ts:99:1 › real video reserves its intrinsic ratio before loading; native playback dimensions agree (1.4s)
shsh-check	Verify theme, migrated output and browser behavior	2026-09-18T10:53:09.6950399Z   ✓  235 [webkit] › tests/site.spec.ts:9:3 › Migrated site preview: all embed positions, URLs and publication controls (7.0s)
shsh-check	Verify theme, migrated output and browser behavior	2026-09-18T10:53:09.8465218Z   ✓  237 [webkit] › tests/theme.spec.ts:4:1 › saved pref-theme is applied before styles load (627ms)
shsh-check	Verify theme, migrated output and browser behavior	2026-09-18T10:53:10.6304533Z   ✓  239 [webkit] › tests/theme.spec.ts:53:1 › invalid and unavailable storage retain OS fallback and allow a page-local choice (770ms)
shsh-check	Verify theme, migrated output and browser behavior	2026-09-18T10:53:10.7796817Z   ✓  238 [webkit] › tests/theme.spec.ts:25:1 › OS follows until a keyboard choice, persists and ignores mock query parameters (1.1s)
shsh-check	Verify theme, migrated output and browser behavior	2026-09-18T10:53:11.1566530Z   ✓  240 [webkit] › tests/theme.spec.ts:78:1 › invalid saved value uses OS preference (512ms)
shsh-check	Verify theme, migrated output and browser behavior	2026-09-18T10:53:11.7198013Z   ✓  241 [webkit] › tests/theme.spec.ts:85:1 › without JavaScript both OS palettes, navigation and subscription remain usable (926ms)
shsh-check	Verify theme, migrated output and browser behavior	2026-09-18T10:53:13.9176418Z   ✓  243 [webkit] › tests/tooling.spec.ts:5:1 › Hugo formatting preserves inline spaces, attributes, render hooks and compiled assets (2.2s)
shsh-check	Verify theme, migrated output and browser behavior	2026-09-18T10:53:15.9385728Z   ✓  242 [webkit] › tests/theme.spec.ts:102:1 › shared shell keeps mock dimensions at desktop and mobile widths in both palettes (4.8s)
shsh-check	Verify theme, migrated output and browser behavior	2026-09-18T10:53:16.0490484Z
shsh-check	Verify theme, migrated output and browser behavior	2026-09-18T10:53:16.0496838Z   243 passed (10.4m)
shsh-check	Run actions/upload-artifact@043fb46d1a93c77aae656e7c1c64a875d1fc6a0a	﻿2026-09-18T10:53:16.9969274Z ##[group]Run actions/upload-artifact@043fb46d1a93c77aae656e7c1c64a875d1fc6a0a
shsh-check	Run actions/upload-artifact@043fb46d1a93c77aae656e7c1c64a875d1fc6a0a	2026-09-18T10:53:16.9969681Z with:
shsh-check	Run actions/upload-artifact@043fb46d1a93c77aae656e7c1c64a875d1fc6a0a	2026-09-18T10:53:16.9969883Z   name: shsh-verification
shsh-check	Run actions/upload-artifact@043fb46d1a93c77aae656e7c1c64a875d1fc6a0a	2026-09-18T10:53:16.9970141Z   include-hidden-files: true
shsh-check	Run actions/upload-artifact@043fb46d1a93c77aae656e7c1c64a875d1fc6a0a	2026-09-18T10:53:16.9970662Z   path: themes/shsh/.cache/ci/
shsh-check	Run actions/upload-artifact@043fb46d1a93c77aae656e7c1c64a875d1fc6a0a	themes/shsh/.cache/migration-results/
shsh-check	Run actions/upload-artifact@043fb46d1a93c77aae656e7c1c64a875d1fc6a0a	themes/shsh/playwright-report/
shsh-check	Run actions/upload-artifact@043fb46d1a93c77aae656e7c1c64a875d1fc6a0a	themes/shsh/test-results/
shsh-check	Run actions/upload-artifact@043fb46d1a93c77aae656e7c1c64a875d1fc6a0a
shsh-check	Run actions/upload-artifact@043fb46d1a93c77aae656e7c1c64a875d1fc6a0a	2026-09-18T10:53:16.9971198Z   retention-days: 14
shsh-check	Run actions/upload-artifact@043fb46d1a93c77aae656e7c1c64a875d1fc6a0a	2026-09-18T10:53:16.9971412Z   if-no-files-found: warn
shsh-check	Run actions/upload-artifact@043fb46d1a93c77aae656e7c1c64a875d1fc6a0a	2026-09-18T10:53:16.9971651Z   compression-level: 6
shsh-check	Run actions/upload-artifact@043fb46d1a93c77aae656e7c1c64a875d1fc6a0a	2026-09-18T10:53:16.9971863Z   overwrite: false
shsh-check	Run actions/upload-artifact@043fb46d1a93c77aae656e7c1c64a875d1fc6a0a	2026-09-18T10:53:16.9972063Z   archive: true
shsh-check	Run actions/upload-artifact@043fb46d1a93c77aae656e7c1c64a875d1fc6a0a	2026-09-18T10:53:16.9972256Z env:
shsh-check	Run actions/upload-artifact@043fb46d1a93c77aae656e7c1c64a875d1fc6a0a	2026-09-18T10:53:16.9972482Z   PNPM_HOME: /home/runner/setup-pnpm/node_modules/.bin
shsh-check	Run actions/upload-artifact@043fb46d1a93c77aae656e7c1c64a875d1fc6a0a	2026-09-18T10:53:16.9972769Z ##[endgroup]
shsh-check	Run actions/upload-artifact@043fb46d1a93c77aae656e7c1c64a875d1fc6a0a	2026-09-18T10:53:17.1346262Z Multiple search paths detected. Calculating the least common ancestor of all paths
shsh-check	Run actions/upload-artifact@043fb46d1a93c77aae656e7c1c64a875d1fc6a0a	2026-09-18T10:53:17.1349101Z The least common ancestor is /home/runner/work/shimoju.jp/shimoju.jp/themes/shsh. This will be the root directory of the artifact
shsh-check	Run actions/upload-artifact@043fb46d1a93c77aae656e7c1c64a875d1fc6a0a	2026-09-18T10:53:17.1350458Z With the provided path, there will be 11 files uploaded
shsh-check	Run actions/upload-artifact@043fb46d1a93c77aae656e7c1c64a875d1fc6a0a	2026-09-18T10:53:17.1355216Z Artifact name is valid!
shsh-check	Run actions/upload-artifact@043fb46d1a93c77aae656e7c1c64a875d1fc6a0a	2026-09-18T10:53:17.1355660Z Root directory input is valid!
shsh-check	Run actions/upload-artifact@043fb46d1a93c77aae656e7c1c64a875d1fc6a0a	2026-09-18T10:53:17.4587824Z Uploading artifact: shsh-verification.zip
shsh-check	Run actions/upload-artifact@043fb46d1a93c77aae656e7c1c64a875d1fc6a0a	2026-09-18T10:53:17.4634077Z Beginning upload of artifact content to blob storage
shsh-check	Run actions/upload-artifact@043fb46d1a93c77aae656e7c1c64a875d1fc6a0a	2026-09-18T10:53:18.1562471Z Uploaded bytes 1983029
shsh-check	Run actions/upload-artifact@043fb46d1a93c77aae656e7c1c64a875d1fc6a0a	2026-09-18T10:53:18.2129841Z Finished uploading artifact content to blob storage!
shsh-check	Run actions/upload-artifact@043fb46d1a93c77aae656e7c1c64a875d1fc6a0a	2026-09-18T10:53:18.2131640Z SHA256 digest of uploaded artifact is 5352555113aee172838fa20fbc42e9eeec1ddea5afe333f1a5c6322b51d2521b
shsh-check	Run actions/upload-artifact@043fb46d1a93c77aae656e7c1c64a875d1fc6a0a	2026-09-18T10:53:18.2132402Z Finalizing artifact upload
shsh-check	Run actions/upload-artifact@043fb46d1a93c77aae656e7c1c64a875d1fc6a0a	2026-09-18T10:53:18.5748679Z Artifact shsh-verification successfully finalized. Artifact ID 10542533338
shsh-check	Run actions/upload-artifact@043fb46d1a93c77aae656e7c1c64a875d1fc6a0a	2026-09-18T10:53:18.5750380Z Artifact shsh-verification has been successfully uploaded! Final size is 1983029 bytes. Artifact ID is 10542533338
shsh-check	Run actions/upload-artifact@043fb46d1a93c77aae656e7c1c64a875d1fc6a0a	2026-09-18T10:53:18.5753808Z Artifact download URL: https://github.com/shimoju/shimoju.jp/actions/runs/35335882614/artifacts/10542533338
shsh-check	Post Run pnpm/action-setup@0977fd99725f1db4007ccb2928dbb4e90d06cc86	﻿2026-09-18T10:53:18.5882309Z Post job cleanup.
shsh-check	Post Run pnpm/action-setup@0977fd99725f1db4007ccb2928dbb4e90d06cc86	2026-09-18T10:53:18.7263692Z Pruning is unnecessary.
shsh-check	Post Run actions/setup-node@820762786026740c76f36085b0efc47a31fe5020	﻿2026-09-18T10:53:18.7394251Z Post job cleanup.
shsh-check	Post Run actions/checkout@3d3c42e5aac5ba805825da76410c181273ba90b1	﻿2026-09-18T10:53:18.8668111Z Post job cleanup.
shsh-check	Post Run actions/checkout@3d3c42e5aac5ba805825da76410c181273ba90b1	2026-09-18T10:53:18.9624717Z [command]/usr/bin/git version
shsh-check	Post Run actions/checkout@3d3c42e5aac5ba805825da76410c181273ba90b1	2026-09-18T10:53:18.9685173Z git version 2.55.0
shsh-check	Post Run actions/checkout@3d3c42e5aac5ba805825da76410c181273ba90b1	2026-09-18T10:53:18.9729778Z Temporarily overriding HOME='/home/runner/work/_temp/5cb1a842-29bc-4cc1-847b-494b4429a5b1' before making global git config changes
shsh-check	Post Run actions/checkout@3d3c42e5aac5ba805825da76410c181273ba90b1	2026-09-18T10:53:18.9730821Z Adding repository directory to the temporary git global config as a safe directory
shsh-check	Post Run actions/checkout@3d3c42e5aac5ba805825da76410c181273ba90b1	2026-09-18T10:53:18.9736616Z [command]/usr/bin/git config --global --add safe.directory /home/runner/work/shimoju.jp/shimoju.jp
shsh-check	Post Run actions/checkout@3d3c42e5aac5ba805825da76410c181273ba90b1	2026-09-18T10:53:18.9769683Z Removing SSH command configuration
shsh-check	Post Run actions/checkout@3d3c42e5aac5ba805825da76410c181273ba90b1	2026-09-18T10:53:18.9776595Z [command]/usr/bin/git config --local --name-only --get-regexp core\.sshCommand
shsh-check	Post Run actions/checkout@3d3c42e5aac5ba805825da76410c181273ba90b1	2026-09-18T10:53:18.9809816Z [command]/usr/bin/git submodule foreach --recursive sh -c "git config --local --name-only --get-regexp 'core\.sshCommand' && git config --local --unset-all 'core.sshCommand' || :"
shsh-check	Post Run actions/checkout@3d3c42e5aac5ba805825da76410c181273ba90b1	2026-09-18T10:53:19.0116633Z Removing HTTP extra header
shsh-check	Post Run actions/checkout@3d3c42e5aac5ba805825da76410c181273ba90b1	2026-09-18T10:53:19.0117871Z [command]/usr/bin/git config --local --name-only --get-regexp http\.https\:\/\/github\.com\/\.extraheader
shsh-check	Post Run actions/checkout@3d3c42e5aac5ba805825da76410c181273ba90b1	2026-09-18T10:53:19.0158163Z [command]/usr/bin/git submodule foreach --recursive sh -c "git config --local --name-only --get-regexp 'http\.https\:\/\/github\.com\/\.extraheader' && git config --local --unset-all 'http.https://github.com/.extraheader' || :"
shsh-check	Post Run actions/checkout@3d3c42e5aac5ba805825da76410c181273ba90b1	2026-09-18T10:53:19.0439152Z Removing includeIf entries pointing to credentials config files
shsh-check	Post Run actions/checkout@3d3c42e5aac5ba805825da76410c181273ba90b1	2026-09-18T10:53:19.0451861Z [command]/usr/bin/git config --local --name-only --get-regexp ^includeIf\.gitdir:
shsh-check	Post Run actions/checkout@3d3c42e5aac5ba805825da76410c181273ba90b1	2026-09-18T10:53:19.0506728Z [command]/usr/bin/git submodule foreach --recursive git config --local --show-origin --name-only --get-regexp remote.origin.url
shsh-check	Complete job	﻿2026-09-18T10:53:19.0855473Z Cleaning up orphan processes
