shsh-check	Set up job	﻿2026-09-18T07:29:49.0437903Z Current runner version: '2.337.0'
shsh-check	Set up job	2026-09-18T07:29:49.0465716Z ##[group]Runner Image Provisioner
shsh-check	Set up job	2026-09-18T07:29:49.0466636Z Hosted Compute Agent
shsh-check	Set up job	2026-09-18T07:29:49.0467345Z Version: 20260828.587
shsh-check	Set up job	2026-09-18T07:29:49.0469038Z Commit: abac92662cab4cc7352de4f9f9d2e2419aad9c29
shsh-check	Set up job	2026-09-18T07:29:49.0470295Z Build Date: 2026-08-28T16:44:25Z
shsh-check	Set up job	2026-09-18T07:29:49.0472010Z Worker ID: {65d28efe-1058-49e7-8283-beb57188bb63}
shsh-check	Set up job	2026-09-18T07:29:49.0473395Z Azure Region: northcentralus
shsh-check	Set up job	2026-09-18T07:29:49.0474401Z ##[endgroup]
shsh-check	Set up job	2026-09-18T07:29:49.0476808Z ##[group]Operating System
shsh-check	Set up job	2026-09-18T07:29:49.0477968Z Ubuntu
shsh-check	Set up job	2026-09-18T07:29:49.0479069Z 24.04.5
shsh-check	Set up job	2026-09-18T07:29:49.0480107Z LTS
shsh-check	Set up job	2026-09-18T07:29:49.0481079Z ##[endgroup]
shsh-check	Set up job	2026-09-18T07:29:49.0482558Z ##[group]Runner Image
shsh-check	Set up job	2026-09-18T07:29:49.0483699Z Image: ubuntu-24.04
shsh-check	Set up job	2026-09-18T07:29:49.0485289Z Version: 20260907.300.1
shsh-check	Set up job	2026-09-18T07:29:49.0487113Z Included Software: https://github.com/actions/runner-images/blob/ubuntu24/20260907.300/images/ubuntu/Ubuntu2404-Readme.md
shsh-check	Set up job	2026-09-18T07:29:49.0490401Z Image Release: https://github.com/actions/runner-images/releases/tag/ubuntu24%2F20260907.300
shsh-check	Set up job	2026-09-18T07:29:49.0492364Z ##[endgroup]
shsh-check	Set up job	2026-09-18T07:29:49.0494192Z ##[group]GITHUB_TOKEN Permissions
shsh-check	Set up job	2026-09-18T07:29:49.0496862Z Contents: read
shsh-check	Set up job	2026-09-18T07:29:49.0497555Z Metadata: read
shsh-check	Set up job	2026-09-18T07:29:49.0498141Z ##[endgroup]
shsh-check	Set up job	2026-09-18T07:29:49.0500747Z Secret source: Actions
shsh-check	Set up job	2026-09-18T07:29:49.0502321Z Cache mode: write
shsh-check	Set up job	2026-09-18T07:29:49.0503068Z Prepare workflow directory
shsh-check	Set up job	2026-09-18T07:29:49.0932326Z Prepare all required actions
shsh-check	Set up job	2026-09-18T07:29:49.0983121Z Getting action download info
shsh-check	Set up job	2026-09-18T07:29:49.3767827Z Download action repository 'actions/checkout@3d3c42e5aac5ba805825da76410c181273ba90b1' (SHA:3d3c42e5aac5ba805825da76410c181273ba90b1)
shsh-check	Set up job	2026-09-18T07:29:49.5098034Z Download action repository 'actions/setup-node@820762786026740c76f36085b0efc47a31fe5020' (SHA:820762786026740c76f36085b0efc47a31fe5020)
shsh-check	Set up job	2026-09-18T07:29:49.6021931Z Download action repository 'pnpm/action-setup@0977fd99725f1db4007ccb2928dbb4e90d06cc86' (SHA:0977fd99725f1db4007ccb2928dbb4e90d06cc86)
shsh-check	Set up job	2026-09-18T07:29:49.9015868Z Download action repository 'peaceiris/actions-hugo@6b1ee2dcc06c9b6629a5317fa0146473914d05e1' (SHA:6b1ee2dcc06c9b6629a5317fa0146473914d05e1)
shsh-check	Set up job	2026-09-18T07:29:50.3005869Z Download action repository 'actions/upload-artifact@043fb46d1a93c77aae656e7c1c64a875d1fc6a0a' (SHA:043fb46d1a93c77aae656e7c1c64a875d1fc6a0a)
shsh-check	Set up job	2026-09-18T07:29:50.4786205Z Complete job name: shsh-check
shsh-check	Run actions/checkout@3d3c42e5aac5ba805825da76410c181273ba90b1	﻿2026-09-18T07:29:50.5586266Z ##[group]Run actions/checkout@3d3c42e5aac5ba805825da76410c181273ba90b1
shsh-check	Run actions/checkout@3d3c42e5aac5ba805825da76410c181273ba90b1	2026-09-18T07:29:50.5587381Z with:
shsh-check	Run actions/checkout@3d3c42e5aac5ba805825da76410c181273ba90b1	2026-09-18T07:29:50.5587827Z   fetch-depth: 0
shsh-check	Run actions/checkout@3d3c42e5aac5ba805825da76410c181273ba90b1	2026-09-18T07:29:50.5588282Z   persist-credentials: false
shsh-check	Run actions/checkout@3d3c42e5aac5ba805825da76410c181273ba90b1	2026-09-18T07:29:50.5588803Z   repository: shimoju/shimoju.jp
shsh-check	Run actions/checkout@3d3c42e5aac5ba805825da76410c181273ba90b1	2026-09-18T07:29:50.5592914Z   token: ***
shsh-check	Run actions/checkout@3d3c42e5aac5ba805825da76410c181273ba90b1	2026-09-18T07:29:50.5593360Z   ssh-strict: true
shsh-check	Run actions/checkout@3d3c42e5aac5ba805825da76410c181273ba90b1	2026-09-18T07:29:50.5593788Z   ssh-user: git
shsh-check	Run actions/checkout@3d3c42e5aac5ba805825da76410c181273ba90b1	2026-09-18T07:29:50.5594212Z   clean: true
shsh-check	Run actions/checkout@3d3c42e5aac5ba805825da76410c181273ba90b1	2026-09-18T07:29:50.5594649Z   sparse-checkout-cone-mode: true
shsh-check	Run actions/checkout@3d3c42e5aac5ba805825da76410c181273ba90b1	2026-09-18T07:29:50.5595197Z   fetch-tags: false
shsh-check	Run actions/checkout@3d3c42e5aac5ba805825da76410c181273ba90b1	2026-09-18T07:29:50.5595633Z   show-progress: true
shsh-check	Run actions/checkout@3d3c42e5aac5ba805825da76410c181273ba90b1	2026-09-18T07:29:50.5596067Z   lfs: false
shsh-check	Run actions/checkout@3d3c42e5aac5ba805825da76410c181273ba90b1	2026-09-18T07:29:50.5596466Z   submodules: false
shsh-check	Run actions/checkout@3d3c42e5aac5ba805825da76410c181273ba90b1	2026-09-18T07:29:50.5596916Z   set-safe-directory: true
shsh-check	Run actions/checkout@3d3c42e5aac5ba805825da76410c181273ba90b1	2026-09-18T07:29:50.5597409Z   allow-unsafe-pr-checkout: false
shsh-check	Run actions/checkout@3d3c42e5aac5ba805825da76410c181273ba90b1	2026-09-18T07:29:50.5598181Z ##[endgroup]
shsh-check	Run actions/checkout@3d3c42e5aac5ba805825da76410c181273ba90b1	2026-09-18T07:29:50.6631649Z Syncing repository: shimoju/shimoju.jp
shsh-check	Run actions/checkout@3d3c42e5aac5ba805825da76410c181273ba90b1	2026-09-18T07:29:50.6633919Z ##[group]Getting Git version info
shsh-check	Run actions/checkout@3d3c42e5aac5ba805825da76410c181273ba90b1	2026-09-18T07:29:50.6635090Z Working directory is '/home/runner/work/shimoju.jp/shimoju.jp'
shsh-check	Run actions/checkout@3d3c42e5aac5ba805825da76410c181273ba90b1	2026-09-18T07:29:50.6636918Z [command]/usr/bin/git version
shsh-check	Run actions/checkout@3d3c42e5aac5ba805825da76410c181273ba90b1	2026-09-18T07:29:50.6735987Z git version 2.55.0
shsh-check	Run actions/checkout@3d3c42e5aac5ba805825da76410c181273ba90b1	2026-09-18T07:29:50.6763668Z ##[endgroup]
shsh-check	Run actions/checkout@3d3c42e5aac5ba805825da76410c181273ba90b1	2026-09-18T07:29:50.6775964Z Temporarily overriding HOME='/home/runner/work/_temp/293059c1-dd9f-4a13-bc82-76dc49d56280' before making global git config changes
shsh-check	Run actions/checkout@3d3c42e5aac5ba805825da76410c181273ba90b1	2026-09-18T07:29:50.6777437Z Adding repository directory to the temporary git global config as a safe directory
shsh-check	Run actions/checkout@3d3c42e5aac5ba805825da76410c181273ba90b1	2026-09-18T07:29:50.6782331Z [command]/usr/bin/git config --global --add safe.directory /home/runner/work/shimoju.jp/shimoju.jp
shsh-check	Run actions/checkout@3d3c42e5aac5ba805825da76410c181273ba90b1	2026-09-18T07:29:50.6844469Z Deleting the contents of '/home/runner/work/shimoju.jp/shimoju.jp'
shsh-check	Run actions/checkout@3d3c42e5aac5ba805825da76410c181273ba90b1	2026-09-18T07:29:50.6848440Z ##[group]Determining repository object format
shsh-check	Run actions/checkout@3d3c42e5aac5ba805825da76410c181273ba90b1	2026-09-18T07:29:50.6850338Z ##[endgroup]
shsh-check	Run actions/checkout@3d3c42e5aac5ba805825da76410c181273ba90b1	2026-09-18T07:29:50.6851089Z ##[group]Initializing the repository
shsh-check	Run actions/checkout@3d3c42e5aac5ba805825da76410c181273ba90b1	2026-09-18T07:29:50.6856732Z [command]/usr/bin/git init /home/runner/work/shimoju.jp/shimoju.jp
shsh-check	Run actions/checkout@3d3c42e5aac5ba805825da76410c181273ba90b1	2026-09-18T07:29:50.7001785Z hint: Using 'master' as the name for the initial branch. This default branch name
shsh-check	Run actions/checkout@3d3c42e5aac5ba805825da76410c181273ba90b1	2026-09-18T07:29:50.7003871Z hint: will change to "main" in Git 3.0. To configure the initial branch name
shsh-check	Run actions/checkout@3d3c42e5aac5ba805825da76410c181273ba90b1	2026-09-18T07:29:50.7005782Z hint: to use in all of your new repositories, which will suppress this warning,
shsh-check	Run actions/checkout@3d3c42e5aac5ba805825da76410c181273ba90b1	2026-09-18T07:29:50.7006973Z hint: call:
shsh-check	Run actions/checkout@3d3c42e5aac5ba805825da76410c181273ba90b1	2026-09-18T07:29:50.7007736Z hint:
shsh-check	Run actions/checkout@3d3c42e5aac5ba805825da76410c181273ba90b1	2026-09-18T07:29:50.7008755Z hint: 	git config --global init.defaultBranch <name>
shsh-check	Run actions/checkout@3d3c42e5aac5ba805825da76410c181273ba90b1	2026-09-18T07:29:50.7009857Z hint:
shsh-check	Run actions/checkout@3d3c42e5aac5ba805825da76410c181273ba90b1	2026-09-18T07:29:50.7011098Z hint: Names commonly chosen instead of 'master' are 'main', 'trunk' and
shsh-check	Run actions/checkout@3d3c42e5aac5ba805825da76410c181273ba90b1	2026-09-18T07:29:50.7012978Z hint: 'development'. The just-created branch can be renamed via this command:
shsh-check	Run actions/checkout@3d3c42e5aac5ba805825da76410c181273ba90b1	2026-09-18T07:29:50.7013928Z hint:
shsh-check	Run actions/checkout@3d3c42e5aac5ba805825da76410c181273ba90b1	2026-09-18T07:29:50.7014520Z hint: 	git branch -m <name>
shsh-check	Run actions/checkout@3d3c42e5aac5ba805825da76410c181273ba90b1	2026-09-18T07:29:50.7015024Z hint:
shsh-check	Run actions/checkout@3d3c42e5aac5ba805825da76410c181273ba90b1	2026-09-18T07:29:50.7015782Z hint: Disable this message with "git config set advice.defaultBranchName false"
shsh-check	Run actions/checkout@3d3c42e5aac5ba805825da76410c181273ba90b1	2026-09-18T07:29:50.7017738Z Initialized empty Git repository in /home/runner/work/shimoju.jp/shimoju.jp/.git/
shsh-check	Run actions/checkout@3d3c42e5aac5ba805825da76410c181273ba90b1	2026-09-18T07:29:50.7021621Z [command]/usr/bin/git remote add origin https://github.com/shimoju/shimoju.jp
shsh-check	Run actions/checkout@3d3c42e5aac5ba805825da76410c181273ba90b1	2026-09-18T07:29:50.7077934Z ##[endgroup]
shsh-check	Run actions/checkout@3d3c42e5aac5ba805825da76410c181273ba90b1	2026-09-18T07:29:50.7079243Z ##[group]Disabling automatic garbage collection
shsh-check	Run actions/checkout@3d3c42e5aac5ba805825da76410c181273ba90b1	2026-09-18T07:29:50.7082335Z [command]/usr/bin/git config --local gc.auto 0
shsh-check	Run actions/checkout@3d3c42e5aac5ba805825da76410c181273ba90b1	2026-09-18T07:29:50.7120831Z ##[endgroup]
shsh-check	Run actions/checkout@3d3c42e5aac5ba805825da76410c181273ba90b1	2026-09-18T07:29:50.7122577Z ##[group]Setting up auth
shsh-check	Run actions/checkout@3d3c42e5aac5ba805825da76410c181273ba90b1	2026-09-18T07:29:50.7123425Z Removing SSH command configuration
shsh-check	Run actions/checkout@3d3c42e5aac5ba805825da76410c181273ba90b1	2026-09-18T07:29:50.7128288Z [command]/usr/bin/git config --local --name-only --get-regexp core\.sshCommand
shsh-check	Run actions/checkout@3d3c42e5aac5ba805825da76410c181273ba90b1	2026-09-18T07:29:50.7166305Z [command]/usr/bin/git submodule foreach --recursive sh -c "git config --local --name-only --get-regexp 'core\.sshCommand' && git config --local --unset-all 'core.sshCommand' || :"
shsh-check	Run actions/checkout@3d3c42e5aac5ba805825da76410c181273ba90b1	2026-09-18T07:29:50.7563405Z Removing HTTP extra header
shsh-check	Run actions/checkout@3d3c42e5aac5ba805825da76410c181273ba90b1	2026-09-18T07:29:50.7569262Z [command]/usr/bin/git config --local --name-only --get-regexp http\.https\:\/\/github\.com\/\.extraheader
shsh-check	Run actions/checkout@3d3c42e5aac5ba805825da76410c181273ba90b1	2026-09-18T07:29:50.7607205Z [command]/usr/bin/git submodule foreach --recursive sh -c "git config --local --name-only --get-regexp 'http\.https\:\/\/github\.com\/\.extraheader' && git config --local --unset-all 'http.https://github.com/.extraheader' || :"
shsh-check	Run actions/checkout@3d3c42e5aac5ba805825da76410c181273ba90b1	2026-09-18T07:29:50.7831019Z Removing includeIf entries pointing to credentials config files
shsh-check	Run actions/checkout@3d3c42e5aac5ba805825da76410c181273ba90b1	2026-09-18T07:29:50.7837125Z [command]/usr/bin/git config --local --name-only --get-regexp ^includeIf\.gitdir:
shsh-check	Run actions/checkout@3d3c42e5aac5ba805825da76410c181273ba90b1	2026-09-18T07:29:50.7881842Z [command]/usr/bin/git submodule foreach --recursive git config --local --show-origin --name-only --get-regexp remote.origin.url
shsh-check	Run actions/checkout@3d3c42e5aac5ba805825da76410c181273ba90b1	2026-09-18T07:29:50.8109313Z [command]/usr/bin/git config --file /home/runner/work/_temp/git-credentials-34d8246f-6902-47a5-9a2c-615f981a90e5.config http.https://github.com/.extraheader AUTHORIZATION: basic ***
shsh-check	Run actions/checkout@3d3c42e5aac5ba805825da76410c181273ba90b1	2026-09-18T07:29:50.8150720Z [command]/usr/bin/git config --local includeIf.gitdir:/home/runner/work/shimoju.jp/shimoju.jp/.git.path /home/runner/work/_temp/git-credentials-34d8246f-6902-47a5-9a2c-615f981a90e5.config
shsh-check	Run actions/checkout@3d3c42e5aac5ba805825da76410c181273ba90b1	2026-09-18T07:29:50.8188137Z [command]/usr/bin/git config --local includeIf.gitdir:/home/runner/work/shimoju.jp/shimoju.jp/.git/worktrees/*.path /home/runner/work/_temp/git-credentials-34d8246f-6902-47a5-9a2c-615f981a90e5.config
shsh-check	Run actions/checkout@3d3c42e5aac5ba805825da76410c181273ba90b1	2026-09-18T07:29:50.8227564Z [command]/usr/bin/git config --local includeIf.gitdir:/github/workspace/.git.path /github/runner_temp/git-credentials-34d8246f-6902-47a5-9a2c-615f981a90e5.config
shsh-check	Run actions/checkout@3d3c42e5aac5ba805825da76410c181273ba90b1	2026-09-18T07:29:50.8264708Z [command]/usr/bin/git config --local includeIf.gitdir:/github/workspace/.git/worktrees/*.path /github/runner_temp/git-credentials-34d8246f-6902-47a5-9a2c-615f981a90e5.config
shsh-check	Run actions/checkout@3d3c42e5aac5ba805825da76410c181273ba90b1	2026-09-18T07:29:50.8296364Z ##[endgroup]
shsh-check	Run actions/checkout@3d3c42e5aac5ba805825da76410c181273ba90b1	2026-09-18T07:29:50.8297673Z ##[group]Fetching the repository
shsh-check	Run actions/checkout@3d3c42e5aac5ba805825da76410c181273ba90b1	2026-09-18T07:29:50.8304583Z [command]/usr/bin/git -c protocol.version=2 fetch --no-tags --prune --no-recurse-submodules origin +refs/heads/*:refs/remotes/origin/* +refs/tags/*:refs/tags/*
shsh-check	Run actions/checkout@3d3c42e5aac5ba805825da76410c181273ba90b1	2026-09-18T07:29:53.1393965Z From https://github.com/shimoju/shimoju.jp
shsh-check	Run actions/checkout@3d3c42e5aac5ba805825da76410c181273ba90b1	2026-09-18T07:29:53.1396266Z  * [new branch]      hugo-theme -> origin/hugo-theme
shsh-check	Run actions/checkout@3d3c42e5aac5ba805825da76410c181273ba90b1	2026-09-18T07:29:53.1398247Z  * [new branch]      master     -> origin/master
shsh-check	Run actions/checkout@3d3c42e5aac5ba805825da76410c181273ba90b1	2026-09-18T07:29:53.1404914Z [command]/usr/bin/git branch --list --remote origin/hugo-theme
shsh-check	Run actions/checkout@3d3c42e5aac5ba805825da76410c181273ba90b1	2026-09-18T07:29:53.1436600Z   origin/hugo-theme
shsh-check	Run actions/checkout@3d3c42e5aac5ba805825da76410c181273ba90b1	2026-09-18T07:29:53.1445536Z [command]/usr/bin/git rev-parse refs/remotes/origin/hugo-theme
shsh-check	Run actions/checkout@3d3c42e5aac5ba805825da76410c181273ba90b1	2026-09-18T07:29:53.1474119Z 65d32a6861bdb5a8903bd47cd642d3fdde424017
shsh-check	Run actions/checkout@3d3c42e5aac5ba805825da76410c181273ba90b1	2026-09-18T07:29:53.1479541Z ##[endgroup]
shsh-check	Run actions/checkout@3d3c42e5aac5ba805825da76410c181273ba90b1	2026-09-18T07:29:53.1481106Z ##[group]Determining the checkout info
shsh-check	Run actions/checkout@3d3c42e5aac5ba805825da76410c181273ba90b1	2026-09-18T07:29:53.1483911Z ##[endgroup]
shsh-check	Run actions/checkout@3d3c42e5aac5ba805825da76410c181273ba90b1	2026-09-18T07:29:53.1484965Z [command]/usr/bin/git sparse-checkout disable
shsh-check	Run actions/checkout@3d3c42e5aac5ba805825da76410c181273ba90b1	2026-09-18T07:29:53.1540172Z [command]/usr/bin/git config --local --unset-all extensions.worktreeConfig
shsh-check	Run actions/checkout@3d3c42e5aac5ba805825da76410c181273ba90b1	2026-09-18T07:29:53.1575843Z ##[group]Checking out the ref
shsh-check	Run actions/checkout@3d3c42e5aac5ba805825da76410c181273ba90b1	2026-09-18T07:29:53.1578623Z [command]/usr/bin/git checkout --progress --force -B hugo-theme refs/remotes/origin/hugo-theme
shsh-check	Run actions/checkout@3d3c42e5aac5ba805825da76410c181273ba90b1	2026-09-18T07:29:53.8073831Z Switched to a new branch 'hugo-theme'
shsh-check	Run actions/checkout@3d3c42e5aac5ba805825da76410c181273ba90b1	2026-09-18T07:29:53.8078967Z branch 'hugo-theme' set up to track 'origin/hugo-theme'.
shsh-check	Run actions/checkout@3d3c42e5aac5ba805825da76410c181273ba90b1	2026-09-18T07:29:53.8105568Z ##[endgroup]
shsh-check	Run actions/checkout@3d3c42e5aac5ba805825da76410c181273ba90b1	2026-09-18T07:29:53.8158581Z [command]/usr/bin/git log -1 --format=%H
shsh-check	Run actions/checkout@3d3c42e5aac5ba805825da76410c181273ba90b1	2026-09-18T07:29:53.8188826Z 65d32a6861bdb5a8903bd47cd642d3fdde424017
shsh-check	Run actions/checkout@3d3c42e5aac5ba805825da76410c181273ba90b1	2026-09-18T07:29:53.8198751Z ##[group]Removing auth
shsh-check	Run actions/checkout@3d3c42e5aac5ba805825da76410c181273ba90b1	2026-09-18T07:29:53.8199399Z Removing SSH command configuration
shsh-check	Run actions/checkout@3d3c42e5aac5ba805825da76410c181273ba90b1	2026-09-18T07:29:53.8203962Z [command]/usr/bin/git config --local --name-only --get-regexp core\.sshCommand
shsh-check	Run actions/checkout@3d3c42e5aac5ba805825da76410c181273ba90b1	2026-09-18T07:29:53.8243701Z [command]/usr/bin/git submodule foreach --recursive sh -c "git config --local --name-only --get-regexp 'core\.sshCommand' && git config --local --unset-all 'core.sshCommand' || :"
shsh-check	Run actions/checkout@3d3c42e5aac5ba805825da76410c181273ba90b1	2026-09-18T07:29:53.8483559Z Removing HTTP extra header
shsh-check	Run actions/checkout@3d3c42e5aac5ba805825da76410c181273ba90b1	2026-09-18T07:29:53.8487084Z [command]/usr/bin/git config --local --name-only --get-regexp http\.https\:\/\/github\.com\/\.extraheader
shsh-check	Run actions/checkout@3d3c42e5aac5ba805825da76410c181273ba90b1	2026-09-18T07:29:53.8522941Z [command]/usr/bin/git submodule foreach --recursive sh -c "git config --local --name-only --get-regexp 'http\.https\:\/\/github\.com\/\.extraheader' && git config --local --unset-all 'http.https://github.com/.extraheader' || :"
shsh-check	Run actions/checkout@3d3c42e5aac5ba805825da76410c181273ba90b1	2026-09-18T07:29:53.8753577Z Removing includeIf entries pointing to credentials config files
shsh-check	Run actions/checkout@3d3c42e5aac5ba805825da76410c181273ba90b1	2026-09-18T07:29:53.8757001Z [command]/usr/bin/git config --local --name-only --get-regexp ^includeIf\.gitdir:
shsh-check	Run actions/checkout@3d3c42e5aac5ba805825da76410c181273ba90b1	2026-09-18T07:29:53.8789121Z includeif.gitdir:/home/runner/work/shimoju.jp/shimoju.jp/.git.path
shsh-check	Run actions/checkout@3d3c42e5aac5ba805825da76410c181273ba90b1	2026-09-18T07:29:53.8790335Z includeif.gitdir:/home/runner/work/shimoju.jp/shimoju.jp/.git/worktrees/*.path
shsh-check	Run actions/checkout@3d3c42e5aac5ba805825da76410c181273ba90b1	2026-09-18T07:29:53.8791743Z includeif.gitdir:/github/workspace/.git.path
shsh-check	Run actions/checkout@3d3c42e5aac5ba805825da76410c181273ba90b1	2026-09-18T07:29:53.8792578Z includeif.gitdir:/github/workspace/.git/worktrees/*.path
shsh-check	Run actions/checkout@3d3c42e5aac5ba805825da76410c181273ba90b1	2026-09-18T07:29:53.8799915Z [command]/usr/bin/git config --local --get-all includeif.gitdir:/home/runner/work/shimoju.jp/shimoju.jp/.git.path
shsh-check	Run actions/checkout@3d3c42e5aac5ba805825da76410c181273ba90b1	2026-09-18T07:29:53.8826846Z /home/runner/work/_temp/git-credentials-34d8246f-6902-47a5-9a2c-615f981a90e5.config
shsh-check	Run actions/checkout@3d3c42e5aac5ba805825da76410c181273ba90b1	2026-09-18T07:29:53.8836591Z [command]/usr/bin/git config --local --unset includeif.gitdir:/home/runner/work/shimoju.jp/shimoju.jp/.git.path \/home\/runner\/work\/_temp\/git\-credentials\-34d8246f\-6902\-47a5\-9a2c\-615f981a90e5\.config
shsh-check	Run actions/checkout@3d3c42e5aac5ba805825da76410c181273ba90b1	2026-09-18T07:29:53.8873742Z [command]/usr/bin/git config --local --get-all includeif.gitdir:/home/runner/work/shimoju.jp/shimoju.jp/.git/worktrees/*.path
shsh-check	Run actions/checkout@3d3c42e5aac5ba805825da76410c181273ba90b1	2026-09-18T07:29:53.8935641Z /home/runner/work/_temp/git-credentials-34d8246f-6902-47a5-9a2c-615f981a90e5.config
shsh-check	Run actions/checkout@3d3c42e5aac5ba805825da76410c181273ba90b1	2026-09-18T07:29:53.8944641Z [command]/usr/bin/git config --local --unset includeif.gitdir:/home/runner/work/shimoju.jp/shimoju.jp/.git/worktrees/*.path \/home\/runner\/work\/_temp\/git\-credentials\-34d8246f\-6902\-47a5\-9a2c\-615f981a90e5\.config
shsh-check	Run actions/checkout@3d3c42e5aac5ba805825da76410c181273ba90b1	2026-09-18T07:29:53.8986200Z [command]/usr/bin/git config --local --get-all includeif.gitdir:/github/workspace/.git.path
shsh-check	Run actions/checkout@3d3c42e5aac5ba805825da76410c181273ba90b1	2026-09-18T07:29:53.9024784Z /github/runner_temp/git-credentials-34d8246f-6902-47a5-9a2c-615f981a90e5.config
shsh-check	Run actions/checkout@3d3c42e5aac5ba805825da76410c181273ba90b1	2026-09-18T07:29:53.9045795Z [command]/usr/bin/git config --local --unset includeif.gitdir:/github/workspace/.git.path \/github\/runner_temp\/git\-credentials\-34d8246f\-6902\-47a5\-9a2c\-615f981a90e5\.config
shsh-check	Run actions/checkout@3d3c42e5aac5ba805825da76410c181273ba90b1	2026-09-18T07:29:53.9107382Z [command]/usr/bin/git config --local --get-all includeif.gitdir:/github/workspace/.git/worktrees/*.path
shsh-check	Run actions/checkout@3d3c42e5aac5ba805825da76410c181273ba90b1	2026-09-18T07:29:53.9138542Z /github/runner_temp/git-credentials-34d8246f-6902-47a5-9a2c-615f981a90e5.config
shsh-check	Run actions/checkout@3d3c42e5aac5ba805825da76410c181273ba90b1	2026-09-18T07:29:53.9145993Z [command]/usr/bin/git config --local --unset includeif.gitdir:/github/workspace/.git/worktrees/*.path \/github\/runner_temp\/git\-credentials\-34d8246f\-6902\-47a5\-9a2c\-615f981a90e5\.config
shsh-check	Run actions/checkout@3d3c42e5aac5ba805825da76410c181273ba90b1	2026-09-18T07:29:53.9183083Z [command]/usr/bin/git submodule foreach --recursive git config --local --show-origin --name-only --get-regexp remote.origin.url
shsh-check	Run actions/checkout@3d3c42e5aac5ba805825da76410c181273ba90b1	2026-09-18T07:29:53.9410589Z Removing credentials config '/home/runner/work/_temp/git-credentials-34d8246f-6902-47a5-9a2c-615f981a90e5.config'
shsh-check	Run actions/checkout@3d3c42e5aac5ba805825da76410c181273ba90b1	2026-09-18T07:29:53.9419618Z ##[endgroup]
shsh-check	Run actions/setup-node@820762786026740c76f36085b0efc47a31fe5020	﻿2026-09-18T07:29:53.9671436Z ##[group]Run actions/setup-node@820762786026740c76f36085b0efc47a31fe5020
shsh-check	Run actions/setup-node@820762786026740c76f36085b0efc47a31fe5020	2026-09-18T07:29:53.9671962Z with:
shsh-check	Run actions/setup-node@820762786026740c76f36085b0efc47a31fe5020	2026-09-18T07:29:53.9672243Z   node-version-file: themes/shsh/.node-version
shsh-check	Run actions/setup-node@820762786026740c76f36085b0efc47a31fe5020	2026-09-18T07:29:53.9672610Z   package-manager-cache: false
shsh-check	Run actions/setup-node@820762786026740c76f36085b0efc47a31fe5020	2026-09-18T07:29:53.9672904Z   check-latest: false
shsh-check	Run actions/setup-node@820762786026740c76f36085b0efc47a31fe5020	2026-09-18T07:29:53.9675454Z   token: ***
shsh-check	Run actions/setup-node@820762786026740c76f36085b0efc47a31fe5020	2026-09-18T07:29:53.9675703Z ##[endgroup]
shsh-check	Run actions/setup-node@820762786026740c76f36085b0efc47a31fe5020	2026-09-18T07:29:54.0947247Z Node version file is not JSON file
shsh-check	Run actions/setup-node@820762786026740c76f36085b0efc47a31fe5020	2026-09-18T07:29:54.0949038Z Resolved themes/shsh/.node-version as 24.21.0
shsh-check	Run actions/setup-node@820762786026740c76f36085b0efc47a31fe5020	2026-09-18T07:29:54.0967789Z Attempting to download 24.21.0...
shsh-check	Run actions/setup-node@820762786026740c76f36085b0efc47a31fe5020	2026-09-18T07:29:54.7673512Z Acquiring 24.21.0 - x64 from https://github.com/actions/node-versions/releases/download/24.21.0-34304089047/node-24.21.0-linux-x64.tar.gz
shsh-check	Run actions/setup-node@820762786026740c76f36085b0efc47a31fe5020	2026-09-18T07:29:55.1952984Z Extracting ...
shsh-check	Run actions/setup-node@820762786026740c76f36085b0efc47a31fe5020	2026-09-18T07:29:55.2083755Z [command]/usr/bin/tar xz --strip 1 --warning=no-unknown-keyword --overwrite -C /home/runner/work/_temp/178cff8d-d119-461a-bc37-bc01e8c31f6b -f /home/runner/work/_temp/1b2dadb5-ff69-49a9-8d45-04d486ff42fe
shsh-check	Run actions/setup-node@820762786026740c76f36085b0efc47a31fe5020	2026-09-18T07:29:56.4446339Z Adding to the cache ...
shsh-check	Run actions/setup-node@820762786026740c76f36085b0efc47a31fe5020	2026-09-18T07:29:58.5023197Z ##[group]Environment details
shsh-check	Run actions/setup-node@820762786026740c76f36085b0efc47a31fe5020	2026-09-18T07:29:58.7385347Z node: v24.21.0
shsh-check	Run actions/setup-node@820762786026740c76f36085b0efc47a31fe5020	2026-09-18T07:29:58.7385893Z npm: 11.19.0
shsh-check	Run actions/setup-node@820762786026740c76f36085b0efc47a31fe5020	2026-09-18T07:29:58.7386228Z yarn: 1.22.22
shsh-check	Run actions/setup-node@820762786026740c76f36085b0efc47a31fe5020	2026-09-18T07:29:58.7387549Z ##[endgroup]
shsh-check	Run pnpm/action-setup@0977fd99725f1db4007ccb2928dbb4e90d06cc86	﻿2026-09-18T07:29:58.7586202Z ##[group]Run pnpm/action-setup@0977fd99725f1db4007ccb2928dbb4e90d06cc86
shsh-check	Run pnpm/action-setup@0977fd99725f1db4007ccb2928dbb4e90d06cc86	2026-09-18T07:29:58.7586666Z with:
shsh-check	Run pnpm/action-setup@0977fd99725f1db4007ccb2928dbb4e90d06cc86	2026-09-18T07:29:58.7586907Z   package_json_file: themes/shsh/package.json
shsh-check	Run pnpm/action-setup@0977fd99725f1db4007ccb2928dbb4e90d06cc86	2026-09-18T07:29:58.7587201Z   run_install: false
shsh-check	Run pnpm/action-setup@0977fd99725f1db4007ccb2928dbb4e90d06cc86	2026-09-18T07:29:58.7587434Z   dest: ~/setup-pnpm
shsh-check	Run pnpm/action-setup@0977fd99725f1db4007ccb2928dbb4e90d06cc86	2026-09-18T07:29:58.7587635Z   cache: false
shsh-check	Run pnpm/action-setup@0977fd99725f1db4007ccb2928dbb4e90d06cc86	2026-09-18T07:29:58.7587910Z   cache_dependency_path: pnpm-lock.yaml
shsh-check	Run pnpm/action-setup@0977fd99725f1db4007ccb2928dbb4e90d06cc86	2026-09-18T07:29:58.7588181Z   standalone: false
shsh-check	Run pnpm/action-setup@0977fd99725f1db4007ccb2928dbb4e90d06cc86	2026-09-18T07:29:58.7588406Z ##[endgroup]
shsh-check	Run pnpm/action-setup@0977fd99725f1db4007ccb2928dbb4e90d06cc86	2026-09-18T07:29:58.9138161Z ##[group]Running self-installer...
shsh-check	Run pnpm/action-setup@0977fd99725f1db4007ccb2928dbb4e90d06cc86	2026-09-18T07:30:00.3091008Z
shsh-check	Run pnpm/action-setup@0977fd99725f1db4007ccb2928dbb4e90d06cc86	2026-09-18T07:30:00.3100142Z added 1 package, and audited 2 packages in 1s
shsh-check	Run pnpm/action-setup@0977fd99725f1db4007ccb2928dbb4e90d06cc86	2026-09-18T07:30:00.3100576Z
shsh-check	Run pnpm/action-setup@0977fd99725f1db4007ccb2928dbb4e90d06cc86	2026-09-18T07:30:00.3100874Z 1 package is looking for funding
shsh-check	Run pnpm/action-setup@0977fd99725f1db4007ccb2928dbb4e90d06cc86	2026-09-18T07:30:00.3101633Z   run `npm fund` for details
shsh-check	Run pnpm/action-setup@0977fd99725f1db4007ccb2928dbb4e90d06cc86	2026-09-18T07:30:00.3103294Z
shsh-check	Run pnpm/action-setup@0977fd99725f1db4007ccb2928dbb4e90d06cc86	2026-09-18T07:30:00.3103611Z found 0 vulnerabilities
shsh-check	Run pnpm/action-setup@0977fd99725f1db4007ccb2928dbb4e90d06cc86	2026-09-18T07:30:00.9445785Z Checking for updates...
shsh-check	Run pnpm/action-setup@0977fd99725f1db4007ccb2928dbb4e90d06cc86	2026-09-18T07:30:01.0925843Z Switching pnpm from v11.19.0 to v12.4.1...
shsh-check	Run pnpm/action-setup@0977fd99725f1db4007ccb2928dbb4e90d06cc86	2026-09-18T07:30:01.4845210Z .../v11/980-1a0b36c19e4-f32215a062a001a3 | Progress: resolved 1, reused 0, downloaded 0, added 0
shsh-check	Run pnpm/action-setup@0977fd99725f1db4007ccb2928dbb4e90d06cc86	2026-09-18T07:30:01.4885535Z .../v11/980-1a0b36c19e4-f32215a062a001a3 |   +2 +
shsh-check	Run pnpm/action-setup@0977fd99725f1db4007ccb2928dbb4e90d06cc86	2026-09-18T07:30:01.9343067Z .../v11/980-1a0b36c19e4-f32215a062a001a3 | Progress: resolved 2, reused 0, downloaded 2, added 2, done
shsh-check	Run pnpm/action-setup@0977fd99725f1db4007ccb2928dbb4e90d06cc86	2026-09-18T07:30:03.2492190Z [WARN] Detected a pnpm v10 installation layout at PNPM_HOME. The pnpm shims at PNPM_HOME have been refreshed so the new version is active, but pnpm v11 expects bins in PNPM_HOME/bin. Run "pnpm setup" to migrate your PATH to the v11 layout.
shsh-check	Run pnpm/action-setup@0977fd99725f1db4007ccb2928dbb4e90d06cc86	2026-09-18T07:30:03.2556488Z Successfully updated pnpm to v12.4.1
shsh-check	Run pnpm/action-setup@0977fd99725f1db4007ccb2928dbb4e90d06cc86	2026-09-18T07:30:03.2846528Z ##[endgroup]
shsh-check	Run pnpm/action-setup@0977fd99725f1db4007ccb2928dbb4e90d06cc86	2026-09-18T07:30:03.2847107Z Installation Completed!
shsh-check	Run peaceiris/actions-hugo@6b1ee2dcc06c9b6629a5317fa0146473914d05e1	﻿2026-09-18T07:30:03.2979104Z ##[group]Run peaceiris/actions-hugo@6b1ee2dcc06c9b6629a5317fa0146473914d05e1
shsh-check	Run peaceiris/actions-hugo@6b1ee2dcc06c9b6629a5317fa0146473914d05e1	2026-09-18T07:30:03.2979539Z with:
shsh-check	Run peaceiris/actions-hugo@6b1ee2dcc06c9b6629a5317fa0146473914d05e1	2026-09-18T07:30:03.2979737Z   hugo-version: 0.166.0
shsh-check	Run peaceiris/actions-hugo@6b1ee2dcc06c9b6629a5317fa0146473914d05e1	2026-09-18T07:30:03.2979960Z   extended: false
shsh-check	Run peaceiris/actions-hugo@6b1ee2dcc06c9b6629a5317fa0146473914d05e1	2026-09-18T07:30:03.2980149Z env:
shsh-check	Run peaceiris/actions-hugo@6b1ee2dcc06c9b6629a5317fa0146473914d05e1	2026-09-18T07:30:03.2980378Z   PNPM_HOME: /home/runner/setup-pnpm/node_modules/.bin
shsh-check	Run peaceiris/actions-hugo@6b1ee2dcc06c9b6629a5317fa0146473914d05e1	2026-09-18T07:30:03.2980689Z ##[endgroup]
shsh-check	Run peaceiris/actions-hugo@6b1ee2dcc06c9b6629a5317fa0146473914d05e1	2026-09-18T07:30:03.3711935Z Hugo version: 0.166.0
shsh-check	Run peaceiris/actions-hugo@6b1ee2dcc06c9b6629a5317fa0146473914d05e1	2026-09-18T07:30:03.6844992Z [command]/usr/bin/tar xz --warning=no-unknown-keyword --overwrite -C /home/runner/actions_hugo/_temp -f /home/runner/work/_temp/68f64336-be8b-4a83-9fa6-d19c979b47ce
shsh-check	Run peaceiris/actions-hugo@6b1ee2dcc06c9b6629a5317fa0146473914d05e1	2026-09-18T07:30:04.0611092Z [command]/home/runner/actions_hugo/bin/hugo version
shsh-check	Run peaceiris/actions-hugo@6b1ee2dcc06c9b6629a5317fa0146473914d05e1	2026-09-18T07:30:04.1040984Z hugo v0.166.0-78400b4de8adc99273d3e674ed6c4d14c3bdf669 linux/amd64 BuildDate=2026-09-09T14:45:02Z VendorInfo=gohugoio
shsh-check	Run pnpm install --frozen-lockfile	﻿2026-09-18T07:30:04.1202459Z ##[group]Run pnpm install --frozen-lockfile
shsh-check	Run pnpm install --frozen-lockfile	2026-09-18T07:30:04.1202907Z ^[[36;1mpnpm install --frozen-lockfile^[[0m
shsh-check	Run pnpm install --frozen-lockfile	2026-09-18T07:30:04.1246295Z shell: /usr/bin/bash --noprofile --norc -e -o pipefail {0}
shsh-check	Run pnpm install --frozen-lockfile	2026-09-18T07:30:04.1246671Z env:
shsh-check	Run pnpm install --frozen-lockfile	2026-09-18T07:30:04.1246928Z   PNPM_HOME: /home/runner/setup-pnpm/node_modules/.bin
shsh-check	Run pnpm install --frozen-lockfile	2026-09-18T07:30:04.1247263Z ##[endgroup]
shsh-check	Run pnpm install --frozen-lockfile	2026-09-18T07:30:04.1684443Z ? Verifying lockfile against supply-chain policies (205 entries)...
shsh-check	Run pnpm install --frozen-lockfile	2026-09-18T07:30:04.2893089Z Downloading @typescript/typescript-linux-x64@7.0.2: 0.00 B/9.66 MB
shsh-check	Run pnpm install --frozen-lockfile	2026-09-18T07:30:04.2954655Z Packages are hard linked from the content-addressable store to the virtual store.
shsh-check	Run pnpm install --frozen-lockfile	2026-09-18T07:30:04.2955934Z   Content-addressable store is at: /home/runner/setup-pnpm/node_modules/.bin/store/v11
shsh-check	Run pnpm install --frozen-lockfile	2026-09-18T07:30:04.2957050Z   Virtual store is at:             node_modules/.pnpm
shsh-check	Run pnpm install --frozen-lockfile	2026-09-18T07:30:04.4164453Z Downloading @oxlint-tsgolint/linux-x64@7.0.2001: 0.00 B/7.71 MB
shsh-check	Run pnpm install --frozen-lockfile	2026-09-18T07:30:04.4201549Z Downloading @oxlint/binding-linux-x64-gnu@1.82.0: 0.00 B/6.51 MB
shsh-check	Run pnpm install --frozen-lockfile	2026-09-18T07:30:05.1789712Z ✓ Lockfile passes supply-chain policies (205 entries in 1s)
shsh-check	Run pnpm install --frozen-lockfile	2026-09-18T07:30:05.1790943Z Lockfile is up to date, resolution step is skipped
shsh-check	Run pnpm install --frozen-lockfile	2026-09-18T07:30:05.2369697Z Packages: +145
shsh-check	Run pnpm install --frozen-lockfile	2026-09-18T07:30:05.2374745Z ++++++++++++++++++++++++++++++++++++++++++++++++++++++++++++++++++++++++++++++++
shsh-check	Run pnpm install --frozen-lockfile	2026-09-18T07:30:05.2460802Z Progress: resolved 145, reused 0, downloaded 145, added 145, done
shsh-check	Run pnpm install --frozen-lockfile	2026-09-18T07:30:05.2679622Z
shsh-check	Run pnpm install --frozen-lockfile	2026-09-18T07:30:05.2680218Z devDependencies:
shsh-check	Run pnpm install --frozen-lockfile	2026-09-18T07:30:05.2680686Z + @axe-core/playwright 4.13.0
shsh-check	Run pnpm install --frozen-lockfile	2026-09-18T07:30:05.2681140Z + @playwright/test 1.63.0
shsh-check	Run pnpm install --frozen-lockfile	2026-09-18T07:30:05.2681804Z + @types/node 24.13.4
shsh-check	Run pnpm install --frozen-lockfile	2026-09-18T07:30:05.2682229Z + html-validate 11.15.0
shsh-check	Run pnpm install --frozen-lockfile	2026-09-18T07:30:05.2682822Z + oxfmt 0.67.0
shsh-check	Run pnpm install --frozen-lockfile	2026-09-18T07:30:05.2683090Z + oxlint 1.82.0
shsh-check	Run pnpm install --frozen-lockfile	2026-09-18T07:30:05.2683334Z + oxlint-tsgolint 7.0.2001
shsh-check	Run pnpm install --frozen-lockfile	2026-09-18T07:30:05.2683599Z + prettier 3.9.6
shsh-check	Run pnpm install --frozen-lockfile	2026-09-18T07:30:05.2683877Z + prettier-plugin-go-template 0.0.15
shsh-check	Run pnpm install --frozen-lockfile	2026-09-18T07:30:05.2684187Z + stylelint 17.15.0
shsh-check	Run pnpm install --frozen-lockfile	2026-09-18T07:30:05.2684459Z + stylelint-config-standard 40.0.0
shsh-check	Run pnpm install --frozen-lockfile	2026-09-18T07:30:05.2684748Z + typescript 7.0.2
shsh-check	Run pnpm install --frozen-lockfile	2026-09-18T07:30:05.2684880Z
shsh-check	Run pnpm install --frozen-lockfile	2026-09-18T07:30:05.2698746Z Done in 1.1s using pnpm v12.4.1
shsh-check	Run pnpm exec playwright install --with-deps chromium firefox webkit	﻿2026-09-18T07:30:05.2987543Z ##[group]Run pnpm exec playwright install --with-deps chromium firefox webkit
shsh-check	Run pnpm exec playwright install --with-deps chromium firefox webkit	2026-09-18T07:30:05.2988196Z ^[[36;1mpnpm exec playwright install --with-deps chromium firefox webkit^[[0m
shsh-check	Run pnpm exec playwright install --with-deps chromium firefox webkit	2026-09-18T07:30:05.3027278Z shell: /usr/bin/bash --noprofile --norc -e -o pipefail {0}
shsh-check	Run pnpm exec playwright install --with-deps chromium firefox webkit	2026-09-18T07:30:05.3027640Z env:
shsh-check	Run pnpm exec playwright install --with-deps chromium firefox webkit	2026-09-18T07:30:05.3027890Z   PNPM_HOME: /home/runner/setup-pnpm/node_modules/.bin
shsh-check	Run pnpm exec playwright install --with-deps chromium firefox webkit	2026-09-18T07:30:05.3028221Z ##[endgroup]
shsh-check	Run pnpm exec playwright install --with-deps chromium firefox webkit	2026-09-18T07:30:05.8247457Z Installing dependencies...
shsh-check	Run pnpm exec playwright install --with-deps chromium firefox webkit	2026-09-18T07:30:05.8331066Z Switching to root user to install dependencies...
shsh-check	Run pnpm exec playwright install --with-deps chromium firefox webkit	2026-09-18T07:30:05.9432536Z Get:1 file:/etc/apt/apt-mirrors.txt Mirrorlist [144 B]
shsh-check	Run pnpm exec playwright install --with-deps chromium firefox webkit	2026-09-18T07:30:05.9635482Z Get:6 https://packages.microsoft.com/ubuntu/24.04/prod noble InRelease [3600 B]
shsh-check	Run pnpm exec playwright install --with-deps chromium firefox webkit	2026-09-18T07:30:05.9743152Z Hit:2 http://azure.archive.ubuntu.com/ubuntu noble InRelease
shsh-check	Run pnpm exec playwright install --with-deps chromium firefox webkit	2026-09-18T07:30:05.9760027Z Get:3 http://azure.archive.ubuntu.com/ubuntu noble-updates InRelease [126 kB]
shsh-check	Run pnpm exec playwright install --with-deps chromium firefox webkit	2026-09-18T07:30:05.9821027Z Get:4 http://azure.archive.ubuntu.com/ubuntu noble-backports InRelease [126 kB]
shsh-check	Run pnpm exec playwright install --with-deps chromium firefox webkit	2026-09-18T07:30:05.9862677Z Get:5 http://azure.archive.ubuntu.com/ubuntu noble-security InRelease [126 kB]
shsh-check	Run pnpm exec playwright install --with-deps chromium firefox webkit	2026-09-18T07:30:05.9993577Z Get:7 https://dl.google.com/linux/chrome-stable/deb stable InRelease [2548 B]
shsh-check	Run pnpm exec playwright install --with-deps chromium firefox webkit	2026-09-18T07:30:06.0501975Z Get:8 https://packages.microsoft.com/ubuntu/24.04/prod noble/main amd64 Packages [476 kB]
shsh-check	Run pnpm exec playwright install --with-deps chromium firefox webkit	2026-09-18T07:30:06.0733406Z Get:9 https://packages.microsoft.com/ubuntu/24.04/prod noble/main arm64 Packages [427 kB]
shsh-check	Run pnpm exec playwright install --with-deps chromium firefox webkit	2026-09-18T07:30:06.1601922Z Get:10 http://azure.archive.ubuntu.com/ubuntu noble-updates/main amd64 Packages [1275 kB]
shsh-check	Run pnpm exec playwright install --with-deps chromium firefox webkit	2026-09-18T07:30:06.1681517Z Get:11 http://azure.archive.ubuntu.com/ubuntu noble-updates/main Translation-en [294 kB]
shsh-check	Run pnpm exec playwright install --with-deps chromium firefox webkit	2026-09-18T07:30:06.1705963Z Get:12 http://azure.archive.ubuntu.com/ubuntu noble-updates/main amd64 Components [181 kB]
shsh-check	Run pnpm exec playwright install --with-deps chromium firefox webkit	2026-09-18T07:30:06.1726495Z Get:13 http://azure.archive.ubuntu.com/ubuntu noble-updates/universe amd64 Packages [1689 kB]
shsh-check	Run pnpm exec playwright install --with-deps chromium firefox webkit	2026-09-18T07:30:06.1812631Z Get:14 http://azure.archive.ubuntu.com/ubuntu noble-updates/universe Translation-en [338 kB]
shsh-check	Run pnpm exec playwright install --with-deps chromium firefox webkit	2026-09-18T07:30:06.1851707Z Get:15 http://azure.archive.ubuntu.com/ubuntu noble-updates/universe amd64 Components [388 kB]
shsh-check	Run pnpm exec playwright install --with-deps chromium firefox webkit	2026-09-18T07:30:06.1895129Z Get:16 http://azure.archive.ubuntu.com/ubuntu noble-updates/restricted amd64 Packages [1580 kB]
shsh-check	Run pnpm exec playwright install --with-deps chromium firefox webkit	2026-09-18T07:30:06.1955967Z Get:17 http://azure.archive.ubuntu.com/ubuntu noble-updates/restricted Translation-en [359 kB]
shsh-check	Run pnpm exec playwright install --with-deps chromium firefox webkit	2026-09-18T07:30:06.1983530Z Get:18 http://azure.archive.ubuntu.com/ubuntu noble-updates/multiverse amd64 Packages [45.7 kB]
shsh-check	Run pnpm exec playwright install --with-deps chromium firefox webkit	2026-09-18T07:30:06.2001542Z Get:19 http://azure.archive.ubuntu.com/ubuntu noble-updates/multiverse Translation-en [13.1 kB]
shsh-check	Run pnpm exec playwright install --with-deps chromium firefox webkit	2026-09-18T07:30:06.2506371Z Get:20 http://azure.archive.ubuntu.com/ubuntu noble-updates/multiverse amd64 Components [940 B]
shsh-check	Run pnpm exec playwright install --with-deps chromium firefox webkit	2026-09-18T07:30:06.2530940Z Get:21 http://azure.archive.ubuntu.com/ubuntu noble-backports/main amd64 Components [5748 B]
shsh-check	Run pnpm exec playwright install --with-deps chromium firefox webkit	2026-09-18T07:30:06.2535231Z Get:22 http://azure.archive.ubuntu.com/ubuntu noble-backports/universe amd64 Components [12.6 kB]
shsh-check	Run pnpm exec playwright install --with-deps chromium firefox webkit	2026-09-18T07:30:06.2716670Z Get:23 http://azure.archive.ubuntu.com/ubuntu noble-security/main amd64 Packages [1009 kB]
shsh-check	Run pnpm exec playwright install --with-deps chromium firefox webkit	2026-09-18T07:30:06.2778532Z Get:24 http://azure.archive.ubuntu.com/ubuntu noble-security/main Translation-en [214 kB]
shsh-check	Run pnpm exec playwright install --with-deps chromium firefox webkit	2026-09-18T07:30:06.2812675Z Get:25 http://azure.archive.ubuntu.com/ubuntu noble-security/main amd64 Components [46.4 kB]
shsh-check	Run pnpm exec playwright install --with-deps chromium firefox webkit	2026-09-18T07:30:06.2817470Z Get:26 http://azure.archive.ubuntu.com/ubuntu noble-security/universe amd64 Packages [1208 kB]
shsh-check	Run pnpm exec playwright install --with-deps chromium firefox webkit	2026-09-18T07:30:06.2882731Z Get:27 http://azure.archive.ubuntu.com/ubuntu noble-security/universe Translation-en [243 kB]
shsh-check	Run pnpm exec playwright install --with-deps chromium firefox webkit	2026-09-18T07:30:06.2919859Z Get:28 http://azure.archive.ubuntu.com/ubuntu noble-security/universe amd64 Components [76.2 kB]
shsh-check	Run pnpm exec playwright install --with-deps chromium firefox webkit	2026-09-18T07:30:06.2926534Z Get:29 http://azure.archive.ubuntu.com/ubuntu noble-security/restricted amd64 Packages [1449 kB]
shsh-check	Run pnpm exec playwright install --with-deps chromium firefox webkit	2026-09-18T07:30:06.3030292Z Get:30 http://azure.archive.ubuntu.com/ubuntu noble-security/restricted Translation-en [336 kB]
shsh-check	Run pnpm exec playwright install --with-deps chromium firefox webkit	2026-09-18T07:30:06.3039901Z Get:31 http://azure.archive.ubuntu.com/ubuntu noble-security/multiverse Translation-en [11.3 kB]
shsh-check	Run pnpm exec playwright install --with-deps chromium firefox webkit	2026-09-18T07:30:06.3486928Z Get:32 https://dl.google.com/linux/chrome-stable/deb stable/main amd64 Packages [1408 B]
shsh-check	Run pnpm exec playwright install --with-deps chromium firefox webkit	2026-09-18T07:30:10.8937607Z Fetched 12.1 MB in 1s (8913 kB/s)
shsh-check	Run pnpm exec playwright install --with-deps chromium firefox webkit	2026-09-18T07:30:11.8113611Z Reading package lists...
shsh-check	Run pnpm exec playwright install --with-deps chromium firefox webkit	2026-09-18T07:30:11.8373579Z Reading package lists...
shsh-check	Run pnpm exec playwright install --with-deps chromium firefox webkit	2026-09-18T07:30:12.0672918Z Building dependency tree...
shsh-check	Run pnpm exec playwright install --with-deps chromium firefox webkit	2026-09-18T07:30:12.0681585Z Reading state information...
shsh-check	Run pnpm exec playwright install --with-deps chromium firefox webkit	2026-09-18T07:30:12.0904988Z libasound2t64 is already the newest version (1.2.11-1ubuntu0.3).
shsh-check	Run pnpm exec playwright install --with-deps chromium firefox webkit	2026-09-18T07:30:12.0905975Z libasound2t64 set to manually installed.
shsh-check	Run pnpm exec playwright install --with-deps chromium firefox webkit	2026-09-18T07:30:12.0906917Z libatk-bridge2.0-0t64 is already the newest version (2.52.0-1build1).
shsh-check	Run pnpm exec playwright install --with-deps chromium firefox webkit	2026-09-18T07:30:12.0908020Z libatk-bridge2.0-0t64 set to manually installed.
shsh-check	Run pnpm exec playwright install --with-deps chromium firefox webkit	2026-09-18T07:30:12.0908973Z libatk1.0-0t64 is already the newest version (2.52.0-1build1).
shsh-check	Run pnpm exec playwright install --with-deps chromium firefox webkit	2026-09-18T07:30:12.0909857Z libatk1.0-0t64 set to manually installed.
shsh-check	Run pnpm exec playwright install --with-deps chromium firefox webkit	2026-09-18T07:30:12.0910889Z libatspi2.0-0t64 is already the newest version (2.52.0-1build1).
shsh-check	Run pnpm exec playwright install --with-deps chromium firefox webkit	2026-09-18T07:30:12.0912259Z libatspi2.0-0t64 set to manually installed.
shsh-check	Run pnpm exec playwright install --with-deps chromium firefox webkit	2026-09-18T07:30:12.0913242Z libcairo2 is already the newest version (1.18.0-3build1).
shsh-check	Run pnpm exec playwright install --with-deps chromium firefox webkit	2026-09-18T07:30:12.0914133Z libcairo2 set to manually installed.
shsh-check	Run pnpm exec playwright install --with-deps chromium firefox webkit	2026-09-18T07:30:12.0915110Z libcups2t64 is already the newest version (2.4.7-1.2ubuntu7.14).
shsh-check	Run pnpm exec playwright install --with-deps chromium firefox webkit	2026-09-18T07:30:12.0916086Z libcups2t64 set to manually installed.
shsh-check	Run pnpm exec playwright install --with-deps chromium firefox webkit	2026-09-18T07:30:12.0916874Z libdbus-1-3 is already the newest version (1.14.10-4ubuntu4.1).
shsh-check	Run pnpm exec playwright install --with-deps chromium firefox webkit	2026-09-18T07:30:12.0917559Z libdbus-1-3 set to manually installed.
shsh-check	Run pnpm exec playwright install --with-deps chromium firefox webkit	2026-09-18T07:30:12.0918293Z libdrm2 is already the newest version (2.4.125-1ubuntu0.1~24.04.2).
shsh-check	Run pnpm exec playwright install --with-deps chromium firefox webkit	2026-09-18T07:30:12.0918981Z libdrm2 set to manually installed.
shsh-check	Run pnpm exec playwright install --with-deps chromium firefox webkit	2026-09-18T07:30:12.0919672Z libgbm1 is already the newest version (25.2.8-0ubuntu0.24.04.2).
shsh-check	Run pnpm exec playwright install --with-deps chromium firefox webkit	2026-09-18T07:30:12.0920348Z libgbm1 set to manually installed.
shsh-check	Run pnpm exec playwright install --with-deps chromium firefox webkit	2026-09-18T07:30:12.0920825Z libglib2.0-0t64 is already the newest version (2.80.0-6ubuntu3.8).
shsh-check	Run pnpm exec playwright install --with-deps chromium firefox webkit	2026-09-18T07:30:12.0921514Z libglib2.0-0t64 set to manually installed.
shsh-check	Run pnpm exec playwright install --with-deps chromium firefox webkit	2026-09-18T07:30:12.0922018Z libnspr4 is already the newest version (2:4.35-1.1build1).
shsh-check	Run pnpm exec playwright install --with-deps chromium firefox webkit	2026-09-18T07:30:12.0922411Z libnspr4 set to manually installed.
shsh-check	Run pnpm exec playwright install --with-deps chromium firefox webkit	2026-09-18T07:30:12.0922808Z libnss3 is already the newest version (2:3.98-1ubuntu0.2).
shsh-check	Run pnpm exec playwright install --with-deps chromium firefox webkit	2026-09-18T07:30:12.0923189Z libnss3 set to manually installed.
shsh-check	Run pnpm exec playwright install --with-deps chromium firefox webkit	2026-09-18T07:30:12.0923639Z libpango-1.0-0 is already the newest version (1.52.1+ds-1build1).
shsh-check	Run pnpm exec playwright install --with-deps chromium firefox webkit	2026-09-18T07:30:12.0924063Z libpango-1.0-0 set to manually installed.
shsh-check	Run pnpm exec playwright install --with-deps chromium firefox webkit	2026-09-18T07:30:12.0924455Z libx11-6 is already the newest version (2:1.8.7-1build1).
shsh-check	Run pnpm exec playwright install --with-deps chromium firefox webkit	2026-09-18T07:30:12.0924833Z libx11-6 set to manually installed.
shsh-check	Run pnpm exec playwright install --with-deps chromium firefox webkit	2026-09-18T07:30:12.0925197Z libxcb1 is already the newest version (1.15-1ubuntu2).
shsh-check	Run pnpm exec playwright install --with-deps chromium firefox webkit	2026-09-18T07:30:12.0925552Z libxcb1 set to manually installed.
shsh-check	Run pnpm exec playwright install --with-deps chromium firefox webkit	2026-09-18T07:30:12.0925974Z libxcomposite1 is already the newest version (1:0.4.5-1build3).
shsh-check	Run pnpm exec playwright install --with-deps chromium firefox webkit	2026-09-18T07:30:12.0926385Z libxcomposite1 set to manually installed.
shsh-check	Run pnpm exec playwright install --with-deps chromium firefox webkit	2026-09-18T07:30:12.0926795Z libxdamage1 is already the newest version (1:1.1.6-1build1).
shsh-check	Run pnpm exec playwright install --with-deps chromium firefox webkit	2026-09-18T07:30:12.0927181Z libxdamage1 set to manually installed.
shsh-check	Run pnpm exec playwright install --with-deps chromium firefox webkit	2026-09-18T07:30:12.0927561Z libxext6 is already the newest version (2:1.3.4-1build2).
shsh-check	Run pnpm exec playwright install --with-deps chromium firefox webkit	2026-09-18T07:30:12.0927927Z libxext6 set to manually installed.
shsh-check	Run pnpm exec playwright install --with-deps chromium firefox webkit	2026-09-18T07:30:12.0928309Z libxfixes3 is already the newest version (1:6.0.0-2build1).
shsh-check	Run pnpm exec playwright install --with-deps chromium firefox webkit	2026-09-18T07:30:12.0928692Z libxfixes3 set to manually installed.
shsh-check	Run pnpm exec playwright install --with-deps chromium firefox webkit	2026-09-18T07:30:12.0929085Z libxkbcommon0 is already the newest version (1.6.0-1build1).
shsh-check	Run pnpm exec playwright install --with-deps chromium firefox webkit	2026-09-18T07:30:12.0929482Z libxkbcommon0 set to manually installed.
shsh-check	Run pnpm exec playwright install --with-deps chromium firefox webkit	2026-09-18T07:30:12.0929873Z libxrandr2 is already the newest version (2:1.5.2-2build1).
shsh-check	Run pnpm exec playwright install --with-deps chromium firefox webkit	2026-09-18T07:30:12.0930246Z libxrandr2 set to manually installed.
shsh-check	Run pnpm exec playwright install --with-deps chromium firefox webkit	2026-09-18T07:30:12.0930628Z xvfb is already the newest version (2:21.1.12-1ubuntu1.6).
shsh-check	Run pnpm exec playwright install --with-deps chromium firefox webkit	2026-09-18T07:30:12.0931156Z fonts-noto-color-emoji is already the newest version (2.047-0ubuntu0.24.04.1).
shsh-check	Run pnpm exec playwright install --with-deps chromium firefox webkit	2026-09-18T07:30:12.0932576Z libfontconfig1 is already the newest version (2.15.0-1.1ubuntu2).
shsh-check	Run pnpm exec playwright install --with-deps chromium firefox webkit	2026-09-18T07:30:12.0933013Z libfontconfig1 set to manually installed.
shsh-check	Run pnpm exec playwright install --with-deps chromium firefox webkit	2026-09-18T07:30:12.0933467Z libfreetype6 is already the newest version (2.13.2+dfsg-1ubuntu0.1).
shsh-check	Run pnpm exec playwright install --with-deps chromium firefox webkit	2026-09-18T07:30:12.0933901Z libfreetype6 set to manually installed.
shsh-check	Run pnpm exec playwright install --with-deps chromium firefox webkit	2026-09-18T07:30:12.0934307Z fonts-liberation is already the newest version (1:2.1.5-3).
shsh-check	Run pnpm exec playwright install --with-deps chromium firefox webkit	2026-09-18T07:30:12.0934726Z fonts-liberation set to manually installed.
shsh-check	Run pnpm exec playwright install --with-deps chromium firefox webkit	2026-09-18T07:30:12.0935339Z libcairo-gobject2 is already the newest version (1.18.0-3build1).
shsh-check	Run pnpm exec playwright install --with-deps chromium firefox webkit	2026-09-18T07:30:12.0935768Z libcairo-gobject2 set to manually installed.
shsh-check	Run pnpm exec playwright install --with-deps chromium firefox webkit	2026-09-18T07:30:12.0936266Z libgdk-pixbuf-2.0-0 is already the newest version (2.42.10+dfsg-3ubuntu3.3).
shsh-check	Run pnpm exec playwright install --with-deps chromium firefox webkit	2026-09-18T07:30:12.0936740Z libgdk-pixbuf-2.0-0 set to manually installed.
shsh-check	Run pnpm exec playwright install --with-deps chromium firefox webkit	2026-09-18T07:30:12.0937192Z libgtk-3-0t64 is already the newest version (3.24.41-4ubuntu1.3).
shsh-check	Run pnpm exec playwright install --with-deps chromium firefox webkit	2026-09-18T07:30:12.0937610Z libgtk-3-0t64 set to manually installed.
shsh-check	Run pnpm exec playwright install --with-deps chromium firefox webkit	2026-09-18T07:30:12.0938070Z libpangocairo-1.0-0 is already the newest version (1.52.1+ds-1build1).
shsh-check	Run pnpm exec playwright install --with-deps chromium firefox webkit	2026-09-18T07:30:12.0938532Z libpangocairo-1.0-0 set to manually installed.
shsh-check	Run pnpm exec playwright install --with-deps chromium firefox webkit	2026-09-18T07:30:12.0938956Z libx11-xcb1 is already the newest version (2:1.8.7-1build1).
shsh-check	Run pnpm exec playwright install --with-deps chromium firefox webkit	2026-09-18T07:30:12.0939339Z libx11-xcb1 set to manually installed.
shsh-check	Run pnpm exec playwright install --with-deps chromium firefox webkit	2026-09-18T07:30:12.0939725Z libxcb-shm0 is already the newest version (1.15-1ubuntu2).
shsh-check	Run pnpm exec playwright install --with-deps chromium firefox webkit	2026-09-18T07:30:12.0940106Z libxcb-shm0 set to manually installed.
shsh-check	Run pnpm exec playwright install --with-deps chromium firefox webkit	2026-09-18T07:30:12.0940505Z libxcursor1 is already the newest version (1:1.2.1-1build1).
shsh-check	Run pnpm exec playwright install --with-deps chromium firefox webkit	2026-09-18T07:30:12.0940903Z libxcursor1 set to manually installed.
shsh-check	Run pnpm exec playwright install --with-deps chromium firefox webkit	2026-09-18T07:30:12.0941698Z libxi6 is already the newest version (2:1.8.1-1build1).
shsh-check	Run pnpm exec playwright install --with-deps chromium firefox webkit	2026-09-18T07:30:12.0942069Z libxi6 set to manually installed.
shsh-check	Run pnpm exec playwright install --with-deps chromium firefox webkit	2026-09-18T07:30:12.0942462Z libxrender1 is already the newest version (1:0.9.10-1.1build1).
shsh-check	Run pnpm exec playwright install --with-deps chromium firefox webkit	2026-09-18T07:30:12.0942862Z libxrender1 set to manually installed.
shsh-check	Run pnpm exec playwright install --with-deps chromium firefox webkit	2026-09-18T07:30:12.0943259Z libicu74 is already the newest version (74.2-1ubuntu3.1).
shsh-check	Run pnpm exec playwright install --with-deps chromium firefox webkit	2026-09-18T07:30:12.0943767Z libatomic1 is already the newest version (14.2.0-4ubuntu2~24.04.1).
shsh-check	Run pnpm exec playwright install --with-deps chromium firefox webkit	2026-09-18T07:30:12.0944176Z libatomic1 set to manually installed.
shsh-check	Run pnpm exec playwright install --with-deps chromium firefox webkit	2026-09-18T07:30:12.0944582Z libenchant-2-2 is already the newest version (2.3.3-2build2).
shsh-check	Run pnpm exec playwright install --with-deps chromium firefox webkit	2026-09-18T07:30:12.0944994Z libenchant-2-2 set to manually installed.
shsh-check	Run pnpm exec playwright install --with-deps chromium firefox webkit	2026-09-18T07:30:12.0945391Z libepoxy0 is already the newest version (1.5.10-1build1).
shsh-check	Run pnpm exec playwright install --with-deps chromium firefox webkit	2026-09-18T07:30:12.0945762Z libepoxy0 set to manually installed.
shsh-check	Run pnpm exec playwright install --with-deps chromium firefox webkit	2026-09-18T07:30:12.0946191Z libgstreamer1.0-0 is already the newest version (1.24.2-1ubuntu0.1).
shsh-check	Run pnpm exec playwright install --with-deps chromium firefox webkit	2026-09-18T07:30:12.0946636Z libgstreamer1.0-0 set to manually installed.
shsh-check	Run pnpm exec playwright install --with-deps chromium firefox webkit	2026-09-18T07:30:12.0947050Z libharfbuzz0b is already the newest version (8.3.0-2build2).
shsh-check	Run pnpm exec playwright install --with-deps chromium firefox webkit	2026-09-18T07:30:12.2617016Z libharfbuzz0b set to manually installed.
shsh-check	Run pnpm exec playwright install --with-deps chromium firefox webkit	2026-09-18T07:30:12.2618140Z libjpeg-turbo8 is already the newest version (2.1.5-2ubuntu2).
shsh-check	Run pnpm exec playwright install --with-deps chromium firefox webkit	2026-09-18T07:30:12.2618998Z libjpeg-turbo8 set to manually installed.
shsh-check	Run pnpm exec playwright install --with-deps chromium firefox webkit	2026-09-18T07:30:12.2619631Z liblcms2-2 is already the newest version (2.14-2ubuntu0.1).
shsh-check	Run pnpm exec playwright install --with-deps chromium firefox webkit	2026-09-18T07:30:12.2620279Z liblcms2-2 set to manually installed.
shsh-check	Run pnpm exec playwright install --with-deps chromium firefox webkit	2026-09-18T07:30:12.2621241Z libpng16-16t64 is already the newest version (1.6.43-5ubuntu0.6).
shsh-check	Run pnpm exec playwright install --with-deps chromium firefox webkit	2026-09-18T07:30:12.2622275Z libpng16-16t64 set to manually installed.
shsh-check	Run pnpm exec playwright install --with-deps chromium firefox webkit	2026-09-18T07:30:12.2622895Z libwayland-client0 is already the newest version (1.22.0-2.1build1).
shsh-check	Run pnpm exec playwright install --with-deps chromium firefox webkit	2026-09-18T07:30:12.2623522Z libwayland-client0 set to manually installed.
shsh-check	Run pnpm exec playwright install --with-deps chromium firefox webkit	2026-09-18T07:30:12.2624135Z libwayland-egl1 is already the newest version (1.22.0-2.1build1).
shsh-check	Run pnpm exec playwright install --with-deps chromium firefox webkit	2026-09-18T07:30:12.2625037Z libwayland-egl1 set to manually installed.
shsh-check	Run pnpm exec playwright install --with-deps chromium firefox webkit	2026-09-18T07:30:12.2625656Z libwebp7 is already the newest version (1.3.2-0.4build3).
shsh-check	Run pnpm exec playwright install --with-deps chromium firefox webkit	2026-09-18T07:30:12.2626161Z libwebp7 set to manually installed.
shsh-check	Run pnpm exec playwright install --with-deps chromium firefox webkit	2026-09-18T07:30:12.2626694Z libwebpdemux2 is already the newest version (1.3.2-0.4build3).
shsh-check	Run pnpm exec playwright install --with-deps chromium firefox webkit	2026-09-18T07:30:12.2627233Z libwebpdemux2 set to manually installed.
shsh-check	Run pnpm exec playwright install --with-deps chromium firefox webkit	2026-09-18T07:30:12.2627790Z libxml2 is already the newest version (2.9.14+dfsg-1.3ubuntu3.8).
shsh-check	Run pnpm exec playwright install --with-deps chromium firefox webkit	2026-09-18T07:30:12.2628729Z libxml2 set to manually installed.
shsh-check	Run pnpm exec playwright install --with-deps chromium firefox webkit	2026-09-18T07:30:12.2629366Z libxslt1.1 is already the newest version (1.1.39-0exp1ubuntu0.24.04.3).
shsh-check	Run pnpm exec playwright install --with-deps chromium firefox webkit	2026-09-18T07:30:12.2629937Z libxslt1.1 set to manually installed.
shsh-check	Run pnpm exec playwright install --with-deps chromium firefox webkit	2026-09-18T07:30:12.2630434Z The following additional packages will be installed:
shsh-check	Run pnpm exec playwright install --with-deps chromium firefox webkit	2026-09-18T07:30:12.2631036Z   glib-networking glib-networking-common glib-networking-services
shsh-check	Run pnpm exec playwright install --with-deps chromium firefox webkit	2026-09-18T07:30:12.2631950Z   gsettings-desktop-schemas libaa1 libabsl20220623t64 libass9 libasyncns0
shsh-check	Run pnpm exec playwright install --with-deps chromium firefox webkit	2026-09-18T07:30:12.2632857Z   libavc1394-0 libavfilter9 libavformat60 libavtp0 libavutil58 libblas3
shsh-check	Run pnpm exec playwright install --with-deps chromium firefox webkit	2026-09-18T07:30:12.2633651Z   libbluray2 libbs2b0 libcaca0 libcairo-script-interpreter2 libcdparanoia0
shsh-check	Run pnpm exec playwright install --with-deps chromium firefox webkit	2026-09-18T07:30:12.2634518Z   libchromaprint1 libcjson1 libcodec2-1.2 libdav1d7 libdc1394-25 libdca0
shsh-check	Run pnpm exec playwright install --with-deps chromium firefox webkit	2026-09-18T07:30:12.2635187Z   libde265-0 libdecor-0-0 libdirectfb-1.7-7t64 libdv4t64 libdvdnav4
shsh-check	Run pnpm exec playwright install --with-deps chromium firefox webkit	2026-09-18T07:30:12.2635872Z   libdvdread8t64 libegl-mesa0 libegl1 libfaad2 libflac12t64 libfluidsynth3
shsh-check	Run pnpm exec playwright install --with-deps chromium firefox webkit	2026-09-18T07:30:12.2636512Z   libfreeaptx0 libgav1-1 libgme0 libgraphene-1.0-0 libgsm1 libgssdp-1.6-0
shsh-check	Run pnpm exec playwright install --with-deps chromium firefox webkit	2026-09-18T07:30:12.2637034Z   libgstreamer-plugins-good1.0-0 libgtk-4-common libgupnp-1.6-0
shsh-check	Run pnpm exec playwright install --with-deps chromium firefox webkit	2026-09-18T07:30:12.2637543Z   libgupnp-igd-1.6-0 libhwy1t64 libiec61883-0 libimath-3-1-29t64
shsh-check	Run pnpm exec playwright install --with-deps chromium firefox webkit	2026-09-18T07:30:12.2638037Z   libinstpatch-1.0-2 libjack-jackd2-0 libjxl0.7 liblapack3 liblc3-1
shsh-check	Run pnpm exec playwright install --with-deps chromium firefox webkit	2026-09-18T07:30:12.2638556Z   libldacbt-enc2 liblilv-0-0 liblrdf0 libltc11 libmbedcrypto7t64 libmfx1
shsh-check	Run pnpm exec playwright install --with-deps chromium firefox webkit	2026-09-18T07:30:12.2639047Z   libmjpegutils-2.1-0t64 libmodplug1 libmp3lame0 libmpcdec6
shsh-check	Run pnpm exec playwright install --with-deps chromium firefox webkit	2026-09-18T07:30:12.2639527Z   libmpeg2encpp-2.1-0t64 libmpg123-0t64 libmplex2-2.1-0t64 libmysofa1
shsh-check	Run pnpm exec playwright install --with-deps chromium firefox webkit	2026-09-18T07:30:12.2640026Z   libneon27t64 libnice10 libopenal-data libopenal1 libopenexr-3-1-30
shsh-check	Run pnpm exec playwright install --with-deps chromium firefox webkit	2026-09-18T07:30:12.2640491Z   libopenh264-7 libopenmpt0t64 libopenni2-0 liborc-0.4-0t64
shsh-check	Run pnpm exec playwright install --with-deps chromium firefox webkit	2026-09-18T07:30:12.2640961Z   libpipewire-0.3-0t64 libplacebo338 libpocketsphinx3 libpostproc57
shsh-check	Run pnpm exec playwright install --with-deps chromium firefox webkit	2026-09-18T07:30:12.2641622Z   libproxy1v5 libpulse0 libqrencode4 libraptor2-0 librav1e0 libraw1394-11
shsh-check	Run pnpm exec playwright install --with-deps chromium firefox webkit	2026-09-18T07:30:12.2642161Z   librist4 librsvg2-2 librubberband2 libsamplerate0 libsbc1 libsdl2-2.0-0
shsh-check	Run pnpm exec playwright install --with-deps chromium firefox webkit	2026-09-18T07:30:12.2642698Z   libsecret-common libserd-0-0 libshine3 libshout3 libsndfile1 libsndio7.0
shsh-check	Run pnpm exec playwright install --with-deps chromium firefox webkit	2026-09-18T07:30:12.2643219Z   libsord-0-0 libsoundtouch1 libsoup-3.0-0 libsoup-3.0-common libsoxr0
shsh-check	Run pnpm exec playwright install --with-deps chromium firefox webkit	2026-09-18T07:30:12.2643758Z   libspa-0.2-modules libspandsp2t64 libspeex1 libsphinxbase3t64 libsratom-0-0
shsh-check	Run pnpm exec playwright install --with-deps chromium firefox webkit	2026-09-18T07:30:12.2644339Z   libsrt1.5-gnutls libsrtp2-1 libssh-gcrypt-4 libsvtav1enc1d1 libswresample4
shsh-check	Run pnpm exec playwright install --with-deps chromium firefox webkit	2026-09-18T07:30:12.2644898Z   libswscale7 libtag1v5 libtag1v5-vanilla libtheora0 libtwolame0 libudfread0
shsh-check	Run pnpm exec playwright install --with-deps chromium firefox webkit	2026-09-18T07:30:12.2645446Z   libunibreak5 libv4l-0t64 libv4lconvert0t64 libva-drm2 libva-x11-2 libva2
shsh-check	Run pnpm exec playwright install --with-deps chromium firefox webkit	2026-09-18T07:30:12.2645968Z   libvdpau1 libvidstab1.1 libvisual-0.4-0 libvo-aacenc0 libvo-amrwbenc0
shsh-check	Run pnpm exec playwright install --with-deps chromium firefox webkit	2026-09-18T07:30:12.2646512Z   libvorbisenc2 libvpl2 libwavpack1 libwebrtc-audio-processing1 libwildmidi2
shsh-check	Run pnpm exec playwright install --with-deps chromium firefox webkit	2026-09-18T07:30:12.2647093Z   libx265-199 libxcb-xkb1 libxkbcommon-x11-0 libxvidcore4 libyuv0 libzbar0t64
shsh-check	Run pnpm exec playwright install --with-deps chromium firefox webkit	2026-09-18T07:30:12.2647677Z   libzimg2 libzix-0-0 libzvbi-common libzvbi0t64 libzxing3 ocl-icd-libopencl1
shsh-check	Run pnpm exec playwright install --with-deps chromium firefox webkit	2026-09-18T07:30:12.2648225Z   session-migration timgm6mb-soundfont xfonts-encodings xfonts-utils
shsh-check	Run pnpm exec playwright install --with-deps chromium firefox webkit	2026-09-18T07:30:12.2648614Z Suggested packages:
shsh-check	Run pnpm exec playwright install --with-deps chromium firefox webkit	2026-09-18T07:30:12.2648994Z   frei0r-plugins gvfs libcuda1 libnvcuvid1 libnvidia-encode1 libbluray-bdj
shsh-check	Run pnpm exec playwright install --with-deps chromium firefox webkit	2026-09-18T07:30:12.2649548Z   libdirectfb-extra libdv-bin oss-compat libdvdcss2 libvisual-0.4-plugins
shsh-check	Run pnpm exec playwright install --with-deps chromium firefox webkit	2026-09-18T07:30:12.2650075Z   jackd2 liblrdf0-dev libportaudio2 opus-tools pipewire pulseaudio
shsh-check	Run pnpm exec playwright install --with-deps chromium firefox webkit	2026-09-18T07:30:12.2650565Z   raptor2-utils libraw1394-doc librsvg2-bin serdi sndiod sordi speex
shsh-check	Run pnpm exec playwright install --with-deps chromium firefox webkit	2026-09-18T07:30:12.2651004Z   libwildmidi-config opencl-icd fluid-soundfont-gm
shsh-check	Run pnpm exec playwright install --with-deps chromium firefox webkit	2026-09-18T07:30:12.2651465Z Recommended packages:
shsh-check	Run pnpm exec playwright install --with-deps chromium firefox webkit	2026-09-18T07:30:12.2651806Z   fonts-ipafont-mincho fonts-tlwg-loma gstreamer1.0-x libaacs0
shsh-check	Run pnpm exec playwright install --with-deps chromium firefox webkit	2026-09-18T07:30:12.2652298Z   default-libdecor-0-plugin-1 | libdecor-0-plugin-1 gstreamer1.0-gl
shsh-check	Run pnpm exec playwright install --with-deps chromium firefox webkit	2026-09-18T07:30:12.2653025Z   libgtk-4-bin librsvg2-common libgtk-4-media-gstreamer libpipewire-0.3-common
shsh-check	Run pnpm exec playwright install --with-deps chromium firefox webkit	2026-09-18T07:30:12.2653600Z   pocketsphinx-en-us va-driver-all | va-driver vdpau-driver-all | vdpau-driver
shsh-check	Run pnpm exec playwright install --with-deps chromium firefox webkit	2026-09-18T07:30:12.2654029Z   libmagickcore-6.q16-7-extra
shsh-check	Run pnpm exec playwright install --with-deps chromium firefox webkit	2026-09-18T07:30:12.3422779Z The following NEW packages will be installed:
shsh-check	Run pnpm exec playwright install --with-deps chromium firefox webkit	2026-09-18T07:30:12.3424188Z   fonts-freefont-ttf fonts-ipafont-gothic fonts-tlwg-loma-otf fonts-unifont
shsh-check	Run pnpm exec playwright install --with-deps chromium firefox webkit	2026-09-18T07:30:12.3426305Z   fonts-wqy-zenhei glib-networking glib-networking-common
shsh-check	Run pnpm exec playwright install --with-deps chromium firefox webkit	2026-09-18T07:30:12.3427268Z   glib-networking-services gsettings-desktop-schemas gstreamer1.0-libav
shsh-check	Run pnpm exec playwright install --with-deps chromium firefox webkit	2026-09-18T07:30:12.3428452Z   gstreamer1.0-plugins-bad gstreamer1.0-plugins-base gstreamer1.0-plugins-good
shsh-check	Run pnpm exec playwright install --with-deps chromium firefox webkit	2026-09-18T07:30:12.3430067Z   libaa1 libabsl20220623t64 libass9 libasyncns0 libavc1394-0 libavcodec60
shsh-check	Run pnpm exec playwright install --with-deps chromium firefox webkit	2026-09-18T07:30:12.3431023Z   libavfilter9 libavformat60 libavif16 libavtp0 libavutil58 libblas3
shsh-check	Run pnpm exec playwright install --with-deps chromium firefox webkit	2026-09-18T07:30:12.3432069Z   libbluray2 libbs2b0 libcaca0 libcairo-script-interpreter2 libcdparanoia0
shsh-check	Run pnpm exec playwright install --with-deps chromium firefox webkit	2026-09-18T07:30:12.3432883Z   libchromaprint1 libcjson1 libcodec2-1.2 libdav1d7 libdc1394-25 libdca0
shsh-check	Run pnpm exec playwright install --with-deps chromium firefox webkit	2026-09-18T07:30:12.3433617Z   libde265-0 libdecor-0-0 libdirectfb-1.7-7t64 libdv4t64 libdvdnav4
shsh-check	Run pnpm exec playwright install --with-deps chromium firefox webkit	2026-09-18T07:30:12.3434373Z   libdvdread8t64 libegl-mesa0 libegl1 libevent-2.1-7t64 libfaad2 libflac12t64
shsh-check	Run pnpm exec playwright install --with-deps chromium firefox webkit	2026-09-18T07:30:12.3435305Z   libflite1 libfluidsynth3 libfreeaptx0 libgav1-1 libgles2 libgme0
shsh-check	Run pnpm exec playwright install --with-deps chromium firefox webkit	2026-09-18T07:30:12.3436012Z   libgraphene-1.0-0 libgsm1 libgssdp-1.6-0 libgstreamer-gl1.0-0
shsh-check	Run pnpm exec playwright install --with-deps chromium firefox webkit	2026-09-18T07:30:12.3436710Z   libgstreamer-plugins-bad1.0-0 libgstreamer-plugins-base1.0-0
shsh-check	Run pnpm exec playwright install --with-deps chromium firefox webkit	2026-09-18T07:30:12.3437473Z   libgstreamer-plugins-good1.0-0 libgtk-4-1 libgtk-4-common libgupnp-1.6-0
shsh-check	Run pnpm exec playwright install --with-deps chromium firefox webkit	2026-09-18T07:30:12.3438319Z   libgupnp-igd-1.6-0 libharfbuzz-icu0 libhwy1t64 libhyphen0 libiec61883-0
shsh-check	Run pnpm exec playwright install --with-deps chromium firefox webkit	2026-09-18T07:30:12.3439282Z   libimath-3-1-29t64 libinstpatch-1.0-2 libjack-jackd2-0 libjxl0.7 liblapack3
shsh-check	Run pnpm exec playwright install --with-deps chromium firefox webkit	2026-09-18T07:30:12.3440078Z   liblc3-1 libldacbt-enc2 liblilv-0-0 liblrdf0 libltc11 libmanette-0.2-0
shsh-check	Run pnpm exec playwright install --with-deps chromium firefox webkit	2026-09-18T07:30:12.3440882Z   libmbedcrypto7t64 libmfx1 libmjpegutils-2.1-0t64 libmodplug1 libmp3lame0
shsh-check	Run pnpm exec playwright install --with-deps chromium firefox webkit	2026-09-18T07:30:12.3441755Z   libmpcdec6 libmpeg2encpp-2.1-0t64 libmpg123-0t64 libmplex2-2.1-0t64
shsh-check	Run pnpm exec playwright install --with-deps chromium firefox webkit	2026-09-18T07:30:12.3442272Z   libmysofa1 libneon27t64 libnice10 libopenal-data libopenal1
shsh-check	Run pnpm exec playwright install --with-deps chromium firefox webkit	2026-09-18T07:30:12.3442780Z   libopenexr-3-1-30 libopenh264-7 libopenmpt0t64 libopenni2-0 libopus0
shsh-check	Run pnpm exec playwright install --with-deps chromium firefox webkit	2026-09-18T07:30:12.3443309Z   liborc-0.4-0t64 libpipewire-0.3-0t64 libplacebo338 libpocketsphinx3
shsh-check	Run pnpm exec playwright install --with-deps chromium firefox webkit	2026-09-18T07:30:12.3443863Z   libpostproc57 libproxy1v5 libpulse0 libqrencode4 libraptor2-0 librav1e0
shsh-check	Run pnpm exec playwright install --with-deps chromium firefox webkit	2026-09-18T07:30:12.3444399Z   libraw1394-11 librist4 librsvg2-2 librubberband2 libsamplerate0 libsbc1
shsh-check	Run pnpm exec playwright install --with-deps chromium firefox webkit	2026-09-18T07:30:12.3444952Z   libsdl2-2.0-0 libsecret-1-0 libsecret-common libserd-0-0 libshine3 libshout3
shsh-check	Run pnpm exec playwright install --with-deps chromium firefox webkit	2026-09-18T07:30:12.3445489Z   libsndfile1 libsndio7.0 libsord-0-0 libsoundtouch1 libsoup-3.0-0
shsh-check	Run pnpm exec playwright install --with-deps chromium firefox webkit	2026-09-18T07:30:12.3446007Z   libsoup-3.0-common libsoxr0 libspa-0.2-modules libspandsp2t64 libspeex1
shsh-check	Run pnpm exec playwright install --with-deps chromium firefox webkit	2026-09-18T07:30:12.3446599Z   libsphinxbase3t64 libsratom-0-0 libsrt1.5-gnutls libsrtp2-1 libssh-gcrypt-4
shsh-check	Run pnpm exec playwright install --with-deps chromium firefox webkit	2026-09-18T07:30:12.3447183Z   libsvtav1enc1d1 libswresample4 libswscale7 libtag1v5 libtag1v5-vanilla
shsh-check	Run pnpm exec playwright install --with-deps chromium firefox webkit	2026-09-18T07:30:12.3447686Z   libtheora0 libtwolame0 libudfread0 libunibreak5 libv4l-0t64
shsh-check	Run pnpm exec playwright install --with-deps chromium firefox webkit	2026-09-18T07:30:12.3448187Z   libv4lconvert0t64 libva-drm2 libva-x11-2 libva2 libvdpau1 libvidstab1.1
shsh-check	Run pnpm exec playwright install --with-deps chromium firefox webkit	2026-09-18T07:30:12.3448740Z   libvisual-0.4-0 libvo-aacenc0 libvo-amrwbenc0 libvorbisenc2 libvpl2 libvpx9
shsh-check	Run pnpm exec playwright install --with-deps chromium firefox webkit	2026-09-18T07:30:12.3449312Z   libwavpack1 libwayland-server0 libwebrtc-audio-processing1 libwildmidi2
shsh-check	Run pnpm exec playwright install --with-deps chromium firefox webkit	2026-09-18T07:30:12.3449874Z   libwoff1 libx264-164 libx265-199 libxcb-xkb1 libxkbcommon-x11-0 libxvidcore4
shsh-check	Run pnpm exec playwright install --with-deps chromium firefox webkit	2026-09-18T07:30:12.3450435Z   libyuv0 libzbar0t64 libzimg2 libzix-0-0 libzvbi-common libzvbi0t64 libzxing3
shsh-check	Run pnpm exec playwright install --with-deps chromium firefox webkit	2026-09-18T07:30:12.3451069Z   ocl-icd-libopencl1 session-migration timgm6mb-soundfont xfonts-cyrillic
shsh-check	Run pnpm exec playwright install --with-deps chromium firefox webkit	2026-09-18T07:30:12.3451675Z   xfonts-encodings xfonts-scalable xfonts-utils
shsh-check	Run pnpm exec playwright install --with-deps chromium firefox webkit	2026-09-18T07:30:12.3685715Z 0 upgraded, 181 newly installed, 0 to remove and 73 not upgraded.
shsh-check	Run pnpm exec playwright install --with-deps chromium firefox webkit	2026-09-18T07:30:12.3686257Z Need to get 114 MB of archives.
shsh-check	Run pnpm exec playwright install --with-deps chromium firefox webkit	2026-09-18T07:30:12.3686702Z After this operation, 364 MB of additional disk space will be used.
shsh-check	Run pnpm exec playwright install --with-deps chromium firefox webkit	2026-09-18T07:30:12.3687220Z Get:1 file:/etc/apt/apt-mirrors.txt Mirrorlist [144 B]
shsh-check	Run pnpm exec playwright install --with-deps chromium firefox webkit	2026-09-18T07:30:12.4077910Z Get:2 http://azure.archive.ubuntu.com/ubuntu noble/universe amd64 fonts-ipafont-gothic all 00303-21ubuntu1 [3513 kB]
shsh-check	Run pnpm exec playwright install --with-deps chromium firefox webkit	2026-09-18T07:30:12.4556747Z Get:3 http://azure.archive.ubuntu.com/ubuntu noble/main amd64 fonts-freefont-ttf all 20211204+svn4273-2 [5641 kB]
shsh-check	Run pnpm exec playwright install --with-deps chromium firefox webkit	2026-09-18T07:30:12.5208367Z Get:4 http://azure.archive.ubuntu.com/ubuntu noble/universe amd64 fonts-tlwg-loma-otf all 1:0.7.3-1 [107 kB]
shsh-check	Run pnpm exec playwright install --with-deps chromium firefox webkit	2026-09-18T07:30:12.5433418Z Get:5 http://azure.archive.ubuntu.com/ubuntu noble/universe amd64 fonts-unifont all 1:15.1.01-1build1 [2993 kB]
shsh-check	Run pnpm exec playwright install --with-deps chromium firefox webkit	2026-09-18T07:30:12.6076943Z Get:6 http://azure.archive.ubuntu.com/ubuntu noble/universe amd64 fonts-wqy-zenhei all 0.9.45-8 [7472 kB]
shsh-check	Run pnpm exec playwright install --with-deps chromium firefox webkit	2026-09-18T07:30:12.7307113Z Get:7 http://azure.archive.ubuntu.com/ubuntu noble/main amd64 libproxy1v5 amd64 0.5.4-4build1 [26.5 kB]
shsh-check	Run pnpm exec playwright install --with-deps chromium firefox webkit	2026-09-18T07:30:12.7577360Z Get:8 http://azure.archive.ubuntu.com/ubuntu noble/main amd64 glib-networking-common all 2.80.0-1build1 [6702 B]
shsh-check	Run pnpm exec playwright install --with-deps chromium firefox webkit	2026-09-18T07:30:12.7842982Z Get:9 http://azure.archive.ubuntu.com/ubuntu noble/main amd64 glib-networking-services amd64 2.80.0-1build1 [12.8 kB]
shsh-check	Run pnpm exec playwright install --with-deps chromium firefox webkit	2026-09-18T07:30:12.8113754Z Get:10 http://azure.archive.ubuntu.com/ubuntu noble/main amd64 session-migration amd64 0.3.9build1 [9034 B]
shsh-check	Run pnpm exec playwright install --with-deps chromium firefox webkit	2026-09-18T07:30:12.8385071Z Get:11 http://azure.archive.ubuntu.com/ubuntu noble-updates/main amd64 gsettings-desktop-schemas all 46.1-0ubuntu1 [35.6 kB]
shsh-check	Run pnpm exec playwright install --with-deps chromium firefox webkit	2026-09-18T07:30:12.8657267Z Get:12 http://azure.archive.ubuntu.com/ubuntu noble/main amd64 glib-networking amd64 2.80.0-1build1 [64.1 kB]
shsh-check	Run pnpm exec playwright install --with-deps chromium firefox webkit	2026-09-18T07:30:12.8883864Z Get:13 http://azure.archive.ubuntu.com/ubuntu noble-updates/universe amd64 libva2 amd64 2.20.0-2ubuntu0.2 [66.4 kB]
shsh-check	Run pnpm exec playwright install --with-deps chromium firefox webkit	2026-09-18T07:30:12.9113079Z Get:14 http://azure.archive.ubuntu.com/ubuntu noble-updates/universe amd64 libva-drm2 amd64 2.20.0-2ubuntu0.2 [7124 B]
shsh-check	Run pnpm exec playwright install --with-deps chromium firefox webkit	2026-09-18T07:30:12.9330595Z Get:15 http://azure.archive.ubuntu.com/ubuntu noble-updates/universe amd64 libva-x11-2 amd64 2.20.0-2ubuntu0.2 [12.0 kB]
shsh-check	Run pnpm exec playwright install --with-deps chromium firefox webkit	2026-09-18T07:30:12.9548761Z Get:16 http://azure.archive.ubuntu.com/ubuntu noble/main amd64 libvdpau1 amd64 1.5-2build1 [27.8 kB]
shsh-check	Run pnpm exec playwright install --with-deps chromium firefox webkit	2026-09-18T07:30:12.9771056Z Get:17 http://azure.archive.ubuntu.com/ubuntu noble/universe amd64 libvpl2 amd64 2023.3.0-1build1 [99.8 kB]
shsh-check	Run pnpm exec playwright install --with-deps chromium firefox webkit	2026-09-18T07:30:12.9999636Z Get:18 http://azure.archive.ubuntu.com/ubuntu noble/universe amd64 ocl-icd-libopencl1 amd64 2.3.2-1build1 [38.5 kB]
shsh-check	Run pnpm exec playwright install --with-deps chromium firefox webkit	2026-09-18T07:30:13.0222627Z Get:19 http://azure.archive.ubuntu.com/ubuntu noble/universe amd64 libavutil58 amd64 7:6.1.1-3ubuntu5 [401 kB]
shsh-check	Run pnpm exec playwright install --with-deps chromium firefox webkit	2026-09-18T07:30:13.0930984Z Get:20 http://azure.archive.ubuntu.com/ubuntu noble/universe amd64 libcodec2-1.2 amd64 1.2.0-2build1 [8998 kB]
shsh-check	Run pnpm exec playwright install --with-deps chromium firefox webkit	2026-09-18T07:30:13.2319584Z Get:21 http://azure.archive.ubuntu.com/ubuntu noble/universe amd64 libdav1d7 amd64 1.4.1-1build1 [604 kB]
shsh-check	Run pnpm exec playwright install --with-deps chromium firefox webkit	2026-09-18T07:30:13.2626456Z Get:22 http://azure.archive.ubuntu.com/ubuntu noble/universe amd64 libgsm1 amd64 1.0.22-1build1 [27.8 kB]
shsh-check	Run pnpm exec playwright install --with-deps chromium firefox webkit	2026-09-18T07:30:13.2852670Z Get:23 http://azure.archive.ubuntu.com/ubuntu noble/universe amd64 libhwy1t64 amd64 1.0.7-8.1build1 [584 kB]
shsh-check	Run pnpm exec playwright install --with-deps chromium firefox webkit	2026-09-18T07:30:13.3205580Z Get:24 http://azure.archive.ubuntu.com/ubuntu noble-updates/universe amd64 libjxl0.7 amd64 0.7.0-10.2ubuntu6.1 [1001 kB]
shsh-check	Run pnpm exec playwright install --with-deps chromium firefox webkit	2026-09-18T07:30:13.3663329Z Get:25 http://azure.archive.ubuntu.com/ubuntu noble/main amd64 libmp3lame0 amd64 3.100-6build1 [142 kB]
shsh-check	Run pnpm exec playwright install --with-deps chromium firefox webkit	2026-09-18T07:30:13.3896844Z Get:26 http://azure.archive.ubuntu.com/ubuntu noble/main amd64 libopus0 amd64 1.4-1build1 [208 kB]
shsh-check	Run pnpm exec playwright install --with-deps chromium firefox webkit	2026-09-18T07:30:13.4154608Z Get:27 http://azure.archive.ubuntu.com/ubuntu noble/universe amd64 librav1e0 amd64 0.7.1-2 [1022 kB]
shsh-check	Run pnpm exec playwright install --with-deps chromium firefox webkit	2026-09-18T07:30:13.4564014Z Get:28 http://azure.archive.ubuntu.com/ubuntu noble/main amd64 librsvg2-2 amd64 2.58.0+dfsg-1build1 [2135 kB]
shsh-check	Run pnpm exec playwright install --with-deps chromium firefox webkit	2026-09-18T07:30:13.5251583Z Get:29 http://azure.archive.ubuntu.com/ubuntu noble/universe amd64 libshine3 amd64 3.1.1-2build1 [23.2 kB]
shsh-check	Run pnpm exec playwright install --with-deps chromium firefox webkit	2026-09-18T07:30:13.5490746Z Get:30 http://azure.archive.ubuntu.com/ubuntu noble-updates/main amd64 libspeex1 amd64 1.2.1-2ubuntu2.24.04.1 [59.6 kB]
shsh-check	Run pnpm exec playwright install --with-deps chromium firefox webkit	2026-09-18T07:30:13.5719616Z Get:31 http://azure.archive.ubuntu.com/ubuntu noble/universe amd64 libsvtav1enc1d1 amd64 1.7.0+dfsg-2build1 [2425 kB]
shsh-check	Run pnpm exec playwright install --with-deps chromium firefox webkit	2026-09-18T07:30:13.6408421Z Get:32 http://azure.archive.ubuntu.com/ubuntu noble/universe amd64 libsoxr0 amd64 0.1.3-4build3 [80.0 kB]
shsh-check	Run pnpm exec playwright install --with-deps chromium firefox webkit	2026-09-18T07:30:13.6632488Z Get:33 http://azure.archive.ubuntu.com/ubuntu noble/universe amd64 libswresample4 amd64 7:6.1.1-3ubuntu5 [63.8 kB]
shsh-check	Run pnpm exec playwright install --with-deps chromium firefox webkit	2026-09-18T07:30:13.6855906Z Get:34 http://azure.archive.ubuntu.com/ubuntu noble/main amd64 libtheora0 amd64 1.1.1+dfsg.1-16.1build3 [211 kB]
shsh-check	Run pnpm exec playwright install --with-deps chromium firefox webkit	2026-09-18T07:30:13.7093460Z Get:35 http://azure.archive.ubuntu.com/ubuntu noble/main amd64 libtwolame0 amd64 0.4.0-2build3 [52.3 kB]
shsh-check	Run pnpm exec playwright install --with-deps chromium firefox webkit	2026-09-18T07:30:13.7326774Z Get:36 http://azure.archive.ubuntu.com/ubuntu noble/main amd64 libvorbisenc2 amd64 1.3.7-1build3 [80.8 kB]
shsh-check	Run pnpm exec playwright install --with-deps chromium firefox webkit	2026-09-18T07:30:13.7549856Z Get:37 http://azure.archive.ubuntu.com/ubuntu noble-updates/main amd64 libvpx9 amd64 1.14.0-1ubuntu2.3 [1143 kB]
shsh-check	Run pnpm exec playwright install --with-deps chromium firefox webkit	2026-09-18T07:30:13.7843272Z Get:38 http://azure.archive.ubuntu.com/ubuntu noble/universe amd64 libx264-164 amd64 2:0.164.3108+git31e19f9-1 [604 kB]
shsh-check	Run pnpm exec playwright install --with-deps chromium firefox webkit	2026-09-18T07:30:13.8621741Z Get:39 http://azure.archive.ubuntu.com/ubuntu noble/universe amd64 libx265-199 amd64 3.5-2build1 [1226 kB]
shsh-check	Run pnpm exec playwright install --with-deps chromium firefox webkit	2026-09-18T07:30:13.8919493Z Get:40 http://azure.archive.ubuntu.com/ubuntu noble/universe amd64 libxvidcore4 amd64 2:1.3.7-1build1 [219 kB]
shsh-check	Run pnpm exec playwright install --with-deps chromium firefox webkit	2026-09-18T07:30:13.9198327Z Get:41 http://azure.archive.ubuntu.com/ubuntu noble/universe amd64 libzvbi-common all 0.2.42-2 [42.4 kB]
shsh-check	Run pnpm exec playwright install --with-deps chromium firefox webkit	2026-09-18T07:30:13.9422970Z Get:42 http://azure.archive.ubuntu.com/ubuntu noble/universe amd64 libzvbi0t64 amd64 0.2.42-2 [261 kB]
shsh-check	Run pnpm exec playwright install --with-deps chromium firefox webkit	2026-09-18T07:30:13.9709072Z Get:43 http://azure.archive.ubuntu.com/ubuntu noble/universe amd64 libavcodec60 amd64 7:6.1.1-3ubuntu5 [5851 kB]
shsh-check	Run pnpm exec playwright install --with-deps chromium firefox webkit	2026-09-18T07:30:14.1702678Z Get:44 http://azure.archive.ubuntu.com/ubuntu noble/universe amd64 libunibreak5 amd64 5.1-2build1 [25.0 kB]
shsh-check	Run pnpm exec playwright install --with-deps chromium firefox webkit	2026-09-18T07:30:14.2159774Z Get:45 http://azure.archive.ubuntu.com/ubuntu noble/universe amd64 libass9 amd64 1:0.17.1-2build1 [104 kB]
shsh-check	Run pnpm exec playwright install --with-deps chromium firefox webkit	2026-09-18T07:30:14.2808646Z Get:46 http://azure.archive.ubuntu.com/ubuntu noble/universe amd64 libudfread0 amd64 1.1.2-1build1 [19.0 kB]
shsh-check	Run pnpm exec playwright install --with-deps chromium firefox webkit	2026-09-18T07:30:14.3052999Z Get:47 http://azure.archive.ubuntu.com/ubuntu noble/universe amd64 libbluray2 amd64 1:1.3.4-1build1 [159 kB]
shsh-check	Run pnpm exec playwright install --with-deps chromium firefox webkit	2026-09-18T07:30:14.3492744Z Get:48 http://azure.archive.ubuntu.com/ubuntu noble/universe amd64 libchromaprint1 amd64 1.5.1-5 [30.5 kB]
shsh-check	Run pnpm exec playwright install --with-deps chromium firefox webkit	2026-09-18T07:30:14.3762907Z Get:49 http://azure.archive.ubuntu.com/ubuntu noble/universe amd64 libgme0 amd64 0.6.3-7build1 [134 kB]
shsh-check	Run pnpm exec playwright install --with-deps chromium firefox webkit	2026-09-18T07:30:14.4002768Z Get:50 http://azure.archive.ubuntu.com/ubuntu noble-updates/main amd64 libmpg123-0t64 amd64 1.32.5-1ubuntu1.1 [169 kB]
shsh-check	Run pnpm exec playwright install --with-deps chromium firefox webkit	2026-09-18T07:30:14.4432612Z Get:51 http://azure.archive.ubuntu.com/ubuntu noble/universe amd64 libopenmpt0t64 amd64 0.7.3-1.1build3 [647 kB]
shsh-check	Run pnpm exec playwright install --with-deps chromium firefox webkit	2026-09-18T07:30:14.5012950Z Get:52 http://azure.archive.ubuntu.com/ubuntu noble/universe amd64 libcjson1 amd64 1.7.17-1 [24.8 kB]
shsh-check	Run pnpm exec playwright install --with-deps chromium firefox webkit	2026-09-18T07:30:14.5280232Z Get:53 http://azure.archive.ubuntu.com/ubuntu noble/universe amd64 libmbedcrypto7t64 amd64 2.28.8-1 [209 kB]
shsh-check	Run pnpm exec playwright install --with-deps chromium firefox webkit	2026-09-18T07:30:14.5563679Z Get:54 http://azure.archive.ubuntu.com/ubuntu noble/universe amd64 librist4 amd64 0.2.10+dfsg-2 [74.9 kB]
shsh-check	Run pnpm exec playwright install --with-deps chromium firefox webkit	2026-09-18T07:30:14.5797075Z Get:55 http://azure.archive.ubuntu.com/ubuntu noble/universe amd64 libsrt1.5-gnutls amd64 1.5.3-1build2 [316 kB]
shsh-check	Run pnpm exec playwright install --with-deps chromium firefox webkit	2026-09-18T07:30:14.6105602Z Get:56 http://azure.archive.ubuntu.com/ubuntu noble-updates/main amd64 libssh-gcrypt-4 amd64 0.10.6-2ubuntu0.5 [226 kB]
shsh-check	Run pnpm exec playwright install --with-deps chromium firefox webkit	2026-09-18T07:30:14.6382698Z Get:57 http://azure.archive.ubuntu.com/ubuntu noble/universe amd64 libavformat60 amd64 7:6.1.1-3ubuntu5 [1153 kB]
shsh-check	Run pnpm exec playwright install --with-deps chromium firefox webkit	2026-09-18T07:30:14.7243935Z Get:58 http://azure.archive.ubuntu.com/ubuntu noble/universe amd64 libbs2b0 amd64 3.1.0+dfsg-7build1 [10.6 kB]
shsh-check	Run pnpm exec playwright install --with-deps chromium firefox webkit	2026-09-18T07:30:14.7464917Z Get:59 http://azure.archive.ubuntu.com/ubuntu noble/universe amd64 libflite1 amd64 2.2-6build3 [13.6 MB]
shsh-check	Run pnpm exec playwright install --with-deps chromium firefox webkit	2026-09-18T07:30:15.0137515Z Get:60 http://azure.archive.ubuntu.com/ubuntu noble/universe amd64 libserd-0-0 amd64 0.32.2-1 [43.6 kB]
shsh-check	Run pnpm exec playwright install --with-deps chromium firefox webkit	2026-09-18T07:30:15.0378096Z Get:61 http://azure.archive.ubuntu.com/ubuntu noble/universe amd64 libzix-0-0 amd64 0.4.2-2build1 [23.6 kB]
shsh-check	Run pnpm exec playwright install --with-deps chromium firefox webkit	2026-09-18T07:30:15.0700654Z Get:62 http://azure.archive.ubuntu.com/ubuntu noble/universe amd64 libsord-0-0 amd64 0.16.16-2build1 [15.8 kB]
shsh-check	Run pnpm exec playwright install --with-deps chromium firefox webkit	2026-09-18T07:30:15.0922700Z Get:63 http://azure.archive.ubuntu.com/ubuntu noble/universe amd64 libsratom-0-0 amd64 0.6.16-1build1 [17.3 kB]
shsh-check	Run pnpm exec playwright install --with-deps chromium firefox webkit	2026-09-18T07:30:15.1141046Z Get:64 http://azure.archive.ubuntu.com/ubuntu noble/universe amd64 liblilv-0-0 amd64 0.24.22-1build1 [41.0 kB]
shsh-check	Run pnpm exec playwright install --with-deps chromium firefox webkit	2026-09-18T07:30:15.1375339Z Get:65 http://azure.archive.ubuntu.com/ubuntu noble/universe amd64 libmysofa1 amd64 1.3.2+dfsg-2ubuntu2 [1158 kB]
shsh-check	Run pnpm exec playwright install --with-deps chromium firefox webkit	2026-09-18T07:30:15.1843723Z Get:66 http://azure.archive.ubuntu.com/ubuntu noble/universe amd64 libplacebo338 amd64 6.338.2-2build1 [2654 kB]
shsh-check	Run pnpm exec playwright install --with-deps chromium firefox webkit	2026-09-18T07:30:15.2409280Z Get:67 http://azure.archive.ubuntu.com/ubuntu noble-updates/main amd64 libblas3 amd64 3.12.0-3build1.1 [238 kB]
shsh-check	Run pnpm exec playwright install --with-deps chromium firefox webkit	2026-09-18T07:30:15.2693098Z Get:68 http://azure.archive.ubuntu.com/ubuntu noble-updates/main amd64 liblapack3 amd64 3.12.0-3build1.1 [2646 kB]
shsh-check	Run pnpm exec playwright install --with-deps chromium firefox webkit	2026-09-18T07:30:15.3320997Z Get:69 http://azure.archive.ubuntu.com/ubuntu noble/main amd64 libasyncns0 amd64 0.8-6build4 [11.3 kB]
shsh-check	Run pnpm exec playwright install --with-deps chromium firefox webkit	2026-09-18T07:30:15.3539422Z Get:70 http://azure.archive.ubuntu.com/ubuntu noble/main amd64 libflac12t64 amd64 1.4.3+ds-2.1ubuntu2 [197 kB]
shsh-check	Run pnpm exec playwright install --with-deps chromium firefox webkit	2026-09-18T07:30:15.3810716Z Get:71 http://azure.archive.ubuntu.com/ubuntu noble-updates/main amd64 libsndfile1 amd64 1.2.2-1ubuntu5.24.04.1 [209 kB]
shsh-check	Run pnpm exec playwright install --with-deps chromium firefox webkit	2026-09-18T07:30:15.4087716Z Get:72 http://azure.archive.ubuntu.com/ubuntu noble-updates/main amd64 libpulse0 amd64 1:16.1+dfsg1-2ubuntu10.1 [292 kB]
shsh-check	Run pnpm exec playwright install --with-deps chromium firefox webkit	2026-09-18T07:30:15.4390392Z Get:73 http://azure.archive.ubuntu.com/ubuntu noble/universe amd64 libsphinxbase3t64 amd64 0.8+5prealpha+1-17build2 [126 kB]
shsh-check	Run pnpm exec playwright install --with-deps chromium firefox webkit	2026-09-18T07:30:15.4644686Z Get:74 http://azure.archive.ubuntu.com/ubuntu noble/universe amd64 libpocketsphinx3 amd64 0.8.0+real5prealpha+1-15ubuntu5 [133 kB]
shsh-check	Run pnpm exec playwright install --with-deps chromium firefox webkit	2026-09-18T07:30:15.4893935Z Get:75 http://azure.archive.ubuntu.com/ubuntu noble/universe amd64 libpostproc57 amd64 7:6.1.1-3ubuntu5 [49.9 kB]
shsh-check	Run pnpm exec playwright install --with-deps chromium firefox webkit	2026-09-18T07:30:15.5678304Z Get:76 http://azure.archive.ubuntu.com/ubuntu noble/main amd64 libsamplerate0 amd64 0.2.2-4build1 [1344 kB]
shsh-check	Run pnpm exec playwright install --with-deps chromium firefox webkit	2026-09-18T07:30:15.6002390Z Get:77 http://azure.archive.ubuntu.com/ubuntu noble/universe amd64 librubberband2 amd64 3.3.0+dfsg-2build1 [130 kB]
shsh-check	Run pnpm exec playwright install --with-deps chromium firefox webkit	2026-09-18T07:30:15.6229142Z Get:78 http://azure.archive.ubuntu.com/ubuntu noble/universe amd64 libswscale7 amd64 7:6.1.1-3ubuntu5 [193 kB]
shsh-check	Run pnpm exec playwright install --with-deps chromium firefox webkit	2026-09-18T07:30:15.6468767Z Get:79 http://azure.archive.ubuntu.com/ubuntu noble/universe amd64 libvidstab1.1 amd64 1.1.0-2build1 [38.5 kB]
shsh-check	Run pnpm exec playwright install --with-deps chromium firefox webkit	2026-09-18T07:30:15.6687228Z Get:80 http://azure.archive.ubuntu.com/ubuntu noble/universe amd64 libzimg2 amd64 3.0.5+ds1-1build1 [254 kB]
shsh-check	Run pnpm exec playwright install --with-deps chromium firefox webkit	2026-09-18T07:30:15.6930299Z Get:81 http://azure.archive.ubuntu.com/ubuntu noble/universe amd64 libavfilter9 amd64 7:6.1.1-3ubuntu5 [4235 kB]
shsh-check	Run pnpm exec playwright install --with-deps chromium firefox webkit	2026-09-18T07:30:15.7590147Z Get:82 http://azure.archive.ubuntu.com/ubuntu noble-updates/main amd64 liborc-0.4-0t64 amd64 1:0.4.38-1ubuntu0.1 [207 kB]
shsh-check	Run pnpm exec playwright install --with-deps chromium firefox webkit	2026-09-18T07:30:15.7820315Z Get:83 http://azure.archive.ubuntu.com/ubuntu noble-updates/main amd64 libgstreamer-plugins-base1.0-0 amd64 1.24.2-1ubuntu0.4 [862 kB]
shsh-check	Run pnpm exec playwright install --with-deps chromium firefox webkit	2026-09-18T07:30:15.8108051Z Get:84 http://azure.archive.ubuntu.com/ubuntu noble/universe amd64 gstreamer1.0-libav amd64 1.24.1-1build1 [103 kB]
shsh-check	Run pnpm exec playwright install --with-deps chromium firefox webkit	2026-09-18T07:30:15.8330424Z Get:85 http://azure.archive.ubuntu.com/ubuntu noble/main amd64 libcdparanoia0 amd64 3.10.2+debian-14build3 [48.5 kB]
shsh-check	Run pnpm exec playwright install --with-deps chromium firefox webkit	2026-09-18T07:30:15.8560553Z Get:86 http://azure.archive.ubuntu.com/ubuntu noble/main amd64 libvisual-0.4-0 amd64 0.4.2-2build1 [115 kB]
shsh-check	Run pnpm exec playwright install --with-deps chromium firefox webkit	2026-09-18T07:30:15.8796503Z Get:87 http://azure.archive.ubuntu.com/ubuntu noble-updates/main amd64 gstreamer1.0-plugins-base amd64 1.24.2-1ubuntu0.4 [721 kB]
shsh-check	Run pnpm exec playwright install --with-deps chromium firefox webkit	2026-09-18T07:30:15.9162805Z Get:88 http://azure.archive.ubuntu.com/ubuntu noble/main amd64 libaa1 amd64 1.4p5-51.1 [49.9 kB]
shsh-check	Run pnpm exec playwright install --with-deps chromium firefox webkit	2026-09-18T07:30:15.9389155Z Get:89 http://azure.archive.ubuntu.com/ubuntu noble/main amd64 libraw1394-11 amd64 2.1.2-2build3 [26.2 kB]
shsh-check	Run pnpm exec playwright install --with-deps chromium firefox webkit	2026-09-18T07:30:15.9609508Z Get:90 http://azure.archive.ubuntu.com/ubuntu noble/main amd64 libavc1394-0 amd64 0.5.4-5build3 [15.4 kB]
shsh-check	Run pnpm exec playwright install --with-deps chromium firefox webkit	2026-09-18T07:30:15.9830713Z Get:91 http://azure.archive.ubuntu.com/ubuntu noble-updates/main amd64 libcaca0 amd64 0.99.beta20-4ubuntu0.2 [209 kB]
shsh-check	Run pnpm exec playwright install --with-deps chromium firefox webkit	2026-09-18T07:30:16.0059368Z Get:92 http://azure.archive.ubuntu.com/ubuntu noble/main amd64 libdv4t64 amd64 1.0.0-17.1build1 [63.2 kB]
shsh-check	Run pnpm exec playwright install --with-deps chromium firefox webkit	2026-09-18T07:30:16.0286027Z Get:93 http://azure.archive.ubuntu.com/ubuntu noble-updates/main amd64 libgstreamer-plugins-good1.0-0 amd64 1.24.2-1ubuntu1.6 [33.7 kB]
shsh-check	Run pnpm exec playwright install --with-deps chromium firefox webkit	2026-09-18T07:30:16.0504622Z Get:94 http://azure.archive.ubuntu.com/ubuntu noble/main amd64 libiec61883-0 amd64 1.2.0-6build1 [24.5 kB]
shsh-check	Run pnpm exec playwright install --with-deps chromium firefox webkit	2026-09-18T07:30:16.1169054Z Get:95 http://azure.archive.ubuntu.com/ubuntu noble/main amd64 libshout3 amd64 2.4.6-1build2 [50.3 kB]
shsh-check	Run pnpm exec playwright install --with-deps chromium firefox webkit	2026-09-18T07:30:16.1392359Z Get:96 http://azure.archive.ubuntu.com/ubuntu noble/main amd64 libtag1v5-vanilla amd64 1.13.1-1build1 [326 kB]
shsh-check	Run pnpm exec playwright install --with-deps chromium firefox webkit	2026-09-18T07:30:16.1638022Z Get:97 http://azure.archive.ubuntu.com/ubuntu noble/main amd64 libtag1v5 amd64 1.13.1-1build1 [11.7 kB]
shsh-check	Run pnpm exec playwright install --with-deps chromium firefox webkit	2026-09-18T07:30:16.1858444Z Get:98 http://azure.archive.ubuntu.com/ubuntu noble/main amd64 libv4lconvert0t64 amd64 1.26.1-4build3 [87.6 kB]
shsh-check	Run pnpm exec playwright install --with-deps chromium firefox webkit	2026-09-18T07:30:16.2098300Z Get:99 http://azure.archive.ubuntu.com/ubuntu noble/main amd64 libv4l-0t64 amd64 1.26.1-4build3 [46.9 kB]
shsh-check	Run pnpm exec playwright install --with-deps chromium firefox webkit	2026-09-18T07:30:16.2316964Z Get:100 http://azure.archive.ubuntu.com/ubuntu noble/main amd64 libwavpack1 amd64 5.6.0-1build1 [84.6 kB]
shsh-check	Run pnpm exec playwright install --with-deps chromium firefox webkit	2026-09-18T07:30:16.2538534Z Get:101 http://azure.archive.ubuntu.com/ubuntu noble-updates/main amd64 libsoup-3.0-common all 3.4.4-5ubuntu0.8 [11.7 kB]
shsh-check	Run pnpm exec playwright install --with-deps chromium firefox webkit	2026-09-18T07:30:16.2756432Z Get:102 http://azure.archive.ubuntu.com/ubuntu noble-updates/main amd64 libsoup-3.0-0 amd64 3.4.4-5ubuntu0.8 [290 kB]
shsh-check	Run pnpm exec playwright install --with-deps chromium firefox webkit	2026-09-18T07:30:16.3291777Z Get:103 http://azure.archive.ubuntu.com/ubuntu noble-updates/main amd64 gstreamer1.0-plugins-good amd64 1.24.2-1ubuntu1.6 [2237 kB]
shsh-check	Run pnpm exec playwright install --with-deps chromium firefox webkit	2026-09-18T07:30:16.5431664Z Get:104 http://azure.archive.ubuntu.com/ubuntu noble-updates/main amd64 libabsl20220623t64 amd64 20220623.1-3.1ubuntu3.2 [423 kB]
shsh-check	Run pnpm exec playwright install --with-deps chromium firefox webkit	2026-09-18T07:30:16.5727597Z Get:105 http://azure.archive.ubuntu.com/ubuntu noble/universe amd64 libgav1-1 amd64 0.18.0-1build3 [357 kB]
shsh-check	Run pnpm exec playwright install --with-deps chromium firefox webkit	2026-09-18T07:30:16.6017477Z Get:106 http://azure.archive.ubuntu.com/ubuntu noble/universe amd64 libyuv0 amd64 0.0~git202401110.af6ac82-1 [178 kB]
shsh-check	Run pnpm exec playwright install --with-deps chromium firefox webkit	2026-09-18T07:30:16.6286445Z Get:107 http://azure.archive.ubuntu.com/ubuntu noble/universe amd64 libavif16 amd64 1.0.4-1ubuntu3 [91.2 kB]
shsh-check	Run pnpm exec playwright install --with-deps chromium firefox webkit	2026-09-18T07:30:16.6552954Z Get:108 http://azure.archive.ubuntu.com/ubuntu noble/universe amd64 libavtp0 amd64 0.2.0-1build1 [6414 B]
shsh-check	Run pnpm exec playwright install --with-deps chromium firefox webkit	2026-09-18T07:30:16.6813237Z Get:109 http://azure.archive.ubuntu.com/ubuntu noble/main amd64 libcairo-script-interpreter2 amd64 1.18.0-3build1 [60.3 kB]
shsh-check	Run pnpm exec playwright install --with-deps chromium firefox webkit	2026-09-18T07:30:16.7077180Z Get:110 http://azure.archive.ubuntu.com/ubuntu noble/universe amd64 libdc1394-25 amd64 2.2.6-4build1 [90.1 kB]
shsh-check	Run pnpm exec playwright install --with-deps chromium firefox webkit	2026-09-18T07:30:16.7341248Z Get:111 http://azure.archive.ubuntu.com/ubuntu noble-updates/main amd64 libde265-0 amd64 1.0.15-1ubuntu0.1 [167 kB]
shsh-check	Run pnpm exec playwright install --with-deps chromium firefox webkit	2026-09-18T07:30:16.7618699Z Get:112 http://azure.archive.ubuntu.com/ubuntu noble/main amd64 libdecor-0-0 amd64 0.2.2-1build2 [16.5 kB]
shsh-check	Run pnpm exec playwright install --with-deps chromium firefox webkit	2026-09-18T07:30:16.7876912Z Get:113 http://azure.archive.ubuntu.com/ubuntu noble/main amd64 libgles2 amd64 1.7.0-1build1 [17.1 kB]
shsh-check	Run pnpm exec playwright install --with-deps chromium firefox webkit	2026-09-18T07:30:16.8134462Z Get:114 http://azure.archive.ubuntu.com/ubuntu noble/universe amd64 libdirectfb-1.7-7t64 amd64 1.7.7-11.1ubuntu2 [1035 kB]
shsh-check	Run pnpm exec playwright install --with-deps chromium firefox webkit	2026-09-18T07:30:16.8474214Z Get:115 http://azure.archive.ubuntu.com/ubuntu noble/universe amd64 libdvdread8t64 amd64 6.1.3-1.1build1 [54.7 kB]
shsh-check	Run pnpm exec playwright install --with-deps chromium firefox webkit	2026-09-18T07:30:16.8744662Z Get:116 http://azure.archive.ubuntu.com/ubuntu noble/universe amd64 libdvdnav4 amd64 6.1.1-3build1 [39.5 kB]
shsh-check	Run pnpm exec playwright install --with-deps chromium firefox webkit	2026-09-18T07:30:16.9006262Z Get:117 http://azure.archive.ubuntu.com/ubuntu noble-updates/main amd64 libegl-mesa0 amd64 25.2.8-0ubuntu0.24.04.2 [117 kB]
shsh-check	Run pnpm exec playwright install --with-deps chromium firefox webkit	2026-09-18T07:30:16.9259628Z Get:118 http://azure.archive.ubuntu.com/ubuntu noble-updates/main amd64 libevent-2.1-7t64 amd64 2.1.12-stable-9ubuntu2.1 [146 kB]
shsh-check	Run pnpm exec playwright install --with-deps chromium firefox webkit	2026-09-18T07:30:16.9798488Z Get:119 http://azure.archive.ubuntu.com/ubuntu noble/universe amd64 libfaad2 amd64 2.11.1-1build1 [207 kB]
shsh-check	Run pnpm exec playwright install --with-deps chromium firefox webkit	2026-09-18T07:30:17.1077255Z Get:120 http://azure.archive.ubuntu.com/ubuntu noble/universe amd64 libinstpatch-1.0-2 amd64 1.1.6-1build2 [251 kB]
shsh-check	Run pnpm exec playwright install --with-deps chromium firefox webkit	2026-09-18T07:30:17.2039068Z Get:121 http://azure.archive.ubuntu.com/ubuntu noble/main amd64 libjack-jackd2-0 amd64 1.9.21~dfsg-3ubuntu3 [289 kB]
shsh-check	Run pnpm exec playwright install --with-deps chromium firefox webkit	2026-09-18T07:30:17.2364665Z Get:122 http://azure.archive.ubuntu.com/ubuntu noble/main amd64 libwebrtc-audio-processing1 amd64 0.3.1-0ubuntu6 [290 kB]
shsh-check	Run pnpm exec playwright install --with-deps chromium firefox webkit	2026-09-18T07:30:17.2647218Z Get:123 http://azure.archive.ubuntu.com/ubuntu noble-updates/main amd64 libspa-0.2-modules amd64 1.0.5-1ubuntu3.3 [628 kB]
shsh-check	Run pnpm exec playwright install --with-deps chromium firefox webkit	2026-09-18T07:30:17.2964303Z Get:124 http://azure.archive.ubuntu.com/ubuntu noble-updates/main amd64 libpipewire-0.3-0t64 amd64 1.0.5-1ubuntu3.3 [252 kB]
shsh-check	Run pnpm exec playwright install --with-deps chromium firefox webkit	2026-09-18T07:30:17.3238781Z Get:125 http://azure.archive.ubuntu.com/ubuntu noble-updates/main amd64 libsdl2-2.0-0 amd64 2.30.0+dfsg-1ubuntu3.1 [686 kB]
shsh-check	Run pnpm exec playwright install --with-deps chromium firefox webkit	2026-09-18T07:30:17.3580807Z Get:126 http://azure.archive.ubuntu.com/ubuntu noble/universe amd64 timgm6mb-soundfont all 1.3-5 [5427 kB]
shsh-check	Run pnpm exec playwright install --with-deps chromium firefox webkit	2026-09-18T07:30:17.5033700Z Get:127 http://azure.archive.ubuntu.com/ubuntu noble/universe amd64 libfluidsynth3 amd64 2.3.4-1build3 [249 kB]
shsh-check	Run pnpm exec playwright install --with-deps chromium firefox webkit	2026-09-18T07:30:17.5363252Z Get:128 http://azure.archive.ubuntu.com/ubuntu noble/main amd64 libfreeaptx0 amd64 0.1.1-2build1 [13.5 kB]
shsh-check	Run pnpm exec playwright install --with-deps chromium firefox webkit	2026-09-18T07:30:17.5622983Z Get:129 http://azure.archive.ubuntu.com/ubuntu noble/main amd64 libgraphene-1.0-0 amd64 1.10.8-3build2 [46.2 kB]
shsh-check	Run pnpm exec playwright install --with-deps chromium firefox webkit	2026-09-18T07:30:17.5887101Z Get:130 http://azure.archive.ubuntu.com/ubuntu noble/main amd64 libgssdp-1.6-0 amd64 1.6.3-1build3 [40.4 kB]
shsh-check	Run pnpm exec playwright install --with-deps chromium firefox webkit	2026-09-18T07:30:17.6157206Z Get:131 http://azure.archive.ubuntu.com/ubuntu noble/main amd64 libegl1 amd64 1.7.0-1build1 [28.7 kB]
shsh-check	Run pnpm exec playwright install --with-deps chromium firefox webkit	2026-09-18T07:30:17.6423919Z Get:132 http://azure.archive.ubuntu.com/ubuntu noble-updates/main amd64 libgstreamer-gl1.0-0 amd64 1.24.2-1ubuntu0.4 [214 kB]
shsh-check	Run pnpm exec playwright install --with-deps chromium firefox webkit	2026-09-18T07:30:17.6717371Z Get:133 http://azure.archive.ubuntu.com/ubuntu noble-updates/main amd64 libgtk-4-common all 4.14.5+ds-0ubuntu0.10 [1497 kB]
shsh-check	Run pnpm exec playwright install --with-deps chromium firefox webkit	2026-09-18T07:30:17.7102856Z Get:134 http://azure.archive.ubuntu.com/ubuntu noble-updates/main amd64 libgtk-4-1 amd64 4.14.5+ds-0ubuntu0.10 [3295 kB]
shsh-check	Run pnpm exec playwright install --with-deps chromium firefox webkit	2026-09-18T07:30:17.7712117Z Get:135 http://azure.archive.ubuntu.com/ubuntu noble/main amd64 libgupnp-1.6-0 amd64 1.6.6-1build3 [92.7 kB]
shsh-check	Run pnpm exec playwright install --with-deps chromium firefox webkit	2026-09-18T07:30:17.8042816Z Get:136 http://azure.archive.ubuntu.com/ubuntu noble/universe amd64 libgupnp-igd-1.6-0 amd64 1.6.0-3build3 [16.5 kB]
shsh-check	Run pnpm exec playwright install --with-deps chromium firefox webkit	2026-09-18T07:30:17.8299791Z Get:137 http://azure.archive.ubuntu.com/ubuntu noble/main amd64 libharfbuzz-icu0 amd64 8.3.0-2build2 [13.3 kB]
shsh-check	Run pnpm exec playwright install --with-deps chromium firefox webkit	2026-09-18T07:30:17.8556330Z Get:138 http://azure.archive.ubuntu.com/ubuntu noble/main amd64 libhyphen0 amd64 2.8.8-7build3 [26.5 kB]
shsh-check	Run pnpm exec playwright install --with-deps chromium firefox webkit	2026-09-18T07:30:17.9223635Z Get:139 http://azure.archive.ubuntu.com/ubuntu noble/universe amd64 libimath-3-1-29t64 amd64 3.1.9-3.1ubuntu2 [72.2 kB]
shsh-check	Run pnpm exec playwright install --with-deps chromium firefox webkit	2026-09-18T07:30:17.9454081Z Get:140 http://azure.archive.ubuntu.com/ubuntu noble/main amd64 liblc3-1 amd64 1.0.4-3build1 [69.7 kB]
shsh-check	Run pnpm exec playwright install --with-deps chromium firefox webkit	2026-09-18T07:30:17.9695149Z Get:141 http://azure.archive.ubuntu.com/ubuntu noble/main amd64 libldacbt-enc2 amd64 2.0.2.3+git20200429+ed310a0-4ubuntu2 [27.1 kB]
shsh-check	Run pnpm exec playwright install --with-deps chromium firefox webkit	2026-09-18T07:30:17.9918903Z Get:142 http://azure.archive.ubuntu.com/ubuntu noble-updates/main amd64 libraptor2-0 amd64 2.0.16-3ubuntu0.1 [165 kB]
shsh-check	Run pnpm exec playwright install --with-deps chromium firefox webkit	2026-09-18T07:30:18.0222187Z Get:143 http://azure.archive.ubuntu.com/ubuntu noble/universe amd64 liblrdf0 amd64 0.6.1-4build1 [18.5 kB]
shsh-check	Run pnpm exec playwright install --with-deps chromium firefox webkit	2026-09-18T07:30:18.0446802Z Get:144 http://azure.archive.ubuntu.com/ubuntu noble/universe amd64 libltc11 amd64 1.3.2-1build1 [13.0 kB]
shsh-check	Run pnpm exec playwright install --with-deps chromium firefox webkit	2026-09-18T07:30:18.0664410Z Get:145 http://azure.archive.ubuntu.com/ubuntu noble/main amd64 libmanette-0.2-0 amd64 0.2.7-1build2 [30.6 kB]
shsh-check	Run pnpm exec playwright install --with-deps chromium firefox webkit	2026-09-18T07:30:18.0932465Z Get:146 http://azure.archive.ubuntu.com/ubuntu noble/universe amd64 libmfx1 amd64 22.5.4-1 [3124 kB]
shsh-check	Run pnpm exec playwright install --with-deps chromium firefox webkit	2026-09-18T07:30:18.1509239Z Get:147 http://azure.archive.ubuntu.com/ubuntu noble/universe amd64 libmjpegutils-2.1-0t64 amd64 1:2.1.0+debian-8.1build1 [25.5 kB]
shsh-check	Run pnpm exec playwright install --with-deps chromium firefox webkit	2026-09-18T07:30:18.1773712Z Get:148 http://azure.archive.ubuntu.com/ubuntu noble/universe amd64 libmodplug1 amd64 1:0.8.9.0-3build1 [166 kB]
shsh-check	Run pnpm exec playwright install --with-deps chromium firefox webkit	2026-09-18T07:30:18.2056854Z Get:149 http://azure.archive.ubuntu.com/ubuntu noble/universe amd64 libmpcdec6 amd64 2:0.1~r495-2build1 [32.7 kB]
shsh-check	Run pnpm exec playwright install --with-deps chromium firefox webkit	2026-09-18T07:30:18.2349487Z Get:150 http://azure.archive.ubuntu.com/ubuntu noble/universe amd64 libmpeg2encpp-2.1-0t64 amd64 1:2.1.0+debian-8.1build1 [75.6 kB]
shsh-check	Run pnpm exec playwright install --with-deps chromium firefox webkit	2026-09-18T07:30:18.2615517Z Get:151 http://azure.archive.ubuntu.com/ubuntu noble/universe amd64 libmplex2-2.1-0t64 amd64 1:2.1.0+debian-8.1build1 [46.1 kB]
shsh-check	Run pnpm exec playwright install --with-deps chromium firefox webkit	2026-09-18T07:30:18.2876057Z Get:152 http://azure.archive.ubuntu.com/ubuntu noble/universe amd64 libneon27t64 amd64 0.33.0-1.1build3 [102 kB]
shsh-check	Run pnpm exec playwright install --with-deps chromium firefox webkit	2026-09-18T07:30:18.3141223Z Get:153 http://azure.archive.ubuntu.com/ubuntu noble/universe amd64 libnice10 amd64 0.1.21-2build3 [157 kB]
shsh-check	Run pnpm exec playwright install --with-deps chromium firefox webkit	2026-09-18T07:30:18.3406488Z Get:154 http://azure.archive.ubuntu.com/ubuntu noble/universe amd64 libopenal-data all 1:1.23.1-4build1 [161 kB]
shsh-check	Run pnpm exec playwright install --with-deps chromium firefox webkit	2026-09-18T07:30:18.3671070Z Get:155 http://azure.archive.ubuntu.com/ubuntu noble/universe amd64 libopenexr-3-1-30 amd64 3.1.5-5.1build3 [1004 kB]
shsh-check	Run pnpm exec playwright install --with-deps chromium firefox webkit	2026-09-18T07:30:18.3968984Z Get:156 http://azure.archive.ubuntu.com/ubuntu noble/universe amd64 libopenh264-7 amd64 2.4.1+dfsg-1 [409 kB]
shsh-check	Run pnpm exec playwright install --with-deps chromium firefox webkit	2026-09-18T07:30:18.4230821Z Get:157 http://azure.archive.ubuntu.com/ubuntu noble/universe amd64 libopenni2-0 amd64 2.2.0.33+dfsg-18 [370 kB]
shsh-check	Run pnpm exec playwright install --with-deps chromium firefox webkit	2026-09-18T07:30:18.4945147Z Get:158 http://azure.archive.ubuntu.com/ubuntu noble/universe amd64 libqrencode4 amd64 4.1.1-1build2 [25.0 kB]
shsh-check	Run pnpm exec playwright install --with-deps chromium firefox webkit	2026-09-18T07:30:18.5163483Z Get:159 http://azure.archive.ubuntu.com/ubuntu noble/main amd64 libsecret-common all 0.21.4-1build3 [4962 B]
shsh-check	Run pnpm exec playwright install --with-deps chromium firefox webkit	2026-09-18T07:30:18.5380671Z Get:160 http://azure.archive.ubuntu.com/ubuntu noble/main amd64 libsecret-1-0 amd64 0.21.4-1build3 [116 kB]
shsh-check	Run pnpm exec playwright install --with-deps chromium firefox webkit	2026-09-18T07:30:18.5609926Z Get:161 http://azure.archive.ubuntu.com/ubuntu noble/universe amd64 libsndio7.0 amd64 1.9.0-0.3build3 [29.6 kB]
shsh-check	Run pnpm exec playwright install --with-deps chromium firefox webkit	2026-09-18T07:30:18.5830509Z Get:162 http://azure.archive.ubuntu.com/ubuntu noble/universe amd64 libsoundtouch1 amd64 2.3.2+ds1-1build1 [60.5 kB]
shsh-check	Run pnpm exec playwright install --with-deps chromium firefox webkit	2026-09-18T07:30:18.6100649Z Get:163 http://azure.archive.ubuntu.com/ubuntu noble/universe amd64 libspandsp2t64 amd64 0.0.6+dfsg-2.1build1 [311 kB]
shsh-check	Run pnpm exec playwright install --with-deps chromium firefox webkit	2026-09-18T07:30:18.6377894Z Get:164 http://azure.archive.ubuntu.com/ubuntu noble/universe amd64 libsrtp2-1 amd64 2.5.0-3build1 [41.9 kB]
shsh-check	Run pnpm exec playwright install --with-deps chromium firefox webkit	2026-09-18T07:30:18.6637282Z Get:165 http://azure.archive.ubuntu.com/ubuntu noble/main amd64 libwayland-server0 amd64 1.22.0-2.1build1 [33.9 kB]
shsh-check	Run pnpm exec playwright install --with-deps chromium firefox webkit	2026-09-18T07:30:18.6896941Z Get:166 http://azure.archive.ubuntu.com/ubuntu noble/universe amd64 libwildmidi2 amd64 0.4.3-1build3 [68.5 kB]
shsh-check	Run pnpm exec playwright install --with-deps chromium firefox webkit	2026-09-18T07:30:18.7156541Z Get:167 http://azure.archive.ubuntu.com/ubuntu noble/main amd64 libwoff1 amd64 1.0.2-2build1 [45.3 kB]
shsh-check	Run pnpm exec playwright install --with-deps chromium firefox webkit	2026-09-18T07:30:18.7415745Z Get:168 http://azure.archive.ubuntu.com/ubuntu noble/main amd64 libxcb-xkb1 amd64 1.15-1ubuntu2 [32.3 kB]
shsh-check	Run pnpm exec playwright install --with-deps chromium firefox webkit	2026-09-18T07:30:18.7686822Z Get:169 http://azure.archive.ubuntu.com/ubuntu noble/main amd64 libxkbcommon-x11-0 amd64 1.6.0-1build1 [14.5 kB]
shsh-check	Run pnpm exec playwright install --with-deps chromium firefox webkit	2026-09-18T07:30:18.7954014Z Get:170 http://azure.archive.ubuntu.com/ubuntu noble/universe amd64 libzbar0t64 amd64 0.23.93-4build3 [123 kB]
shsh-check	Run pnpm exec playwright install --with-deps chromium firefox webkit	2026-09-18T07:30:18.8223102Z Get:171 http://azure.archive.ubuntu.com/ubuntu noble/universe amd64 libzxing3 amd64 2.2.1-3 [583 kB]
shsh-check	Run pnpm exec playwright install --with-deps chromium firefox webkit	2026-09-18T07:30:18.8532335Z Get:172 http://azure.archive.ubuntu.com/ubuntu noble/main amd64 xfonts-encodings all 1:1.0.5-0ubuntu2 [578 kB]
shsh-check	Run pnpm exec playwright install --with-deps chromium firefox webkit	2026-09-18T07:30:18.8829143Z Get:173 http://azure.archive.ubuntu.com/ubuntu noble/main amd64 xfonts-utils amd64 1:7.7+6build3 [94.4 kB]
shsh-check	Run pnpm exec playwright install --with-deps chromium firefox webkit	2026-09-18T07:30:18.9093882Z Get:174 http://azure.archive.ubuntu.com/ubuntu noble/universe amd64 xfonts-cyrillic all 1:1.0.5+nmu1 [384 kB]
shsh-check	Run pnpm exec playwright install --with-deps chromium firefox webkit	2026-09-18T07:30:18.9383014Z Get:175 http://azure.archive.ubuntu.com/ubuntu noble/main amd64 xfonts-scalable all 1:1.0.3-1.3 [304 kB]
shsh-check	Run pnpm exec playwright install --with-deps chromium firefox webkit	2026-09-18T07:30:19.0107148Z Get:176 http://azure.archive.ubuntu.com/ubuntu noble/universe amd64 libgstreamer-plugins-bad1.0-0 amd64 1.24.2-1ubuntu4 [797 kB]
shsh-check	Run pnpm exec playwright install --with-deps chromium firefox webkit	2026-09-18T07:30:19.0393910Z Get:177 http://azure.archive.ubuntu.com/ubuntu noble/universe amd64 libdca0 amd64 0.0.7-2build1 [93.8 kB]
shsh-check	Run pnpm exec playwright install --with-deps chromium firefox webkit	2026-09-18T07:30:19.0658837Z Get:178 http://azure.archive.ubuntu.com/ubuntu noble/universe amd64 libopenal1 amd64 1:1.23.1-4build1 [540 kB]
shsh-check	Run pnpm exec playwright install --with-deps chromium firefox webkit	2026-09-18T07:30:19.0961982Z Get:179 http://azure.archive.ubuntu.com/ubuntu noble/main amd64 libsbc1 amd64 2.0-1build1 [33.9 kB]
shsh-check	Run pnpm exec playwright install --with-deps chromium firefox webkit	2026-09-18T07:30:19.1232682Z Get:180 http://azure.archive.ubuntu.com/ubuntu noble/universe amd64 libvo-aacenc0 amd64 0.1.3-2build1 [67.8 kB]
shsh-check	Run pnpm exec playwright install --with-deps chromium firefox webkit	2026-09-18T07:30:19.1494238Z Get:181 http://azure.archive.ubuntu.com/ubuntu noble/universe amd64 libvo-amrwbenc0 amd64 0.1.3-2build1 [76.7 kB]
shsh-check	Run pnpm exec playwright install --with-deps chromium firefox webkit	2026-09-18T07:30:19.1760607Z Get:182 http://azure.archive.ubuntu.com/ubuntu noble/universe amd64 gstreamer1.0-plugins-bad amd64 1.24.2-1ubuntu4 [3081 kB]
shsh-check	Run pnpm exec playwright install --with-deps chromium firefox webkit	2026-09-18T07:30:19.6419234Z Fetched 114 MB in 7s (16.7 MB/s)
shsh-check	Run pnpm exec playwright install --with-deps chromium firefox webkit	2026-09-18T07:30:19.6705816Z Selecting previously unselected package fonts-ipafont-gothic.
shsh-check	Run pnpm exec playwright install --with-deps chromium firefox webkit	2026-09-18T07:30:19.7046229Z (Reading database ...
shsh-check	Run pnpm exec playwright install --with-deps chromium firefox webkit	2026-09-18T07:30:19.7046698Z (Reading database ... 5%
shsh-check	Run pnpm exec playwright install --with-deps chromium firefox webkit	2026-09-18T07:30:19.7046977Z (Reading database ... 10%
shsh-check	Run pnpm exec playwright install --with-deps chromium firefox webkit	2026-09-18T07:30:19.7047244Z (Reading database ... 15%
shsh-check	Run pnpm exec playwright install --with-deps chromium firefox webkit	2026-09-18T07:30:19.7047702Z (Reading database ... 20%
shsh-check	Run pnpm exec playwright install --with-deps chromium firefox webkit	2026-09-18T07:30:19.7048112Z (Reading database ... 25%
shsh-check	Run pnpm exec playwright install --with-deps chromium firefox webkit	2026-09-18T07:30:19.7048535Z (Reading database ... 30%
shsh-check	Run pnpm exec playwright install --with-deps chromium firefox webkit	2026-09-18T07:30:19.7048940Z (Reading database ... 35%
shsh-check	Run pnpm exec playwright install --with-deps chromium firefox webkit	2026-09-18T07:30:19.7049343Z (Reading database ... 40%
shsh-check	Run pnpm exec playwright install --with-deps chromium firefox webkit	2026-09-18T07:30:19.7049790Z (Reading database ... 45%
shsh-check	Run pnpm exec playwright install --with-deps chromium firefox webkit	2026-09-18T07:30:19.7050205Z (Reading database ... 50%
shsh-check	Run pnpm exec playwright install --with-deps chromium firefox webkit	2026-09-18T07:30:19.7089312Z (Reading database ... 55%
shsh-check	Run pnpm exec playwright install --with-deps chromium firefox webkit	2026-09-18T07:30:19.8262528Z (Reading database ... 60%
shsh-check	Run pnpm exec playwright install --with-deps chromium firefox webkit	2026-09-18T07:30:19.9870307Z (Reading database ... 65%
shsh-check	Run pnpm exec playwright install --with-deps chromium firefox webkit	2026-09-18T07:30:20.1390629Z (Reading database ... 70%
shsh-check	Run pnpm exec playwright install --with-deps chromium firefox webkit	2026-09-18T07:30:20.2839028Z (Reading database ... 75%
shsh-check	Run pnpm exec playwright install --with-deps chromium firefox webkit	2026-09-18T07:30:20.4879532Z (Reading database ... 80%
shsh-check	Run pnpm exec playwright install --with-deps chromium firefox webkit	2026-09-18T07:30:20.6775911Z (Reading database ... 85%
shsh-check	Run pnpm exec playwright install --with-deps chromium firefox webkit	2026-09-18T07:30:20.8835269Z (Reading database ... 90%
shsh-check	Run pnpm exec playwright install --with-deps chromium firefox webkit	2026-09-18T07:30:21.0420871Z (Reading database ... 95%
shsh-check	Run pnpm exec playwright install --with-deps chromium firefox webkit	2026-09-18T07:30:21.0421781Z (Reading database ... 100%
shsh-check	Run pnpm exec playwright install --with-deps chromium firefox webkit	2026-09-18T07:30:21.0422707Z (Reading database ... 201818 files and directories currently installed.)
shsh-check	Run pnpm exec playwright install --with-deps chromium firefox webkit	2026-09-18T07:30:21.0469829Z Preparing to unpack .../000-fonts-ipafont-gothic_00303-21ubuntu1_all.deb ...
shsh-check	Run pnpm exec playwright install --with-deps chromium firefox webkit	2026-09-18T07:30:21.0563787Z Unpacking fonts-ipafont-gothic (00303-21ubuntu1) ...
shsh-check	Run pnpm exec playwright install --with-deps chromium firefox webkit	2026-09-18T07:30:21.2938426Z Selecting previously unselected package fonts-freefont-ttf.
shsh-check	Run pnpm exec playwright install --with-deps chromium firefox webkit	2026-09-18T07:30:21.3068349Z Preparing to unpack .../001-fonts-freefont-ttf_20211204+svn4273-2_all.deb ...
shsh-check	Run pnpm exec playwright install --with-deps chromium firefox webkit	2026-09-18T07:30:21.3077446Z Unpacking fonts-freefont-ttf (20211204+svn4273-2) ...
shsh-check	Run pnpm exec playwright install --with-deps chromium firefox webkit	2026-09-18T07:30:21.3913061Z Selecting previously unselected package fonts-tlwg-loma-otf.
shsh-check	Run pnpm exec playwright install --with-deps chromium firefox webkit	2026-09-18T07:30:21.4047664Z Preparing to unpack .../002-fonts-tlwg-loma-otf_1%3a0.7.3-1_all.deb ...
shsh-check	Run pnpm exec playwright install --with-deps chromium firefox webkit	2026-09-18T07:30:21.4054997Z Unpacking fonts-tlwg-loma-otf (1:0.7.3-1) ...
shsh-check	Run pnpm exec playwright install --with-deps chromium firefox webkit	2026-09-18T07:30:21.4283883Z Selecting previously unselected package fonts-unifont.
shsh-check	Run pnpm exec playwright install --with-deps chromium firefox webkit	2026-09-18T07:30:21.4418127Z Preparing to unpack .../003-fonts-unifont_1%3a15.1.01-1build1_all.deb ...
shsh-check	Run pnpm exec playwright install --with-deps chromium firefox webkit	2026-09-18T07:30:21.4426507Z Unpacking fonts-unifont (1:15.1.01-1build1) ...
shsh-check	Run pnpm exec playwright install --with-deps chromium firefox webkit	2026-09-18T07:30:21.5507851Z Selecting previously unselected package fonts-wqy-zenhei.
shsh-check	Run pnpm exec playwright install --with-deps chromium firefox webkit	2026-09-18T07:30:21.5639764Z Preparing to unpack .../004-fonts-wqy-zenhei_0.9.45-8_all.deb ...
shsh-check	Run pnpm exec playwright install --with-deps chromium firefox webkit	2026-09-18T07:30:21.5747668Z Unpacking fonts-wqy-zenhei (0.9.45-8) ...
shsh-check	Run pnpm exec playwright install --with-deps chromium firefox webkit	2026-09-18T07:30:22.0472551Z Selecting previously unselected package libproxy1v5:amd64.
shsh-check	Run pnpm exec playwright install --with-deps chromium firefox webkit	2026-09-18T07:30:22.0608986Z Preparing to unpack .../005-libproxy1v5_0.5.4-4build1_amd64.deb ...
shsh-check	Run pnpm exec playwright install --with-deps chromium firefox webkit	2026-09-18T07:30:22.0635084Z Unpacking libproxy1v5:amd64 (0.5.4-4build1) ...
shsh-check	Run pnpm exec playwright install --with-deps chromium firefox webkit	2026-09-18T07:30:22.0890687Z Selecting previously unselected package glib-networking-common.
shsh-check	Run pnpm exec playwright install --with-deps chromium firefox webkit	2026-09-18T07:30:22.1027094Z Preparing to unpack .../006-glib-networking-common_2.80.0-1build1_all.deb ...
shsh-check	Run pnpm exec playwright install --with-deps chromium firefox webkit	2026-09-18T07:30:22.1036373Z Unpacking glib-networking-common (2.80.0-1build1) ...
shsh-check	Run pnpm exec playwright install --with-deps chromium firefox webkit	2026-09-18T07:30:22.1239762Z Selecting previously unselected package glib-networking-services.
shsh-check	Run pnpm exec playwright install --with-deps chromium firefox webkit	2026-09-18T07:30:22.1372956Z Preparing to unpack .../007-glib-networking-services_2.80.0-1build1_amd64.deb ...
shsh-check	Run pnpm exec playwright install --with-deps chromium firefox webkit	2026-09-18T07:30:22.1381496Z Unpacking glib-networking-services (2.80.0-1build1) ...
shsh-check	Run pnpm exec playwright install --with-deps chromium firefox webkit	2026-09-18T07:30:22.1604486Z Selecting previously unselected package session-migration.
shsh-check	Run pnpm exec playwright install --with-deps chromium firefox webkit	2026-09-18T07:30:22.1737878Z Preparing to unpack .../008-session-migration_0.3.9build1_amd64.deb ...
shsh-check	Run pnpm exec playwright install --with-deps chromium firefox webkit	2026-09-18T07:30:22.1746342Z Unpacking session-migration (0.3.9build1) ...
shsh-check	Run pnpm exec playwright install --with-deps chromium firefox webkit	2026-09-18T07:30:22.1994113Z Selecting previously unselected package gsettings-desktop-schemas.
shsh-check	Run pnpm exec playwright install --with-deps chromium firefox webkit	2026-09-18T07:30:22.2131082Z Preparing to unpack .../009-gsettings-desktop-schemas_46.1-0ubuntu1_all.deb ...
shsh-check	Run pnpm exec playwright install --with-deps chromium firefox webkit	2026-09-18T07:30:22.2139499Z Unpacking gsettings-desktop-schemas (46.1-0ubuntu1) ...
shsh-check	Run pnpm exec playwright install --with-deps chromium firefox webkit	2026-09-18T07:30:22.2444033Z Selecting previously unselected package glib-networking:amd64.
shsh-check	Run pnpm exec playwright install --with-deps chromium firefox webkit	2026-09-18T07:30:22.2578478Z Preparing to unpack .../010-glib-networking_2.80.0-1build1_amd64.deb ...
shsh-check	Run pnpm exec playwright install --with-deps chromium firefox webkit	2026-09-18T07:30:22.2588263Z Unpacking glib-networking:amd64 (2.80.0-1build1) ...
shsh-check	Run pnpm exec playwright install --with-deps chromium firefox webkit	2026-09-18T07:30:22.2841116Z Selecting previously unselected package libva2:amd64.
shsh-check	Run pnpm exec playwright install --with-deps chromium firefox webkit	2026-09-18T07:30:22.2977637Z Preparing to unpack .../011-libva2_2.20.0-2ubuntu0.2_amd64.deb ...
shsh-check	Run pnpm exec playwright install --with-deps chromium firefox webkit	2026-09-18T07:30:22.2986534Z Unpacking libva2:amd64 (2.20.0-2ubuntu0.2) ...
shsh-check	Run pnpm exec playwright install --with-deps chromium firefox webkit	2026-09-18T07:30:22.3211172Z Selecting previously unselected package libva-drm2:amd64.
shsh-check	Run pnpm exec playwright install --with-deps chromium firefox webkit	2026-09-18T07:30:22.3342801Z Preparing to unpack .../012-libva-drm2_2.20.0-2ubuntu0.2_amd64.deb ...
shsh-check	Run pnpm exec playwright install --with-deps chromium firefox webkit	2026-09-18T07:30:22.3353093Z Unpacking libva-drm2:amd64 (2.20.0-2ubuntu0.2) ...
shsh-check	Run pnpm exec playwright install --with-deps chromium firefox webkit	2026-09-18T07:30:22.3572007Z Selecting previously unselected package libva-x11-2:amd64.
shsh-check	Run pnpm exec playwright install --with-deps chromium firefox webkit	2026-09-18T07:30:22.3707120Z Preparing to unpack .../013-libva-x11-2_2.20.0-2ubuntu0.2_amd64.deb ...
shsh-check	Run pnpm exec playwright install --with-deps chromium firefox webkit	2026-09-18T07:30:22.3717155Z Unpacking libva-x11-2:amd64 (2.20.0-2ubuntu0.2) ...
shsh-check	Run pnpm exec playwright install --with-deps chromium firefox webkit	2026-09-18T07:30:22.3947016Z Selecting previously unselected package libvdpau1:amd64.
shsh-check	Run pnpm exec playwright install --with-deps chromium firefox webkit	2026-09-18T07:30:22.4080969Z Preparing to unpack .../014-libvdpau1_1.5-2build1_amd64.deb ...
shsh-check	Run pnpm exec playwright install --with-deps chromium firefox webkit	2026-09-18T07:30:22.4090862Z Unpacking libvdpau1:amd64 (1.5-2build1) ...
shsh-check	Run pnpm exec playwright install --with-deps chromium firefox webkit	2026-09-18T07:30:22.4322225Z Selecting previously unselected package libvpl2.
shsh-check	Run pnpm exec playwright install --with-deps chromium firefox webkit	2026-09-18T07:30:22.4455631Z Preparing to unpack .../015-libvpl2_2023.3.0-1build1_amd64.deb ...
shsh-check	Run pnpm exec playwright install --with-deps chromium firefox webkit	2026-09-18T07:30:22.4464877Z Unpacking libvpl2 (2023.3.0-1build1) ...
shsh-check	Run pnpm exec playwright install --with-deps chromium firefox webkit	2026-09-18T07:30:22.4698266Z Selecting previously unselected package ocl-icd-libopencl1:amd64.
shsh-check	Run pnpm exec playwright install --with-deps chromium firefox webkit	2026-09-18T07:30:22.4830785Z Preparing to unpack .../016-ocl-icd-libopencl1_2.3.2-1build1_amd64.deb ...
shsh-check	Run pnpm exec playwright install --with-deps chromium firefox webkit	2026-09-18T07:30:22.4840231Z Unpacking ocl-icd-libopencl1:amd64 (2.3.2-1build1) ...
shsh-check	Run pnpm exec playwright install --with-deps chromium firefox webkit	2026-09-18T07:30:22.5089736Z Selecting previously unselected package libavutil58:amd64.
shsh-check	Run pnpm exec playwright install --with-deps chromium firefox webkit	2026-09-18T07:30:22.5221999Z Preparing to unpack .../017-libavutil58_7%3a6.1.1-3ubuntu5_amd64.deb ...
shsh-check	Run pnpm exec playwright install --with-deps chromium firefox webkit	2026-09-18T07:30:22.5231952Z Unpacking libavutil58:amd64 (7:6.1.1-3ubuntu5) ...
shsh-check	Run pnpm exec playwright install --with-deps chromium firefox webkit	2026-09-18T07:30:22.5519880Z Selecting previously unselected package libcodec2-1.2:amd64.
shsh-check	Run pnpm exec playwright install --with-deps chromium firefox webkit	2026-09-18T07:30:22.5652936Z Preparing to unpack .../018-libcodec2-1.2_1.2.0-2build1_amd64.deb ...
shsh-check	Run pnpm exec playwright install --with-deps chromium firefox webkit	2026-09-18T07:30:22.5661924Z Unpacking libcodec2-1.2:amd64 (1.2.0-2build1) ...
shsh-check	Run pnpm exec playwright install --with-deps chromium firefox webkit	2026-09-18T07:30:22.6430558Z Selecting previously unselected package libdav1d7:amd64.
shsh-check	Run pnpm exec playwright install --with-deps chromium firefox webkit	2026-09-18T07:30:22.6565211Z Preparing to unpack .../019-libdav1d7_1.4.1-1build1_amd64.deb ...
shsh-check	Run pnpm exec playwright install --with-deps chromium firefox webkit	2026-09-18T07:30:22.6573622Z Unpacking libdav1d7:amd64 (1.4.1-1build1) ...
shsh-check	Run pnpm exec playwright install --with-deps chromium firefox webkit	2026-09-18T07:30:22.6858909Z Selecting previously unselected package libgsm1:amd64.
shsh-check	Run pnpm exec playwright install --with-deps chromium firefox webkit	2026-09-18T07:30:22.6990421Z Preparing to unpack .../020-libgsm1_1.0.22-1build1_amd64.deb ...
shsh-check	Run pnpm exec playwright install --with-deps chromium firefox webkit	2026-09-18T07:30:22.6998555Z Unpacking libgsm1:amd64 (1.0.22-1build1) ...
shsh-check	Run pnpm exec playwright install --with-deps chromium firefox webkit	2026-09-18T07:30:22.7212748Z Selecting previously unselected package libhwy1t64:amd64.
shsh-check	Run pnpm exec playwright install --with-deps chromium firefox webkit	2026-09-18T07:30:22.7343707Z Preparing to unpack .../021-libhwy1t64_1.0.7-8.1build1_amd64.deb ...
shsh-check	Run pnpm exec playwright install --with-deps chromium firefox webkit	2026-09-18T07:30:22.7352855Z Unpacking libhwy1t64:amd64 (1.0.7-8.1build1) ...
shsh-check	Run pnpm exec playwright install --with-deps chromium firefox webkit	2026-09-18T07:30:22.7710899Z Selecting previously unselected package libjxl0.7:amd64.
shsh-check	Run pnpm exec playwright install --with-deps chromium firefox webkit	2026-09-18T07:30:22.7843104Z Preparing to unpack .../022-libjxl0.7_0.7.0-10.2ubuntu6.1_amd64.deb ...
shsh-check	Run pnpm exec playwright install --with-deps chromium firefox webkit	2026-09-18T07:30:22.7852467Z Unpacking libjxl0.7:amd64 (0.7.0-10.2ubuntu6.1) ...
shsh-check	Run pnpm exec playwright install --with-deps chromium firefox webkit	2026-09-18T07:30:22.8239235Z Selecting previously unselected package libmp3lame0:amd64.
shsh-check	Run pnpm exec playwright install --with-deps chromium firefox webkit	2026-09-18T07:30:22.8371809Z Preparing to unpack .../023-libmp3lame0_3.100-6build1_amd64.deb ...
shsh-check	Run pnpm exec playwright install --with-deps chromium firefox webkit	2026-09-18T07:30:22.8380989Z Unpacking libmp3lame0:amd64 (3.100-6build1) ...
shsh-check	Run pnpm exec playwright install --with-deps chromium firefox webkit	2026-09-18T07:30:22.8687728Z Selecting previously unselected package libopus0:amd64.
shsh-check	Run pnpm exec playwright install --with-deps chromium firefox webkit	2026-09-18T07:30:22.8820495Z Preparing to unpack .../024-libopus0_1.4-1build1_amd64.deb ...
shsh-check	Run pnpm exec playwright install --with-deps chromium firefox webkit	2026-09-18T07:30:22.8828761Z Unpacking libopus0:amd64 (1.4-1build1) ...
shsh-check	Run pnpm exec playwright install --with-deps chromium firefox webkit	2026-09-18T07:30:22.9072913Z Selecting previously unselected package librav1e0:amd64.
shsh-check	Run pnpm exec playwright install --with-deps chromium firefox webkit	2026-09-18T07:30:22.9207264Z Preparing to unpack .../025-librav1e0_0.7.1-2_amd64.deb ...
shsh-check	Run pnpm exec playwright install --with-deps chromium firefox webkit	2026-09-18T07:30:22.9217183Z Unpacking librav1e0:amd64 (0.7.1-2) ...
shsh-check	Run pnpm exec playwright install --with-deps chromium firefox webkit	2026-09-18T07:30:22.9570033Z Selecting previously unselected package librsvg2-2:amd64.
shsh-check	Run pnpm exec playwright install --with-deps chromium firefox webkit	2026-09-18T07:30:22.9702123Z Preparing to unpack .../026-librsvg2-2_2.58.0+dfsg-1build1_amd64.deb ...
shsh-check	Run pnpm exec playwright install --with-deps chromium firefox webkit	2026-09-18T07:30:22.9710832Z Unpacking librsvg2-2:amd64 (2.58.0+dfsg-1build1) ...
shsh-check	Run pnpm exec playwright install --with-deps chromium firefox webkit	2026-09-18T07:30:23.0980303Z Selecting previously unselected package libshine3:amd64.
shsh-check	Run pnpm exec playwright install --with-deps chromium firefox webkit	2026-09-18T07:30:23.1116057Z Preparing to unpack .../027-libshine3_3.1.1-2build1_amd64.deb ...
shsh-check	Run pnpm exec playwright install --with-deps chromium firefox webkit	2026-09-18T07:30:23.1124740Z Unpacking libshine3:amd64 (3.1.1-2build1) ...
shsh-check	Run pnpm exec playwright install --with-deps chromium firefox webkit	2026-09-18T07:30:23.1342886Z Selecting previously unselected package libspeex1:amd64.
shsh-check	Run pnpm exec playwright install --with-deps chromium firefox webkit	2026-09-18T07:30:23.1480329Z Preparing to unpack .../028-libspeex1_1.2.1-2ubuntu2.24.04.1_amd64.deb ...
shsh-check	Run pnpm exec playwright install --with-deps chromium firefox webkit	2026-09-18T07:30:23.1489549Z Unpacking libspeex1:amd64 (1.2.1-2ubuntu2.24.04.1) ...
shsh-check	Run pnpm exec playwright install --with-deps chromium firefox webkit	2026-09-18T07:30:23.1728101Z Selecting previously unselected package libsvtav1enc1d1:amd64.
shsh-check	Run pnpm exec playwright install --with-deps chromium firefox webkit	2026-09-18T07:30:23.1843974Z Preparing to unpack .../029-libsvtav1enc1d1_1.7.0+dfsg-2build1_amd64.deb ...
shsh-check	Run pnpm exec playwright install --with-deps chromium firefox webkit	2026-09-18T07:30:23.1853992Z Unpacking libsvtav1enc1d1:amd64 (1.7.0+dfsg-2build1) ...
shsh-check	Run pnpm exec playwright install --with-deps chromium firefox webkit	2026-09-18T07:30:23.2375677Z Selecting previously unselected package libsoxr0:amd64.
shsh-check	Run pnpm exec playwright install --with-deps chromium firefox webkit	2026-09-18T07:30:23.2507480Z Preparing to unpack .../030-libsoxr0_0.1.3-4build3_amd64.deb ...
shsh-check	Run pnpm exec playwright install --with-deps chromium firefox webkit	2026-09-18T07:30:23.2517003Z Unpacking libsoxr0:amd64 (0.1.3-4build3) ...
shsh-check	Run pnpm exec playwright install --with-deps chromium firefox webkit	2026-09-18T07:30:23.2742227Z Selecting previously unselected package libswresample4:amd64.
shsh-check	Run pnpm exec playwright install --with-deps chromium firefox webkit	2026-09-18T07:30:23.2876093Z Preparing to unpack .../031-libswresample4_7%3a6.1.1-3ubuntu5_amd64.deb ...
shsh-check	Run pnpm exec playwright install --with-deps chromium firefox webkit	2026-09-18T07:30:23.2884773Z Unpacking libswresample4:amd64 (7:6.1.1-3ubuntu5) ...
shsh-check	Run pnpm exec playwright install --with-deps chromium firefox webkit	2026-09-18T07:30:23.3113397Z Selecting previously unselected package libtheora0:amd64.
shsh-check	Run pnpm exec playwright install --with-deps chromium firefox webkit	2026-09-18T07:30:23.3247711Z Preparing to unpack .../032-libtheora0_1.1.1+dfsg.1-16.1build3_amd64.deb ...
shsh-check	Run pnpm exec playwright install --with-deps chromium firefox webkit	2026-09-18T07:30:23.3257869Z Unpacking libtheora0:amd64 (1.1.1+dfsg.1-16.1build3) ...
shsh-check	Run pnpm exec playwright install --with-deps chromium firefox webkit	2026-09-18T07:30:23.3516404Z Selecting previously unselected package libtwolame0:amd64.
shsh-check	Run pnpm exec playwright install --with-deps chromium firefox webkit	2026-09-18T07:30:23.3648273Z Preparing to unpack .../033-libtwolame0_0.4.0-2build3_amd64.deb ...
shsh-check	Run pnpm exec playwright install --with-deps chromium firefox webkit	2026-09-18T07:30:23.3661899Z Unpacking libtwolame0:amd64 (0.4.0-2build3) ...
shsh-check	Run pnpm exec playwright install --with-deps chromium firefox webkit	2026-09-18T07:30:23.3883902Z Selecting previously unselected package libvorbisenc2:amd64.
shsh-check	Run pnpm exec playwright install --with-deps chromium firefox webkit	2026-09-18T07:30:23.4014598Z Preparing to unpack .../034-libvorbisenc2_1.3.7-1build3_amd64.deb ...
shsh-check	Run pnpm exec playwright install --with-deps chromium firefox webkit	2026-09-18T07:30:23.4022859Z Unpacking libvorbisenc2:amd64 (1.3.7-1build3) ...
shsh-check	Run pnpm exec playwright install --with-deps chromium firefox webkit	2026-09-18T07:30:23.4274103Z Selecting previously unselected package libvpx9:amd64.
shsh-check	Run pnpm exec playwright install --with-deps chromium firefox webkit	2026-09-18T07:30:23.4404813Z Preparing to unpack .../035-libvpx9_1.14.0-1ubuntu2.3_amd64.deb ...
shsh-check	Run pnpm exec playwright install --with-deps chromium firefox webkit	2026-09-18T07:30:23.4413538Z Unpacking libvpx9:amd64 (1.14.0-1ubuntu2.3) ...
shsh-check	Run pnpm exec playwright install --with-deps chromium firefox webkit	2026-09-18T07:30:23.4751630Z Selecting previously unselected package libx264-164:amd64.
shsh-check	Run pnpm exec playwright install --with-deps chromium firefox webkit	2026-09-18T07:30:23.4882191Z Preparing to unpack .../036-libx264-164_2%3a0.164.3108+git31e19f9-1_amd64.deb ...
shsh-check	Run pnpm exec playwright install --with-deps chromium firefox webkit	2026-09-18T07:30:23.4890789Z Unpacking libx264-164:amd64 (2:0.164.3108+git31e19f9-1) ...
shsh-check	Run pnpm exec playwright install --with-deps chromium firefox webkit	2026-09-18T07:30:23.5179379Z Selecting previously unselected package libx265-199:amd64.
shsh-check	Run pnpm exec playwright install --with-deps chromium firefox webkit	2026-09-18T07:30:23.5311751Z Preparing to unpack .../037-libx265-199_3.5-2build1_amd64.deb ...
shsh-check	Run pnpm exec playwright install --with-deps chromium firefox webkit	2026-09-18T07:30:23.5321772Z Unpacking libx265-199:amd64 (3.5-2build1) ...
shsh-check	Run pnpm exec playwright install --with-deps chromium firefox webkit	2026-09-18T07:30:23.5982713Z Selecting previously unselected package libxvidcore4:amd64.
shsh-check	Run pnpm exec playwright install --with-deps chromium firefox webkit	2026-09-18T07:30:23.6114918Z Preparing to unpack .../038-libxvidcore4_2%3a1.3.7-1build1_amd64.deb ...
shsh-check	Run pnpm exec playwright install --with-deps chromium firefox webkit	2026-09-18T07:30:23.6124231Z Unpacking libxvidcore4:amd64 (2:1.3.7-1build1) ...
shsh-check	Run pnpm exec playwright install --with-deps chromium firefox webkit	2026-09-18T07:30:23.6362896Z Selecting previously unselected package libzvbi-common.
shsh-check	Run pnpm exec playwright install --with-deps chromium firefox webkit	2026-09-18T07:30:23.6497193Z Preparing to unpack .../039-libzvbi-common_0.2.42-2_all.deb ...
shsh-check	Run pnpm exec playwright install --with-deps chromium firefox webkit	2026-09-18T07:30:23.6506326Z Unpacking libzvbi-common (0.2.42-2) ...
shsh-check	Run pnpm exec playwright install --with-deps chromium firefox webkit	2026-09-18T07:30:23.6896147Z Selecting previously unselected package libzvbi0t64:amd64.
shsh-check	Run pnpm exec playwright install --with-deps chromium firefox webkit	2026-09-18T07:30:23.7028703Z Preparing to unpack .../040-libzvbi0t64_0.2.42-2_amd64.deb ...
shsh-check	Run pnpm exec playwright install --with-deps chromium firefox webkit	2026-09-18T07:30:23.7037222Z Unpacking libzvbi0t64:amd64 (0.2.42-2) ...
shsh-check	Run pnpm exec playwright install --with-deps chromium firefox webkit	2026-09-18T07:30:23.7300517Z Selecting previously unselected package libavcodec60:amd64.
shsh-check	Run pnpm exec playwright install --with-deps chromium firefox webkit	2026-09-18T07:30:23.7434944Z Preparing to unpack .../041-libavcodec60_7%3a6.1.1-3ubuntu5_amd64.deb ...
shsh-check	Run pnpm exec playwright install --with-deps chromium firefox webkit	2026-09-18T07:30:23.7445514Z Unpacking libavcodec60:amd64 (7:6.1.1-3ubuntu5) ...
shsh-check	Run pnpm exec playwright install --with-deps chromium firefox webkit	2026-09-18T07:30:23.9132723Z Selecting previously unselected package libunibreak5:amd64.
shsh-check	Run pnpm exec playwright install --with-deps chromium firefox webkit	2026-09-18T07:30:23.9256180Z Preparing to unpack .../042-libunibreak5_5.1-2build1_amd64.deb ...
shsh-check	Run pnpm exec playwright install --with-deps chromium firefox webkit	2026-09-18T07:30:23.9815436Z Unpacking libunibreak5:amd64 (5.1-2build1) ...
shsh-check	Run pnpm exec playwright install --with-deps chromium firefox webkit	2026-09-18T07:30:24.0053705Z Selecting previously unselected package libass9:amd64.
shsh-check	Run pnpm exec playwright install --with-deps chromium firefox webkit	2026-09-18T07:30:24.0189311Z Preparing to unpack .../043-libass9_1%3a0.17.1-2build1_amd64.deb ...
shsh-check	Run pnpm exec playwright install --with-deps chromium firefox webkit	2026-09-18T07:30:24.0199687Z Unpacking libass9:amd64 (1:0.17.1-2build1) ...
shsh-check	Run pnpm exec playwright install --with-deps chromium firefox webkit	2026-09-18T07:30:24.0437710Z Selecting previously unselected package libudfread0:amd64.
shsh-check	Run pnpm exec playwright install --with-deps chromium firefox webkit	2026-09-18T07:30:24.0573857Z Preparing to unpack .../044-libudfread0_1.1.2-1build1_amd64.deb ...
shsh-check	Run pnpm exec playwright install --with-deps chromium firefox webkit	2026-09-18T07:30:24.0585348Z Unpacking libudfread0:amd64 (1.1.2-1build1) ...
shsh-check	Run pnpm exec playwright install --with-deps chromium firefox webkit	2026-09-18T07:30:24.0805308Z Selecting previously unselected package libbluray2:amd64.
shsh-check	Run pnpm exec playwright install --with-deps chromium firefox webkit	2026-09-18T07:30:24.0942029Z Preparing to unpack .../045-libbluray2_1%3a1.3.4-1build1_amd64.deb ...
shsh-check	Run pnpm exec playwright install --with-deps chromium firefox webkit	2026-09-18T07:30:24.0950828Z Unpacking libbluray2:amd64 (1:1.3.4-1build1) ...
shsh-check	Run pnpm exec playwright install --with-deps chromium firefox webkit	2026-09-18T07:30:24.1186854Z Selecting previously unselected package libchromaprint1:amd64.
shsh-check	Run pnpm exec playwright install --with-deps chromium firefox webkit	2026-09-18T07:30:24.1321481Z Preparing to unpack .../046-libchromaprint1_1.5.1-5_amd64.deb ...
shsh-check	Run pnpm exec playwright install --with-deps chromium firefox webkit	2026-09-18T07:30:24.1329573Z Unpacking libchromaprint1:amd64 (1.5.1-5) ...
shsh-check	Run pnpm exec playwright install --with-deps chromium firefox webkit	2026-09-18T07:30:24.1553342Z Selecting previously unselected package libgme0:amd64.
shsh-check	Run pnpm exec playwright install --with-deps chromium firefox webkit	2026-09-18T07:30:24.1685267Z Preparing to unpack .../047-libgme0_0.6.3-7build1_amd64.deb ...
shsh-check	Run pnpm exec playwright install --with-deps chromium firefox webkit	2026-09-18T07:30:24.1695676Z Unpacking libgme0:amd64 (0.6.3-7build1) ...
shsh-check	Run pnpm exec playwright install --with-deps chromium firefox webkit	2026-09-18T07:30:24.1928735Z Selecting previously unselected package libmpg123-0t64:amd64.
shsh-check	Run pnpm exec playwright install --with-deps chromium firefox webkit	2026-09-18T07:30:24.2062648Z Preparing to unpack .../048-libmpg123-0t64_1.32.5-1ubuntu1.1_amd64.deb ...
shsh-check	Run pnpm exec playwright install --with-deps chromium firefox webkit	2026-09-18T07:30:24.2071635Z Unpacking libmpg123-0t64:amd64 (1.32.5-1ubuntu1.1) ...
shsh-check	Run pnpm exec playwright install --with-deps chromium firefox webkit	2026-09-18T07:30:24.2312237Z Selecting previously unselected package libopenmpt0t64:amd64.
shsh-check	Run pnpm exec playwright install --with-deps chromium firefox webkit	2026-09-18T07:30:24.2443132Z Preparing to unpack .../049-libopenmpt0t64_0.7.3-1.1build3_amd64.deb ...
shsh-check	Run pnpm exec playwright install --with-deps chromium firefox webkit	2026-09-18T07:30:24.2453393Z Unpacking libopenmpt0t64:amd64 (0.7.3-1.1build3) ...
shsh-check	Run pnpm exec playwright install --with-deps chromium firefox webkit	2026-09-18T07:30:24.2744923Z Selecting previously unselected package libcjson1:amd64.
shsh-check	Run pnpm exec playwright install --with-deps chromium firefox webkit	2026-09-18T07:30:24.2876084Z Preparing to unpack .../050-libcjson1_1.7.17-1_amd64.deb ...
shsh-check	Run pnpm exec playwright install --with-deps chromium firefox webkit	2026-09-18T07:30:24.2884177Z Unpacking libcjson1:amd64 (1.7.17-1) ...
shsh-check	Run pnpm exec playwright install --with-deps chromium firefox webkit	2026-09-18T07:30:24.3135273Z Selecting previously unselected package libmbedcrypto7t64:amd64.
shsh-check	Run pnpm exec playwright install --with-deps chromium firefox webkit	2026-09-18T07:30:24.3268160Z Preparing to unpack .../051-libmbedcrypto7t64_2.28.8-1_amd64.deb ...
shsh-check	Run pnpm exec playwright install --with-deps chromium firefox webkit	2026-09-18T07:30:24.3277104Z Unpacking libmbedcrypto7t64:amd64 (2.28.8-1) ...
shsh-check	Run pnpm exec playwright install --with-deps chromium firefox webkit	2026-09-18T07:30:24.3520958Z Selecting previously unselected package librist4:amd64.
shsh-check	Run pnpm exec playwright install --with-deps chromium firefox webkit	2026-09-18T07:30:24.3654029Z Preparing to unpack .../052-librist4_0.2.10+dfsg-2_amd64.deb ...
shsh-check	Run pnpm exec playwright install --with-deps chromium firefox webkit	2026-09-18T07:30:24.3663533Z Unpacking librist4:amd64 (0.2.10+dfsg-2) ...
shsh-check	Run pnpm exec playwright install --with-deps chromium firefox webkit	2026-09-18T07:30:24.3885134Z Selecting previously unselected package libsrt1.5-gnutls:amd64.
shsh-check	Run pnpm exec playwright install --with-deps chromium firefox webkit	2026-09-18T07:30:24.4015289Z Preparing to unpack .../053-libsrt1.5-gnutls_1.5.3-1build2_amd64.deb ...
shsh-check	Run pnpm exec playwright install --with-deps chromium firefox webkit	2026-09-18T07:30:24.4025162Z Unpacking libsrt1.5-gnutls:amd64 (1.5.3-1build2) ...
shsh-check	Run pnpm exec playwright install --with-deps chromium firefox webkit	2026-09-18T07:30:24.4282204Z Selecting previously unselected package libssh-gcrypt-4:amd64.
shsh-check	Run pnpm exec playwright install --with-deps chromium firefox webkit	2026-09-18T07:30:24.4415819Z Preparing to unpack .../054-libssh-gcrypt-4_0.10.6-2ubuntu0.5_amd64.deb ...
shsh-check	Run pnpm exec playwright install --with-deps chromium firefox webkit	2026-09-18T07:30:24.4425947Z Unpacking libssh-gcrypt-4:amd64 (0.10.6-2ubuntu0.5) ...
shsh-check	Run pnpm exec playwright install --with-deps chromium firefox webkit	2026-09-18T07:30:24.4686140Z Selecting previously unselected package libavformat60:amd64.
shsh-check	Run pnpm exec playwright install --with-deps chromium firefox webkit	2026-09-18T07:30:24.4818697Z Preparing to unpack .../055-libavformat60_7%3a6.1.1-3ubuntu5_amd64.deb ...
shsh-check	Run pnpm exec playwright install --with-deps chromium firefox webkit	2026-09-18T07:30:24.4827702Z Unpacking libavformat60:amd64 (7:6.1.1-3ubuntu5) ...
shsh-check	Run pnpm exec playwright install --with-deps chromium firefox webkit	2026-09-18T07:30:24.5167911Z Selecting previously unselected package libbs2b0:amd64.
shsh-check	Run pnpm exec playwright install --with-deps chromium firefox webkit	2026-09-18T07:30:24.5299653Z Preparing to unpack .../056-libbs2b0_3.1.0+dfsg-7build1_amd64.deb ...
shsh-check	Run pnpm exec playwright install --with-deps chromium firefox webkit	2026-09-18T07:30:24.5308999Z Unpacking libbs2b0:amd64 (3.1.0+dfsg-7build1) ...
shsh-check	Run pnpm exec playwright install --with-deps chromium firefox webkit	2026-09-18T07:30:24.5550248Z Selecting previously unselected package libflite1:amd64.
shsh-check	Run pnpm exec playwright install --with-deps chromium firefox webkit	2026-09-18T07:30:24.5684135Z Preparing to unpack .../057-libflite1_2.2-6build3_amd64.deb ...
shsh-check	Run pnpm exec playwright install --with-deps chromium firefox webkit	2026-09-18T07:30:24.5693880Z Unpacking libflite1:amd64 (2.2-6build3) ...
shsh-check	Run pnpm exec playwright install --with-deps chromium firefox webkit	2026-09-18T07:30:24.6807728Z Selecting previously unselected package libserd-0-0:amd64.
shsh-check	Run pnpm exec playwright install --with-deps chromium firefox webkit	2026-09-18T07:30:24.6940008Z Preparing to unpack .../058-libserd-0-0_0.32.2-1_amd64.deb ...
shsh-check	Run pnpm exec playwright install --with-deps chromium firefox webkit	2026-09-18T07:30:24.6951180Z Unpacking libserd-0-0:amd64 (0.32.2-1) ...
shsh-check	Run pnpm exec playwright install --with-deps chromium firefox webkit	2026-09-18T07:30:24.7173282Z Selecting previously unselected package libzix-0-0:amd64.
shsh-check	Run pnpm exec playwright install --with-deps chromium firefox webkit	2026-09-18T07:30:24.7307301Z Preparing to unpack .../059-libzix-0-0_0.4.2-2build1_amd64.deb ...
shsh-check	Run pnpm exec playwright install --with-deps chromium firefox webkit	2026-09-18T07:30:24.7338357Z Unpacking libzix-0-0:amd64 (0.4.2-2build1) ...
shsh-check	Run pnpm exec playwright install --with-deps chromium firefox webkit	2026-09-18T07:30:24.7554777Z Selecting previously unselected package libsord-0-0:amd64.
shsh-check	Run pnpm exec playwright install --with-deps chromium firefox webkit	2026-09-18T07:30:24.7686939Z Preparing to unpack .../060-libsord-0-0_0.16.16-2build1_amd64.deb ...
shsh-check	Run pnpm exec playwright install --with-deps chromium firefox webkit	2026-09-18T07:30:24.7696219Z Unpacking libsord-0-0:amd64 (0.16.16-2build1) ...
shsh-check	Run pnpm exec playwright install --with-deps chromium firefox webkit	2026-09-18T07:30:24.7916173Z Selecting previously unselected package libsratom-0-0:amd64.
shsh-check	Run pnpm exec playwright install --with-deps chromium firefox webkit	2026-09-18T07:30:24.8048970Z Preparing to unpack .../061-libsratom-0-0_0.6.16-1build1_amd64.deb ...
shsh-check	Run pnpm exec playwright install --with-deps chromium firefox webkit	2026-09-18T07:30:24.8058398Z Unpacking libsratom-0-0:amd64 (0.6.16-1build1) ...
shsh-check	Run pnpm exec playwright install --with-deps chromium firefox webkit	2026-09-18T07:30:24.8286153Z Selecting previously unselected package liblilv-0-0:amd64.
shsh-check	Run pnpm exec playwright install --with-deps chromium firefox webkit	2026-09-18T07:30:24.8421953Z Preparing to unpack .../062-liblilv-0-0_0.24.22-1build1_amd64.deb ...
shsh-check	Run pnpm exec playwright install --with-deps chromium firefox webkit	2026-09-18T07:30:24.8430903Z Unpacking liblilv-0-0:amd64 (0.24.22-1build1) ...
shsh-check	Run pnpm exec playwright install --with-deps chromium firefox webkit	2026-09-18T07:30:24.8660832Z Selecting previously unselected package libmysofa1:amd64.
shsh-check	Run pnpm exec playwright install --with-deps chromium firefox webkit	2026-09-18T07:30:24.8791447Z Preparing to unpack .../063-libmysofa1_1.3.2+dfsg-2ubuntu2_amd64.deb ...
shsh-check	Run pnpm exec playwright install --with-deps chromium firefox webkit	2026-09-18T07:30:24.8802160Z Unpacking libmysofa1:amd64 (1.3.2+dfsg-2ubuntu2) ...
shsh-check	Run pnpm exec playwright install --with-deps chromium firefox webkit	2026-09-18T07:30:24.9069091Z Selecting previously unselected package libplacebo338:amd64.
shsh-check	Run pnpm exec playwright install --with-deps chromium firefox webkit	2026-09-18T07:30:24.9202720Z Preparing to unpack .../064-libplacebo338_6.338.2-2build1_amd64.deb ...
shsh-check	Run pnpm exec playwright install --with-deps chromium firefox webkit	2026-09-18T07:30:24.9212236Z Unpacking libplacebo338:amd64 (6.338.2-2build1) ...
shsh-check	Run pnpm exec playwright install --with-deps chromium firefox webkit	2026-09-18T07:30:24.9823029Z Selecting previously unselected package libblas3:amd64.
shsh-check	Run pnpm exec playwright install --with-deps chromium firefox webkit	2026-09-18T07:30:24.9957637Z Preparing to unpack .../065-libblas3_3.12.0-3build1.1_amd64.deb ...
shsh-check	Run pnpm exec playwright install --with-deps chromium firefox webkit	2026-09-18T07:30:24.9991569Z Unpacking libblas3:amd64 (3.12.0-3build1.1) ...
shsh-check	Run pnpm exec playwright install --with-deps chromium firefox webkit	2026-09-18T07:30:25.0250997Z Selecting previously unselected package liblapack3:amd64.
shsh-check	Run pnpm exec playwright install --with-deps chromium firefox webkit	2026-09-18T07:30:25.0386733Z Preparing to unpack .../066-liblapack3_3.12.0-3build1.1_amd64.deb ...
shsh-check	Run pnpm exec playwright install --with-deps chromium firefox webkit	2026-09-18T07:30:25.0421678Z Unpacking liblapack3:amd64 (3.12.0-3build1.1) ...
shsh-check	Run pnpm exec playwright install --with-deps chromium firefox webkit	2026-09-18T07:30:25.0959893Z Selecting previously unselected package libasyncns0:amd64.
shsh-check	Run pnpm exec playwright install --with-deps chromium firefox webkit	2026-09-18T07:30:25.1094708Z Preparing to unpack .../067-libasyncns0_0.8-6build4_amd64.deb ...
shsh-check	Run pnpm exec playwright install --with-deps chromium firefox webkit	2026-09-18T07:30:25.1104011Z Unpacking libasyncns0:amd64 (0.8-6build4) ...
shsh-check	Run pnpm exec playwright install --with-deps chromium firefox webkit	2026-09-18T07:30:25.1328090Z Selecting previously unselected package libflac12t64:amd64.
shsh-check	Run pnpm exec playwright install --with-deps chromium firefox webkit	2026-09-18T07:30:25.1468011Z Preparing to unpack .../068-libflac12t64_1.4.3+ds-2.1ubuntu2_amd64.deb ...
shsh-check	Run pnpm exec playwright install --with-deps chromium firefox webkit	2026-09-18T07:30:25.1476501Z Unpacking libflac12t64:amd64 (1.4.3+ds-2.1ubuntu2) ...
shsh-check	Run pnpm exec playwright install --with-deps chromium firefox webkit	2026-09-18T07:30:25.1738281Z Selecting previously unselected package libsndfile1:amd64.
shsh-check	Run pnpm exec playwright install --with-deps chromium firefox webkit	2026-09-18T07:30:25.1872125Z Preparing to unpack .../069-libsndfile1_1.2.2-1ubuntu5.24.04.1_amd64.deb ...
shsh-check	Run pnpm exec playwright install --with-deps chromium firefox webkit	2026-09-18T07:30:25.1880392Z Unpacking libsndfile1:amd64 (1.2.2-1ubuntu5.24.04.1) ...
shsh-check	Run pnpm exec playwright install --with-deps chromium firefox webkit	2026-09-18T07:30:25.2139616Z Selecting previously unselected package libpulse0:amd64.
shsh-check	Run pnpm exec playwright install --with-deps chromium firefox webkit	2026-09-18T07:30:25.2271647Z Preparing to unpack .../070-libpulse0_1%3a16.1+dfsg1-2ubuntu10.1_amd64.deb ...
shsh-check	Run pnpm exec playwright install --with-deps chromium firefox webkit	2026-09-18T07:30:25.2336165Z Unpacking libpulse0:amd64 (1:16.1+dfsg1-2ubuntu10.1) ...
shsh-check	Run pnpm exec playwright install --with-deps chromium firefox webkit	2026-09-18T07:30:25.2604490Z Selecting previously unselected package libsphinxbase3t64:amd64.
shsh-check	Run pnpm exec playwright install --with-deps chromium firefox webkit	2026-09-18T07:30:25.2735892Z Preparing to unpack .../071-libsphinxbase3t64_0.8+5prealpha+1-17build2_amd64.deb ...
shsh-check	Run pnpm exec playwright install --with-deps chromium firefox webkit	2026-09-18T07:30:25.2745858Z Unpacking libsphinxbase3t64:amd64 (0.8+5prealpha+1-17build2) ...
shsh-check	Run pnpm exec playwright install --with-deps chromium firefox webkit	2026-09-18T07:30:25.2996028Z Selecting previously unselected package libpocketsphinx3:amd64.
shsh-check	Run pnpm exec playwright install --with-deps chromium firefox webkit	2026-09-18T07:30:25.3127114Z Preparing to unpack .../072-libpocketsphinx3_0.8.0+real5prealpha+1-15ubuntu5_amd64.deb ...
shsh-check	Run pnpm exec playwright install --with-deps chromium firefox webkit	2026-09-18T07:30:25.3136162Z Unpacking libpocketsphinx3:amd64 (0.8.0+real5prealpha+1-15ubuntu5) ...
shsh-check	Run pnpm exec playwright install --with-deps chromium firefox webkit	2026-09-18T07:30:25.3365275Z Selecting previously unselected package libpostproc57:amd64.
shsh-check	Run pnpm exec playwright install --with-deps chromium firefox webkit	2026-09-18T07:30:25.3496109Z Preparing to unpack .../073-libpostproc57_7%3a6.1.1-3ubuntu5_amd64.deb ...
shsh-check	Run pnpm exec playwright install --with-deps chromium firefox webkit	2026-09-18T07:30:25.3506508Z Unpacking libpostproc57:amd64 (7:6.1.1-3ubuntu5) ...
shsh-check	Run pnpm exec playwright install --with-deps chromium firefox webkit	2026-09-18T07:30:25.3727674Z Selecting previously unselected package libsamplerate0:amd64.
shsh-check	Run pnpm exec playwright install --with-deps chromium firefox webkit	2026-09-18T07:30:25.3859723Z Preparing to unpack .../074-libsamplerate0_0.2.2-4build1_amd64.deb ...
shsh-check	Run pnpm exec playwright install --with-deps chromium firefox webkit	2026-09-18T07:30:25.3868200Z Unpacking libsamplerate0:amd64 (0.2.2-4build1) ...
shsh-check	Run pnpm exec playwright install --with-deps chromium firefox webkit	2026-09-18T07:30:25.4138670Z Selecting previously unselected package librubberband2:amd64.
shsh-check	Run pnpm exec playwright install --with-deps chromium firefox webkit	2026-09-18T07:30:25.4273780Z Preparing to unpack .../075-librubberband2_3.3.0+dfsg-2build1_amd64.deb ...
shsh-check	Run pnpm exec playwright install --with-deps chromium firefox webkit	2026-09-18T07:30:25.4283479Z Unpacking librubberband2:amd64 (3.3.0+dfsg-2build1) ...
shsh-check	Run pnpm exec playwright install --with-deps chromium firefox webkit	2026-09-18T07:30:25.4522184Z Selecting previously unselected package libswscale7:amd64.
shsh-check	Run pnpm exec playwright install --with-deps chromium firefox webkit	2026-09-18T07:30:25.4656557Z Preparing to unpack .../076-libswscale7_7%3a6.1.1-3ubuntu5_amd64.deb ...
shsh-check	Run pnpm exec playwright install --with-deps chromium firefox webkit	2026-09-18T07:30:25.4666632Z Unpacking libswscale7:amd64 (7:6.1.1-3ubuntu5) ...
shsh-check	Run pnpm exec playwright install --with-deps chromium firefox webkit	2026-09-18T07:30:25.4903863Z Selecting previously unselected package libvidstab1.1:amd64.
shsh-check	Run pnpm exec playwright install --with-deps chromium firefox webkit	2026-09-18T07:30:25.5036519Z Preparing to unpack .../077-libvidstab1.1_1.1.0-2build1_amd64.deb ...
shsh-check	Run pnpm exec playwright install --with-deps chromium firefox webkit	2026-09-18T07:30:25.5046630Z Unpacking libvidstab1.1:amd64 (1.1.0-2build1) ...
shsh-check	Run pnpm exec playwright install --with-deps chromium firefox webkit	2026-09-18T07:30:25.5268074Z Selecting previously unselected package libzimg2:amd64.
shsh-check	Run pnpm exec playwright install --with-deps chromium firefox webkit	2026-09-18T07:30:25.5398295Z Preparing to unpack .../078-libzimg2_3.0.5+ds1-1build1_amd64.deb ...
shsh-check	Run pnpm exec playwright install --with-deps chromium firefox webkit	2026-09-18T07:30:25.5407061Z Unpacking libzimg2:amd64 (3.0.5+ds1-1build1) ...
shsh-check	Run pnpm exec playwright install --with-deps chromium firefox webkit	2026-09-18T07:30:25.5657142Z Selecting previously unselected package libavfilter9:amd64.
shsh-check	Run pnpm exec playwright install --with-deps chromium firefox webkit	2026-09-18T07:30:25.5788692Z Preparing to unpack .../079-libavfilter9_7%3a6.1.1-3ubuntu5_amd64.deb ...
shsh-check	Run pnpm exec playwright install --with-deps chromium firefox webkit	2026-09-18T07:30:25.5796801Z Unpacking libavfilter9:amd64 (7:6.1.1-3ubuntu5) ...
shsh-check	Run pnpm exec playwright install --with-deps chromium firefox webkit	2026-09-18T07:30:25.6505583Z Selecting previously unselected package liborc-0.4-0t64:amd64.
shsh-check	Run pnpm exec playwright install --with-deps chromium firefox webkit	2026-09-18T07:30:25.6639190Z Preparing to unpack .../080-liborc-0.4-0t64_1%3a0.4.38-1ubuntu0.1_amd64.deb ...
shsh-check	Run pnpm exec playwright install --with-deps chromium firefox webkit	2026-09-18T07:30:25.6649662Z Unpacking liborc-0.4-0t64:amd64 (1:0.4.38-1ubuntu0.1) ...
shsh-check	Run pnpm exec playwright install --with-deps chromium firefox webkit	2026-09-18T07:30:25.6917645Z Selecting previously unselected package libgstreamer-plugins-base1.0-0:amd64.
shsh-check	Run pnpm exec playwright install --with-deps chromium firefox webkit	2026-09-18T07:30:25.7048489Z Preparing to unpack .../081-libgstreamer-plugins-base1.0-0_1.24.2-1ubuntu0.4_amd64.deb ...
shsh-check	Run pnpm exec playwright install --with-deps chromium firefox webkit	2026-09-18T07:30:25.7058273Z Unpacking libgstreamer-plugins-base1.0-0:amd64 (1.24.2-1ubuntu0.4) ...
shsh-check	Run pnpm exec playwright install --with-deps chromium firefox webkit	2026-09-18T07:30:25.7534039Z Selecting previously unselected package gstreamer1.0-libav:amd64.
shsh-check	Run pnpm exec playwright install --with-deps chromium firefox webkit	2026-09-18T07:30:25.7666560Z Preparing to unpack .../082-gstreamer1.0-libav_1.24.1-1build1_amd64.deb ...
shsh-check	Run pnpm exec playwright install --with-deps chromium firefox webkit	2026-09-18T07:30:25.7674231Z Unpacking gstreamer1.0-libav:amd64 (1.24.1-1build1) ...
shsh-check	Run pnpm exec playwright install --with-deps chromium firefox webkit	2026-09-18T07:30:25.7899726Z Selecting previously unselected package libcdparanoia0:amd64.
shsh-check	Run pnpm exec playwright install --with-deps chromium firefox webkit	2026-09-18T07:30:25.8030575Z Preparing to unpack .../083-libcdparanoia0_3.10.2+debian-14build3_amd64.deb ...
shsh-check	Run pnpm exec playwright install --with-deps chromium firefox webkit	2026-09-18T07:30:25.8038992Z Unpacking libcdparanoia0:amd64 (3.10.2+debian-14build3) ...
shsh-check	Run pnpm exec playwright install --with-deps chromium firefox webkit	2026-09-18T07:30:25.8266868Z Selecting previously unselected package libvisual-0.4-0:amd64.
shsh-check	Run pnpm exec playwright install --with-deps chromium firefox webkit	2026-09-18T07:30:25.8401805Z Preparing to unpack .../084-libvisual-0.4-0_0.4.2-2build1_amd64.deb ...
shsh-check	Run pnpm exec playwright install --with-deps chromium firefox webkit	2026-09-18T07:30:25.8410744Z Unpacking libvisual-0.4-0:amd64 (0.4.2-2build1) ...
shsh-check	Run pnpm exec playwright install --with-deps chromium firefox webkit	2026-09-18T07:30:25.8646139Z Selecting previously unselected package gstreamer1.0-plugins-base:amd64.
shsh-check	Run pnpm exec playwright install --with-deps chromium firefox webkit	2026-09-18T07:30:25.8776021Z Preparing to unpack .../085-gstreamer1.0-plugins-base_1.24.2-1ubuntu0.4_amd64.deb ...
shsh-check	Run pnpm exec playwright install --with-deps chromium firefox webkit	2026-09-18T07:30:25.8785862Z Unpacking gstreamer1.0-plugins-base:amd64 (1.24.2-1ubuntu0.4) ...
shsh-check	Run pnpm exec playwright install --with-deps chromium firefox webkit	2026-09-18T07:30:25.9129304Z Selecting previously unselected package libaa1:amd64.
shsh-check	Run pnpm exec playwright install --with-deps chromium firefox webkit	2026-09-18T07:30:25.9260521Z Preparing to unpack .../086-libaa1_1.4p5-51.1_amd64.deb ...
shsh-check	Run pnpm exec playwright install --with-deps chromium firefox webkit	2026-09-18T07:30:25.9269568Z Unpacking libaa1:amd64 (1.4p5-51.1) ...
shsh-check	Run pnpm exec playwright install --with-deps chromium firefox webkit	2026-09-18T07:30:25.9493799Z Selecting previously unselected package libraw1394-11:amd64.
shsh-check	Run pnpm exec playwright install --with-deps chromium firefox webkit	2026-09-18T07:30:25.9624266Z Preparing to unpack .../087-libraw1394-11_2.1.2-2build3_amd64.deb ...
shsh-check	Run pnpm exec playwright install --with-deps chromium firefox webkit	2026-09-18T07:30:25.9634227Z Unpacking libraw1394-11:amd64 (2.1.2-2build3) ...
shsh-check	Run pnpm exec playwright install --with-deps chromium firefox webkit	2026-09-18T07:30:25.9860524Z Selecting previously unselected package libavc1394-0:amd64.
shsh-check	Run pnpm exec playwright install --with-deps chromium firefox webkit	2026-09-18T07:30:25.9996305Z Preparing to unpack .../088-libavc1394-0_0.5.4-5build3_amd64.deb ...
shsh-check	Run pnpm exec playwright install --with-deps chromium firefox webkit	2026-09-18T07:30:26.0005549Z Unpacking libavc1394-0:amd64 (0.5.4-5build3) ...
shsh-check	Run pnpm exec playwright install --with-deps chromium firefox webkit	2026-09-18T07:30:26.0231481Z Selecting previously unselected package libcaca0:amd64.
shsh-check	Run pnpm exec playwright install --with-deps chromium firefox webkit	2026-09-18T07:30:26.0363987Z Preparing to unpack .../089-libcaca0_0.99.beta20-4ubuntu0.2_amd64.deb ...
shsh-check	Run pnpm exec playwright install --with-deps chromium firefox webkit	2026-09-18T07:30:26.0372695Z Unpacking libcaca0:amd64 (0.99.beta20-4ubuntu0.2) ...
shsh-check	Run pnpm exec playwright install --with-deps chromium firefox webkit	2026-09-18T07:30:26.0688508Z Selecting previously unselected package libdv4t64:amd64.
shsh-check	Run pnpm exec playwright install --with-deps chromium firefox webkit	2026-09-18T07:30:26.0826001Z Preparing to unpack .../090-libdv4t64_1.0.0-17.1build1_amd64.deb ...
shsh-check	Run pnpm exec playwright install --with-deps chromium firefox webkit	2026-09-18T07:30:26.0836640Z Unpacking libdv4t64:amd64 (1.0.0-17.1build1) ...
shsh-check	Run pnpm exec playwright install --with-deps chromium firefox webkit	2026-09-18T07:30:26.1085760Z Selecting previously unselected package libgstreamer-plugins-good1.0-0:amd64.
shsh-check	Run pnpm exec playwright install --with-deps chromium firefox webkit	2026-09-18T07:30:26.1219999Z Preparing to unpack .../091-libgstreamer-plugins-good1.0-0_1.24.2-1ubuntu1.6_amd64.deb ...
shsh-check	Run pnpm exec playwright install --with-deps chromium firefox webkit	2026-09-18T07:30:26.1228417Z Unpacking libgstreamer-plugins-good1.0-0:amd64 (1.24.2-1ubuntu1.6) ...
shsh-check	Run pnpm exec playwright install --with-deps chromium firefox webkit	2026-09-18T07:30:26.1469454Z Selecting previously unselected package libiec61883-0:amd64.
shsh-check	Run pnpm exec playwright install --with-deps chromium firefox webkit	2026-09-18T07:30:26.1603960Z Preparing to unpack .../092-libiec61883-0_1.2.0-6build1_amd64.deb ...
shsh-check	Run pnpm exec playwright install --with-deps chromium firefox webkit	2026-09-18T07:30:26.1634250Z Unpacking libiec61883-0:amd64 (1.2.0-6build1) ...
shsh-check	Run pnpm exec playwright install --with-deps chromium firefox webkit	2026-09-18T07:30:26.1859252Z Selecting previously unselected package libshout3:amd64.
shsh-check	Run pnpm exec playwright install --with-deps chromium firefox webkit	2026-09-18T07:30:26.1993516Z Preparing to unpack .../093-libshout3_2.4.6-1build2_amd64.deb ...
shsh-check	Run pnpm exec playwright install --with-deps chromium firefox webkit	2026-09-18T07:30:26.2003106Z Unpacking libshout3:amd64 (2.4.6-1build2) ...
shsh-check	Run pnpm exec playwright install --with-deps chromium firefox webkit	2026-09-18T07:30:26.2235227Z Selecting previously unselected package libtag1v5-vanilla:amd64.
shsh-check	Run pnpm exec playwright install --with-deps chromium firefox webkit	2026-09-18T07:30:26.2370355Z Preparing to unpack .../094-libtag1v5-vanilla_1.13.1-1build1_amd64.deb ...
shsh-check	Run pnpm exec playwright install --with-deps chromium firefox webkit	2026-09-18T07:30:26.2381018Z Unpacking libtag1v5-vanilla:amd64 (1.13.1-1build1) ...
shsh-check	Run pnpm exec playwright install --with-deps chromium firefox webkit	2026-09-18T07:30:26.2629488Z Selecting previously unselected package libtag1v5:amd64.
shsh-check	Run pnpm exec playwright install --with-deps chromium firefox webkit	2026-09-18T07:30:26.2763618Z Preparing to unpack .../095-libtag1v5_1.13.1-1build1_amd64.deb ...
shsh-check	Run pnpm exec playwright install --with-deps chromium firefox webkit	2026-09-18T07:30:26.2773409Z Unpacking libtag1v5:amd64 (1.13.1-1build1) ...
shsh-check	Run pnpm exec playwright install --with-deps chromium firefox webkit	2026-09-18T07:30:26.2988932Z Selecting previously unselected package libv4lconvert0t64:amd64.
shsh-check	Run pnpm exec playwright install --with-deps chromium firefox webkit	2026-09-18T07:30:26.3121900Z Preparing to unpack .../096-libv4lconvert0t64_1.26.1-4build3_amd64.deb ...
shsh-check	Run pnpm exec playwright install --with-deps chromium firefox webkit	2026-09-18T07:30:26.3130955Z Unpacking libv4lconvert0t64:amd64 (1.26.1-4build3) ...
shsh-check	Run pnpm exec playwright install --with-deps chromium firefox webkit	2026-09-18T07:30:26.3372362Z Selecting previously unselected package libv4l-0t64:amd64.
shsh-check	Run pnpm exec playwright install --with-deps chromium firefox webkit	2026-09-18T07:30:26.3505120Z Preparing to unpack .../097-libv4l-0t64_1.26.1-4build3_amd64.deb ...
shsh-check	Run pnpm exec playwright install --with-deps chromium firefox webkit	2026-09-18T07:30:26.3514259Z Unpacking libv4l-0t64:amd64 (1.26.1-4build3) ...
shsh-check	Run pnpm exec playwright install --with-deps chromium firefox webkit	2026-09-18T07:30:26.3759704Z Selecting previously unselected package libwavpack1:amd64.
shsh-check	Run pnpm exec playwright install --with-deps chromium firefox webkit	2026-09-18T07:30:26.3894712Z Preparing to unpack .../098-libwavpack1_5.6.0-1build1_amd64.deb ...
shsh-check	Run pnpm exec playwright install --with-deps chromium firefox webkit	2026-09-18T07:30:26.3904569Z Unpacking libwavpack1:amd64 (5.6.0-1build1) ...
shsh-check	Run pnpm exec playwright install --with-deps chromium firefox webkit	2026-09-18T07:30:26.4132538Z Selecting previously unselected package libsoup-3.0-common.
shsh-check	Run pnpm exec playwright install --with-deps chromium firefox webkit	2026-09-18T07:30:26.4268867Z Preparing to unpack .../099-libsoup-3.0-common_3.4.4-5ubuntu0.8_all.deb ...
shsh-check	Run pnpm exec playwright install --with-deps chromium firefox webkit	2026-09-18T07:30:26.4279712Z Unpacking libsoup-3.0-common (3.4.4-5ubuntu0.8) ...
shsh-check	Run pnpm exec playwright install --with-deps chromium firefox webkit	2026-09-18T07:30:26.4497877Z Selecting previously unselected package libsoup-3.0-0:amd64.
shsh-check	Run pnpm exec playwright install --with-deps chromium firefox webkit	2026-09-18T07:30:26.4633291Z Preparing to unpack .../100-libsoup-3.0-0_3.4.4-5ubuntu0.8_amd64.deb ...
shsh-check	Run pnpm exec playwright install --with-deps chromium firefox webkit	2026-09-18T07:30:26.4644040Z Unpacking libsoup-3.0-0:amd64 (3.4.4-5ubuntu0.8) ...
shsh-check	Run pnpm exec playwright install --with-deps chromium firefox webkit	2026-09-18T07:30:26.4894343Z Selecting previously unselected package gstreamer1.0-plugins-good:amd64.
shsh-check	Run pnpm exec playwright install --with-deps chromium firefox webkit	2026-09-18T07:30:26.5027397Z Preparing to unpack .../101-gstreamer1.0-plugins-good_1.24.2-1ubuntu1.6_amd64.deb ...
shsh-check	Run pnpm exec playwright install --with-deps chromium firefox webkit	2026-09-18T07:30:26.5036550Z Unpacking gstreamer1.0-plugins-good:amd64 (1.24.2-1ubuntu1.6) ...
shsh-check	Run pnpm exec playwright install --with-deps chromium firefox webkit	2026-09-18T07:30:26.5628239Z Selecting previously unselected package libabsl20220623t64:amd64.
shsh-check	Run pnpm exec playwright install --with-deps chromium firefox webkit	2026-09-18T07:30:26.5764256Z Preparing to unpack .../102-libabsl20220623t64_20220623.1-3.1ubuntu3.2_amd64.deb ...
shsh-check	Run pnpm exec playwright install --with-deps chromium firefox webkit	2026-09-18T07:30:26.5773697Z Unpacking libabsl20220623t64:amd64 (20220623.1-3.1ubuntu3.2) ...
shsh-check	Run pnpm exec playwright install --with-deps chromium firefox webkit	2026-09-18T07:30:26.6232662Z Selecting previously unselected package libgav1-1:amd64.
shsh-check	Run pnpm exec playwright install --with-deps chromium firefox webkit	2026-09-18T07:30:26.6367228Z Preparing to unpack .../103-libgav1-1_0.18.0-1build3_amd64.deb ...
shsh-check	Run pnpm exec playwright install --with-deps chromium firefox webkit	2026-09-18T07:30:26.6376757Z Unpacking libgav1-1:amd64 (0.18.0-1build3) ...
shsh-check	Run pnpm exec playwright install --with-deps chromium firefox webkit	2026-09-18T07:30:26.6633119Z Selecting previously unselected package libyuv0:amd64.
shsh-check	Run pnpm exec playwright install --with-deps chromium firefox webkit	2026-09-18T07:30:26.6765891Z Preparing to unpack .../104-libyuv0_0.0~git202401110.af6ac82-1_amd64.deb ...
shsh-check	Run pnpm exec playwright install --with-deps chromium firefox webkit	2026-09-18T07:30:26.6774774Z Unpacking libyuv0:amd64 (0.0~git202401110.af6ac82-1) ...
shsh-check	Run pnpm exec playwright install --with-deps chromium firefox webkit	2026-09-18T07:30:26.7015570Z Selecting previously unselected package libavif16:amd64.
shsh-check	Run pnpm exec playwright install --with-deps chromium firefox webkit	2026-09-18T07:30:26.7148576Z Preparing to unpack .../105-libavif16_1.0.4-1ubuntu3_amd64.deb ...
shsh-check	Run pnpm exec playwright install --with-deps chromium firefox webkit	2026-09-18T07:30:26.7158146Z Unpacking libavif16:amd64 (1.0.4-1ubuntu3) ...
shsh-check	Run pnpm exec playwright install --with-deps chromium firefox webkit	2026-09-18T07:30:26.7385098Z Selecting previously unselected package libavtp0:amd64.
shsh-check	Run pnpm exec playwright install --with-deps chromium firefox webkit	2026-09-18T07:30:26.7517056Z Preparing to unpack .../106-libavtp0_0.2.0-1build1_amd64.deb ...
shsh-check	Run pnpm exec playwright install --with-deps chromium firefox webkit	2026-09-18T07:30:26.7526232Z Unpacking libavtp0:amd64 (0.2.0-1build1) ...
shsh-check	Run pnpm exec playwright install --with-deps chromium firefox webkit	2026-09-18T07:30:26.7746630Z Selecting previously unselected package libcairo-script-interpreter2:amd64.
shsh-check	Run pnpm exec playwright install --with-deps chromium firefox webkit	2026-09-18T07:30:26.7879264Z Preparing to unpack .../107-libcairo-script-interpreter2_1.18.0-3build1_amd64.deb ...
shsh-check	Run pnpm exec playwright install --with-deps chromium firefox webkit	2026-09-18T07:30:26.7888253Z Unpacking libcairo-script-interpreter2:amd64 (1.18.0-3build1) ...
shsh-check	Run pnpm exec playwright install --with-deps chromium firefox webkit	2026-09-18T07:30:26.8112807Z Selecting previously unselected package libdc1394-25:amd64.
shsh-check	Run pnpm exec playwright install --with-deps chromium firefox webkit	2026-09-18T07:30:26.8249924Z Preparing to unpack .../108-libdc1394-25_2.2.6-4build1_amd64.deb ...
shsh-check	Run pnpm exec playwright install --with-deps chromium firefox webkit	2026-09-18T07:30:26.8259301Z Unpacking libdc1394-25:amd64 (2.2.6-4build1) ...
shsh-check	Run pnpm exec playwright install --with-deps chromium firefox webkit	2026-09-18T07:30:26.8492035Z Selecting previously unselected package libde265-0:amd64.
shsh-check	Run pnpm exec playwright install --with-deps chromium firefox webkit	2026-09-18T07:30:26.8625793Z Preparing to unpack .../109-libde265-0_1.0.15-1ubuntu0.1_amd64.deb ...
shsh-check	Run pnpm exec playwright install --with-deps chromium firefox webkit	2026-09-18T07:30:26.8635484Z Unpacking libde265-0:amd64 (1.0.15-1ubuntu0.1) ...
shsh-check	Run pnpm exec playwright install --with-deps chromium firefox webkit	2026-09-18T07:30:26.8873023Z Selecting previously unselected package libdecor-0-0:amd64.
shsh-check	Run pnpm exec playwright install --with-deps chromium firefox webkit	2026-09-18T07:30:26.9010549Z Preparing to unpack .../110-libdecor-0-0_0.2.2-1build2_amd64.deb ...
shsh-check	Run pnpm exec playwright install --with-deps chromium firefox webkit	2026-09-18T07:30:26.9020813Z Unpacking libdecor-0-0:amd64 (0.2.2-1build2) ...
shsh-check	Run pnpm exec playwright install --with-deps chromium firefox webkit	2026-09-18T07:30:26.9258926Z Selecting previously unselected package libgles2:amd64.
shsh-check	Run pnpm exec playwright install --with-deps chromium firefox webkit	2026-09-18T07:30:26.9395351Z Preparing to unpack .../111-libgles2_1.7.0-1build1_amd64.deb ...
shsh-check	Run pnpm exec playwright install --with-deps chromium firefox webkit	2026-09-18T07:30:26.9403662Z Unpacking libgles2:amd64 (1.7.0-1build1) ...
shsh-check	Run pnpm exec playwright install --with-deps chromium firefox webkit	2026-09-18T07:30:26.9628902Z Selecting previously unselected package libdirectfb-1.7-7t64:amd64.
shsh-check	Run pnpm exec playwright install --with-deps chromium firefox webkit	2026-09-18T07:30:26.9762023Z Preparing to unpack .../112-libdirectfb-1.7-7t64_1.7.7-11.1ubuntu2_amd64.deb ...
shsh-check	Run pnpm exec playwright install --with-deps chromium firefox webkit	2026-09-18T07:30:26.9771538Z Unpacking libdirectfb-1.7-7t64:amd64 (1.7.7-11.1ubuntu2) ...
shsh-check	Run pnpm exec playwright install --with-deps chromium firefox webkit	2026-09-18T07:30:27.0212633Z Selecting previously unselected package libdvdread8t64:amd64.
shsh-check	Run pnpm exec playwright install --with-deps chromium firefox webkit	2026-09-18T07:30:27.0346904Z Preparing to unpack .../113-libdvdread8t64_6.1.3-1.1build1_amd64.deb ...
shsh-check	Run pnpm exec playwright install --with-deps chromium firefox webkit	2026-09-18T07:30:27.0357416Z Unpacking libdvdread8t64:amd64 (6.1.3-1.1build1) ...
shsh-check	Run pnpm exec playwright install --with-deps chromium firefox webkit	2026-09-18T07:30:27.0632839Z Selecting previously unselected package libdvdnav4:amd64.
shsh-check	Run pnpm exec playwright install --with-deps chromium firefox webkit	2026-09-18T07:30:27.0769055Z Preparing to unpack .../114-libdvdnav4_6.1.1-3build1_amd64.deb ...
shsh-check	Run pnpm exec playwright install --with-deps chromium firefox webkit	2026-09-18T07:30:27.0780924Z Unpacking libdvdnav4:amd64 (6.1.1-3build1) ...
shsh-check	Run pnpm exec playwright install --with-deps chromium firefox webkit	2026-09-18T07:30:27.1029455Z Selecting previously unselected package libegl-mesa0:amd64.
shsh-check	Run pnpm exec playwright install --with-deps chromium firefox webkit	2026-09-18T07:30:27.1168791Z Preparing to unpack .../115-libegl-mesa0_25.2.8-0ubuntu0.24.04.2_amd64.deb ...
shsh-check	Run pnpm exec playwright install --with-deps chromium firefox webkit	2026-09-18T07:30:27.1177947Z Unpacking libegl-mesa0:amd64 (25.2.8-0ubuntu0.24.04.2) ...
shsh-check	Run pnpm exec playwright install --with-deps chromium firefox webkit	2026-09-18T07:30:27.1428877Z Selecting previously unselected package libevent-2.1-7t64:amd64.
shsh-check	Run pnpm exec playwright install --with-deps chromium firefox webkit	2026-09-18T07:30:27.1567561Z Preparing to unpack .../116-libevent-2.1-7t64_2.1.12-stable-9ubuntu2.1_amd64.deb ...
shsh-check	Run pnpm exec playwright install --with-deps chromium firefox webkit	2026-09-18T07:30:27.1577568Z Unpacking libevent-2.1-7t64:amd64 (2.1.12-stable-9ubuntu2.1) ...
shsh-check	Run pnpm exec playwright install --with-deps chromium firefox webkit	2026-09-18T07:30:27.1816528Z Selecting previously unselected package libfaad2:amd64.
shsh-check	Run pnpm exec playwright install --with-deps chromium firefox webkit	2026-09-18T07:30:27.1949460Z Preparing to unpack .../117-libfaad2_2.11.1-1build1_amd64.deb ...
shsh-check	Run pnpm exec playwright install --with-deps chromium firefox webkit	2026-09-18T07:30:27.1958708Z Unpacking libfaad2:amd64 (2.11.1-1build1) ...
shsh-check	Run pnpm exec playwright install --with-deps chromium firefox webkit	2026-09-18T07:30:27.2204972Z Selecting previously unselected package libinstpatch-1.0-2:amd64.
shsh-check	Run pnpm exec playwright install --with-deps chromium firefox webkit	2026-09-18T07:30:27.2342637Z Preparing to unpack .../118-libinstpatch-1.0-2_1.1.6-1build2_amd64.deb ...
shsh-check	Run pnpm exec playwright install --with-deps chromium firefox webkit	2026-09-18T07:30:27.2351199Z Unpacking libinstpatch-1.0-2:amd64 (1.1.6-1build2) ...
shsh-check	Run pnpm exec playwright install --with-deps chromium firefox webkit	2026-09-18T07:30:27.2604055Z Selecting previously unselected package libjack-jackd2-0:amd64.
shsh-check	Run pnpm exec playwright install --with-deps chromium firefox webkit	2026-09-18T07:30:27.2739651Z Preparing to unpack .../119-libjack-jackd2-0_1.9.21~dfsg-3ubuntu3_amd64.deb ...
shsh-check	Run pnpm exec playwright install --with-deps chromium firefox webkit	2026-09-18T07:30:27.2748504Z Unpacking libjack-jackd2-0:amd64 (1.9.21~dfsg-3ubuntu3) ...
shsh-check	Run pnpm exec playwright install --with-deps chromium firefox webkit	2026-09-18T07:30:27.3020294Z Selecting previously unselected package libwebrtc-audio-processing1:amd64.
shsh-check	Run pnpm exec playwright install --with-deps chromium firefox webkit	2026-09-18T07:30:27.3151741Z Preparing to unpack .../120-libwebrtc-audio-processing1_0.3.1-0ubuntu6_amd64.deb ...
shsh-check	Run pnpm exec playwright install --with-deps chromium firefox webkit	2026-09-18T07:30:27.3162376Z Unpacking libwebrtc-audio-processing1:amd64 (0.3.1-0ubuntu6) ...
shsh-check	Run pnpm exec playwright install --with-deps chromium firefox webkit	2026-09-18T07:30:27.3402843Z Selecting previously unselected package libspa-0.2-modules:amd64.
shsh-check	Run pnpm exec playwright install --with-deps chromium firefox webkit	2026-09-18T07:30:27.3533246Z Preparing to unpack .../121-libspa-0.2-modules_1.0.5-1ubuntu3.3_amd64.deb ...
shsh-check	Run pnpm exec playwright install --with-deps chromium firefox webkit	2026-09-18T07:30:27.3541940Z Unpacking libspa-0.2-modules:amd64 (1.0.5-1ubuntu3.3) ...
shsh-check	Run pnpm exec playwright install --with-deps chromium firefox webkit	2026-09-18T07:30:27.3881072Z Selecting previously unselected package libpipewire-0.3-0t64:amd64.
shsh-check	Run pnpm exec playwright install --with-deps chromium firefox webkit	2026-09-18T07:30:27.4014484Z Preparing to unpack .../122-libpipewire-0.3-0t64_1.0.5-1ubuntu3.3_amd64.deb ...
shsh-check	Run pnpm exec playwright install --with-deps chromium firefox webkit	2026-09-18T07:30:27.4023868Z Unpacking libpipewire-0.3-0t64:amd64 (1.0.5-1ubuntu3.3) ...
shsh-check	Run pnpm exec playwright install --with-deps chromium firefox webkit	2026-09-18T07:30:27.4288118Z Selecting previously unselected package libsdl2-2.0-0:amd64.
shsh-check	Run pnpm exec playwright install --with-deps chromium firefox webkit	2026-09-18T07:30:27.4420013Z Preparing to unpack .../123-libsdl2-2.0-0_2.30.0+dfsg-1ubuntu3.1_amd64.deb ...
shsh-check	Run pnpm exec playwright install --with-deps chromium firefox webkit	2026-09-18T07:30:27.4429273Z Unpacking libsdl2-2.0-0:amd64 (2.30.0+dfsg-1ubuntu3.1) ...
shsh-check	Run pnpm exec playwright install --with-deps chromium firefox webkit	2026-09-18T07:30:27.4735068Z Selecting previously unselected package timgm6mb-soundfont.
shsh-check	Run pnpm exec playwright install --with-deps chromium firefox webkit	2026-09-18T07:30:27.4870758Z Preparing to unpack .../124-timgm6mb-soundfont_1.3-5_all.deb ...
shsh-check	Run pnpm exec playwright install --with-deps chromium firefox webkit	2026-09-18T07:30:27.4880193Z Unpacking timgm6mb-soundfont (1.3-5) ...
shsh-check	Run pnpm exec playwright install --with-deps chromium firefox webkit	2026-09-18T07:30:27.8290529Z Selecting previously unselected package libfluidsynth3:amd64.
shsh-check	Run pnpm exec playwright install --with-deps chromium firefox webkit	2026-09-18T07:30:27.8425329Z Preparing to unpack .../125-libfluidsynth3_2.3.4-1build3_amd64.deb ...
shsh-check	Run pnpm exec playwright install --with-deps chromium firefox webkit	2026-09-18T07:30:27.8434813Z Unpacking libfluidsynth3:amd64 (2.3.4-1build3) ...
shsh-check	Run pnpm exec playwright install --with-deps chromium firefox webkit	2026-09-18T07:30:27.8691656Z Selecting previously unselected package libfreeaptx0:amd64.
shsh-check	Run pnpm exec playwright install --with-deps chromium firefox webkit	2026-09-18T07:30:27.8827498Z Preparing to unpack .../126-libfreeaptx0_0.1.1-2build1_amd64.deb ...
shsh-check	Run pnpm exec playwright install --with-deps chromium firefox webkit	2026-09-18T07:30:27.8836821Z Unpacking libfreeaptx0:amd64 (0.1.1-2build1) ...
shsh-check	Run pnpm exec playwright install --with-deps chromium firefox webkit	2026-09-18T07:30:27.9065967Z Selecting previously unselected package libgraphene-1.0-0:amd64.
shsh-check	Run pnpm exec playwright install --with-deps chromium firefox webkit	2026-09-18T07:30:27.9199585Z Preparing to unpack .../127-libgraphene-1.0-0_1.10.8-3build2_amd64.deb ...
shsh-check	Run pnpm exec playwright install --with-deps chromium firefox webkit	2026-09-18T07:30:27.9207748Z Unpacking libgraphene-1.0-0:amd64 (1.10.8-3build2) ...
shsh-check	Run pnpm exec playwright install --with-deps chromium firefox webkit	2026-09-18T07:30:27.9437202Z Selecting previously unselected package libgssdp-1.6-0:amd64.
shsh-check	Run pnpm exec playwright install --with-deps chromium firefox webkit	2026-09-18T07:30:27.9570529Z Preparing to unpack .../128-libgssdp-1.6-0_1.6.3-1build3_amd64.deb ...
shsh-check	Run pnpm exec playwright install --with-deps chromium firefox webkit	2026-09-18T07:30:27.9579156Z Unpacking libgssdp-1.6-0:amd64 (1.6.3-1build3) ...
shsh-check	Run pnpm exec playwright install --with-deps chromium firefox webkit	2026-09-18T07:30:27.9812101Z Selecting previously unselected package libegl1:amd64.
shsh-check	Run pnpm exec playwright install --with-deps chromium firefox webkit	2026-09-18T07:30:27.9945898Z Preparing to unpack .../129-libegl1_1.7.0-1build1_amd64.deb ...
shsh-check	Run pnpm exec playwright install --with-deps chromium firefox webkit	2026-09-18T07:30:27.9954961Z Unpacking libegl1:amd64 (1.7.0-1build1) ...
shsh-check	Run pnpm exec playwright install --with-deps chromium firefox webkit	2026-09-18T07:30:28.0195953Z Selecting previously unselected package libgstreamer-gl1.0-0:amd64.
shsh-check	Run pnpm exec playwright install --with-deps chromium firefox webkit	2026-09-18T07:30:28.0331823Z Preparing to unpack .../130-libgstreamer-gl1.0-0_1.24.2-1ubuntu0.4_amd64.deb ...
shsh-check	Run pnpm exec playwright install --with-deps chromium firefox webkit	2026-09-18T07:30:28.0348259Z Unpacking libgstreamer-gl1.0-0:amd64 (1.24.2-1ubuntu0.4) ...
shsh-check	Run pnpm exec playwright install --with-deps chromium firefox webkit	2026-09-18T07:30:28.0600517Z Selecting previously unselected package libgtk-4-common.
shsh-check	Run pnpm exec playwright install --with-deps chromium firefox webkit	2026-09-18T07:30:28.0738789Z Preparing to unpack .../131-libgtk-4-common_4.14.5+ds-0ubuntu0.10_all.deb ...
shsh-check	Run pnpm exec playwright install --with-deps chromium firefox webkit	2026-09-18T07:30:28.0748387Z Unpacking libgtk-4-common (4.14.5+ds-0ubuntu0.10) ...
shsh-check	Run pnpm exec playwright install --with-deps chromium firefox webkit	2026-09-18T07:30:28.1291004Z Selecting previously unselected package libgtk-4-1:amd64.
shsh-check	Run pnpm exec playwright install --with-deps chromium firefox webkit	2026-09-18T07:30:28.1430550Z Preparing to unpack .../132-libgtk-4-1_4.14.5+ds-0ubuntu0.10_amd64.deb ...
shsh-check	Run pnpm exec playwright install --with-deps chromium firefox webkit	2026-09-18T07:30:28.1456548Z Unpacking libgtk-4-1:amd64 (4.14.5+ds-0ubuntu0.10) ...
shsh-check	Run pnpm exec playwright install --with-deps chromium firefox webkit	2026-09-18T07:30:28.2137330Z Selecting previously unselected package libgupnp-1.6-0:amd64.
shsh-check	Run pnpm exec playwright install --with-deps chromium firefox webkit	2026-09-18T07:30:28.2273284Z Preparing to unpack .../133-libgupnp-1.6-0_1.6.6-1build3_amd64.deb ...
shsh-check	Run pnpm exec playwright install --with-deps chromium firefox webkit	2026-09-18T07:30:28.2282539Z Unpacking libgupnp-1.6-0:amd64 (1.6.6-1build3) ...
shsh-check	Run pnpm exec playwright install --with-deps chromium firefox webkit	2026-09-18T07:30:28.2525974Z Selecting previously unselected package libgupnp-igd-1.6-0:amd64.
shsh-check	Run pnpm exec playwright install --with-deps chromium firefox webkit	2026-09-18T07:30:28.2661918Z Preparing to unpack .../134-libgupnp-igd-1.6-0_1.6.0-3build3_amd64.deb ...
shsh-check	Run pnpm exec playwright install --with-deps chromium firefox webkit	2026-09-18T07:30:28.2670890Z Unpacking libgupnp-igd-1.6-0:amd64 (1.6.0-3build3) ...
shsh-check	Run pnpm exec playwright install --with-deps chromium firefox webkit	2026-09-18T07:30:28.2904790Z Selecting previously unselected package libharfbuzz-icu0:amd64.
shsh-check	Run pnpm exec playwright install --with-deps chromium firefox webkit	2026-09-18T07:30:28.3042715Z Preparing to unpack .../135-libharfbuzz-icu0_8.3.0-2build2_amd64.deb ...
shsh-check	Run pnpm exec playwright install --with-deps chromium firefox webkit	2026-09-18T07:30:28.3054758Z Unpacking libharfbuzz-icu0:amd64 (8.3.0-2build2) ...
shsh-check	Run pnpm exec playwright install --with-deps chromium firefox webkit	2026-09-18T07:30:28.3282695Z Selecting previously unselected package libhyphen0:amd64.
shsh-check	Run pnpm exec playwright install --with-deps chromium firefox webkit	2026-09-18T07:30:28.3419133Z Preparing to unpack .../136-libhyphen0_2.8.8-7build3_amd64.deb ...
shsh-check	Run pnpm exec playwright install --with-deps chromium firefox webkit	2026-09-18T07:30:28.3428311Z Unpacking libhyphen0:amd64 (2.8.8-7build3) ...
shsh-check	Run pnpm exec playwright install --with-deps chromium firefox webkit	2026-09-18T07:30:28.3669323Z Selecting previously unselected package libimath-3-1-29t64:amd64.
shsh-check	Run pnpm exec playwright install --with-deps chromium firefox webkit	2026-09-18T07:30:28.3807738Z Preparing to unpack .../137-libimath-3-1-29t64_3.1.9-3.1ubuntu2_amd64.deb ...
shsh-check	Run pnpm exec playwright install --with-deps chromium firefox webkit	2026-09-18T07:30:28.3816794Z Unpacking libimath-3-1-29t64:amd64 (3.1.9-3.1ubuntu2) ...
shsh-check	Run pnpm exec playwright install --with-deps chromium firefox webkit	2026-09-18T07:30:28.4058063Z Selecting previously unselected package liblc3-1:amd64.
shsh-check	Run pnpm exec playwright install --with-deps chromium firefox webkit	2026-09-18T07:30:28.4193060Z Preparing to unpack .../138-liblc3-1_1.0.4-3build1_amd64.deb ...
shsh-check	Run pnpm exec playwright install --with-deps chromium firefox webkit	2026-09-18T07:30:28.4203787Z Unpacking liblc3-1:amd64 (1.0.4-3build1) ...
shsh-check	Run pnpm exec playwright install --with-deps chromium firefox webkit	2026-09-18T07:30:28.4434632Z Selecting previously unselected package libldacbt-enc2:amd64.
shsh-check	Run pnpm exec playwright install --with-deps chromium firefox webkit	2026-09-18T07:30:28.4567253Z Preparing to unpack .../139-libldacbt-enc2_2.0.2.3+git20200429+ed310a0-4ubuntu2_amd64.deb ...
shsh-check	Run pnpm exec playwright install --with-deps chromium firefox webkit	2026-09-18T07:30:28.4580430Z Unpacking libldacbt-enc2:amd64 (2.0.2.3+git20200429+ed310a0-4ubuntu2) ...
shsh-check	Run pnpm exec playwright install --with-deps chromium firefox webkit	2026-09-18T07:30:28.4808424Z Selecting previously unselected package libraptor2-0:amd64.
shsh-check	Run pnpm exec playwright install --with-deps chromium firefox webkit	2026-09-18T07:30:28.4943042Z Preparing to unpack .../140-libraptor2-0_2.0.16-3ubuntu0.1_amd64.deb ...
shsh-check	Run pnpm exec playwright install --with-deps chromium firefox webkit	2026-09-18T07:30:28.4952121Z Unpacking libraptor2-0:amd64 (2.0.16-3ubuntu0.1) ...
shsh-check	Run pnpm exec playwright install --with-deps chromium firefox webkit	2026-09-18T07:30:28.5195065Z Selecting previously unselected package liblrdf0:amd64.
shsh-check	Run pnpm exec playwright install --with-deps chromium firefox webkit	2026-09-18T07:30:28.5330703Z Preparing to unpack .../141-liblrdf0_0.6.1-4build1_amd64.deb ...
shsh-check	Run pnpm exec playwright install --with-deps chromium firefox webkit	2026-09-18T07:30:28.5339800Z Unpacking liblrdf0:amd64 (0.6.1-4build1) ...
shsh-check	Run pnpm exec playwright install --with-deps chromium firefox webkit	2026-09-18T07:30:28.5573482Z Selecting previously unselected package libltc11:amd64.
shsh-check	Run pnpm exec playwright install --with-deps chromium firefox webkit	2026-09-18T07:30:28.5708799Z Preparing to unpack .../142-libltc11_1.3.2-1build1_amd64.deb ...
shsh-check	Run pnpm exec playwright install --with-deps chromium firefox webkit	2026-09-18T07:30:28.5719351Z Unpacking libltc11:amd64 (1.3.2-1build1) ...
shsh-check	Run pnpm exec playwright install --with-deps chromium firefox webkit	2026-09-18T07:30:28.5942588Z Selecting previously unselected package libmanette-0.2-0:amd64.
shsh-check	Run pnpm exec playwright install --with-deps chromium firefox webkit	2026-09-18T07:30:28.6077052Z Preparing to unpack .../143-libmanette-0.2-0_0.2.7-1build2_amd64.deb ...
shsh-check	Run pnpm exec playwright install --with-deps chromium firefox webkit	2026-09-18T07:30:28.6087697Z Unpacking libmanette-0.2-0:amd64 (0.2.7-1build2) ...
shsh-check	Run pnpm exec playwright install --with-deps chromium firefox webkit	2026-09-18T07:30:28.6314702Z Selecting previously unselected package libmfx1:amd64.
shsh-check	Run pnpm exec playwright install --with-deps chromium firefox webkit	2026-09-18T07:30:28.6449578Z Preparing to unpack .../144-libmfx1_22.5.4-1_amd64.deb ...
shsh-check	Run pnpm exec playwright install --with-deps chromium firefox webkit	2026-09-18T07:30:28.6460284Z Unpacking libmfx1:amd64 (22.5.4-1) ...
shsh-check	Run pnpm exec playwright install --with-deps chromium firefox webkit	2026-09-18T07:30:28.7462576Z Selecting previously unselected package libmjpegutils-2.1-0t64:amd64.
shsh-check	Run pnpm exec playwright install --with-deps chromium firefox webkit	2026-09-18T07:30:28.7599898Z Preparing to unpack .../145-libmjpegutils-2.1-0t64_1%3a2.1.0+debian-8.1build1_amd64.deb ...
shsh-check	Run pnpm exec playwright install --with-deps chromium firefox webkit	2026-09-18T07:30:28.7609121Z Unpacking libmjpegutils-2.1-0t64:amd64 (1:2.1.0+debian-8.1build1) ...
shsh-check	Run pnpm exec playwright install --with-deps chromium firefox webkit	2026-09-18T07:30:28.7840854Z Selecting previously unselected package libmodplug1:amd64.
shsh-check	Run pnpm exec playwright install --with-deps chromium firefox webkit	2026-09-18T07:30:28.7975418Z Preparing to unpack .../146-libmodplug1_1%3a0.8.9.0-3build1_amd64.deb ...
shsh-check	Run pnpm exec playwright install --with-deps chromium firefox webkit	2026-09-18T07:30:28.7984504Z Unpacking libmodplug1:amd64 (1:0.8.9.0-3build1) ...
shsh-check	Run pnpm exec playwright install --with-deps chromium firefox webkit	2026-09-18T07:30:28.8242407Z Selecting previously unselected package libmpcdec6:amd64.
shsh-check	Run pnpm exec playwright install --with-deps chromium firefox webkit	2026-09-18T07:30:28.8376222Z Preparing to unpack .../147-libmpcdec6_2%3a0.1~r495-2build1_amd64.deb ...
shsh-check	Run pnpm exec playwright install --with-deps chromium firefox webkit	2026-09-18T07:30:28.8387873Z Unpacking libmpcdec6:amd64 (2:0.1~r495-2build1) ...
shsh-check	Run pnpm exec playwright install --with-deps chromium firefox webkit	2026-09-18T07:30:28.8616837Z Selecting previously unselected package libmpeg2encpp-2.1-0t64:amd64.
shsh-check	Run pnpm exec playwright install --with-deps chromium firefox webkit	2026-09-18T07:30:28.8752472Z Preparing to unpack .../148-libmpeg2encpp-2.1-0t64_1%3a2.1.0+debian-8.1build1_amd64.deb ...
shsh-check	Run pnpm exec playwright install --with-deps chromium firefox webkit	2026-09-18T07:30:28.8764170Z Unpacking libmpeg2encpp-2.1-0t64:amd64 (1:2.1.0+debian-8.1build1) ...
shsh-check	Run pnpm exec playwright install --with-deps chromium firefox webkit	2026-09-18T07:30:28.9009148Z Selecting previously unselected package libmplex2-2.1-0t64:amd64.
shsh-check	Run pnpm exec playwright install --with-deps chromium firefox webkit	2026-09-18T07:30:28.9147921Z Preparing to unpack .../149-libmplex2-2.1-0t64_1%3a2.1.0+debian-8.1build1_amd64.deb ...
shsh-check	Run pnpm exec playwright install --with-deps chromium firefox webkit	2026-09-18T07:30:28.9156836Z Unpacking libmplex2-2.1-0t64:amd64 (1:2.1.0+debian-8.1build1) ...
shsh-check	Run pnpm exec playwright install --with-deps chromium firefox webkit	2026-09-18T07:30:28.9382828Z Selecting previously unselected package libneon27t64:amd64.
shsh-check	Run pnpm exec playwright install --with-deps chromium firefox webkit	2026-09-18T07:30:28.9518332Z Preparing to unpack .../150-libneon27t64_0.33.0-1.1build3_amd64.deb ...
shsh-check	Run pnpm exec playwright install --with-deps chromium firefox webkit	2026-09-18T07:30:28.9528877Z Unpacking libneon27t64:amd64 (0.33.0-1.1build3) ...
shsh-check	Run pnpm exec playwright install --with-deps chromium firefox webkit	2026-09-18T07:30:28.9772808Z Selecting previously unselected package libnice10:amd64.
shsh-check	Run pnpm exec playwright install --with-deps chromium firefox webkit	2026-09-18T07:30:28.9905511Z Preparing to unpack .../151-libnice10_0.1.21-2build3_amd64.deb ...
shsh-check	Run pnpm exec playwright install --with-deps chromium firefox webkit	2026-09-18T07:30:28.9914741Z Unpacking libnice10:amd64 (0.1.21-2build3) ...
shsh-check	Run pnpm exec playwright install --with-deps chromium firefox webkit	2026-09-18T07:30:29.0157611Z Selecting previously unselected package libopenal-data.
shsh-check	Run pnpm exec playwright install --with-deps chromium firefox webkit	2026-09-18T07:30:29.0301099Z Preparing to unpack .../152-libopenal-data_1%3a1.23.1-4build1_all.deb ...
shsh-check	Run pnpm exec playwright install --with-deps chromium firefox webkit	2026-09-18T07:30:29.0310308Z Unpacking libopenal-data (1:1.23.1-4build1) ...
shsh-check	Run pnpm exec playwright install --with-deps chromium firefox webkit	2026-09-18T07:30:29.0559429Z Selecting previously unselected package libopenexr-3-1-30:amd64.
shsh-check	Run pnpm exec playwright install --with-deps chromium firefox webkit	2026-09-18T07:30:29.0697627Z Preparing to unpack .../153-libopenexr-3-1-30_3.1.5-5.1build3_amd64.deb ...
shsh-check	Run pnpm exec playwright install --with-deps chromium firefox webkit	2026-09-18T07:30:29.0707911Z Unpacking libopenexr-3-1-30:amd64 (3.1.5-5.1build3) ...
shsh-check	Run pnpm exec playwright install --with-deps chromium firefox webkit	2026-09-18T07:30:29.1092411Z Selecting previously unselected package libopenh264-7:amd64.
shsh-check	Run pnpm exec playwright install --with-deps chromium firefox webkit	2026-09-18T07:30:29.1228215Z Preparing to unpack .../154-libopenh264-7_2.4.1+dfsg-1_amd64.deb ...
shsh-check	Run pnpm exec playwright install --with-deps chromium firefox webkit	2026-09-18T07:30:29.1237820Z Unpacking libopenh264-7:amd64 (2.4.1+dfsg-1) ...
shsh-check	Run pnpm exec playwright install --with-deps chromium firefox webkit	2026-09-18T07:30:29.1551046Z Selecting previously unselected package libopenni2-0:amd64.
shsh-check	Run pnpm exec playwright install --with-deps chromium firefox webkit	2026-09-18T07:30:29.1688445Z Preparing to unpack .../155-libopenni2-0_2.2.0.33+dfsg-18_amd64.deb ...
shsh-check	Run pnpm exec playwright install --with-deps chromium firefox webkit	2026-09-18T07:30:29.1729800Z Unpacking libopenni2-0:amd64 (2.2.0.33+dfsg-18) ...
shsh-check	Run pnpm exec playwright install --with-deps chromium firefox webkit	2026-09-18T07:30:29.2032880Z Selecting previously unselected package libqrencode4:amd64.
shsh-check	Run pnpm exec playwright install --with-deps chromium firefox webkit	2026-09-18T07:30:29.2168533Z Preparing to unpack .../156-libqrencode4_4.1.1-1build2_amd64.deb ...
shsh-check	Run pnpm exec playwright install --with-deps chromium firefox webkit	2026-09-18T07:30:29.2178693Z Unpacking libqrencode4:amd64 (4.1.1-1build2) ...
shsh-check	Run pnpm exec playwright install --with-deps chromium firefox webkit	2026-09-18T07:30:29.2398728Z Selecting previously unselected package libsecret-common.
shsh-check	Run pnpm exec playwright install --with-deps chromium firefox webkit	2026-09-18T07:30:29.2537510Z Preparing to unpack .../157-libsecret-common_0.21.4-1build3_all.deb ...
shsh-check	Run pnpm exec playwright install --with-deps chromium firefox webkit	2026-09-18T07:30:29.2548910Z Unpacking libsecret-common (0.21.4-1build3) ...
shsh-check	Run pnpm exec playwright install --with-deps chromium firefox webkit	2026-09-18T07:30:29.2778906Z Selecting previously unselected package libsecret-1-0:amd64.
shsh-check	Run pnpm exec playwright install --with-deps chromium firefox webkit	2026-09-18T07:30:29.2914053Z Preparing to unpack .../158-libsecret-1-0_0.21.4-1build3_amd64.deb ...
shsh-check	Run pnpm exec playwright install --with-deps chromium firefox webkit	2026-09-18T07:30:29.2923530Z Unpacking libsecret-1-0:amd64 (0.21.4-1build3) ...
shsh-check	Run pnpm exec playwright install --with-deps chromium firefox webkit	2026-09-18T07:30:29.3171731Z Selecting previously unselected package libsndio7.0:amd64.
shsh-check	Run pnpm exec playwright install --with-deps chromium firefox webkit	2026-09-18T07:30:29.3307082Z Preparing to unpack .../159-libsndio7.0_1.9.0-0.3build3_amd64.deb ...
shsh-check	Run pnpm exec playwright install --with-deps chromium firefox webkit	2026-09-18T07:30:29.3316140Z Unpacking libsndio7.0:amd64 (1.9.0-0.3build3) ...
shsh-check	Run pnpm exec playwright install --with-deps chromium firefox webkit	2026-09-18T07:30:29.3555516Z Selecting previously unselected package libsoundtouch1:amd64.
shsh-check	Run pnpm exec playwright install --with-deps chromium firefox webkit	2026-09-18T07:30:29.3695343Z Preparing to unpack .../160-libsoundtouch1_2.3.2+ds1-1build1_amd64.deb ...
shsh-check	Run pnpm exec playwright install --with-deps chromium firefox webkit	2026-09-18T07:30:29.3703946Z Unpacking libsoundtouch1:amd64 (2.3.2+ds1-1build1) ...
shsh-check	Run pnpm exec playwright install --with-deps chromium firefox webkit	2026-09-18T07:30:29.3948088Z Selecting previously unselected package libspandsp2t64:amd64.
shsh-check	Run pnpm exec playwright install --with-deps chromium firefox webkit	2026-09-18T07:30:29.4086317Z Preparing to unpack .../161-libspandsp2t64_0.0.6+dfsg-2.1build1_amd64.deb ...
shsh-check	Run pnpm exec playwright install --with-deps chromium firefox webkit	2026-09-18T07:30:29.4095146Z Unpacking libspandsp2t64:amd64 (0.0.6+dfsg-2.1build1) ...
shsh-check	Run pnpm exec playwright install --with-deps chromium firefox webkit	2026-09-18T07:30:29.4356383Z Selecting previously unselected package libsrtp2-1:amd64.
shsh-check	Run pnpm exec playwright install --with-deps chromium firefox webkit	2026-09-18T07:30:29.4492944Z Preparing to unpack .../162-libsrtp2-1_2.5.0-3build1_amd64.deb ...
shsh-check	Run pnpm exec playwright install --with-deps chromium firefox webkit	2026-09-18T07:30:29.4503320Z Unpacking libsrtp2-1:amd64 (2.5.0-3build1) ...
shsh-check	Run pnpm exec playwright install --with-deps chromium firefox webkit	2026-09-18T07:30:29.4855278Z Selecting previously unselected package libwayland-server0:amd64.
shsh-check	Run pnpm exec playwright install --with-deps chromium firefox webkit	2026-09-18T07:30:29.5028361Z Preparing to unpack .../163-libwayland-server0_1.22.0-2.1build1_amd64.deb ...
shsh-check	Run pnpm exec playwright install --with-deps chromium firefox webkit	2026-09-18T07:30:29.5069408Z Unpacking libwayland-server0:amd64 (1.22.0-2.1build1) ...
shsh-check	Run pnpm exec playwright install --with-deps chromium firefox webkit	2026-09-18T07:30:29.5458584Z Selecting previously unselected package libwildmidi2:amd64.
shsh-check	Run pnpm exec playwright install --with-deps chromium firefox webkit	2026-09-18T07:30:29.5594282Z Preparing to unpack .../164-libwildmidi2_0.4.3-1build3_amd64.deb ...
shsh-check	Run pnpm exec playwright install --with-deps chromium firefox webkit	2026-09-18T07:30:29.5610989Z Unpacking libwildmidi2:amd64 (0.4.3-1build3) ...
shsh-check	Run pnpm exec playwright install --with-deps chromium firefox webkit	2026-09-18T07:30:29.8796618Z Selecting previously unselected package libwoff1:amd64.
shsh-check	Run pnpm exec playwright install --with-deps chromium firefox webkit	2026-09-18T07:30:29.8930085Z Preparing to unpack .../165-libwoff1_1.0.2-2build1_amd64.deb ...
shsh-check	Run pnpm exec playwright install --with-deps chromium firefox webkit	2026-09-18T07:30:29.8941472Z Unpacking libwoff1:amd64 (1.0.2-2build1) ...
shsh-check	Run pnpm exec playwright install --with-deps chromium firefox webkit	2026-09-18T07:30:29.9180371Z Selecting previously unselected package libxcb-xkb1:amd64.
shsh-check	Run pnpm exec playwright install --with-deps chromium firefox webkit	2026-09-18T07:30:29.9313378Z Preparing to unpack .../166-libxcb-xkb1_1.15-1ubuntu2_amd64.deb ...
shsh-check	Run pnpm exec playwright install --with-deps chromium firefox webkit	2026-09-18T07:30:29.9327575Z Unpacking libxcb-xkb1:amd64 (1.15-1ubuntu2) ...
shsh-check	Run pnpm exec playwright install --with-deps chromium firefox webkit	2026-09-18T07:30:29.9570590Z Selecting previously unselected package libxkbcommon-x11-0:amd64.
shsh-check	Run pnpm exec playwright install --with-deps chromium firefox webkit	2026-09-18T07:30:29.9704848Z Preparing to unpack .../167-libxkbcommon-x11-0_1.6.0-1build1_amd64.deb ...
shsh-check	Run pnpm exec playwright install --with-deps chromium firefox webkit	2026-09-18T07:30:29.9720358Z Unpacking libxkbcommon-x11-0:amd64 (1.6.0-1build1) ...
shsh-check	Run pnpm exec playwright install --with-deps chromium firefox webkit	2026-09-18T07:30:29.9950618Z Selecting previously unselected package libzbar0t64:amd64.
shsh-check	Run pnpm exec playwright install --with-deps chromium firefox webkit	2026-09-18T07:30:30.0086012Z Preparing to unpack .../168-libzbar0t64_0.23.93-4build3_amd64.deb ...
shsh-check	Run pnpm exec playwright install --with-deps chromium firefox webkit	2026-09-18T07:30:30.0096695Z Unpacking libzbar0t64:amd64 (0.23.93-4build3) ...
shsh-check	Run pnpm exec playwright install --with-deps chromium firefox webkit	2026-09-18T07:30:30.0367550Z Selecting previously unselected package libzxing3:amd64.
shsh-check	Run pnpm exec playwright install --with-deps chromium firefox webkit	2026-09-18T07:30:30.0507102Z Preparing to unpack .../169-libzxing3_2.2.1-3_amd64.deb ...
shsh-check	Run pnpm exec playwright install --with-deps chromium firefox webkit	2026-09-18T07:30:30.0526939Z Unpacking libzxing3:amd64 (2.2.1-3) ...
shsh-check	Run pnpm exec playwright install --with-deps chromium firefox webkit	2026-09-18T07:30:30.0824097Z Selecting previously unselected package xfonts-encodings.
shsh-check	Run pnpm exec playwright install --with-deps chromium firefox webkit	2026-09-18T07:30:30.0961506Z Preparing to unpack .../170-xfonts-encodings_1%3a1.0.5-0ubuntu2_all.deb ...
shsh-check	Run pnpm exec playwright install --with-deps chromium firefox webkit	2026-09-18T07:30:30.0973816Z Unpacking xfonts-encodings (1:1.0.5-0ubuntu2) ...
shsh-check	Run pnpm exec playwright install --with-deps chromium firefox webkit	2026-09-18T07:30:30.1350010Z Selecting previously unselected package xfonts-utils.
shsh-check	Run pnpm exec playwright install --with-deps chromium firefox webkit	2026-09-18T07:30:30.1488262Z Preparing to unpack .../171-xfonts-utils_1%3a7.7+6build3_amd64.deb ...
shsh-check	Run pnpm exec playwright install --with-deps chromium firefox webkit	2026-09-18T07:30:30.1498600Z Unpacking xfonts-utils (1:7.7+6build3) ...
shsh-check	Run pnpm exec playwright install --with-deps chromium firefox webkit	2026-09-18T07:30:30.1907126Z Selecting previously unselected package xfonts-cyrillic.
shsh-check	Run pnpm exec playwright install --with-deps chromium firefox webkit	2026-09-18T07:30:30.2041774Z Preparing to unpack .../172-xfonts-cyrillic_1%3a1.0.5+nmu1_all.deb ...
shsh-check	Run pnpm exec playwright install --with-deps chromium firefox webkit	2026-09-18T07:30:30.2053482Z Unpacking xfonts-cyrillic (1:1.0.5+nmu1) ...
shsh-check	Run pnpm exec playwright install --with-deps chromium firefox webkit	2026-09-18T07:30:30.2433266Z Selecting previously unselected package xfonts-scalable.
shsh-check	Run pnpm exec playwright install --with-deps chromium firefox webkit	2026-09-18T07:30:30.2570164Z Preparing to unpack .../173-xfonts-scalable_1%3a1.0.3-1.3_all.deb ...
shsh-check	Run pnpm exec playwright install --with-deps chromium firefox webkit	2026-09-18T07:30:30.2581067Z Unpacking xfonts-scalable (1:1.0.3-1.3) ...
shsh-check	Run pnpm exec playwright install --with-deps chromium firefox webkit	2026-09-18T07:30:30.2860332Z Selecting previously unselected package libgstreamer-plugins-bad1.0-0:amd64.
shsh-check	Run pnpm exec playwright install --with-deps chromium firefox webkit	2026-09-18T07:30:30.3000539Z Preparing to unpack .../174-libgstreamer-plugins-bad1.0-0_1.24.2-1ubuntu4_amd64.deb ...
shsh-check	Run pnpm exec playwright install --with-deps chromium firefox webkit	2026-09-18T07:30:30.3013422Z Unpacking libgstreamer-plugins-bad1.0-0:amd64 (1.24.2-1ubuntu4) ...
shsh-check	Run pnpm exec playwright install --with-deps chromium firefox webkit	2026-09-18T07:30:30.3410900Z Selecting previously unselected package libdca0:amd64.
shsh-check	Run pnpm exec playwright install --with-deps chromium firefox webkit	2026-09-18T07:30:30.3555616Z Preparing to unpack .../175-libdca0_0.0.7-2build1_amd64.deb ...
shsh-check	Run pnpm exec playwright install --with-deps chromium firefox webkit	2026-09-18T07:30:30.3567454Z Unpacking libdca0:amd64 (0.0.7-2build1) ...
shsh-check	Run pnpm exec playwright install --with-deps chromium firefox webkit	2026-09-18T07:30:30.3818452Z Selecting previously unselected package libopenal1:amd64.
shsh-check	Run pnpm exec playwright install --with-deps chromium firefox webkit	2026-09-18T07:30:30.3955083Z Preparing to unpack .../176-libopenal1_1%3a1.23.1-4build1_amd64.deb ...
shsh-check	Run pnpm exec playwright install --with-deps chromium firefox webkit	2026-09-18T07:30:30.3965814Z Unpacking libopenal1:amd64 (1:1.23.1-4build1) ...
shsh-check	Run pnpm exec playwright install --with-deps chromium firefox webkit	2026-09-18T07:30:30.4252343Z Selecting previously unselected package libsbc1:amd64.
shsh-check	Run pnpm exec playwright install --with-deps chromium firefox webkit	2026-09-18T07:30:30.4386573Z Preparing to unpack .../177-libsbc1_2.0-1build1_amd64.deb ...
shsh-check	Run pnpm exec playwright install --with-deps chromium firefox webkit	2026-09-18T07:30:30.4395218Z Unpacking libsbc1:amd64 (2.0-1build1) ...
shsh-check	Run pnpm exec playwright install --with-deps chromium firefox webkit	2026-09-18T07:30:30.4624297Z Selecting previously unselected package libvo-aacenc0:amd64.
shsh-check	Run pnpm exec playwright install --with-deps chromium firefox webkit	2026-09-18T07:30:30.4762044Z Preparing to unpack .../178-libvo-aacenc0_0.1.3-2build1_amd64.deb ...
shsh-check	Run pnpm exec playwright install --with-deps chromium firefox webkit	2026-09-18T07:30:30.4773618Z Unpacking libvo-aacenc0:amd64 (0.1.3-2build1) ...
shsh-check	Run pnpm exec playwright install --with-deps chromium firefox webkit	2026-09-18T07:30:30.5012767Z Selecting previously unselected package libvo-amrwbenc0:amd64.
shsh-check	Run pnpm exec playwright install --with-deps chromium firefox webkit	2026-09-18T07:30:30.5149113Z Preparing to unpack .../179-libvo-amrwbenc0_0.1.3-2build1_amd64.deb ...
shsh-check	Run pnpm exec playwright install --with-deps chromium firefox webkit	2026-09-18T07:30:30.5158669Z Unpacking libvo-amrwbenc0:amd64 (0.1.3-2build1) ...
shsh-check	Run pnpm exec playwright install --with-deps chromium firefox webkit	2026-09-18T07:30:30.5389337Z Selecting previously unselected package gstreamer1.0-plugins-bad:amd64.
shsh-check	Run pnpm exec playwright install --with-deps chromium firefox webkit	2026-09-18T07:30:30.5523361Z Preparing to unpack .../180-gstreamer1.0-plugins-bad_1.24.2-1ubuntu4_amd64.deb ...
shsh-check	Run pnpm exec playwright install --with-deps chromium firefox webkit	2026-09-18T07:30:30.5532048Z Unpacking gstreamer1.0-plugins-bad:amd64 (1.24.2-1ubuntu4) ...
shsh-check	Run pnpm exec playwright install --with-deps chromium firefox webkit	2026-09-18T07:30:30.6928681Z Setting up libgme0:amd64 (0.6.3-7build1) ...
shsh-check	Run pnpm exec playwright install --with-deps chromium firefox webkit	2026-09-18T07:30:30.6955759Z Setting up libchromaprint1:amd64 (1.5.1-5) ...
shsh-check	Run pnpm exec playwright install --with-deps chromium firefox webkit	2026-09-18T07:30:30.6979750Z Setting up libssh-gcrypt-4:amd64 (0.10.6-2ubuntu0.5) ...
shsh-check	Run pnpm exec playwright install --with-deps chromium firefox webkit	2026-09-18T07:30:30.7001734Z Setting up libhwy1t64:amd64 (1.0.7-8.1build1) ...
shsh-check	Run pnpm exec playwright install --with-deps chromium firefox webkit	2026-09-18T07:30:30.7024353Z Setting up libcairo-script-interpreter2:amd64 (1.18.0-3build1) ...
shsh-check	Run pnpm exec playwright install --with-deps chromium firefox webkit	2026-09-18T07:30:30.7046356Z Setting up libfreeaptx0:amd64 (0.1.1-2build1) ...
shsh-check	Run pnpm exec playwright install --with-deps chromium firefox webkit	2026-09-18T07:30:30.7067830Z Setting up libdvdread8t64:amd64 (6.1.3-1.1build1) ...
shsh-check	Run pnpm exec playwright install --with-deps chromium firefox webkit	2026-09-18T07:30:30.7088134Z Setting up libudfread0:amd64 (1.1.2-1build1) ...
shsh-check	Run pnpm exec playwright install --with-deps chromium firefox webkit	2026-09-18T07:30:30.7111647Z Setting up libmodplug1:amd64 (1:0.8.9.0-3build1) ...
shsh-check	Run pnpm exec playwright install --with-deps chromium firefox webkit	2026-09-18T07:30:30.7134937Z Setting up libcdparanoia0:amd64 (3.10.2+debian-14build3) ...
shsh-check	Run pnpm exec playwright install --with-deps chromium firefox webkit	2026-09-18T07:30:30.7156996Z Setting up libwayland-server0:amd64 (1.22.0-2.1build1) ...
shsh-check	Run pnpm exec playwright install --with-deps chromium firefox webkit	2026-09-18T07:30:30.7180611Z Setting up libvo-amrwbenc0:amd64 (0.1.3-2build1) ...
shsh-check	Run pnpm exec playwright install --with-deps chromium firefox webkit	2026-09-18T07:30:30.7202123Z Setting up session-migration (0.3.9build1) ...
shsh-check	Run pnpm exec playwright install --with-deps chromium firefox webkit	2026-09-18T07:30:30.8384650Z Created symlink /etc/systemd/user/graphical-session-pre.target.wants/session-migration.service → /usr/lib/systemd/user/session-migration.service.
shsh-check	Run pnpm exec playwright install --with-deps chromium firefox webkit	2026-09-18T07:30:30.8385567Z
shsh-check	Run pnpm exec playwright install --with-deps chromium firefox webkit	2026-09-18T07:30:30.8417950Z Setting up libraw1394-11:amd64 (2.1.2-2build3) ...
shsh-check	Run pnpm exec playwright install --with-deps chromium firefox webkit	2026-09-18T07:30:30.8444972Z Setting up libsbc1:amd64 (2.0-1build1) ...
shsh-check	Run pnpm exec playwright install --with-deps chromium firefox webkit	2026-09-18T07:30:30.8466836Z Setting up libproxy1v5:amd64 (0.5.4-4build1) ...
shsh-check	Run pnpm exec playwright install --with-deps chromium firefox webkit	2026-09-18T07:30:30.8490088Z Setting up libneon27t64:amd64 (0.33.0-1.1build3) ...
shsh-check	Run pnpm exec playwright install --with-deps chromium firefox webkit	2026-09-18T07:30:30.8514589Z Setting up libtag1v5-vanilla:amd64 (1.13.1-1build1) ...
shsh-check	Run pnpm exec playwright install --with-deps chromium firefox webkit	2026-09-18T07:30:30.8538049Z Setting up libharfbuzz-icu0:amd64 (8.3.0-2build2) ...
shsh-check	Run pnpm exec playwright install --with-deps chromium firefox webkit	2026-09-18T07:30:30.8562052Z Setting up libopenni2-0:amd64 (2.2.0.33+dfsg-18) ...
shsh-check	Run pnpm exec playwright install --with-deps chromium firefox webkit	2026-09-18T07:30:30.8742769Z Setting up libspeex1:amd64 (1.2.1-2ubuntu2.24.04.1) ...
shsh-check	Run pnpm exec playwright install --with-deps chromium firefox webkit	2026-09-18T07:30:30.8765435Z Setting up libshine3:amd64 (3.1.1-2build1) ...
shsh-check	Run pnpm exec playwright install --with-deps chromium firefox webkit	2026-09-18T07:30:30.8786773Z Setting up libcaca0:amd64 (0.99.beta20-4ubuntu0.2) ...
shsh-check	Run pnpm exec playwright install --with-deps chromium firefox webkit	2026-09-18T07:30:30.8808088Z Setting up libvpl2 (2023.3.0-1build1) ...
shsh-check	Run pnpm exec playwright install --with-deps chromium firefox webkit	2026-09-18T07:30:30.8834198Z Setting up libv4lconvert0t64:amd64 (1.26.1-4build3) ...
shsh-check	Run pnpm exec playwright install --with-deps chromium firefox webkit	2026-09-18T07:30:30.8855629Z Setting up libx264-164:amd64 (2:0.164.3108+git31e19f9-1) ...
shsh-check	Run pnpm exec playwright install --with-deps chromium firefox webkit	2026-09-18T07:30:30.8877957Z Setting up libtwolame0:amd64 (0.4.0-2build3) ...
shsh-check	Run pnpm exec playwright install --with-deps chromium firefox webkit	2026-09-18T07:30:30.8903861Z Setting up libmbedcrypto7t64:amd64 (2.28.8-1) ...
shsh-check	Run pnpm exec playwright install --with-deps chromium firefox webkit	2026-09-18T07:30:30.8926159Z Setting up libwoff1:amd64 (1.0.2-2build1) ...
shsh-check	Run pnpm exec playwright install --with-deps chromium firefox webkit	2026-09-18T07:30:30.8952185Z Setting up liblc3-1:amd64 (1.0.4-3build1) ...
shsh-check	Run pnpm exec playwright install --with-deps chromium firefox webkit	2026-09-18T07:30:30.8997799Z Setting up libqrencode4:amd64 (4.1.1-1build2) ...
shsh-check	Run pnpm exec playwright install --with-deps chromium firefox webkit	2026-09-18T07:30:30.9020941Z Setting up libhyphen0:amd64 (2.8.8-7build3) ...
shsh-check	Run pnpm exec playwright install --with-deps chromium firefox webkit	2026-09-18T07:30:30.9045851Z Setting up libgsm1:amd64 (1.0.22-1build1) ...
shsh-check	Run pnpm exec playwright install --with-deps chromium firefox webkit	2026-09-18T07:30:30.9068300Z Setting up libvisual-0.4-0:amd64 (0.4.2-2build1) ...
shsh-check	Run pnpm exec playwright install --with-deps chromium firefox webkit	2026-09-18T07:30:30.9089922Z Setting up libsoxr0:amd64 (0.1.3-4build3) ...
shsh-check	Run pnpm exec playwright install --with-deps chromium firefox webkit	2026-09-18T07:30:30.9114670Z Setting up libzix-0-0:amd64 (0.4.2-2build1) ...
shsh-check	Run pnpm exec playwright install --with-deps chromium firefox webkit	2026-09-18T07:30:30.9140263Z Setting up libcodec2-1.2:amd64 (1.2.0-2build1) ...
shsh-check	Run pnpm exec playwright install --with-deps chromium firefox webkit	2026-09-18T07:30:30.9166149Z Setting up libmanette-0.2-0:amd64 (0.2.7-1build2) ...
shsh-check	Run pnpm exec playwright install --with-deps chromium firefox webkit	2026-09-18T07:30:30.9191153Z Setting up libsrtp2-1:amd64 (2.5.0-3build1) ...
shsh-check	Run pnpm exec playwright install --with-deps chromium firefox webkit	2026-09-18T07:30:30.9214032Z Setting up libmysofa1:amd64 (1.3.2+dfsg-2ubuntu2) ...
shsh-check	Run pnpm exec playwright install --with-deps chromium firefox webkit	2026-09-18T07:30:30.9239343Z Setting up libraptor2-0:amd64 (2.0.16-3ubuntu0.1) ...
shsh-check	Run pnpm exec playwright install --with-deps chromium firefox webkit	2026-09-18T07:30:30.9261214Z Setting up libldacbt-enc2:amd64 (2.0.2.3+git20200429+ed310a0-4ubuntu2) ...
shsh-check	Run pnpm exec playwright install --with-deps chromium firefox webkit	2026-09-18T07:30:30.9282805Z Setting up fonts-wqy-zenhei (0.9.45-8) ...
shsh-check	Run pnpm exec playwright install --with-deps chromium firefox webkit	2026-09-18T07:30:30.9413161Z Setting up libwebrtc-audio-processing1:amd64 (0.3.1-0ubuntu6) ...
shsh-check	Run pnpm exec playwright install --with-deps chromium firefox webkit	2026-09-18T07:30:30.9434974Z Setting up fonts-freefont-ttf (20211204+svn4273-2) ...
shsh-check	Run pnpm exec playwright install --with-deps chromium firefox webkit	2026-09-18T07:30:30.9462587Z Setting up libevent-2.1-7t64:amd64 (2.1.12-stable-9ubuntu2.1) ...
shsh-check	Run pnpm exec playwright install --with-deps chromium firefox webkit	2026-09-18T07:30:30.9485393Z Setting up libsvtav1enc1d1:amd64 (1.7.0+dfsg-2build1) ...
shsh-check	Run pnpm exec playwright install --with-deps chromium firefox webkit	2026-09-18T07:30:30.9507699Z Setting up libsoup-3.0-common (3.4.4-5ubuntu0.8) ...
shsh-check	Run pnpm exec playwright install --with-deps chromium firefox webkit	2026-09-18T07:30:30.9531140Z Setting up libmpg123-0t64:amd64 (1.32.5-1ubuntu1.1) ...
shsh-check	Run pnpm exec playwright install --with-deps chromium firefox webkit	2026-09-18T07:30:30.9553621Z Setting up libcjson1:amd64 (1.7.17-1) ...
shsh-check	Run pnpm exec playwright install --with-deps chromium firefox webkit	2026-09-18T07:30:30.9579229Z Setting up libxvidcore4:amd64 (2:1.3.7-1build1) ...
shsh-check	Run pnpm exec playwright install --with-deps chromium firefox webkit	2026-09-18T07:30:30.9605826Z Setting up libmpcdec6:amd64 (2:0.1~r495-2build1) ...
shsh-check	Run pnpm exec playwright install --with-deps chromium firefox webkit	2026-09-18T07:30:30.9629026Z Setting up libmjpegutils-2.1-0t64:amd64 (1:2.1.0+debian-8.1build1) ...
shsh-check	Run pnpm exec playwright install --with-deps chromium firefox webkit	2026-09-18T07:30:30.9651664Z Setting up librav1e0:amd64 (0.7.1-2) ...
shsh-check	Run pnpm exec playwright install --with-deps chromium firefox webkit	2026-09-18T07:30:30.9675926Z Setting up liborc-0.4-0t64:amd64 (1:0.4.38-1ubuntu0.1) ...
shsh-check	Run pnpm exec playwright install --with-deps chromium firefox webkit	2026-09-18T07:30:30.9697835Z Setting up libxcb-xkb1:amd64 (1.15-1ubuntu2) ...
shsh-check	Run pnpm exec playwright install --with-deps chromium firefox webkit	2026-09-18T07:30:30.9723983Z Setting up libvo-aacenc0:amd64 (0.1.3-2build1) ...
shsh-check	Run pnpm exec playwright install --with-deps chromium firefox webkit	2026-09-18T07:30:30.9747454Z Setting up librist4:amd64 (0.2.10+dfsg-2) ...
shsh-check	Run pnpm exec playwright install --with-deps chromium firefox webkit	2026-09-18T07:30:30.9783911Z Setting up librsvg2-2:amd64 (2.58.0+dfsg-1build1) ...
shsh-check	Run pnpm exec playwright install --with-deps chromium firefox webkit	2026-09-18T07:30:30.9812058Z Setting up libblas3:amd64 (3.12.0-3build1.1) ...
shsh-check	Run pnpm exec playwright install --with-deps chromium firefox webkit	2026-09-18T07:30:30.9882689Z update-alternatives: using /usr/lib/x86_64-linux-gnu/blas/libblas.so.3 to provide /usr/lib/x86_64-linux-gnu/libblas.so.3 (libblas.so.3-x86_64-linux-gnu) in auto mode
shsh-check	Run pnpm exec playwright install --with-deps chromium firefox webkit	2026-09-18T07:30:30.9901947Z Setting up libegl-mesa0:amd64 (25.2.8-0ubuntu0.24.04.2) ...
shsh-check	Run pnpm exec playwright install --with-deps chromium firefox webkit	2026-09-18T07:30:30.9926116Z Setting up libsoundtouch1:amd64 (2.3.2+ds1-1build1) ...
shsh-check	Run pnpm exec playwright install --with-deps chromium firefox webkit	2026-09-18T07:30:30.9952173Z Setting up libplacebo338:amd64 (6.338.2-2build1) ...
shsh-check	Run pnpm exec playwright install --with-deps chromium firefox webkit	2026-09-18T07:30:30.9974885Z Setting up libgles2:amd64 (1.7.0-1build1) ...
shsh-check	Run pnpm exec playwright install --with-deps chromium firefox webkit	2026-09-18T07:30:30.9999470Z Setting up fonts-tlwg-loma-otf (1:0.7.3-1) ...
shsh-check	Run pnpm exec playwright install --with-deps chromium firefox webkit	2026-09-18T07:30:31.0026943Z Setting up libva2:amd64 (2.20.0-2ubuntu0.2) ...
shsh-check	Run pnpm exec playwright install --with-deps chromium firefox webkit	2026-09-18T07:30:31.0049305Z Setting up libspa-0.2-modules:amd64 (1.0.5-1ubuntu3.3) ...
shsh-check	Run pnpm exec playwright install --with-deps chromium firefox webkit	2026-09-18T07:30:31.0096098Z Setting up libzxing3:amd64 (2.2.1-3) ...
shsh-check	Run pnpm exec playwright install --with-deps chromium firefox webkit	2026-09-18T07:30:31.0118452Z Setting up xfonts-encodings (1:1.0.5-0ubuntu2) ...
shsh-check	Run pnpm exec playwright install --with-deps chromium firefox webkit	2026-09-18T07:30:31.0140343Z Setting up libopus0:amd64 (1.4-1build1) ...
shsh-check	Run pnpm exec playwright install --with-deps chromium firefox webkit	2026-09-18T07:30:31.0163595Z Setting up libfaad2:amd64 (2.11.1-1build1) ...
shsh-check	Run pnpm exec playwright install --with-deps chromium firefox webkit	2026-09-18T07:30:31.0186065Z Setting up libxkbcommon-x11-0:amd64 (1.6.0-1build1) ...
shsh-check	Run pnpm exec playwright install --with-deps chromium firefox webkit	2026-09-18T07:30:31.0208480Z Setting up libdc1394-25:amd64 (2.2.6-4build1) ...
shsh-check	Run pnpm exec playwright install --with-deps chromium firefox webkit	2026-09-18T07:30:31.0234013Z Setting up libimath-3-1-29t64:amd64 (3.1.9-3.1ubuntu2) ...
shsh-check	Run pnpm exec playwright install --with-deps chromium firefox webkit	2026-09-18T07:30:31.0257772Z Setting up libunibreak5:amd64 (5.1-2build1) ...
shsh-check	Run pnpm exec playwright install --with-deps chromium firefox webkit	2026-09-18T07:30:31.0280579Z Setting up libdv4t64:amd64 (1.0.0-17.1build1) ...
shsh-check	Run pnpm exec playwright install --with-deps chromium firefox webkit	2026-09-18T07:30:31.0305857Z Setting up libjxl0.7:amd64 (0.7.0-10.2ubuntu6.1) ...
shsh-check	Run pnpm exec playwright install --with-deps chromium firefox webkit	2026-09-18T07:30:31.0328335Z Setting up libopenh264-7:amd64 (2.4.1+dfsg-1) ...
shsh-check	Run pnpm exec playwright install --with-deps chromium firefox webkit	2026-09-18T07:30:31.0352721Z Setting up libltc11:amd64 (1.3.2-1build1) ...
shsh-check	Run pnpm exec playwright install --with-deps chromium firefox webkit	2026-09-18T07:30:31.0374887Z Setting up libx265-199:amd64 (3.5-2build1) ...
shsh-check	Run pnpm exec playwright install --with-deps chromium firefox webkit	2026-09-18T07:30:31.0398710Z Setting up libv4l-0t64:amd64 (1.26.1-4build3) ...
shsh-check	Run pnpm exec playwright install --with-deps chromium firefox webkit	2026-09-18T07:30:31.0423440Z Setting up libavtp0:amd64 (0.2.0-1build1) ...
shsh-check	Run pnpm exec playwright install --with-deps chromium firefox webkit	2026-09-18T07:30:31.0444955Z Setting up libsndio7.0:amd64 (1.9.0-0.3build3) ...
shsh-check	Run pnpm exec playwright install --with-deps chromium firefox webkit	2026-09-18T07:30:31.0583106Z Setting up libdirectfb-1.7-7t64:amd64 (1.7.7-11.1ubuntu2) ...
shsh-check	Run pnpm exec playwright install --with-deps chromium firefox webkit	2026-09-18T07:30:31.0604627Z Setting up libspandsp2t64:amd64 (0.0.6+dfsg-2.1build1) ...
shsh-check	Run pnpm exec playwright install --with-deps chromium firefox webkit	2026-09-18T07:30:31.0628773Z Setting up libvidstab1.1:amd64 (1.1.0-2build1) ...
shsh-check	Run pnpm exec playwright install --with-deps chromium firefox webkit	2026-09-18T07:30:31.0650337Z Setting up libvpx9:amd64 (1.14.0-1ubuntu2.3) ...
shsh-check	Run pnpm exec playwright install --with-deps chromium firefox webkit	2026-09-18T07:30:31.0673260Z Setting up libsrt1.5-gnutls:amd64 (1.5.3-1build2) ...
shsh-check	Run pnpm exec playwright install --with-deps chromium firefox webkit	2026-09-18T07:30:31.0701447Z Setting up libtag1v5:amd64 (1.13.1-1build1) ...
shsh-check	Run pnpm exec playwright install --with-deps chromium firefox webkit	2026-09-18T07:30:31.0723777Z Setting up libflite1:amd64 (2.2-6build3) ...
shsh-check	Run pnpm exec playwright install --with-deps chromium firefox webkit	2026-09-18T07:30:31.0746535Z Setting up libdav1d7:amd64 (1.4.1-1build1) ...
shsh-check	Run pnpm exec playwright install --with-deps chromium firefox webkit	2026-09-18T07:30:31.0770098Z Setting up libva-drm2:amd64 (2.20.0-2ubuntu0.2) ...
shsh-check	Run pnpm exec playwright install --with-deps chromium firefox webkit	2026-09-18T07:30:31.0792995Z Setting up fonts-ipafont-gothic (00303-21ubuntu1) ...
shsh-check	Run pnpm exec playwright install --with-deps chromium firefox webkit	2026-09-18T07:30:31.0865761Z update-alternatives: using /usr/share/fonts/opentype/ipafont-gothic/ipag.ttf to provide /usr/share/fonts/truetype/fonts-japanese-gothic.ttf (fonts-japanese-gothic.ttf) in auto mode
shsh-check	Run pnpm exec playwright install --with-deps chromium firefox webkit	2026-09-18T07:30:31.0885887Z Setting up ocl-icd-libopencl1:amd64 (2.3.2-1build1) ...
shsh-check	Run pnpm exec playwright install --with-deps chromium firefox webkit	2026-09-18T07:30:31.0906995Z Setting up libasyncns0:amd64 (0.8-6build4) ...
shsh-check	Run pnpm exec playwright install --with-deps chromium firefox webkit	2026-09-18T07:30:31.0929747Z Setting up libwildmidi2:amd64 (0.4.3-1build3) ...
shsh-check	Run pnpm exec playwright install --with-deps chromium firefox webkit	2026-09-18T07:30:31.0953656Z Setting up libvdpau1:amd64 (1.5-2build1) ...
shsh-check	Run pnpm exec playwright install --with-deps chromium firefox webkit	2026-09-18T07:30:31.0984257Z Setting up libwavpack1:amd64 (5.6.0-1build1) ...
shsh-check	Run pnpm exec playwright install --with-deps chromium firefox webkit	2026-09-18T07:30:31.1007255Z Setting up libbs2b0:amd64 (3.1.0+dfsg-7build1) ...
shsh-check	Run pnpm exec playwright install --with-deps chromium firefox webkit	2026-09-18T07:30:31.1031099Z Setting up libtheora0:amd64 (1.1.1+dfsg.1-16.1build3) ...
shsh-check	Run pnpm exec playwright install --with-deps chromium firefox webkit	2026-09-18T07:30:31.1054755Z Setting up libegl1:amd64 (1.7.0-1build1) ...
shsh-check	Run pnpm exec playwright install --with-deps chromium firefox webkit	2026-09-18T07:30:31.1078376Z Setting up libdecor-0-0:amd64 (0.2.2-1build2) ...
shsh-check	Run pnpm exec playwright install --with-deps chromium firefox webkit	2026-09-18T07:30:31.1099387Z Setting up libdca0:amd64 (0.0.7-2build1) ...
shsh-check	Run pnpm exec playwright install --with-deps chromium firefox webkit	2026-09-18T07:30:31.1123357Z Setting up libzimg2:amd64 (3.0.5+ds1-1build1) ...
shsh-check	Run pnpm exec playwright install --with-deps chromium firefox webkit	2026-09-18T07:30:31.1147224Z Setting up libopenal-data (1:1.23.1-4build1) ...
shsh-check	Run pnpm exec playwright install --with-deps chromium firefox webkit	2026-09-18T07:30:31.1197847Z Setting up libabsl20220623t64:amd64 (20220623.1-3.1ubuntu3.2) ...
shsh-check	Run pnpm exec playwright install --with-deps chromium firefox webkit	2026-09-18T07:30:31.1223198Z Setting up libflac12t64:amd64 (1.4.3+ds-2.1ubuntu2) ...
shsh-check	Run pnpm exec playwright install --with-deps chromium firefox webkit	2026-09-18T07:30:31.1245927Z Setting up libgtk-4-common (4.14.5+ds-0ubuntu0.10) ...
shsh-check	Run pnpm exec playwright install --with-deps chromium firefox webkit	2026-09-18T07:30:31.1270239Z Setting up libmpeg2encpp-2.1-0t64:amd64 (1:2.1.0+debian-8.1build1) ...
shsh-check	Run pnpm exec playwright install --with-deps chromium firefox webkit	2026-09-18T07:30:31.1293876Z Setting up glib-networking-common (2.80.0-1build1) ...
shsh-check	Run pnpm exec playwright install --with-deps chromium firefox webkit	2026-09-18T07:30:31.1314693Z Setting up libmfx1:amd64 (22.5.4-1) ...
shsh-check	Run pnpm exec playwright install --with-deps chromium firefox webkit	2026-09-18T07:30:31.1340333Z Setting up libbluray2:amd64 (1:1.3.4-1build1) ...
shsh-check	Run pnpm exec playwright install --with-deps chromium firefox webkit	2026-09-18T07:30:31.1365119Z Setting up libde265-0:amd64 (1.0.15-1ubuntu0.1) ...
shsh-check	Run pnpm exec playwright install --with-deps chromium firefox webkit	2026-09-18T07:30:31.1387563Z Setting up libsamplerate0:amd64 (0.2.2-4build1) ...
shsh-check	Run pnpm exec playwright install --with-deps chromium firefox webkit	2026-09-18T07:30:31.1411884Z Setting up timgm6mb-soundfont (1.3-5) ...
shsh-check	Run pnpm exec playwright install --with-deps chromium firefox webkit	2026-09-18T07:30:31.1500029Z update-alternatives: using /usr/share/sounds/sf2/TimGM6mb.sf2 to provide /usr/share/sounds/sf2/default-GM.sf2 (default-GM.sf2) in auto mode
shsh-check	Run pnpm exec playwright install --with-deps chromium firefox webkit	2026-09-18T07:30:31.1546730Z update-alternatives: using /usr/share/sounds/sf2/TimGM6mb.sf2 to provide /usr/share/sounds/sf3/default-GM.sf3 (default-GM.sf3) in auto mode
shsh-check	Run pnpm exec playwright install --with-deps chromium firefox webkit	2026-09-18T07:30:31.1564234Z Setting up libva-x11-2:amd64 (2.20.0-2ubuntu0.2) ...
shsh-check	Run pnpm exec playwright install --with-deps chromium firefox webkit	2026-09-18T07:30:31.1590526Z Setting up libyuv0:amd64 (0.0~git202401110.af6ac82-1) ...
shsh-check	Run pnpm exec playwright install --with-deps chromium firefox webkit	2026-09-18T07:30:31.1612325Z Setting up libmplex2-2.1-0t64:amd64 (1:2.1.0+debian-8.1build1) ...
shsh-check	Run pnpm exec playwright install --with-deps chromium firefox webkit	2026-09-18T07:30:31.1634974Z Setting up libpipewire-0.3-0t64:amd64 (1.0.5-1ubuntu3.3) ...
shsh-check	Run pnpm exec playwright install --with-deps chromium firefox webkit	2026-09-18T07:30:31.1663815Z Setting up libopenmpt0t64:amd64 (0.7.3-1.1build3) ...
shsh-check	Run pnpm exec playwright install --with-deps chromium firefox webkit	2026-09-18T07:30:31.1689982Z Setting up libzvbi-common (0.2.42-2) ...
shsh-check	Run pnpm exec playwright install --with-deps chromium firefox webkit	2026-09-18T07:30:31.1712182Z Setting up libsecret-common (0.21.4-1build3) ...
shsh-check	Run pnpm exec playwright install --with-deps chromium firefox webkit	2026-09-18T07:30:31.1734847Z Setting up libmp3lame0:amd64 (3.100-6build1) ...
shsh-check	Run pnpm exec playwright install --with-deps chromium firefox webkit	2026-09-18T07:30:31.1756483Z Setting up libgraphene-1.0-0:amd64 (1.10.8-3build2) ...
shsh-check	Run pnpm exec playwright install --with-deps chromium firefox webkit	2026-09-18T07:30:31.1778380Z Setting up libvorbisenc2:amd64 (1.3.7-1build3) ...
shsh-check	Run pnpm exec playwright install --with-deps chromium firefox webkit	2026-09-18T07:30:31.1803320Z Setting up libdvdnav4:amd64 (6.1.1-3build1) ...
shsh-check	Run pnpm exec playwright install --with-deps chromium firefox webkit	2026-09-18T07:30:31.1823974Z Setting up fonts-unifont (1:15.1.01-1build1) ...
shsh-check	Run pnpm exec playwright install --with-deps chromium firefox webkit	2026-09-18T07:30:31.1847817Z Setting up libaa1:amd64 (1.4p5-51.1) ...
shsh-check	Run pnpm exec playwright install --with-deps chromium firefox webkit	2026-09-18T07:30:31.1869267Z Setting up libiec61883-0:amd64 (1.2.0-6build1) ...
shsh-check	Run pnpm exec playwright install --with-deps chromium firefox webkit	2026-09-18T07:30:31.1890988Z Setting up libserd-0-0:amd64 (0.32.2-1) ...
shsh-check	Run pnpm exec playwright install --with-deps chromium firefox webkit	2026-09-18T07:30:31.1916802Z Setting up libavc1394-0:amd64 (0.5.4-5build3) ...
shsh-check	Run pnpm exec playwright install --with-deps chromium firefox webkit	2026-09-18T07:30:31.1937831Z Setting up gsettings-desktop-schemas (46.1-0ubuntu1) ...
shsh-check	Run pnpm exec playwright install --with-deps chromium firefox webkit	2026-09-18T07:30:31.1974757Z Setting up glib-networking-services (2.80.0-1build1) ...
shsh-check	Run pnpm exec playwright install --with-deps chromium firefox webkit	2026-09-18T07:30:31.1990280Z Setting up liblapack3:amd64 (3.12.0-3build1.1) ...
shsh-check	Run pnpm exec playwright install --with-deps chromium firefox webkit	2026-09-18T07:30:31.2056478Z update-alternatives: using /usr/lib/x86_64-linux-gnu/lapack/liblapack.so.3 to provide /usr/lib/x86_64-linux-gnu/liblapack.so.3 (liblapack.so.3-x86_64-linux-gnu) in auto mode
shsh-check	Run pnpm exec playwright install --with-deps chromium firefox webkit	2026-09-18T07:30:31.2073870Z Setting up libzvbi0t64:amd64 (0.2.42-2) ...
shsh-check	Run pnpm exec playwright install --with-deps chromium firefox webkit	2026-09-18T07:30:31.2099974Z Setting up liblrdf0:amd64 (0.6.1-4build1) ...
shsh-check	Run pnpm exec playwright install --with-deps chromium firefox webkit	2026-09-18T07:30:31.2125619Z Setting up libzbar0t64:amd64 (0.23.93-4build3) ...
shsh-check	Run pnpm exec playwright install --with-deps chromium firefox webkit	2026-09-18T07:30:31.2148541Z Setting up libgstreamer-plugins-base1.0-0:amd64 (1.24.2-1ubuntu0.4) ...
shsh-check	Run pnpm exec playwright install --with-deps chromium firefox webkit	2026-09-18T07:30:31.2173017Z Setting up libavutil58:amd64 (7:6.1.1-3ubuntu5) ...
shsh-check	Run pnpm exec playwright install --with-deps chromium firefox webkit	2026-09-18T07:30:31.2198673Z Setting up libopenal1:amd64 (1:1.23.1-4build1) ...
shsh-check	Run pnpm exec playwright install --with-deps chromium firefox webkit	2026-09-18T07:30:31.2223224Z Setting up xfonts-utils (1:7.7+6build3) ...
shsh-check	Run pnpm exec playwright install --with-deps chromium firefox webkit	2026-09-18T07:30:31.2294071Z Setting up libsecret-1-0:amd64 (0.21.4-1build3) ...
shsh-check	Run pnpm exec playwright install --with-deps chromium firefox webkit	2026-09-18T07:30:31.2324761Z Setting up libgstreamer-plugins-good1.0-0:amd64 (1.24.2-1ubuntu1.6) ...
shsh-check	Run pnpm exec playwright install --with-deps chromium firefox webkit	2026-09-18T07:30:31.2347555Z Setting up libgstreamer-gl1.0-0:amd64 (1.24.2-1ubuntu0.4) ...
shsh-check	Run pnpm exec playwright install --with-deps chromium firefox webkit	2026-09-18T07:30:31.2371549Z Setting up gstreamer1.0-plugins-base:amd64 (1.24.2-1ubuntu0.4) ...
shsh-check	Run pnpm exec playwright install --with-deps chromium firefox webkit	2026-09-18T07:30:31.2395800Z Setting up libass9:amd64 (1:0.17.1-2build1) ...
shsh-check	Run pnpm exec playwright install --with-deps chromium firefox webkit	2026-09-18T07:30:31.2422672Z Setting up libswresample4:amd64 (7:6.1.1-3ubuntu5) ...
shsh-check	Run pnpm exec playwright install --with-deps chromium firefox webkit	2026-09-18T07:30:31.2447621Z Setting up libopenexr-3-1-30:amd64 (3.1.5-5.1build3) ...
shsh-check	Run pnpm exec playwright install --with-deps chromium firefox webkit	2026-09-18T07:30:31.2473562Z Setting up libshout3:amd64 (2.4.6-1build2) ...
shsh-check	Run pnpm exec playwright install --with-deps chromium firefox webkit	2026-09-18T07:30:31.2496979Z Setting up libgav1-1:amd64 (0.18.0-1build3) ...
shsh-check	Run pnpm exec playwright install --with-deps chromium firefox webkit	2026-09-18T07:30:31.2525825Z Setting up libavcodec60:amd64 (7:6.1.1-3ubuntu5) ...
shsh-check	Run pnpm exec playwright install --with-deps chromium firefox webkit	2026-09-18T07:30:31.2548511Z Setting up librubberband2:amd64 (3.3.0+dfsg-2build1) ...
shsh-check	Run pnpm exec playwright install --with-deps chromium firefox webkit	2026-09-18T07:30:31.2574428Z Setting up libjack-jackd2-0:amd64 (1.9.21~dfsg-3ubuntu3) ...
shsh-check	Run pnpm exec playwright install --with-deps chromium firefox webkit	2026-09-18T07:30:31.2602780Z Setting up libsord-0-0:amd64 (0.16.16-2build1) ...
shsh-check	Run pnpm exec playwright install --with-deps chromium firefox webkit	2026-09-18T07:30:31.2631014Z Setting up xfonts-cyrillic (1:1.0.5+nmu1) ...
shsh-check	Run pnpm exec playwright install --with-deps chromium firefox webkit	2026-09-18T07:30:31.2949477Z Setting up libpostproc57:amd64 (7:6.1.1-3ubuntu5) ...
shsh-check	Run pnpm exec playwright install --with-deps chromium firefox webkit	2026-09-18T07:30:31.2974553Z Setting up libsratom-0-0:amd64 (0.6.16-1build1) ...
shsh-check	Run pnpm exec playwright install --with-deps chromium firefox webkit	2026-09-18T07:30:31.2997681Z Setting up libsndfile1:amd64 (1.2.2-1ubuntu5.24.04.1) ...
shsh-check	Run pnpm exec playwright install --with-deps chromium firefox webkit	2026-09-18T07:30:31.3022867Z Setting up liblilv-0-0:amd64 (0.24.22-1build1) ...
shsh-check	Run pnpm exec playwright install --with-deps chromium firefox webkit	2026-09-18T07:30:31.3048787Z Setting up libinstpatch-1.0-2:amd64 (1.1.6-1build2) ...
shsh-check	Run pnpm exec playwright install --with-deps chromium firefox webkit	2026-09-18T07:30:31.3077107Z Setting up xfonts-scalable (1:1.0.3-1.3) ...
shsh-check	Run pnpm exec playwright install --with-deps chromium firefox webkit	2026-09-18T07:30:31.3362133Z Setting up libswscale7:amd64 (7:6.1.1-3ubuntu5) ...
shsh-check	Run pnpm exec playwright install --with-deps chromium firefox webkit	2026-09-18T07:30:31.3406691Z Setting up libavif16:amd64 (1.0.4-1ubuntu3) ...
shsh-check	Run pnpm exec playwright install --with-deps chromium firefox webkit	2026-09-18T07:30:31.3430699Z Setting up libpulse0:amd64 (1:16.1+dfsg1-2ubuntu10.1) ...
shsh-check	Run pnpm exec playwright install --with-deps chromium firefox webkit	2026-09-18T07:30:31.3625218Z Setting up libavformat60:amd64 (7:6.1.1-3ubuntu5) ...
shsh-check	Run pnpm exec playwright install --with-deps chromium firefox webkit	2026-09-18T07:30:31.3645073Z Setting up libsphinxbase3t64:amd64 (0.8+5prealpha+1-17build2) ...
shsh-check	Run pnpm exec playwright install --with-deps chromium firefox webkit	2026-09-18T07:30:31.3668503Z Setting up libsdl2-2.0-0:amd64 (2.30.0+dfsg-1ubuntu3.1) ...
shsh-check	Run pnpm exec playwright install --with-deps chromium firefox webkit	2026-09-18T07:30:31.3693123Z Setting up libfluidsynth3:amd64 (2.3.4-1build3) ...
shsh-check	Run pnpm exec playwright install --with-deps chromium firefox webkit	2026-09-18T07:30:31.3716019Z Setting up libpocketsphinx3:amd64 (0.8.0+real5prealpha+1-15ubuntu5) ...
shsh-check	Run pnpm exec playwright install --with-deps chromium firefox webkit	2026-09-18T07:30:31.3742086Z Setting up libavfilter9:amd64 (7:6.1.1-3ubuntu5) ...
shsh-check	Run pnpm exec playwright install --with-deps chromium firefox webkit	2026-09-18T07:30:31.3763708Z Setting up gstreamer1.0-libav:amd64 (1.24.1-1build1) ...
shsh-check	Run pnpm exec playwright install --with-deps chromium firefox webkit	2026-09-18T07:30:31.4107827Z Processing triggers for fontconfig (2.15.0-1.1ubuntu2) ...
shsh-check	Run pnpm exec playwright install --with-deps chromium firefox webkit	2026-09-18T07:30:31.5005756Z Processing triggers for libc-bin (2.39-0ubuntu8.8) ...
shsh-check	Run pnpm exec playwright install --with-deps chromium firefox webkit	2026-09-18T07:30:31.5537533Z Processing triggers for man-db (2.12.0-4build2) ...
shsh-check	Run pnpm exec playwright install --with-deps chromium firefox webkit	2026-09-18T07:30:31.5563347Z Not building database; man-db/auto-update is not 'true'.
shsh-check	Run pnpm exec playwright install --with-deps chromium firefox webkit	2026-09-18T07:30:31.5592034Z Processing triggers for libglib2.0-0t64:amd64 (2.80.0-6ubuntu3.8) ...
shsh-check	Run pnpm exec playwright install --with-deps chromium firefox webkit	2026-09-18T07:30:31.5886843Z Setting up libgtk-4-1:amd64 (4.14.5+ds-0ubuntu0.10) ...
shsh-check	Run pnpm exec playwright install --with-deps chromium firefox webkit	2026-09-18T07:30:31.6887261Z Setting up glib-networking:amd64 (2.80.0-1build1) ...
shsh-check	Run pnpm exec playwright install --with-deps chromium firefox webkit	2026-09-18T07:30:31.6929398Z Setting up libsoup-3.0-0:amd64 (3.4.4-5ubuntu0.8) ...
shsh-check	Run pnpm exec playwright install --with-deps chromium firefox webkit	2026-09-18T07:30:31.6965555Z Setting up libgssdp-1.6-0:amd64 (1.6.3-1build3) ...
shsh-check	Run pnpm exec playwright install --with-deps chromium firefox webkit	2026-09-18T07:30:31.7042915Z Setting up gstreamer1.0-plugins-good:amd64 (1.24.2-1ubuntu1.6) ...
shsh-check	Run pnpm exec playwright install --with-deps chromium firefox webkit	2026-09-18T07:30:31.7089271Z Setting up libgupnp-1.6-0:amd64 (1.6.6-1build3) ...
shsh-check	Run pnpm exec playwright install --with-deps chromium firefox webkit	2026-09-18T07:30:31.7155190Z Setting up libgupnp-igd-1.6-0:amd64 (1.6.0-3build3) ...
shsh-check	Run pnpm exec playwright install --with-deps chromium firefox webkit	2026-09-18T07:30:31.7194630Z Setting up libnice10:amd64 (0.1.21-2build3) ...
shsh-check	Run pnpm exec playwright install --with-deps chromium firefox webkit	2026-09-18T07:30:31.7252501Z Setting up libgstreamer-plugins-bad1.0-0:amd64 (1.24.2-1ubuntu4) ...
shsh-check	Run pnpm exec playwright install --with-deps chromium firefox webkit	2026-09-18T07:30:31.7294260Z Setting up gstreamer1.0-plugins-bad:amd64 (1.24.2-1ubuntu4) ...
shsh-check	Run pnpm exec playwright install --with-deps chromium firefox webkit	2026-09-18T07:30:31.7325359Z Processing triggers for libc-bin (2.39-0ubuntu8.8) ...
shsh-check	Run pnpm exec playwright install --with-deps chromium firefox webkit	2026-09-18T07:30:32.3965596Z
shsh-check	Run pnpm exec playwright install --with-deps chromium firefox webkit	2026-09-18T07:30:32.3966430Z Running kernel seems to be up-to-date.
shsh-check	Run pnpm exec playwright install --with-deps chromium firefox webkit	2026-09-18T07:30:32.3967081Z
shsh-check	Run pnpm exec playwright install --with-deps chromium firefox webkit	2026-09-18T07:30:32.3967414Z No services need to be restarted.
shsh-check	Run pnpm exec playwright install --with-deps chromium firefox webkit	2026-09-18T07:30:32.3967837Z
shsh-check	Run pnpm exec playwright install --with-deps chromium firefox webkit	2026-09-18T07:30:32.3968155Z No containers need to be restarted.
shsh-check	Run pnpm exec playwright install --with-deps chromium firefox webkit	2026-09-18T07:30:32.3968540Z
shsh-check	Run pnpm exec playwright install --with-deps chromium firefox webkit	2026-09-18T07:30:32.3968949Z No user sessions are running outdated binaries.
shsh-check	Run pnpm exec playwright install --with-deps chromium firefox webkit	2026-09-18T07:30:32.3969492Z
shsh-check	Run pnpm exec playwright install --with-deps chromium firefox webkit	2026-09-18T07:30:32.3970072Z No VM guests are running outdated hypervisor (qemu) binaries on this host.
shsh-check	Run pnpm exec playwright install --with-deps chromium firefox webkit	2026-09-18T07:30:33.5943092Z Downloading Chrome for Testing 153.0.8010.12 (playwright chromium v1243) from https://cdn.playwright.dev/builds/cft/153.0.8010.12/linux64/chrome-linux64.zip
shsh-check	Run pnpm exec playwright install --with-deps chromium firefox webkit	2026-09-18T07:30:34.0192871Z |                                                                                |   0% of 186.8 MiB
shsh-check	Run pnpm exec playwright install --with-deps chromium firefox webkit	2026-09-18T07:30:34.2589314Z |■■■■■■■■                                                                        |  10% of 186.8 MiB
shsh-check	Run pnpm exec playwright install --with-deps chromium firefox webkit	2026-09-18T07:30:34.3423309Z |■■■■■■■■■■■■■■■■                                                                |  20% of 186.8 MiB
shsh-check	Run pnpm exec playwright install --with-deps chromium firefox webkit	2026-09-18T07:30:34.4469163Z |■■■■■■■■■■■■■■■■■■■■■■■■                                                        |  30% of 186.8 MiB
shsh-check	Run pnpm exec playwright install --with-deps chromium firefox webkit	2026-09-18T07:30:34.5257596Z |■■■■■■■■■■■■■■■■■■■■■■■■■■■■■■■■                                                |  40% of 186.8 MiB
shsh-check	Run pnpm exec playwright install --with-deps chromium firefox webkit	2026-09-18T07:30:34.6129408Z |■■■■■■■■■■■■■■■■■■■■■■■■■■■■■■■■■■■■■■■■                                        |  50% of 186.8 MiB
shsh-check	Run pnpm exec playwright install --with-deps chromium firefox webkit	2026-09-18T07:30:34.6986604Z |■■■■■■■■■■■■■■■■■■■■■■■■■■■■■■■■■■■■■■■■■■■■■■■■                                |  60% of 186.8 MiB
shsh-check	Run pnpm exec playwright install --with-deps chromium firefox webkit	2026-09-18T07:30:34.7898470Z |■■■■■■■■■■■■■■■■■■■■■■■■■■■■■■■■■■■■■■■■■■■■■■■■■■■■■■■■                        |  70% of 186.8 MiB
shsh-check	Run pnpm exec playwright install --with-deps chromium firefox webkit	2026-09-18T07:30:34.8877009Z |■■■■■■■■■■■■■■■■■■■■■■■■■■■■■■■■■■■■■■■■■■■■■■■■■■■■■■■■■■■■■■■■                |  80% of 186.8 MiB
shsh-check	Run pnpm exec playwright install --with-deps chromium firefox webkit	2026-09-18T07:30:34.9616513Z |■■■■■■■■■■■■■■■■■■■■■■■■■■■■■■■■■■■■■■■■■■■■■■■■■■■■■■■■■■■■■■■■■■■■■■■■        |  90% of 186.8 MiB
shsh-check	Run pnpm exec playwright install --with-deps chromium firefox webkit	2026-09-18T07:30:35.0660937Z |■■■■■■■■■■■■■■■■■■■■■■■■■■■■■■■■■■■■■■■■■■■■■■■■■■■■■■■■■■■■■■■■■■■■■■■■■■■■■■■■| 100% of 186.8 MiB
shsh-check	Run pnpm exec playwright install --with-deps chromium firefox webkit	2026-09-18T07:30:38.5195716Z Chrome for Testing 153.0.8010.12 (playwright chromium v1243) downloaded to /home/runner/.cache/ms-playwright/chromium-1243
shsh-check	Run pnpm exec playwright install --with-deps chromium firefox webkit	2026-09-18T07:30:38.5200877Z Downloading FFmpeg (playwright ffmpeg v1011) from https://cdn.playwright.dev/dbazure/download/playwright/builds/ffmpeg/1011/ffmpeg-linux.zip
shsh-check	Run pnpm exec playwright install --with-deps chromium firefox webkit	2026-09-18T07:30:38.9004811Z |                                                                                |   0% of 2.3 MiB
shsh-check	Run pnpm exec playwright install --with-deps chromium firefox webkit	2026-09-18T07:30:38.9058463Z |■■■■■■■■                                                                        |  10% of 2.3 MiB
shsh-check	Run pnpm exec playwright install --with-deps chromium firefox webkit	2026-09-18T07:30:38.9088324Z |■■■■■■■■■■■■■■■■                                                                |  20% of 2.3 MiB
shsh-check	Run pnpm exec playwright install --with-deps chromium firefox webkit	2026-09-18T07:30:38.9108967Z |■■■■■■■■■■■■■■■■■■■■■■■■                                                        |  30% of 2.3 MiB
shsh-check	Run pnpm exec playwright install --with-deps chromium firefox webkit	2026-09-18T07:30:38.9133999Z |■■■■■■■■■■■■■■■■■■■■■■■■■■■■■■■■                                                |  40% of 2.3 MiB
shsh-check	Run pnpm exec playwright install --with-deps chromium firefox webkit	2026-09-18T07:30:38.9148408Z |■■■■■■■■■■■■■■■■■■■■■■■■■■■■■■■■■■■■■■■■                                        |  50% of 2.3 MiB
shsh-check	Run pnpm exec playwright install --with-deps chromium firefox webkit	2026-09-18T07:30:38.9165884Z |■■■■■■■■■■■■■■■■■■■■■■■■■■■■■■■■■■■■■■■■■■■■■■■■                                |  60% of 2.3 MiB
shsh-check	Run pnpm exec playwright install --with-deps chromium firefox webkit	2026-09-18T07:30:38.9180478Z |■■■■■■■■■■■■■■■■■■■■■■■■■■■■■■■■■■■■■■■■■■■■■■■■■■■■■■■■                        |  70% of 2.3 MiB
shsh-check	Run pnpm exec playwright install --with-deps chromium firefox webkit	2026-09-18T07:30:38.9215643Z |■■■■■■■■■■■■■■■■■■■■■■■■■■■■■■■■■■■■■■■■■■■■■■■■■■■■■■■■■■■■■■■■                |  80% of 2.3 MiB
shsh-check	Run pnpm exec playwright install --with-deps chromium firefox webkit	2026-09-18T07:30:38.9223718Z |■■■■■■■■■■■■■■■■■■■■■■■■■■■■■■■■■■■■■■■■■■■■■■■■■■■■■■■■■■■■■■■■■■■■■■■■        |  90% of 2.3 MiB
shsh-check	Run pnpm exec playwright install --with-deps chromium firefox webkit	2026-09-18T07:30:38.9234413Z |■■■■■■■■■■■■■■■■■■■■■■■■■■■■■■■■■■■■■■■■■■■■■■■■■■■■■■■■■■■■■■■■■■■■■■■■■■■■■■■■| 100% of 2.3 MiB
shsh-check	Run pnpm exec playwright install --with-deps chromium firefox webkit	2026-09-18T07:30:38.9918665Z FFmpeg (playwright ffmpeg v1011) downloaded to /home/runner/.cache/ms-playwright/ffmpeg-1011
shsh-check	Run pnpm exec playwright install --with-deps chromium firefox webkit	2026-09-18T07:30:38.9923979Z Downloading Chrome Headless Shell 153.0.8010.12 (playwright chromium-headless-shell v1243) from https://cdn.playwright.dev/builds/cft/153.0.8010.12/linux64/chrome-headless-shell-linux64.zip
shsh-check	Run pnpm exec playwright install --with-deps chromium firefox webkit	2026-09-18T07:30:39.4287086Z |                                                                                |   0% of 114.3 MiB
shsh-check	Run pnpm exec playwright install --with-deps chromium firefox webkit	2026-09-18T07:30:39.5786167Z |■■■■■■■■                                                                        |  10% of 114.3 MiB
shsh-check	Run pnpm exec playwright install --with-deps chromium firefox webkit	2026-09-18T07:30:39.6669399Z |■■■■■■■■■■■■■■■■                                                                |  20% of 114.3 MiB
shsh-check	Run pnpm exec playwright install --with-deps chromium firefox webkit	2026-09-18T07:30:39.7278233Z |■■■■■■■■■■■■■■■■■■■■■■■■                                                        |  30% of 114.3 MiB
shsh-check	Run pnpm exec playwright install --with-deps chromium firefox webkit	2026-09-18T07:30:39.7975562Z |■■■■■■■■■■■■■■■■■■■■■■■■■■■■■■■■                                                |  40% of 114.3 MiB
shsh-check	Run pnpm exec playwright install --with-deps chromium firefox webkit	2026-09-18T07:30:39.8849953Z |■■■■■■■■■■■■■■■■■■■■■■■■■■■■■■■■■■■■■■■■                                        |  50% of 114.3 MiB
shsh-check	Run pnpm exec playwright install --with-deps chromium firefox webkit	2026-09-18T07:30:39.9403786Z |■■■■■■■■■■■■■■■■■■■■■■■■■■■■■■■■■■■■■■■■■■■■■■■■                                |  60% of 114.3 MiB
shsh-check	Run pnpm exec playwright install --with-deps chromium firefox webkit	2026-09-18T07:30:39.9871440Z |■■■■■■■■■■■■■■■■■■■■■■■■■■■■■■■■■■■■■■■■■■■■■■■■■■■■■■■■                        |  70% of 114.3 MiB
shsh-check	Run pnpm exec playwright install --with-deps chromium firefox webkit	2026-09-18T07:30:40.0629033Z |■■■■■■■■■■■■■■■■■■■■■■■■■■■■■■■■■■■■■■■■■■■■■■■■■■■■■■■■■■■■■■■■                |  80% of 114.3 MiB
shsh-check	Run pnpm exec playwright install --with-deps chromium firefox webkit	2026-09-18T07:30:40.1172045Z |■■■■■■■■■■■■■■■■■■■■■■■■■■■■■■■■■■■■■■■■■■■■■■■■■■■■■■■■■■■■■■■■■■■■■■■■        |  90% of 114.3 MiB
shsh-check	Run pnpm exec playwright install --with-deps chromium firefox webkit	2026-09-18T07:30:40.1880249Z |■■■■■■■■■■■■■■■■■■■■■■■■■■■■■■■■■■■■■■■■■■■■■■■■■■■■■■■■■■■■■■■■■■■■■■■■■■■■■■■■| 100% of 114.3 MiB
shsh-check	Run pnpm exec playwright install --with-deps chromium firefox webkit	2026-09-18T07:30:42.5909832Z Chrome Headless Shell 153.0.8010.12 (playwright chromium-headless-shell v1243) downloaded to /home/runner/.cache/ms-playwright/chromium_headless_shell-1243
shsh-check	Run pnpm exec playwright install --with-deps chromium firefox webkit	2026-09-18T07:30:42.5914028Z Downloading Firefox 155.0 (playwright firefox v1543) from https://cdn.playwright.dev/dbazure/download/playwright/builds/firefox/1543/firefox-ubuntu-24.04.zip
shsh-check	Run pnpm exec playwright install --with-deps chromium firefox webkit	2026-09-18T07:30:42.9564791Z |                                                                                |   0% of 109.5 MiB
shsh-check	Run pnpm exec playwright install --with-deps chromium firefox webkit	2026-09-18T07:30:43.0325476Z |■■■■■■■■                                                                        |  10% of 109.5 MiB
shsh-check	Run pnpm exec playwright install --with-deps chromium firefox webkit	2026-09-18T07:30:43.1190183Z |■■■■■■■■■■■■■■■■                                                                |  20% of 109.5 MiB
shsh-check	Run pnpm exec playwright install --with-deps chromium firefox webkit	2026-09-18T07:30:43.1767983Z |■■■■■■■■■■■■■■■■■■■■■■■■                                                        |  30% of 109.5 MiB
shsh-check	Run pnpm exec playwright install --with-deps chromium firefox webkit	2026-09-18T07:30:43.2295673Z |■■■■■■■■■■■■■■■■■■■■■■■■■■■■■■■■                                                |  40% of 109.5 MiB
shsh-check	Run pnpm exec playwright install --with-deps chromium firefox webkit	2026-09-18T07:30:43.3068120Z |■■■■■■■■■■■■■■■■■■■■■■■■■■■■■■■■■■■■■■■■                                        |  50% of 109.5 MiB
shsh-check	Run pnpm exec playwright install --with-deps chromium firefox webkit	2026-09-18T07:30:43.3500975Z |■■■■■■■■■■■■■■■■■■■■■■■■■■■■■■■■■■■■■■■■■■■■■■■■                                |  60% of 109.5 MiB
shsh-check	Run pnpm exec playwright install --with-deps chromium firefox webkit	2026-09-18T07:30:43.4013354Z |■■■■■■■■■■■■■■■■■■■■■■■■■■■■■■■■■■■■■■■■■■■■■■■■■■■■■■■■                        |  70% of 109.5 MiB
shsh-check	Run pnpm exec playwright install --with-deps chromium firefox webkit	2026-09-18T07:30:43.4660634Z |■■■■■■■■■■■■■■■■■■■■■■■■■■■■■■■■■■■■■■■■■■■■■■■■■■■■■■■■■■■■■■■■                |  80% of 109.5 MiB
shsh-check	Run pnpm exec playwright install --with-deps chromium firefox webkit	2026-09-18T07:30:43.5075912Z |■■■■■■■■■■■■■■■■■■■■■■■■■■■■■■■■■■■■■■■■■■■■■■■■■■■■■■■■■■■■■■■■■■■■■■■■        |  90% of 109.5 MiB
shsh-check	Run pnpm exec playwright install --with-deps chromium firefox webkit	2026-09-18T07:30:43.5500472Z |■■■■■■■■■■■■■■■■■■■■■■■■■■■■■■■■■■■■■■■■■■■■■■■■■■■■■■■■■■■■■■■■■■■■■■■■■■■■■■■■| 100% of 109.5 MiB
shsh-check	Run pnpm exec playwright install --with-deps chromium firefox webkit	2026-09-18T07:30:45.7112399Z Firefox 155.0 (playwright firefox v1543) downloaded to /home/runner/.cache/ms-playwright/firefox-1543
shsh-check	Run pnpm exec playwright install --with-deps chromium firefox webkit	2026-09-18T07:30:45.7117122Z Downloading WebKit 26.6 (playwright webkit v2359) from https://cdn.playwright.dev/dbazure/download/playwright/builds/webkit/2359/webkit-ubuntu-24.04.zip
shsh-check	Run pnpm exec playwright install --with-deps chromium firefox webkit	2026-09-18T07:30:46.0768728Z |                                                                                |   0% of 102.3 MiB
shsh-check	Run pnpm exec playwright install --with-deps chromium firefox webkit	2026-09-18T07:30:46.1704219Z |■■■■■■■■                                                                        |  10% of 102.3 MiB
shsh-check	Run pnpm exec playwright install --with-deps chromium firefox webkit	2026-09-18T07:30:46.2531625Z |■■■■■■■■■■■■■■■■                                                                |  20% of 102.3 MiB
shsh-check	Run pnpm exec playwright install --with-deps chromium firefox webkit	2026-09-18T07:30:46.3404432Z |■■■■■■■■■■■■■■■■■■■■■■■■                                                        |  30% of 102.3 MiB
shsh-check	Run pnpm exec playwright install --with-deps chromium firefox webkit	2026-09-18T07:30:46.4091105Z |■■■■■■■■■■■■■■■■■■■■■■■■■■■■■■■■                                                |  40% of 102.3 MiB
shsh-check	Run pnpm exec playwright install --with-deps chromium firefox webkit	2026-09-18T07:30:46.4835456Z |■■■■■■■■■■■■■■■■■■■■■■■■■■■■■■■■■■■■■■■■                                        |  50% of 102.3 MiB
shsh-check	Run pnpm exec playwright install --with-deps chromium firefox webkit	2026-09-18T07:30:46.5577099Z |■■■■■■■■■■■■■■■■■■■■■■■■■■■■■■■■■■■■■■■■■■■■■■■■                                |  60% of 102.3 MiB
shsh-check	Run pnpm exec playwright install --with-deps chromium firefox webkit	2026-09-18T07:30:46.6159396Z |■■■■■■■■■■■■■■■■■■■■■■■■■■■■■■■■■■■■■■■■■■■■■■■■■■■■■■■■                        |  70% of 102.3 MiB
shsh-check	Run pnpm exec playwright install --with-deps chromium firefox webkit	2026-09-18T07:30:46.6976620Z |■■■■■■■■■■■■■■■■■■■■■■■■■■■■■■■■■■■■■■■■■■■■■■■■■■■■■■■■■■■■■■■■                |  80% of 102.3 MiB
shsh-check	Run pnpm exec playwright install --with-deps chromium firefox webkit	2026-09-18T07:30:46.7520540Z |■■■■■■■■■■■■■■■■■■■■■■■■■■■■■■■■■■■■■■■■■■■■■■■■■■■■■■■■■■■■■■■■■■■■■■■■        |  90% of 102.3 MiB
shsh-check	Run pnpm exec playwright install --with-deps chromium firefox webkit	2026-09-18T07:30:46.8192712Z |■■■■■■■■■■■■■■■■■■■■■■■■■■■■■■■■■■■■■■■■■■■■■■■■■■■■■■■■■■■■■■■■■■■■■■■■■■■■■■■■| 100% of 102.3 MiB
shsh-check	Run pnpm exec playwright install --with-deps chromium firefox webkit	2026-09-18T07:30:49.0139869Z WebKit 26.6 (playwright webkit v2359) downloaded to /home/runner/.cache/ms-playwright/webkit-2359
shsh-check	Verify theme, migrated output and browser behavior	﻿2026-09-18T07:30:49.3552896Z ##[group]Run mkdir -p .cache/ci
shsh-check	Verify theme, migrated output and browser behavior	2026-09-18T07:30:49.3553257Z ^[[36;1mmkdir -p .cache/ci^[[0m
shsh-check	Verify theme, migrated output and browser behavior	2026-09-18T07:30:49.3553515Z ^[[36;1mstart=$(date +%s)^[[0m
shsh-check	Verify theme, migrated output and browser behavior	2026-09-18T07:30:49.3553739Z ^[[36;1mset +e^[[0m
shsh-check	Verify theme, migrated output and browser behavior	2026-09-18T07:30:49.3553977Z ^[[36;1mpnpm check 2>&1 | tee .cache/ci/check.log^[[0m
shsh-check	Verify theme, migrated output and browser behavior	2026-09-18T07:30:49.3554298Z ^[[36;1mresult=${PIPESTATUS[0]}^[[0m
shsh-check	Verify theme, migrated output and browser behavior	2026-09-18T07:30:49.3554644Z ^[[36;1mprintf '%s\n' "$(( $(date +%s) - start ))" > .cache/ci/seconds.txt^[[0m
shsh-check	Verify theme, migrated output and browser behavior	2026-09-18T07:30:49.3554999Z ^[[36;1mexit "$result"^[[0m
shsh-check	Verify theme, migrated output and browser behavior	2026-09-18T07:30:49.3593459Z shell: /usr/bin/bash --noprofile --norc -e -o pipefail {0}
shsh-check	Verify theme, migrated output and browser behavior	2026-09-18T07:30:49.3594005Z env:
shsh-check	Verify theme, migrated output and browser behavior	2026-09-18T07:30:49.3594255Z   PNPM_HOME: /home/runner/setup-pnpm/node_modules/.bin
shsh-check	Verify theme, migrated output and browser behavior	2026-09-18T07:30:49.3594570Z ##[endgroup]
shsh-check	Verify theme, migrated output and browser behavior	2026-09-18T07:30:49.3841922Z $ pnpm format:check && pnpm lint && pnpm lint:css && pnpm check:progress && pnpm check:tooling && pnpm build:fixtures && pnpm check:theme && pnpm check:collections && pnpm check:prose && pnpm check:media && pnpm check:sharing && pnpm check:metadata && pnpm build:review && pnpm build:full-review && pnpm build:site-fixture && pnpm check:site-inputs && pnpm check:site-output && pnpm test
shsh-check	Verify theme, migrated output and browser behavior	2026-09-18T07:30:49.4006900Z $ node scripts/format.mjs
shsh-check	Verify theme, migrated output and browser behavior	2026-09-18T07:30:49.5325056Z Checking formatting...
shsh-check	Verify theme, migrated output and browser behavior	2026-09-18T07:30:49.5325427Z
shsh-check	Verify theme, migrated output and browser behavior	2026-09-18T07:30:50.8732544Z All matched files use the correct format.
shsh-check	Verify theme, migrated output and browser behavior	2026-09-18T07:30:50.8733351Z Finished in 1342ms on 201 files using 4 threads.
shsh-check	Verify theme, migrated output and browser behavior	2026-09-18T07:30:51.7262454Z Go templates: 58 checked, 0 differ.
shsh-check	Verify theme, migrated output and browser behavior	2026-09-18T07:30:51.7558262Z $ oxlint --type-aware --type-check --deny-warnings scripts tests assets playwright.config.ts
shsh-check	Verify theme, migrated output and browser behavior	2026-09-18T07:30:52.2653457Z Found 0 warnings and 0 errors.
shsh-check	Verify theme, migrated output and browser behavior	2026-09-18T07:30:52.2654541Z Finished in 471ms on 41 files with 112 rules using 4 threads.
shsh-check	Verify theme, migrated output and browser behavior	2026-09-18T07:30:52.2863225Z $ stylelint "assets/css/**/*.css" "tests/fixtures/**/*.css" --allow-empty-input
shsh-check	Verify theme, migrated output and browser behavior	2026-09-18T07:30:53.0245504Z $ node scripts/verify-progress.mjs
shsh-check	Verify theme, migrated output and browser behavior	2026-09-18T07:30:53.1509844Z Progress valid: 38 tasks; requirements Q1–Q34; discipline Q1–Q9; references and DAG checked. Human evidence still requires review.
shsh-check	Verify theme, migrated output and browser behavior	2026-09-18T07:30:53.1761861Z $ node --experimental-strip-types scripts/verify-tooling.ts
shsh-check	Verify theme, migrated output and browser behavior	2026-09-18T07:30:54.1774914Z Toolchain probes passed. Hugo/formatter output is ready for three-engine browser comparison.
shsh-check	Verify theme, migrated output and browser behavior	2026-09-18T07:30:54.1779444Z { hugo_before_ms: 53, template_format_ms: 102, hugo_after_ms: 52 }
shsh-check	Verify theme, migrated output and browser behavior	2026-09-18T07:30:54.2140259Z $ node scripts/build-fixtures.ts
shsh-check	Verify theme, migrated output and browser behavior	2026-09-18T07:30:54.3296264Z Start building sites …
shsh-check	Verify theme, migrated output and browser behavior	2026-09-18T07:30:54.3297278Z hugo v0.166.0-78400b4de8adc99273d3e674ed6c4d14c3bdf669 linux/amd64 BuildDate=2026-09-09T14:45:02Z VendorInfo=gohugoio
shsh-check	Verify theme, migrated output and browser behavior	2026-09-18T07:30:54.3297852Z
shsh-check	Verify theme, migrated output and browser behavior	2026-09-18T07:30:54.4086980Z
shsh-check	Verify theme, migrated output and browser behavior	2026-09-18T07:30:54.4089913Z                   │ JA
shsh-check	Verify theme, migrated output and browser behavior	2026-09-18T07:30:54.4090371Z ──────────────────┼────
shsh-check	Verify theme, migrated output and browser behavior	2026-09-18T07:30:54.4090672Z  Pages            │ 16
shsh-check	Verify theme, migrated output and browser behavior	2026-09-18T07:30:54.4090930Z  Paginator pages  │  4
shsh-check	Verify theme, migrated output and browser behavior	2026-09-18T07:30:54.4091182Z  Non-page files   │  0
shsh-check	Verify theme, migrated output and browser behavior	2026-09-18T07:30:54.4091791Z  Static files     │  0
shsh-check	Verify theme, migrated output and browser behavior	2026-09-18T07:30:54.4092089Z  Processed images │  0
shsh-check	Verify theme, migrated output and browser behavior	2026-09-18T07:30:54.4092330Z  Aliases          │  2
shsh-check	Verify theme, migrated output and browser behavior	2026-09-18T07:30:54.4092559Z  Cleaned          │  0
shsh-check	Verify theme, migrated output and browser behavior	2026-09-18T07:30:54.4092688Z
shsh-check	Verify theme, migrated output and browser behavior	2026-09-18T07:30:54.4092777Z Total in 81 ms
shsh-check	Verify theme, migrated output and browser behavior	2026-09-18T07:30:54.4467742Z Start building sites …
shsh-check	Verify theme, migrated output and browser behavior	2026-09-18T07:30:54.4469065Z hugo v0.166.0-78400b4de8adc99273d3e674ed6c4d14c3bdf669 linux/amd64 BuildDate=2026-09-09T14:45:02Z VendorInfo=gohugoio
shsh-check	Verify theme, migrated output and browser behavior	2026-09-18T07:30:54.4469964Z
shsh-check	Verify theme, migrated output and browser behavior	2026-09-18T07:30:54.5151277Z
shsh-check	Verify theme, migrated output and browser behavior	2026-09-18T07:30:54.5154912Z                   │ JA
shsh-check	Verify theme, migrated output and browser behavior	2026-09-18T07:30:54.5155371Z ──────────────────┼────
shsh-check	Verify theme, migrated output and browser behavior	2026-09-18T07:30:54.5155662Z  Pages            │ 16
shsh-check	Verify theme, migrated output and browser behavior	2026-09-18T07:30:54.5155925Z  Paginator pages  │  4
shsh-check	Verify theme, migrated output and browser behavior	2026-09-18T07:30:54.5156183Z  Non-page files   │  0
shsh-check	Verify theme, migrated output and browser behavior	2026-09-18T07:30:54.5156428Z  Static files     │  0
shsh-check	Verify theme, migrated output and browser behavior	2026-09-18T07:30:54.5156680Z  Processed images │  0
shsh-check	Verify theme, migrated output and browser behavior	2026-09-18T07:30:54.5156931Z  Aliases          │  2
shsh-check	Verify theme, migrated output and browser behavior	2026-09-18T07:30:54.5157171Z  Cleaned          │  0
shsh-check	Verify theme, migrated output and browser behavior	2026-09-18T07:30:54.5157304Z
shsh-check	Verify theme, migrated output and browser behavior	2026-09-18T07:30:54.5157715Z Total in 69 ms
shsh-check	Verify theme, migrated output and browser behavior	2026-09-18T07:30:54.5561665Z Start building sites …
shsh-check	Verify theme, migrated output and browser behavior	2026-09-18T07:30:54.6243340Z hugo v0.166.0-78400b4de8adc99273d3e674ed6c4d14c3bdf669 linux/amd64 BuildDate=2026-09-09T14:45:02Z VendorInfo=gohugoio
shsh-check	Verify theme, migrated output and browser behavior	2026-09-18T07:30:54.6244247Z
shsh-check	Verify theme, migrated output and browser behavior	2026-09-18T07:30:54.6244261Z
shsh-check	Verify theme, migrated output and browser behavior	2026-09-18T07:30:54.6244614Z                   │ JA
shsh-check	Verify theme, migrated output and browser behavior	2026-09-18T07:30:54.6244973Z ──────────────────┼────
shsh-check	Verify theme, migrated output and browser behavior	2026-09-18T07:30:54.6245280Z  Pages            │ 16
shsh-check	Verify theme, migrated output and browser behavior	2026-09-18T07:30:54.6245573Z  Paginator pages  │  4
shsh-check	Verify theme, migrated output and browser behavior	2026-09-18T07:30:54.6245866Z  Non-page files   │  0
shsh-check	Verify theme, migrated output and browser behavior	2026-09-18T07:30:54.6246451Z  Static files     │  0
shsh-check	Verify theme, migrated output and browser behavior	2026-09-18T07:30:54.6246749Z  Processed images │  0
shsh-check	Verify theme, migrated output and browser behavior	2026-09-18T07:30:54.6247034Z  Aliases          │  2
shsh-check	Verify theme, migrated output and browser behavior	2026-09-18T07:30:54.6247314Z  Cleaned          │  0
shsh-check	Verify theme, migrated output and browser behavior	2026-09-18T07:30:54.6247470Z
shsh-check	Verify theme, migrated output and browser behavior	2026-09-18T07:30:54.6247568Z Total in 69 ms
shsh-check	Verify theme, migrated output and browser behavior	2026-09-18T07:30:54.6494489Z $ node scripts/verify-theme.ts
shsh-check	Verify theme, migrated output and browser behavior	2026-09-18T07:30:56.7093968Z Theme foundation: HTML, production/preview/development assets, invalid configuration and minimal alternative site passed.
shsh-check	Verify theme, migrated output and browser behavior	2026-09-18T07:30:56.7415462Z $ node scripts/verify-collections.ts
shsh-check	Verify theme, migrated output and browser behavior	2026-09-18T07:30:58.5649267Z Collections: empty/single/default10/custom2, UTC ties, mainSections, publication filters, summaries, dates and invalid inputs passed.
shsh-check	Verify theme, migrated output and browser behavior	2026-09-18T07:30:58.6538191Z Discovery: local year/month, all-section order, tie navigation, fixed-page exclusion, original term case and HTML/feed title consistency passed.
shsh-check	Verify theme, migrated output and browser behavior	2026-09-18T07:30:58.6774765Z $ node scripts/verify-prose.ts
shsh-check	Verify theme, migrated output and browser behavior	2026-09-18T07:30:59.4432991Z Prose: date fallback/day boundaries/visibility/types, legal footnote IDs, full real article HTML and native heading IDs passed.
shsh-check	Verify theme, migrated output and browser behavior	2026-09-18T07:30:59.4729031Z $ node scripts/verify-media.ts
shsh-check	Verify theme, migrated output and browser behavior	2026-09-18T07:30:59.7223534Z Start building sites …
shsh-check	Verify theme, migrated output and browser behavior	2026-09-18T07:30:59.7224881Z hugo v0.166.0-78400b4de8adc99273d3e674ed6c4d14c3bdf669 linux/amd64 BuildDate=2026-09-09T14:45:02Z VendorInfo=gohugoio
shsh-check	Verify theme, migrated output and browser behavior	2026-09-18T07:30:59.7225718Z
shsh-check	Verify theme, migrated output and browser behavior	2026-09-18T07:31:07.1394677Z
shsh-check	Verify theme, migrated output and browser behavior	2026-09-18T07:31:07.1397641Z                   │ JA
shsh-check	Verify theme, migrated output and browser behavior	2026-09-18T07:31:07.1398145Z ──────────────────┼────
shsh-check	Verify theme, migrated output and browser behavior	2026-09-18T07:31:07.1398489Z  Pages            │ 15
shsh-check	Verify theme, migrated output and browser behavior	2026-09-18T07:31:07.1398817Z  Paginator pages  │  2
shsh-check	Verify theme, migrated output and browser behavior	2026-09-18T07:31:07.1399138Z  Non-page files   │ 13
shsh-check	Verify theme, migrated output and browser behavior	2026-09-18T07:31:07.1399456Z  Static files     │  4
shsh-check	Verify theme, migrated output and browser behavior	2026-09-18T07:31:07.1399771Z  Processed images │ 46
shsh-check	Verify theme, migrated output and browser behavior	2026-09-18T07:31:07.1400080Z  Aliases          │  2
shsh-check	Verify theme, migrated output and browser behavior	2026-09-18T07:31:07.1400383Z  Cleaned          │  0
shsh-check	Verify theme, migrated output and browser behavior	2026-09-18T07:31:07.1400551Z
shsh-check	Verify theme, migrated output and browser behavior	2026-09-18T07:31:07.1400658Z Total in 7418 ms
shsh-check	Verify theme, migrated output and browser behavior	2026-09-18T07:31:07.1806594Z Start building sites …
shsh-check	Verify theme, migrated output and browser behavior	2026-09-18T07:31:07.1807832Z hugo v0.166.0-78400b4de8adc99273d3e674ed6c4d14c3bdf669 linux/amd64 BuildDate=2026-09-09T14:45:02Z VendorInfo=gohugoio
shsh-check	Verify theme, migrated output and browser behavior	2026-09-18T07:31:07.1808352Z
shsh-check	Verify theme, migrated output and browser behavior	2026-09-18T07:31:07.2483550Z
shsh-check	Verify theme, migrated output and browser behavior	2026-09-18T07:31:07.2485925Z                   │ JA
shsh-check	Verify theme, migrated output and browser behavior	2026-09-18T07:31:07.2486580Z ──────────────────┼────
shsh-check	Verify theme, migrated output and browser behavior	2026-09-18T07:31:07.2487056Z  Pages            │ 15
shsh-check	Verify theme, migrated output and browser behavior	2026-09-18T07:31:07.2487365Z  Paginator pages  │  2
shsh-check	Verify theme, migrated output and browser behavior	2026-09-18T07:31:07.2487628Z  Non-page files   │ 13
shsh-check	Verify theme, migrated output and browser behavior	2026-09-18T07:31:07.2487920Z  Static files     │  4
shsh-check	Verify theme, migrated output and browser behavior	2026-09-18T07:31:07.2488182Z  Processed images │ 46
shsh-check	Verify theme, migrated output and browser behavior	2026-09-18T07:31:07.2488434Z  Aliases          │  2
shsh-check	Verify theme, migrated output and browser behavior	2026-09-18T07:31:07.2488671Z  Cleaned          │  0
shsh-check	Verify theme, migrated output and browser behavior	2026-09-18T07:31:07.2488805Z
shsh-check	Verify theme, migrated output and browser behavior	2026-09-18T07:31:07.2488890Z Total in 69 ms
shsh-check	Verify theme, migrated output and browser behavior	2026-09-18T07:31:08.9231887Z Media: production/preview HTML, unchanged original media, unavailable external URL and invalid inputs passed.
shsh-check	Verify theme, migrated output and browser behavior	2026-09-18T07:31:08.9547493Z $ node scripts/verify-sharing.ts
shsh-check	Verify theme, migrated output and browser behavior	2026-09-18T07:31:10.3559950Z Sharing: defaults, ordered services, fixed pages/posts, escaped title/URLs, author setting, invalid inputs and preview isolation passed.
shsh-check	Verify theme, migrated output and browser behavior	2026-09-18T07:31:10.3845753Z $ node scripts/verify-metadata.ts
shsh-check	Verify theme, migrated output and browser behavior	2026-09-18T07:31:15.7471986Z Metadata fixtures: all HTML valid; asset/static/external defaults, bundle isolation, input failures, preview and empty feed built. XML/head assertions run in metadata.spec.ts.
shsh-check	Verify theme, migrated output and browser behavior	2026-09-18T07:31:15.7946076Z $ node scripts/build-review-fixture.ts
shsh-check	Verify theme, migrated output and browser behavior	2026-09-18T07:31:15.9624762Z Start building sites …
shsh-check	Verify theme, migrated output and browser behavior	2026-09-18T07:31:15.9626470Z hugo v0.166.0-78400b4de8adc99273d3e674ed6c4d14c3bdf669 linux/amd64 BuildDate=2026-09-09T14:45:02Z VendorInfo=gohugoio
shsh-check	Verify theme, migrated output and browser behavior	2026-09-18T07:31:15.9627176Z
shsh-check	Verify theme, migrated output and browser behavior	2026-09-18T07:31:31.3700448Z
shsh-check	Verify theme, migrated output and browser behavior	2026-09-18T07:31:31.3702337Z                   │ JA
shsh-check	Verify theme, migrated output and browser behavior	2026-09-18T07:31:31.3702957Z ──────────────────┼────
shsh-check	Verify theme, migrated output and browser behavior	2026-09-18T07:31:31.3703428Z  Pages            │ 46
shsh-check	Verify theme, migrated output and browser behavior	2026-09-18T07:31:31.3704058Z  Paginator pages  │  5
shsh-check	Verify theme, migrated output and browser behavior	2026-09-18T07:31:31.3704516Z  Non-page files   │  6
shsh-check	Verify theme, migrated output and browser behavior	2026-09-18T07:31:31.3704975Z  Static files     │  0
shsh-check	Verify theme, migrated output and browser behavior	2026-09-18T07:31:31.3705761Z  Processed images │ 54
shsh-check	Verify theme, migrated output and browser behavior	2026-09-18T07:31:31.3706189Z  Aliases          │ 15
shsh-check	Verify theme, migrated output and browser behavior	2026-09-18T07:31:31.3706599Z  Cleaned          │  0
shsh-check	Verify theme, migrated output and browser behavior	2026-09-18T07:31:31.3706827Z
shsh-check	Verify theme, migrated output and browser behavior	2026-09-18T07:31:31.3706990Z Total in 15409 ms
shsh-check	Verify theme, migrated output and browser behavior	2026-09-18T07:31:31.4096692Z Start building sites …
shsh-check	Verify theme, migrated output and browser behavior	2026-09-18T07:31:31.4098109Z hugo v0.166.0-78400b4de8adc99273d3e674ed6c4d14c3bdf669 linux/amd64 BuildDate=2026-09-09T14:45:02Z VendorInfo=gohugoio
shsh-check	Verify theme, migrated output and browser behavior	2026-09-18T07:31:31.4098983Z
shsh-check	Verify theme, migrated output and browser behavior	2026-09-18T07:31:31.5473414Z
shsh-check	Verify theme, migrated output and browser behavior	2026-09-18T07:31:31.5474890Z                   │ JA
shsh-check	Verify theme, migrated output and browser behavior	2026-09-18T07:31:31.5475529Z ──────────────────┼────
shsh-check	Verify theme, migrated output and browser behavior	2026-09-18T07:31:31.5476024Z  Pages            │ 46
shsh-check	Verify theme, migrated output and browser behavior	2026-09-18T07:31:31.5476461Z  Paginator pages  │  5
shsh-check	Verify theme, migrated output and browser behavior	2026-09-18T07:31:31.5476794Z  Non-page files   │  6
shsh-check	Verify theme, migrated output and browser behavior	2026-09-18T07:31:31.5477046Z  Static files     │  0
shsh-check	Verify theme, migrated output and browser behavior	2026-09-18T07:31:31.5477298Z  Processed images │ 54
shsh-check	Verify theme, migrated output and browser behavior	2026-09-18T07:31:31.5477551Z  Aliases          │ 15
shsh-check	Verify theme, migrated output and browser behavior	2026-09-18T07:31:31.5477809Z  Cleaned          │  0
shsh-check	Verify theme, migrated output and browser behavior	2026-09-18T07:31:31.5477953Z
shsh-check	Verify theme, migrated output and browser behavior	2026-09-18T07:31:31.5478078Z Total in 139 ms
shsh-check	Verify theme, migrated output and browser behavior	2026-09-18T07:31:31.5735748Z $ node scripts/build-full-review.ts
shsh-check	Verify theme, migrated output and browser behavior	2026-09-18T07:31:31.8279346Z Start building sites …
shsh-check	Verify theme, migrated output and browser behavior	2026-09-18T07:31:31.8280289Z hugo v0.166.0-78400b4de8adc99273d3e674ed6c4d14c3bdf669 linux/amd64 BuildDate=2026-09-09T14:45:02Z VendorInfo=gohugoio
shsh-check	Verify theme, migrated output and browser behavior	2026-09-18T07:31:31.8280806Z
shsh-check	Verify theme, migrated output and browser behavior	2026-09-18T07:31:31.9400068Z
shsh-check	Verify theme, migrated output and browser behavior	2026-09-18T07:31:31.9401983Z                   │ JA
shsh-check	Verify theme, migrated output and browser behavior	2026-09-18T07:31:31.9402612Z ──────────────────┼────
shsh-check	Verify theme, migrated output and browser behavior	2026-09-18T07:31:31.9403047Z  Pages            │ 24
shsh-check	Verify theme, migrated output and browser behavior	2026-09-18T07:31:31.9403369Z  Paginator pages  │  8
shsh-check	Verify theme, migrated output and browser behavior	2026-09-18T07:31:31.9403633Z  Non-page files   │  6
shsh-check	Verify theme, migrated output and browser behavior	2026-09-18T07:31:31.9403896Z  Static files     │  0
shsh-check	Verify theme, migrated output and browser behavior	2026-09-18T07:31:31.9404150Z  Processed images │ 54
shsh-check	Verify theme, migrated output and browser behavior	2026-09-18T07:31:31.9404401Z  Aliases          │  4
shsh-check	Verify theme, migrated output and browser behavior	2026-09-18T07:31:31.9404648Z  Cleaned          │  0
shsh-check	Verify theme, migrated output and browser behavior	2026-09-18T07:31:31.9404785Z
shsh-check	Verify theme, migrated output and browser behavior	2026-09-18T07:31:31.9404873Z Total in 113 ms
shsh-check	Verify theme, migrated output and browser behavior	2026-09-18T07:31:31.9884148Z Start building sites …
shsh-check	Verify theme, migrated output and browser behavior	2026-09-18T07:31:31.9885192Z hugo v0.166.0-78400b4de8adc99273d3e674ed6c4d14c3bdf669 linux/amd64 BuildDate=2026-09-09T14:45:02Z VendorInfo=gohugoio
shsh-check	Verify theme, migrated output and browser behavior	2026-09-18T07:31:31.9885760Z
shsh-check	Verify theme, migrated output and browser behavior	2026-09-18T07:31:32.0613980Z
shsh-check	Verify theme, migrated output and browser behavior	2026-09-18T07:31:32.0615699Z                   │ JA
shsh-check	Verify theme, migrated output and browser behavior	2026-09-18T07:31:32.0616308Z ──────────────────┼────
shsh-check	Verify theme, migrated output and browser behavior	2026-09-18T07:31:32.0616600Z  Pages            │ 15
shsh-check	Verify theme, migrated output and browser behavior	2026-09-18T07:31:32.0616868Z  Paginator pages  │  0
shsh-check	Verify theme, migrated output and browser behavior	2026-09-18T07:31:32.0617120Z  Non-page files   │  0
shsh-check	Verify theme, migrated output and browser behavior	2026-09-18T07:31:32.0617366Z  Static files     │  0
shsh-check	Verify theme, migrated output and browser behavior	2026-09-18T07:31:32.0617611Z  Processed images │ 15
shsh-check	Verify theme, migrated output and browser behavior	2026-09-18T07:31:32.0617907Z  Aliases          │  2
shsh-check	Verify theme, migrated output and browser behavior	2026-09-18T07:31:32.0618139Z  Cleaned          │  0
shsh-check	Verify theme, migrated output and browser behavior	2026-09-18T07:31:32.0618269Z
shsh-check	Verify theme, migrated output and browser behavior	2026-09-18T07:31:32.0618353Z Total in 74 ms
shsh-check	Verify theme, migrated output and browser behavior	2026-09-18T07:31:32.1090673Z Start building sites …
shsh-check	Verify theme, migrated output and browser behavior	2026-09-18T07:31:32.1092004Z hugo v0.166.0-78400b4de8adc99273d3e674ed6c4d14c3bdf669 linux/amd64 BuildDate=2026-09-09T14:45:02Z VendorInfo=gohugoio
shsh-check	Verify theme, migrated output and browser behavior	2026-09-18T07:31:32.1092528Z
shsh-check	Verify theme, migrated output and browser behavior	2026-09-18T07:31:32.1854145Z
shsh-check	Verify theme, migrated output and browser behavior	2026-09-18T07:31:32.1856418Z                   │ JA
shsh-check	Verify theme, migrated output and browser behavior	2026-09-18T07:31:32.1857131Z ──────────────────┼────
shsh-check	Verify theme, migrated output and browser behavior	2026-09-18T07:31:32.1857678Z  Pages            │ 16
shsh-check	Verify theme, migrated output and browser behavior	2026-09-18T07:31:32.1857968Z  Paginator pages  │  0
shsh-check	Verify theme, migrated output and browser behavior	2026-09-18T07:31:32.1858221Z  Non-page files   │  0
shsh-check	Verify theme, migrated output and browser behavior	2026-09-18T07:31:32.1858465Z  Static files     │  0
shsh-check	Verify theme, migrated output and browser behavior	2026-09-18T07:31:32.1858716Z  Processed images │ 15
shsh-check	Verify theme, migrated output and browser behavior	2026-09-18T07:31:32.1858959Z  Aliases          │  2
shsh-check	Verify theme, migrated output and browser behavior	2026-09-18T07:31:32.1859193Z  Cleaned          │  0
shsh-check	Verify theme, migrated output and browser behavior	2026-09-18T07:31:32.1859321Z
shsh-check	Verify theme, migrated output and browser behavior	2026-09-18T07:31:32.1859407Z Total in 78 ms
shsh-check	Verify theme, migrated output and browser behavior	2026-09-18T07:31:32.1897527Z Full review: 40 frozen product screens mapped; specimen stays in representative suite.
shsh-check	Verify theme, migrated output and browser behavior	2026-09-18T07:31:34.0369705Z Full review HTML: all production, preview and boundary fixture pages valid.
shsh-check	Verify theme, migrated output and browser behavior	2026-09-18T07:31:34.0785611Z $ node scripts/build-site-fixture.ts
shsh-check	Verify theme, migrated output and browser behavior	2026-09-18T07:31:52.7680876Z {
shsh-check	Verify theme, migrated output and browser behavior	2026-09-18T07:31:52.7681517Z   "command": [
shsh-check	Verify theme, migrated output and browser behavior	2026-09-18T07:31:52.7681876Z     "hugo",
shsh-check	Verify theme, migrated output and browser behavior	2026-09-18T07:31:52.7682203Z     "--source",
shsh-check	Verify theme, migrated output and browser behavior	2026-09-18T07:31:52.7682926Z     "/home/runner/work/shimoju.jp/shimoju.jp/themes/shsh/.cache/site/source",
shsh-check	Verify theme, migrated output and browser behavior	2026-09-18T07:31:52.7683905Z     "--themesDir",
shsh-check	Verify theme, migrated output and browser behavior	2026-09-18T07:31:52.7684390Z     "/home/runner/work/shimoju.jp/shimoju.jp/themes",
shsh-check	Verify theme, migrated output and browser behavior	2026-09-18T07:31:52.7684709Z     "--destination",
shsh-check	Verify theme, migrated output and browser behavior	2026-09-18T07:31:52.7685120Z     "/home/runner/work/shimoju.jp/shimoju.jp/themes/shsh/.cache/site/production",
shsh-check	Verify theme, migrated output and browser behavior	2026-09-18T07:31:52.7685550Z     "--cacheDir",
shsh-check	Verify theme, migrated output and browser behavior	2026-09-18T07:31:52.7685935Z     "/home/runner/work/shimoju.jp/shimoju.jp/themes/shsh/.cache/site/hugo-cache",
shsh-check	Verify theme, migrated output and browser behavior	2026-09-18T07:31:52.7686337Z     "--environment",
shsh-check	Verify theme, migrated output and browser behavior	2026-09-18T07:31:52.7686559Z     "production",
shsh-check	Verify theme, migrated output and browser behavior	2026-09-18T07:31:52.7686759Z     "--clock",
shsh-check	Verify theme, migrated output and browser behavior	2026-09-18T07:31:52.7686991Z     "2026-09-17T12:00:00+09:00",
shsh-check	Verify theme, migrated output and browser behavior	2026-09-18T07:31:52.7687242Z     "--cleanDestinationDir",
shsh-check	Verify theme, migrated output and browser behavior	2026-09-18T07:31:52.7687484Z     "--panicOnWarning"
shsh-check	Verify theme, migrated output and browser behavior	2026-09-18T07:31:52.7687716Z   ],
shsh-check	Verify theme, migrated output and browser behavior	2026-09-18T07:31:52.7687897Z   "live": false,
shsh-check	Verify theme, migrated output and browser behavior	2026-09-18T07:31:52.7688132Z   "environment": "production",
shsh-check	Verify theme, migrated output and browser behavior	2026-09-18T07:31:52.7688366Z   "exitCode": 0,
shsh-check	Verify theme, migrated output and browser behavior	2026-09-18T07:31:52.7688590Z   "seconds": 18.603419547999998,
shsh-check	Verify theme, migrated output and browser behavior	2026-09-18T07:31:52.7690681Z   "stdout": "Start building sites … \nhugo v0.166.0-78400b4de8adc99273d3e674ed6c4d14c3bdf669 linux/amd64 BuildDate=2026-09-09T14:45:02Z VendorInfo=gohugoio\n\n\n                  │ JA  \n──────────────────┼─────\n Pages            │ 160 \n Paginator pages  │  14 \n Non-page files   │  19 \n Static files     │   6 \n Processed images │ 124 \n Aliases          │  46 \n Cleaned          │   0 \n\nTotal in 18552 ms\n",
shsh-check	Verify theme, migrated output and browser behavior	2026-09-18T07:31:52.7692624Z   "stderr": ""
shsh-check	Verify theme, migrated output and browser behavior	2026-09-18T07:31:52.7692838Z }
shsh-check	Verify theme, migrated output and browser behavior	2026-09-18T07:31:53.1002219Z {
shsh-check	Verify theme, migrated output and browser behavior	2026-09-18T07:31:53.1002704Z   "command": [
shsh-check	Verify theme, migrated output and browser behavior	2026-09-18T07:31:53.1003068Z     "hugo",
shsh-check	Verify theme, migrated output and browser behavior	2026-09-18T07:31:53.1003397Z     "--source",
shsh-check	Verify theme, migrated output and browser behavior	2026-09-18T07:31:53.1004038Z     "/home/runner/work/shimoju.jp/shimoju.jp/themes/shsh/.cache/site/source",
shsh-check	Verify theme, migrated output and browser behavior	2026-09-18T07:31:53.1004689Z     "--themesDir",
shsh-check	Verify theme, migrated output and browser behavior	2026-09-18T07:31:53.1005152Z     "/home/runner/work/shimoju.jp/shimoju.jp/themes",
shsh-check	Verify theme, migrated output and browser behavior	2026-09-18T07:31:53.1005650Z     "--destination",
shsh-check	Verify theme, migrated output and browser behavior	2026-09-18T07:31:53.1006317Z     "/home/runner/work/shimoju.jp/shimoju.jp/themes/shsh/.cache/site/preview",
shsh-check	Verify theme, migrated output and browser behavior	2026-09-18T07:31:53.1007020Z     "--cacheDir",
shsh-check	Verify theme, migrated output and browser behavior	2026-09-18T07:31:53.1007626Z     "/home/runner/work/shimoju.jp/shimoju.jp/themes/shsh/.cache/site/hugo-cache",
shsh-check	Verify theme, migrated output and browser behavior	2026-09-18T07:31:53.1008237Z     "--environment",
shsh-check	Verify theme, migrated output and browser behavior	2026-09-18T07:31:53.1008544Z     "preview",
shsh-check	Verify theme, migrated output and browser behavior	2026-09-18T07:31:53.1008824Z     "--clock",
shsh-check	Verify theme, migrated output and browser behavior	2026-09-18T07:31:53.1009157Z     "2026-09-17T12:00:00+09:00",
shsh-check	Verify theme, migrated output and browser behavior	2026-09-18T07:31:53.1009557Z     "--cleanDestinationDir",
shsh-check	Verify theme, migrated output and browser behavior	2026-09-18T07:31:53.1009986Z     "--panicOnWarning",
shsh-check	Verify theme, migrated output and browser behavior	2026-09-18T07:31:53.1010355Z     "--baseURL",
shsh-check	Verify theme, migrated output and browser behavior	2026-09-18T07:31:53.1010743Z     "https://preview.invalid/"
shsh-check	Verify theme, migrated output and browser behavior	2026-09-18T07:31:53.1011201Z   ],
shsh-check	Verify theme, migrated output and browser behavior	2026-09-18T07:31:53.1011777Z   "live": false,
shsh-check	Verify theme, migrated output and browser behavior	2026-09-18T07:31:53.1012167Z   "environment": "preview",
shsh-check	Verify theme, migrated output and browser behavior	2026-09-18T07:31:53.1012565Z   "exitCode": 0,
shsh-check	Verify theme, migrated output and browser behavior	2026-09-18T07:31:53.1012940Z   "seconds": 0.3315804019999996,
shsh-check	Verify theme, migrated output and browser behavior	2026-09-18T07:31:53.1016560Z   "stdout": "Start building sites … \nhugo v0.166.0-78400b4de8adc99273d3e674ed6c4d14c3bdf669 linux/amd64 BuildDate=2026-09-09T14:45:02Z VendorInfo=gohugoio\n\n\n                  │ JA  \n──────────────────┼─────\n Pages            │ 160 \n Paginator pages  │  14 \n Non-page files   │  19 \n Static files     │   6 \n Processed images │ 124 \n Aliases          │  46 \n Cleaned          │   0 \n\nTotal in 294 ms\n",
shsh-check	Verify theme, migrated output and browser behavior	2026-09-18T07:31:53.1019086Z   "stderr": ""
shsh-check	Verify theme, migrated output and browser behavior	2026-09-18T07:31:53.1019396Z }
shsh-check	Verify theme, migrated output and browser behavior	2026-09-18T07:31:53.1231875Z $ node scripts/verify-site-inputs.ts
shsh-check	Verify theme, migrated output and browser behavior	2026-09-18T07:31:53.4026257Z Site inputs: 80 original source/assets, 7 authorized changes, 62 Markdown files and 46 embeds verified. Offline production/preview passed.
shsh-check	Verify theme, migrated output and browser behavior	2026-09-18T07:31:53.4300720Z $ node scripts/verify-site-output.ts
shsh-check	Verify theme, migrated output and browser behavior	2026-09-18T07:31:57.4282477Z All 340 production/preview HTML files valid; F015 exact-title length exception only.
shsh-check	Verify theme, migrated output and browser behavior	2026-09-18T07:31:57.4709490Z $ playwright test
shsh-check	Verify theme, migrated output and browser behavior	2026-09-18T07:31:58.6729240Z
shsh-check	Verify theme, migrated output and browser behavior	2026-09-18T07:31:58.6730450Z Running 240 tests using 2 workers
shsh-check	Verify theme, migrated output and browser behavior	2026-09-18T07:31:58.6730748Z
shsh-check	Verify theme, migrated output and browser behavior	2026-09-18T07:32:00.8039512Z   ✓    1 [chromium] › tests/collections.spec.ts:4:1 › home and section pagination retain newer-left/older-right and first-page introduction (1.3s)
shsh-check	Verify theme, migrated output and browser behavior	2026-09-18T07:32:01.2547709Z   ✓    3 [chromium] › tests/collections.spec.ts:91:1 › pagination and whole-card links work without JavaScript (432ms)
shsh-check	Verify theme, migrated output and browser behavior	2026-09-18T07:32:06.3561183Z   ✓    2 [chromium] › tests/collections.spec.ts:29:1 › list text, separators and pager preserve frozen mock styles in both widths and palettes (6.9s)
shsh-check	Verify theme, migrated output and browser behavior	2026-09-18T07:32:07.1417766Z   ✓    4 [chromium] › tests/full-review.spec.ts:8:3 › Full screen home (5.9s)
shsh-check	Verify theme, migrated output and browser behavior	2026-09-18T07:32:11.3400221Z   ✓    5 [chromium] › tests/full-review.spec.ts:8:3 › Full screen home-2 (5.0s)
shsh-check	Verify theme, migrated output and browser behavior	2026-09-18T07:32:11.8156782Z   ✓    6 [chromium] › tests/full-review.spec.ts:8:3 › Full screen home-3 (4.7s)
shsh-check	Verify theme, migrated output and browser behavior	2026-09-18T07:32:16.7574708Z   ✓    7 [chromium] › tests/full-review.spec.ts:8:3 › Full screen posts (5.4s)
shsh-check	Verify theme, migrated output and browser behavior	2026-09-18T07:32:16.7622063Z   ✓    8 [chromium] › tests/full-review.spec.ts:8:3 › Full screen posts-2 (4.9s)
shsh-check	Verify theme, migrated output and browser behavior	2026-09-18T07:32:21.2696534Z   ✓    9 [chromium] › tests/full-review.spec.ts:8:3 › Full screen posts-3 (4.5s)
shsh-check	Verify theme, migrated output and browser behavior	2026-09-18T07:32:21.6505781Z   ✓   10 [chromium] › tests/full-review.spec.ts:8:3 › Full screen tags (4.9s)
shsh-check	Verify theme, migrated output and browser behavior	2026-09-18T07:32:25.6715662Z   ✓   11 [chromium] › tests/full-review.spec.ts:8:3 › Full screen tags-empty (4.4s)
shsh-check	Verify theme, migrated output and browser behavior	2026-09-18T07:32:26.7241971Z   ✓   12 [chromium] › tests/full-review.spec.ts:8:3 › Full screen tag-1 (5.1s)
shsh-check	Verify theme, migrated output and browser behavior	2026-09-18T07:32:30.0923323Z   ✓   13 [chromium] › tests/full-review.spec.ts:8:3 › Full screen tag-2 (4.4s)
shsh-check	Verify theme, migrated output and browser behavior	2026-09-18T07:32:31.7687179Z   ✓   14 [chromium] › tests/full-review.spec.ts:8:3 › Full screen tag-3 (5.0s)
shsh-check	Verify theme, migrated output and browser behavior	2026-09-18T07:32:35.0242745Z   ✓   15 [chromium] › tests/full-review.spec.ts:8:3 › Full screen tag-4 (4.9s)
shsh-check	Verify theme, migrated output and browser behavior	2026-09-18T07:32:36.7006804Z   ✓   16 [chromium] › tests/full-review.spec.ts:8:3 › Full screen tag-5 (4.9s)
shsh-check	Verify theme, migrated output and browser behavior	2026-09-18T07:32:39.4957233Z   ✓   17 [chromium] › tests/full-review.spec.ts:8:3 › Full screen tag-6 (4.5s)
shsh-check	Verify theme, migrated output and browser behavior	2026-09-18T07:32:41.6892305Z   ✓   18 [chromium] › tests/full-review.spec.ts:8:3 › Full screen tag-7 (5.0s)
shsh-check	Verify theme, migrated output and browser behavior	2026-09-18T07:32:44.6444585Z   ✓   19 [chromium] › tests/full-review.spec.ts:8:3 › Full screen tag-8 (5.1s)
shsh-check	Verify theme, migrated output and browser behavior	2026-09-18T07:32:46.2077440Z   ✓   20 [chromium] › tests/full-review.spec.ts:8:3 › Full screen tag-9 (4.5s)
shsh-check	Verify theme, migrated output and browser behavior	2026-09-18T07:32:49.6513650Z   ✓   21 [chromium] › tests/full-review.spec.ts:8:3 › Full screen tag-10 (5.0s)
shsh-check	Verify theme, migrated output and browser behavior	2026-09-18T07:32:51.2660132Z   ✓   22 [chromium] › tests/full-review.spec.ts:8:3 › Full screen tag-11 (5.0s)
shsh-check	Verify theme, migrated output and browser behavior	2026-09-18T07:32:54.0755828Z   ✓   23 [chromium] › tests/full-review.spec.ts:8:3 › Full screen categories (4.4s)
shsh-check	Verify theme, migrated output and browser behavior	2026-09-18T07:32:55.6005682Z   ✓   24 [chromium] › tests/full-review.spec.ts:8:3 › Full screen categories-empty (4.3s)
shsh-check	Verify theme, migrated output and browser behavior	2026-09-18T07:32:59.4844568Z   ✓   25 [chromium] › tests/full-review.spec.ts:8:3 › Full screen category-1 (5.4s)
shsh-check	Verify theme, migrated output and browser behavior	2026-09-18T07:33:00.8619219Z   ✓   26 [chromium] › tests/full-review.spec.ts:8:3 › Full screen category-2 (5.2s)
shsh-check	Verify theme, migrated output and browser behavior	2026-09-18T07:33:04.3549403Z   ✓   27 [chromium] › tests/full-review.spec.ts:8:3 › Full screen category-2-2 (4.9s)
shsh-check	Verify theme, migrated output and browser behavior	2026-09-18T07:33:06.4940981Z   ✓   28 [chromium] › tests/full-review.spec.ts:8:3 › Full screen tag-pagination (5.6s)
shsh-check	Verify theme, migrated output and browser behavior	2026-09-18T07:33:09.6963600Z   ✓   29 [chromium] › tests/full-review.spec.ts:8:3 › Full screen tag-pagination-2 (5.3s)
shsh-check	Verify theme, migrated output and browser behavior	2026-09-18T07:33:11.1093648Z   ✓   30 [chromium] › tests/full-review.spec.ts:8:3 › Full screen tag-pagination-3 (4.6s)
shsh-check	Verify theme, migrated output and browser behavior	2026-09-18T07:33:15.1128131Z   ✓   31 [chromium] › tests/full-review.spec.ts:8:3 › Full screen category-pagination (5.4s)
shsh-check	Verify theme, migrated output and browser behavior	2026-09-18T07:33:16.2253405Z   ✓   32 [chromium] › tests/full-review.spec.ts:8:3 › Full screen category-pagination-2 (5.1s)
shsh-check	Verify theme, migrated output and browser behavior	2026-09-18T07:33:19.6594471Z   ✓   33 [chromium] › tests/full-review.spec.ts:8:3 › Full screen category-pagination-3 (4.5s)
shsh-check	Verify theme, migrated output and browser behavior	2026-09-18T07:33:28.5493586Z   ✓   35 [chromium] › tests/full-review.spec.ts:8:3 › Full screen article-hugo (8.9s)
shsh-check	Verify theme, migrated output and browser behavior	2026-09-18T07:33:33.5155013Z   ✓   36 [chromium] › tests/full-review.spec.ts:8:3 › Full screen article-diary (5.0s)
shsh-check	Verify theme, migrated output and browser behavior	2026-09-18T07:33:38.5772294Z   ✓   37 [chromium] › tests/full-review.spec.ts:8:3 › Full screen article-bgm (5.0s)
shsh-check	Verify theme, migrated output and browser behavior	2026-09-18T07:33:40.1477980Z   ✓   34 [chromium] › tests/full-review.spec.ts:8:3 › Full screen article (23.9s)
shsh-check	Verify theme, migrated output and browser behavior	2026-09-18T07:33:44.0080999Z   ✓   38 [chromium] › tests/full-review.spec.ts:8:3 › Full screen article-pasmo (5.4s)
shsh-check	Verify theme, migrated output and browser behavior	2026-09-18T07:33:48.9457629Z   ✓   40 [chromium] › tests/full-review.spec.ts:8:3 › Full screen archives (4.9s)
shsh-check	Verify theme, migrated output and browser behavior	2026-09-18T07:33:53.0793863Z   ✓   41 [chromium] › tests/full-review.spec.ts:8:3 › Full screen 404 (4.1s)
shsh-check	Verify theme, migrated output and browser behavior	2026-09-18T07:33:54.4233833Z   ✓   39 [chromium] › tests/full-review.spec.ts:8:3 › Full screen about (14.3s)
shsh-check	Verify theme, migrated output and browser behavior	2026-09-18T07:33:57.1884279Z   ✓   42 [chromium] › tests/full-review.spec.ts:8:3 › Full screen empty (4.1s)
shsh-check	Verify theme, migrated output and browser behavior	2026-09-18T07:33:58.9766567Z   ✓   43 [chromium] › tests/full-review.spec.ts:8:3 › Full screen single-item (4.5s)
shsh-check	Verify theme, migrated output and browser behavior	2026-09-18T07:34:00.0664775Z   ✓   45 [chromium] › tests/media.spec.ts:10:1 › responsive candidates, originals, dimensions, loading and figure semantics (1.1s)
shsh-check	Verify theme, migrated output and browser behavior	2026-09-18T07:34:02.0413980Z   ✓   44 [chromium] › tests/full-review.spec.ts:136:1 › discovery semantics, keyboard, fixed pages and JavaScript-disabled navigation (4.8s)
shsh-check	Verify theme, migrated output and browser behavior	2026-09-18T07:34:03.0063282Z   ✓   46 [chromium] › tests/media.spec.ts:88:1 › WebP preserves PNG pixels and transparency at each generated width (2.9s)
shsh-check	Verify theme, migrated output and browser behavior	2026-09-18T07:34:03.6893972Z   ✓   48 [chromium] › tests/media.spec.ts:193:1 › DPR chooses fitting candidates and JavaScript-free media remain usable (665ms)
shsh-check	Verify theme, migrated output and browser behavior	2026-09-18T07:34:03.8111921Z   ✓   49 [chromium] › tests/metadata.spec.ts:52:1 › RSS uses all ordered articles, plain common summaries and stable document GUIDs (100ms)
shsh-check	Verify theme, migrated output and browser behavior	2026-09-18T07:34:03.9504281Z   ✓   50 [chromium] › tests/metadata.spec.ts:79:1 › taxonomy feeds contain term pages, term feeds filter posts, empty feeds have no fake dates (119ms)
shsh-check	Verify theme, migrated output and browser behavior	2026-09-18T07:34:04.1705156Z   ✓   51 [chromium] › tests/metadata.spec.ts:109:1 › canonical and discovery URLs follow the active pager and build baseURL (208ms)
shsh-check	Verify theme, migrated output and browser behavior	2026-09-18T07:34:04.3145500Z   ✓   52 [chromium] › tests/metadata.spec.ts:135:1 › description, dates and JSON-LD preserve page roles and safe text (133ms)
shsh-check	Verify theme, migrated output and browser behavior	2026-09-18T07:34:04.5014495Z   ✓   53 [chromium] › tests/metadata.spec.ts:170:1 › SNS images use cover, global assets/static/external defaults or none, never body images (173ms)
shsh-check	Verify theme, migrated output and browser behavior	2026-09-18T07:34:04.6823917Z   ✓   54 [chromium] › tests/metadata.spec.ts:193:1 › all XML parses, sitemap and robots follow production and preview (167ms)
shsh-check	Verify theme, migrated output and browser behavior	2026-09-18T07:34:07.3588346Z   ✓   55 [chromium] › tests/migration.spec.ts:36:3 › All migrated outputs: production (2.6s)
shsh-check	Verify theme, migrated output and browser behavior	2026-09-18T07:34:08.1718874Z   ✓   56 [chromium] › tests/migration.spec.ts:36:3 › All migrated outputs: preview (795ms)
shsh-check	Verify theme, migrated output and browser behavior	2026-09-18T07:34:08.6794759Z   ✓   47 [chromium] › tests/media.spec.ts:151:1 › media geometry matches mock, small images stay small, both colors remain accessible (6.6s)
shsh-check	Verify theme, migrated output and browser behavior	2026-09-18T07:34:09.0640285Z   ✓   57 [chromium] › tests/prose.spec.ts:18:1 › copy preserves code with Japanese, inline/table numbers, unknown language and no label (865ms)
shsh-check	Verify theme, migrated output and browser behavior	2026-09-18T07:34:09.1142135Z   ✓   58 [chromium] › tests/prose.spec.ts:46:1 › failed copy announces manual fallback, permits retry, and resets success after three seconds (408ms)
shsh-check	Verify theme, migrated output and browser behavior	2026-09-18T07:34:09.7071943Z   ✓   60 [chromium] › tests/prose.spec.ts:94:1 › touch reveals copy, outside tap and horizontal scroll dismiss it (577ms)
shsh-check	Verify theme, migrated output and browser behavior	2026-09-18T07:34:09.9803433Z   ✓   59 [chromium] › tests/prose.spec.ts:73:1 › keyboard reveals copy and Escape returns focus to selectable code (898ms)
shsh-check	Verify theme, migrated output and browser behavior	2026-09-18T07:34:14.0782050Z   ✓   62 [chromium] › tests/prose.spec.ts:210:1 › full real article preserves mock prose layout in both palettes and widths (4.1s)
shsh-check	Verify theme, migrated output and browser behavior	2026-09-18T07:34:17.6249317Z   ✓   61 [chromium] › tests/prose.spec.ts:115:1 › prose matches mock type and spacing; footnotes, headings, dates and JS-free reading work (7.9s)
shsh-check	Verify theme, migrated output and browser behavior	2026-09-18T07:34:19.7345512Z   ✓   63 [chromium] › tests/review.spec.ts:69:3 › Representative home comparison, both widths/colors and text enlargement (5.6s)
shsh-check	Verify theme, migrated output and browser behavior	2026-09-18T07:34:23.1696795Z   ✓   64 [chromium] › tests/review.spec.ts:69:3 › Representative posts comparison, both widths/colors and text enlargement (5.5s)
shsh-check	Verify theme, migrated output and browser behavior	2026-09-18T07:34:39.5298797Z   ✓   66 [chromium] › tests/review.spec.ts:69:3 › Representative specimen comparison, both widths/colors and text enlargement (16.3s)
shsh-check	Verify theme, migrated output and browser behavior	2026-09-18T07:34:41.5421460Z   ✓   67 [chromium] › tests/sharing.spec.ts:14:1 › shared document URLs, encoded titles, service order and keyboard navigation (2.0s)
shsh-check	Verify theme, migrated output and browser behavior	2026-09-18T07:34:42.3842363Z   ✓   68 [chromium] › tests/sharing.spec.ts:59:1 › failed star download preserves reading and share links and announces failure (829ms)
shsh-check	Verify theme, migrated output and browser behavior	2026-09-18T07:34:42.8039038Z   ✓   69 [chromium] › tests/sharing.spec.ts:72:1 › preview cannot share or load stars; JS-free production retains ordinary links (408ms)
shsh-check	Verify theme, migrated output and browser behavior	2026-09-18T07:34:44.4438212Z   ✓   70 [chromium] › tests/sharing.spec.ts:103:1 › sharing retains mock geometry and icon styling at both widths and palettes (1.6s)
shsh-check	Verify theme, migrated output and browser behavior	2026-09-18T07:34:44.9744258Z   ✓   65 [chromium] › tests/review.spec.ts:69:3 › Representative article comparison, both widths/colors and text enlargement (25.2s)
shsh-check	Verify theme, migrated output and browser behavior	2026-09-18T07:34:48.2923484Z   ✓   71 [chromium] › tests/site.spec.ts:9:3 › Migrated site production: all embed positions, URLs and publication controls (3.8s)
shsh-check	Verify theme, migrated output and browser behavior	2026-09-18T07:34:48.8484682Z   ✓   72 [chromium] › tests/site.spec.ts:9:3 › Migrated site preview: all embed positions, URLs and publication controls (3.9s)
shsh-check	Verify theme, migrated output and browser behavior	2026-09-18T07:34:49.0389085Z   ✓   73 [chromium] › tests/site.spec.ts:99:1 › real video reserves its intrinsic ratio before loading; native playback dimensions agree (737ms)
shsh-check	Verify theme, migrated output and browser behavior	2026-09-18T07:34:49.1268895Z   ✓   74 [chromium] › tests/theme.spec.ts:4:1 › saved pref-theme is applied before styles load (254ms)
shsh-check	Verify theme, migrated output and browser behavior	2026-09-18T07:34:49.4574384Z   ✓   76 [chromium] › tests/theme.spec.ts:53:1 › invalid and unavailable storage retain OS fallback and allow a page-local choice (316ms)
shsh-check	Verify theme, migrated output and browser behavior	2026-09-18T07:34:49.5916048Z   ✓   75 [chromium] › tests/theme.spec.ts:25:1 › OS follows until a keyboard choice, persists and ignores mock query parameters (533ms)
shsh-check	Verify theme, migrated output and browser behavior	2026-09-18T07:34:49.6915551Z   ✓   77 [chromium] › tests/theme.spec.ts:78:1 › invalid saved value uses OS preference (212ms)
shsh-check	Verify theme, migrated output and browser behavior	2026-09-18T07:34:50.0263618Z   ✓   78 [chromium] › tests/theme.spec.ts:85:1 › without JavaScript both OS palettes, navigation and subscription remain usable (415ms)
shsh-check	Verify theme, migrated output and browser behavior	2026-09-18T07:34:51.4345742Z   ✓   80 [chromium] › tests/tooling.spec.ts:5:1 › Hugo formatting preserves inline spaces, attributes, render hooks and compiled assets (1.4s)
shsh-check	Verify theme, migrated output and browser behavior	2026-09-18T07:34:53.5915701Z   ✓   79 [chromium] › tests/theme.spec.ts:102:1 › shared shell keeps mock dimensions at desktop and mobile widths in both palettes (3.9s)
shsh-check	Verify theme, migrated output and browser behavior	2026-09-18T07:34:56.3113202Z   ✓   81 [firefox] › tests/collections.spec.ts:4:1 › home and section pagination retain newer-left/older-right and first-page introduction (3.5s)
shsh-check	Verify theme, migrated output and browser behavior	2026-09-18T07:34:57.3427029Z   ✓   83 [firefox] › tests/collections.spec.ts:91:1 › pagination and whole-card links work without JavaScript (1.0s)
shsh-check	Verify theme, migrated output and browser behavior	2026-09-18T07:35:05.9574846Z   ✓   84 [firefox] › tests/full-review.spec.ts:8:3 › Full screen home (8.6s)
shsh-check	Verify theme, migrated output and browser behavior	2026-09-18T07:35:08.6103545Z   ✓   82 [firefox] › tests/collections.spec.ts:29:1 › list text, separators and pager preserve frozen mock styles in both widths and palettes (13.5s)
shsh-check	Verify theme, migrated output and browser behavior	2026-09-18T07:35:13.6650358Z   ✓   85 [firefox] › tests/full-review.spec.ts:8:3 › Full screen home-2 (7.7s)
shsh-check	Verify theme, migrated output and browser behavior	2026-09-18T07:35:16.0602895Z   ✓   86 [firefox] › tests/full-review.spec.ts:8:3 › Full screen home-3 (7.4s)
shsh-check	Verify theme, migrated output and browser behavior	2026-09-18T07:35:21.3642218Z   ✓   87 [firefox] › tests/full-review.spec.ts:8:3 › Full screen posts (7.7s)
shsh-check	Verify theme, migrated output and browser behavior	2026-09-18T07:35:23.5847027Z   ✓   88 [firefox] › tests/full-review.spec.ts:8:3 › Full screen posts-2 (7.5s)
shsh-check	Verify theme, migrated output and browser behavior	2026-09-18T07:35:30.7693073Z   ✓   90 [firefox] › tests/full-review.spec.ts:8:3 › Full screen tags (7.2s)
shsh-check	Verify theme, migrated output and browser behavior	2026-09-18T07:35:30.8364420Z   ✓   89 [firefox] › tests/full-review.spec.ts:8:3 › Full screen posts-3 (9.5s)
shsh-check	Verify theme, migrated output and browser behavior	2026-09-18T07:35:38.0638136Z   ✓   92 [firefox] › tests/full-review.spec.ts:8:3 › Full screen tag-1 (7.2s)
shsh-check	Verify theme, migrated output and browser behavior	2026-09-18T07:35:38.2081070Z   ✓   91 [firefox] › tests/full-review.spec.ts:8:3 › Full screen tags-empty (7.4s)
shsh-check	Verify theme, migrated output and browser behavior	2026-09-18T07:35:44.7813996Z   ✓   93 [firefox] › tests/full-review.spec.ts:8:3 › Full screen tag-2 (6.7s)
shsh-check	Verify theme, migrated output and browser behavior	2026-09-18T07:35:48.6068323Z   ✓   94 [firefox] › tests/full-review.spec.ts:8:3 › Full screen tag-3 (10.4s)
shsh-check	Verify theme, migrated output and browser behavior	2026-09-18T07:35:52.0480773Z   ✓   95 [firefox] › tests/full-review.spec.ts:8:3 › Full screen tag-4 (7.2s)
shsh-check	Verify theme, migrated output and browser behavior	2026-09-18T07:35:55.9544258Z   ✓   96 [firefox] › tests/full-review.spec.ts:8:3 › Full screen tag-5 (7.3s)
shsh-check	Verify theme, migrated output and browser behavior	2026-09-18T07:35:59.6563164Z   ✓   97 [firefox] › tests/full-review.spec.ts:8:3 › Full screen tag-6 (7.6s)
shsh-check	Verify theme, migrated output and browser behavior	2026-09-18T07:36:03.5683551Z   ✓   98 [firefox] › tests/full-review.spec.ts:8:3 › Full screen tag-7 (7.6s)
shsh-check	Verify theme, migrated output and browser behavior	2026-09-18T07:36:09.8255574Z   ✓   99 [firefox] › tests/full-review.spec.ts:8:3 › Full screen tag-8 (10.1s)
shsh-check	Verify theme, migrated output and browser behavior	2026-09-18T07:36:10.0499375Z   ✓  100 [firefox] › tests/full-review.spec.ts:8:3 › Full screen tag-9 (6.5s)
shsh-check	Verify theme, migrated output and browser behavior	2026-09-18T07:36:17.2012036Z   ✓  101 [firefox] › tests/full-review.spec.ts:8:3 › Full screen tag-10 (7.3s)
shsh-check	Verify theme, migrated output and browser behavior	2026-09-18T07:36:17.3955999Z   ✓  102 [firefox] › tests/full-review.spec.ts:8:3 › Full screen tag-11 (7.3s)
shsh-check	Verify theme, migrated output and browser behavior	2026-09-18T07:36:23.5880792Z   ✓  103 [firefox] › tests/full-review.spec.ts:8:3 › Full screen categories (6.4s)
shsh-check	Verify theme, migrated output and browser behavior	2026-09-18T07:36:27.0293354Z   ✓  104 [firefox] › tests/full-review.spec.ts:8:3 › Full screen categories-empty (9.6s)
shsh-check	Verify theme, migrated output and browser behavior	2026-09-18T07:36:31.0393286Z   ✓  105 [firefox] › tests/full-review.spec.ts:8:3 › Full screen category-1 (7.4s)
shsh-check	Verify theme, migrated output and browser behavior	2026-09-18T07:36:34.4229283Z   ✓  106 [firefox] › tests/full-review.spec.ts:8:3 › Full screen category-2 (7.4s)
shsh-check	Verify theme, migrated output and browser behavior	2026-09-18T07:36:38.5179216Z   ✓  107 [firefox] › tests/full-review.spec.ts:8:3 › Full screen category-2-2 (7.5s)
shsh-check	Verify theme, migrated output and browser behavior	2026-09-18T07:36:42.0222045Z   ✓  108 [firefox] › tests/full-review.spec.ts:8:3 › Full screen tag-pagination (7.6s)
shsh-check	Verify theme, migrated output and browser behavior	2026-09-18T07:36:48.2720451Z   ✓  109 [firefox] › tests/full-review.spec.ts:8:3 › Full screen tag-pagination-2 (9.7s)
shsh-check	Verify theme, migrated output and browser behavior	2026-09-18T07:36:49.0743974Z   ✓  110 [firefox] › tests/full-review.spec.ts:8:3 › Full screen tag-pagination-3 (7.0s)
shsh-check	Verify theme, migrated output and browser behavior	2026-09-18T07:36:55.9822360Z   ✓  111 [firefox] › tests/full-review.spec.ts:8:3 › Full screen category-pagination (7.7s)
shsh-check	Verify theme, migrated output and browser behavior	2026-09-18T07:36:57.9495705Z   ✓  112 [firefox] › tests/full-review.spec.ts:8:3 › Full screen category-pagination-2 (8.9s)
shsh-check	Verify theme, migrated output and browser behavior	2026-09-18T07:37:02.8323493Z   ✓  113 [firefox] › tests/full-review.spec.ts:8:3 › Full screen category-pagination-3 (6.8s)
shsh-check	Verify theme, migrated output and browser behavior	2026-09-18T07:37:13.7053339Z   ✓  115 [firefox] › tests/full-review.spec.ts:8:3 › Full screen article-hugo (10.9s)
shsh-check	Verify theme, migrated output and browser behavior	2026-09-18T07:37:20.3473329Z   ✓  114 [firefox] › tests/full-review.spec.ts:8:3 › Full screen article (22.4s)
shsh-check	Verify theme, migrated output and browser behavior	2026-09-18T07:37:22.4612024Z   ✓  116 [firefox] › tests/full-review.spec.ts:8:3 › Full screen article-diary (8.7s)
shsh-check	Verify theme, migrated output and browser behavior	2026-09-18T07:37:28.0933890Z   ✓  117 [firefox] › tests/full-review.spec.ts:8:3 › Full screen article-bgm (7.7s)
shsh-check	Verify theme, migrated output and browser behavior	2026-09-18T07:37:32.0736296Z   ✓  118 [firefox] › tests/full-review.spec.ts:8:3 › Full screen article-pasmo (9.6s)
shsh-check	Verify theme, migrated output and browser behavior	2026-09-18T07:37:39.3513639Z   ✓  120 [firefox] › tests/full-review.spec.ts:8:3 › Full screen archives (7.3s)
shsh-check	Verify theme, migrated output and browser behavior	2026-09-18T07:37:42.3359569Z   ✓  119 [firefox] › tests/full-review.spec.ts:8:3 › Full screen about (14.2s)
shsh-check	Verify theme, migrated output and browser behavior	2026-09-18T07:37:45.9826178Z   ✓  121 [firefox] › tests/full-review.spec.ts:8:3 › Full screen 404 (6.6s)
shsh-check	Verify theme, migrated output and browser behavior	2026-09-18T07:37:49.0037553Z   ✓  122 [firefox] › tests/full-review.spec.ts:8:3 › Full screen empty (6.6s)
shsh-check	Verify theme, migrated output and browser behavior	2026-09-18T07:37:52.9200424Z   ✓  123 [firefox] › tests/full-review.spec.ts:8:3 › Full screen single-item (6.9s)
shsh-check	Verify theme, migrated output and browser behavior	2026-09-18T07:37:54.9768333Z   ✓  125 [firefox] › tests/media.spec.ts:10:1 › responsive candidates, originals, dimensions, loading and figure semantics (2.0s)
shsh-check	Verify theme, migrated output and browser behavior	2026-09-18T07:37:57.6163494Z   ✓  124 [firefox] › tests/full-review.spec.ts:136:1 › discovery semantics, keyboard, fixed pages and JavaScript-disabled navigation (8.6s)
shsh-check	Verify theme, migrated output and browser behavior	2026-09-18T07:37:57.9476295Z   ✓  126 [firefox] › tests/media.spec.ts:88:1 › WebP preserves PNG pixels and transparency at each generated width (3.0s)
shsh-check	Verify theme, migrated output and browser behavior	2026-09-18T07:38:02.1005970Z   ✓  128 [firefox] › tests/media.spec.ts:193:1 › DPR chooses fitting candidates and JavaScript-free media remain usable (4.1s)
shsh-check	Verify theme, migrated output and browser behavior	2026-09-18T07:38:02.5358768Z   ✓  129 [firefox] › tests/metadata.spec.ts:52:1 › RSS uses all ordered articles, plain common summaries and stable document GUIDs (413ms)
shsh-check	Verify theme, migrated output and browser behavior	2026-09-18T07:38:02.9498455Z   ✓  130 [firefox] › tests/metadata.spec.ts:79:1 › taxonomy feeds contain term pages, term feeds filter posts, empty feeds have no fake dates (398ms)
shsh-check	Verify theme, migrated output and browser behavior	2026-09-18T07:38:03.4554450Z   ✓  131 [firefox] › tests/metadata.spec.ts:109:1 › canonical and discovery URLs follow the active pager and build baseURL (489ms)
shsh-check	Verify theme, migrated output and browser behavior	2026-09-18T07:38:03.8365484Z   ✓  132 [firefox] › tests/metadata.spec.ts:135:1 › description, dates and JSON-LD preserve page roles and safe text (371ms)
shsh-check	Verify theme, migrated output and browser behavior	2026-09-18T07:38:04.2889761Z   ✓  133 [firefox] › tests/metadata.spec.ts:170:1 › SNS images use cover, global assets/static/external defaults or none, never body images (435ms)
shsh-check	Verify theme, migrated output and browser behavior	2026-09-18T07:38:04.7623935Z   ✓  134 [firefox] › tests/metadata.spec.ts:193:1 › all XML parses, sitemap and robots follow production and preview (458ms)
shsh-check	Verify theme, migrated output and browser behavior	2026-09-18T07:38:07.8411077Z   ✓  127 [firefox] › tests/media.spec.ts:151:1 › media geometry matches mock, small images stay small, both colors remain accessible (10.2s)
shsh-check	Verify theme, migrated output and browser behavior	2026-09-18T07:38:07.9008155Z   ✓  135 [firefox] › tests/migration.spec.ts:36:3 › All migrated outputs: production (3.1s)
shsh-check	Verify theme, migrated output and browser behavior	2026-09-18T07:38:08.9414964Z   ✓  136 [firefox] › tests/migration.spec.ts:36:3 › All migrated outputs: preview (1.1s)
shsh-check	Verify theme, migrated output and browser behavior	2026-09-18T07:38:09.2293678Z   ✓  137 [firefox] › tests/prose.spec.ts:18:1 › copy preserves code with Japanese, inline/table numbers, unknown language and no label (1.3s)
shsh-check	Verify theme, migrated output and browser behavior	2026-09-18T07:38:09.8057625Z   ✓  138 [firefox] › tests/prose.spec.ts:46:1 › failed copy announces manual fallback, permits retry, and resets success after three seconds (840ms)
shsh-check	Verify theme, migrated output and browser behavior	2026-09-18T07:38:10.9292505Z   ✓  140 [firefox] › tests/prose.spec.ts:94:1 › touch reveals copy, outside tap and horizontal scroll dismiss it (1.1s)
shsh-check	Verify theme, migrated output and browser behavior	2026-09-18T07:38:11.9384843Z   ✓  139 [firefox] › tests/prose.spec.ts:73:1 › keyboard reveals copy and Escape returns focus to selectable code (2.7s)
shsh-check	Verify theme, migrated output and browser behavior	2026-09-18T07:38:15.6609239Z   ✓  142 [firefox] › tests/prose.spec.ts:210:1 › full real article preserves mock prose layout in both palettes and widths (3.7s)
shsh-check	Verify theme, migrated output and browser behavior	2026-09-18T07:38:23.2289319Z   ✓  143 [firefox] › tests/review.spec.ts:69:3 › Representative home comparison, both widths/colors and text enlargement (7.5s)
shsh-check	Verify theme, migrated output and browser behavior	2026-09-18T07:38:24.1636177Z   ✓  141 [firefox] › tests/prose.spec.ts:115:1 › prose matches mock type and spacing; footnotes, headings, dates and JS-free reading work (13.2s)
shsh-check	Verify theme, migrated output and browser behavior	2026-09-18T07:38:30.6032428Z   ✓  144 [firefox] › tests/review.spec.ts:69:3 › Representative posts comparison, both widths/colors and text enlargement (7.4s)
shsh-check	Verify theme, migrated output and browser behavior	2026-09-18T07:38:45.8907022Z   ✓  145 [firefox] › tests/review.spec.ts:69:3 › Representative article comparison, both widths/colors and text enlargement (21.7s)
shsh-check	Verify theme, migrated output and browser behavior	2026-09-18T07:38:47.3069158Z   ✓  146 [firefox] › tests/review.spec.ts:69:3 › Representative specimen comparison, both widths/colors and text enlargement (16.7s)
shsh-check	Verify theme, migrated output and browser behavior	2026-09-18T07:38:48.8278416Z   ✓  148 [firefox] › tests/sharing.spec.ts:59:1 › failed star download preserves reading and share links and announces failure (1.5s)
shsh-check	Verify theme, migrated output and browser behavior	2026-09-18T07:38:49.4772088Z   ✓  147 [firefox] › tests/sharing.spec.ts:14:1 › shared document URLs, encoded titles, service order and keyboard navigation (3.6s)
shsh-check	Verify theme, migrated output and browser behavior	2026-09-18T07:38:51.6193027Z   ✓  149 [firefox] › tests/sharing.spec.ts:72:1 › preview cannot share or load stars; JS-free production retains ordinary links (2.8s)
shsh-check	Verify theme, migrated output and browser behavior	2026-09-18T07:38:53.4357590Z   ✓  150 [firefox] › tests/sharing.spec.ts:103:1 › sharing retains mock geometry and icon styling at both widths and palettes (3.9s)
shsh-check	Verify theme, migrated output and browser behavior	2026-09-18T07:38:58.1699456Z   ✓  151 [firefox] › tests/site.spec.ts:9:3 › Migrated site production: all embed positions, URLs and publication controls (6.5s)
shsh-check	Verify theme, migrated output and browser behavior	2026-09-18T07:38:59.3804291Z   ✓  153 [firefox] › tests/site.spec.ts:99:1 › real video reserves its intrinsic ratio before loading; native playback dimensions agree (1.2s)
shsh-check	Verify theme, migrated output and browser behavior	2026-09-18T07:38:59.8922381Z   ✓  152 [firefox] › tests/site.spec.ts:9:3 › Migrated site preview: all embed positions, URLs and publication controls (6.4s)
shsh-check	Verify theme, migrated output and browser behavior	2026-09-18T07:38:59.9672083Z   ✓  154 [firefox] › tests/theme.spec.ts:4:1 › saved pref-theme is applied before styles load (569ms)
shsh-check	Verify theme, migrated output and browser behavior	2026-09-18T07:39:00.6709574Z   ✓  156 [firefox] › tests/theme.spec.ts:53:1 › invalid and unavailable storage retain OS fallback and allow a page-local choice (688ms)
shsh-check	Verify theme, migrated output and browser behavior	2026-09-18T07:39:00.8986527Z   ✓  155 [firefox] › tests/theme.spec.ts:25:1 › OS follows until a keyboard choice, persists and ignores mock query parameters (980ms)
shsh-check	Verify theme, migrated output and browser behavior	2026-09-18T07:39:01.2365188Z   ✓  157 [firefox] › tests/theme.spec.ts:78:1 › invalid saved value uses OS preference (549ms)
shsh-check	Verify theme, migrated output and browser behavior	2026-09-18T07:39:01.7044487Z   ✓  158 [firefox] › tests/theme.spec.ts:85:1 › without JavaScript both OS palettes, navigation and subscription remain usable (781ms)
shsh-check	Verify theme, migrated output and browser behavior	2026-09-18T07:39:04.2601124Z   ✓  160 [firefox] › tests/tooling.spec.ts:5:1 › Hugo formatting preserves inline spaces, attributes, render hooks and compiled assets (2.5s)
shsh-check	Verify theme, migrated output and browser behavior	2026-09-18T07:39:07.6126027Z   ✓  159 [firefox] › tests/theme.spec.ts:102:1 › shared shell keeps mock dimensions at desktop and mobile widths in both palettes (6.4s)
shsh-check	Verify theme, migrated output and browser behavior	2026-09-18T07:39:10.8194507Z   ✓  161 [webkit] › tests/collections.spec.ts:4:1 › home and section pagination retain newer-left/older-right and first-page introduction (4.8s)
shsh-check	Verify theme, migrated output and browser behavior	2026-09-18T07:39:11.8618723Z   ✓  163 [webkit] › tests/collections.spec.ts:91:1 › pagination and whole-card links work without JavaScript (1.0s)
shsh-check	Verify theme, migrated output and browser behavior	2026-09-18T07:39:18.6269167Z   ✓  162 [webkit] › tests/collections.spec.ts:29:1 › list text, separators and pager preserve frozen mock styles in both widths and palettes (10.1s)
shsh-check	Verify theme, migrated output and browser behavior	2026-09-18T07:39:19.6231205Z   ✓  164 [webkit] › tests/full-review.spec.ts:8:3 › Full screen home (7.7s)
shsh-check	Verify theme, migrated output and browser behavior	2026-09-18T07:39:25.8854143Z   ✓  165 [webkit] › tests/full-review.spec.ts:8:3 › Full screen home-2 (7.2s)
shsh-check	Verify theme, migrated output and browser behavior	2026-09-18T07:39:26.4704576Z   ✓  166 [webkit] › tests/full-review.spec.ts:8:3 › Full screen home-3 (6.8s)
shsh-check	Verify theme, migrated output and browser behavior	2026-09-18T07:39:33.1747098Z   ✓  167 [webkit] › tests/full-review.spec.ts:8:3 › Full screen posts (7.3s)
shsh-check	Verify theme, migrated output and browser behavior	2026-09-18T07:39:33.6307571Z   ✓  168 [webkit] › tests/full-review.spec.ts:8:3 › Full screen posts-2 (7.1s)
shsh-check	Verify theme, migrated output and browser behavior	2026-09-18T07:39:40.0040737Z   ✓  169 [webkit] › tests/full-review.spec.ts:8:3 › Full screen posts-3 (6.8s)
shsh-check	Verify theme, migrated output and browser behavior	2026-09-18T07:39:40.4914277Z   ✓  170 [webkit] › tests/full-review.spec.ts:8:3 › Full screen tags (6.8s)
shsh-check	Verify theme, migrated output and browser behavior	2026-09-18T07:39:46.5309983Z   ✓  171 [webkit] › tests/full-review.spec.ts:8:3 › Full screen tags-empty (6.5s)
shsh-check	Verify theme, migrated output and browser behavior	2026-09-18T07:39:47.2263595Z   ✓  172 [webkit] › tests/full-review.spec.ts:8:3 › Full screen tag-1 (6.7s)
shsh-check	Verify theme, migrated output and browser behavior	2026-09-18T07:39:53.3239538Z   ✓  173 [webkit] › tests/full-review.spec.ts:8:3 › Full screen tag-2 (6.8s)
shsh-check	Verify theme, migrated output and browser behavior	2026-09-18T07:39:54.2183760Z   ✓  174 [webkit] › tests/full-review.spec.ts:8:3 › Full screen tag-3 (7.0s)
shsh-check	Verify theme, migrated output and browser behavior	2026-09-18T07:40:00.4999980Z   ✓  175 [webkit] › tests/full-review.spec.ts:8:3 › Full screen tag-4 (7.1s)
shsh-check	Verify theme, migrated output and browser behavior	2026-09-18T07:40:01.3133954Z   ✓  176 [webkit] › tests/full-review.spec.ts:8:3 › Full screen tag-5 (7.1s)
shsh-check	Verify theme, migrated output and browser behavior	2026-09-18T07:40:07.2217404Z   ✓  177 [webkit] › tests/full-review.spec.ts:8:3 › Full screen tag-6 (6.7s)
shsh-check	Verify theme, migrated output and browser behavior	2026-09-18T07:40:08.3191848Z   ✓  178 [webkit] › tests/full-review.spec.ts:8:3 › Full screen tag-7 (7.0s)
shsh-check	Verify theme, migrated output and browser behavior	2026-09-18T07:40:14.2638795Z   ✓  179 [webkit] › tests/full-review.spec.ts:8:3 › Full screen tag-8 (7.0s)
shsh-check	Verify theme, migrated output and browser behavior	2026-09-18T07:40:15.2625063Z   ✓  180 [webkit] › tests/full-review.spec.ts:8:3 › Full screen tag-9 (6.9s)
shsh-check	Verify theme, migrated output and browser behavior	2026-09-18T07:40:21.3094286Z   ✓  181 [webkit] › tests/full-review.spec.ts:8:3 › Full screen tag-10 (7.0s)
shsh-check	Verify theme, migrated output and browser behavior	2026-09-18T07:40:22.5313732Z   ✓  182 [webkit] › tests/full-review.spec.ts:8:3 › Full screen tag-11 (7.2s)
shsh-check	Verify theme, migrated output and browser behavior	2026-09-18T07:40:27.7753454Z   ✓  183 [webkit] › tests/full-review.spec.ts:8:3 › Full screen categories (6.4s)
shsh-check	Verify theme, migrated output and browser behavior	2026-09-18T07:40:28.6694490Z   ✓  184 [webkit] › tests/full-review.spec.ts:8:3 › Full screen categories-empty (6.1s)
shsh-check	Verify theme, migrated output and browser behavior	2026-09-18T07:40:35.2295624Z   ✓  185 [webkit] › tests/full-review.spec.ts:8:3 › Full screen category-1 (7.4s)
shsh-check	Verify theme, migrated output and browser behavior	2026-09-18T07:40:35.8257145Z   ✓  186 [webkit] › tests/full-review.spec.ts:8:3 › Full screen category-2 (7.1s)
shsh-check	Verify theme, migrated output and browser behavior	2026-09-18T07:40:42.1704497Z   ✓  187 [webkit] › tests/full-review.spec.ts:8:3 › Full screen category-2-2 (6.9s)
shsh-check	Verify theme, migrated output and browser behavior	2026-09-18T07:40:43.2021996Z   ✓  188 [webkit] › tests/full-review.spec.ts:8:3 › Full screen tag-pagination (7.3s)
shsh-check	Verify theme, migrated output and browser behavior	2026-09-18T07:40:49.1976427Z   ✓  189 [webkit] › tests/full-review.spec.ts:8:3 › Full screen tag-pagination-2 (7.0s)
shsh-check	Verify theme, migrated output and browser behavior	2026-09-18T07:40:50.3147445Z   ✓  190 [webkit] › tests/full-review.spec.ts:8:3 › Full screen tag-pagination-3 (7.1s)
shsh-check	Verify theme, migrated output and browser behavior	2026-09-18T07:40:56.6424588Z   ✓  191 [webkit] › tests/full-review.spec.ts:8:3 › Full screen category-pagination (7.4s)
shsh-check	Verify theme, migrated output and browser behavior	2026-09-18T07:40:57.5919346Z   ✓  192 [webkit] › tests/full-review.spec.ts:8:3 › Full screen category-pagination-2 (7.3s)
shsh-check	Verify theme, migrated output and browser behavior	2026-09-18T07:41:03.4377271Z   ✓  193 [webkit] › tests/full-review.spec.ts:8:3 › Full screen category-pagination-3 (6.8s)
shsh-check	Verify theme, migrated output and browser behavior	2026-09-18T07:41:13.9263376Z   ✓  195 [webkit] › tests/full-review.spec.ts:8:3 › Full screen article-hugo (10.5s)
shsh-check	Verify theme, migrated output and browser behavior	2026-09-18T07:41:18.3268579Z   ✓  194 [webkit] › tests/full-review.spec.ts:8:3 › Full screen article (20.7s)
shsh-check	Verify theme, migrated output and browser behavior	2026-09-18T07:41:20.8112960Z   ✓  196 [webkit] › tests/full-review.spec.ts:8:3 › Full screen article-diary (6.9s)
shsh-check	Verify theme, migrated output and browser behavior	2026-09-18T07:41:25.5640276Z   ✓  197 [webkit] › tests/full-review.spec.ts:8:3 › Full screen article-bgm (7.2s)
shsh-check	Verify theme, migrated output and browser behavior	2026-09-18T07:41:28.2964829Z   ✓  198 [webkit] › tests/full-review.spec.ts:8:3 › Full screen article-pasmo (7.5s)
shsh-check	Verify theme, migrated output and browser behavior	2026-09-18T07:41:35.1942094Z   ✓  200 [webkit] › tests/full-review.spec.ts:8:3 › Full screen archives (6.9s)
shsh-check	Verify theme, migrated output and browser behavior	2026-09-18T07:41:38.3626426Z   ✓  199 [webkit] › tests/full-review.spec.ts:8:3 › Full screen about (12.8s)
shsh-check	Verify theme, migrated output and browser behavior	2026-09-18T07:41:41.4615826Z   ✓  201 [webkit] › tests/full-review.spec.ts:8:3 › Full screen 404 (6.3s)
shsh-check	Verify theme, migrated output and browser behavior	2026-09-18T07:41:44.5161812Z   ✓  202 [webkit] › tests/full-review.spec.ts:8:3 › Full screen empty (6.1s)
shsh-check	Verify theme, migrated output and browser behavior	2026-09-18T07:41:47.9224505Z   ✓  203 [webkit] › tests/full-review.spec.ts:8:3 › Full screen single-item (6.4s)
shsh-check	Verify theme, migrated output and browser behavior	2026-09-18T07:41:50.1682908Z   ✓  205 [webkit] › tests/media.spec.ts:10:1 › responsive candidates, originals, dimensions, loading and figure semantics (2.2s)
shsh-check	Verify theme, migrated output and browser behavior	2026-09-18T07:41:53.0127123Z   ✓  204 [webkit] › tests/full-review.spec.ts:136:1 › discovery semantics, keyboard, fixed pages and JavaScript-disabled navigation (8.5s)
shsh-check	Verify theme, migrated output and browser behavior	2026-09-18T07:41:54.0907291Z   ✓  206 [webkit] › tests/media.spec.ts:88:1 › WebP preserves PNG pixels and transparency at each generated width (3.9s)
shsh-check	Verify theme, migrated output and browser behavior	2026-09-18T07:41:56.6321660Z   ✓  208 [webkit] › tests/media.spec.ts:193:1 › DPR chooses fitting candidates and JavaScript-free media remain usable (2.5s)
shsh-check	Verify theme, migrated output and browser behavior	2026-09-18T07:41:57.1303566Z   ✓  209 [webkit] › tests/metadata.spec.ts:52:1 › RSS uses all ordered articles, plain common summaries and stable document GUIDs (451ms)
shsh-check	Verify theme, migrated output and browser behavior	2026-09-18T07:41:57.5394238Z   ✓  210 [webkit] › tests/metadata.spec.ts:79:1 › taxonomy feeds contain term pages, term feeds filter posts, empty feeds have no fake dates (383ms)
shsh-check	Verify theme, migrated output and browser behavior	2026-09-18T07:41:58.0685412Z   ✓  211 [webkit] › tests/metadata.spec.ts:109:1 › canonical and discovery URLs follow the active pager and build baseURL (517ms)
shsh-check	Verify theme, migrated output and browser behavior	2026-09-18T07:41:58.5067292Z   ✓  212 [webkit] › tests/metadata.spec.ts:135:1 › description, dates and JSON-LD preserve page roles and safe text (423ms)
shsh-check	Verify theme, migrated output and browser behavior	2026-09-18T07:41:59.0897979Z   ✓  213 [webkit] › tests/metadata.spec.ts:170:1 › SNS images use cover, global assets/static/external defaults or none, never body images (550ms)
shsh-check	Verify theme, migrated output and browser behavior	2026-09-18T07:41:59.5743812Z   ✓  214 [webkit] › tests/metadata.spec.ts:193:1 › all XML parses, sitemap and robots follow production and preview (468ms)
shsh-check	Verify theme, migrated output and browser behavior	2026-09-18T07:42:02.7648790Z   ✓  207 [webkit] › tests/media.spec.ts:151:1 › media geometry matches mock, small images stay small, both colors remain accessible (9.7s)
shsh-check	Verify theme, migrated output and browser behavior	2026-09-18T07:42:02.9435347Z   ✓  215 [webkit] › tests/migration.spec.ts:36:3 › All migrated outputs: production (3.3s)
shsh-check	Verify theme, migrated output and browser behavior	2026-09-18T07:42:03.7228374Z   ✓  216 [webkit] › tests/migration.spec.ts:36:3 › All migrated outputs: preview (906ms)
shsh-check	Verify theme, migrated output and browser behavior	2026-09-18T07:42:04.8168986Z   ✓  218 [webkit] › tests/prose.spec.ts:46:1 › failed copy announces manual fallback, permits retry, and resets success after three seconds (1.0s)
shsh-check	Verify theme, migrated output and browser behavior	2026-09-18T07:42:05.3277109Z   ✓  217 [webkit] › tests/prose.spec.ts:18:1 › copy preserves code with Japanese, inline/table numbers, unknown language and no label (2.4s)
shsh-check	Verify theme, migrated output and browser behavior	2026-09-18T07:42:06.6703179Z   ✓  219 [webkit] › tests/prose.spec.ts:73:1 › keyboard reveals copy and Escape returns focus to selectable code (1.8s)
shsh-check	Verify theme, migrated output and browser behavior	2026-09-18T07:42:06.8061163Z   ✓  220 [webkit] › tests/prose.spec.ts:94:1 › touch reveals copy, outside tap and horizontal scroll dismiss it (1.5s)
shsh-check	Verify theme, migrated output and browser behavior	2026-09-18T07:42:10.6703434Z   ✓  222 [webkit] › tests/prose.spec.ts:210:1 › full real article preserves mock prose layout in both palettes and widths (3.8s)
shsh-check	Verify theme, migrated output and browser behavior	2026-09-18T07:42:18.2022173Z   ✓  223 [webkit] › tests/review.spec.ts:69:3 › Representative home comparison, both widths/colors and text enlargement (7.5s)
shsh-check	Verify theme, migrated output and browser behavior	2026-09-18T07:42:18.8957785Z   ✓  221 [webkit] › tests/prose.spec.ts:115:1 › prose matches mock type and spacing; footnotes, headings, dates and JS-free reading work (12.2s)
shsh-check	Verify theme, migrated output and browser behavior	2026-09-18T07:42:25.7546716Z   ✓  224 [webkit] › tests/review.spec.ts:69:3 › Representative posts comparison, both widths/colors and text enlargement (7.5s)
shsh-check	Verify theme, migrated output and browser behavior	2026-09-18T07:42:39.8971720Z   ✓  225 [webkit] › tests/review.spec.ts:69:3 › Representative article comparison, both widths/colors and text enlargement (21.0s)
shsh-check	Verify theme, migrated output and browser behavior	2026-09-18T07:42:41.4575537Z   ✓  226 [webkit] › tests/review.spec.ts:69:3 › Representative specimen comparison, both widths/colors and text enlargement (15.7s)
shsh-check	Verify theme, migrated output and browser behavior	2026-09-18T07:42:42.9878086Z   ✓  228 [webkit] › tests/sharing.spec.ts:59:1 › failed star download preserves reading and share links and announces failure (1.5s)
shsh-check	Verify theme, migrated output and browser behavior	2026-09-18T07:42:42.9906882Z   ✓  227 [webkit] › tests/sharing.spec.ts:14:1 › shared document URLs, encoded titles, service order and keyboard navigation (3.1s)
shsh-check	Verify theme, migrated output and browser behavior	2026-09-18T07:42:44.4750345Z   ✓  230 [webkit] › tests/sharing.spec.ts:72:1 › preview cannot share or load stars; JS-free production retains ordinary links (1.5s)
shsh-check	Verify theme, migrated output and browser behavior	2026-09-18T07:42:46.4810675Z   ✓  229 [webkit] › tests/sharing.spec.ts:103:1 › sharing retains mock geometry and icon styling at both widths and palettes (3.5s)
shsh-check	Verify theme, migrated output and browser behavior	2026-09-18T07:42:51.5717107Z   ✓  231 [webkit] › tests/site.spec.ts:9:3 › Migrated site production: all embed positions, URLs and publication controls (7.1s)
shsh-check	Verify theme, migrated output and browser behavior	2026-09-18T07:42:53.0510881Z   ✓  233 [webkit] › tests/site.spec.ts:99:1 › real video reserves its intrinsic ratio before loading; native playback dimensions agree (1.5s)
shsh-check	Verify theme, migrated output and browser behavior	2026-09-18T07:42:53.1657085Z   ✓  232 [webkit] › tests/site.spec.ts:9:3 › Migrated site preview: all embed positions, URLs and publication controls (6.7s)
shsh-check	Verify theme, migrated output and browser behavior	2026-09-18T07:42:53.7293897Z   ✓  234 [webkit] › tests/theme.spec.ts:4:1 › saved pref-theme is applied before styles load (655ms)
shsh-check	Verify theme, migrated output and browser behavior	2026-09-18T07:42:54.2356095Z   ✓  235 [webkit] › tests/theme.spec.ts:25:1 › OS follows until a keyboard choice, persists and ignores mock query parameters (1.1s)
shsh-check	Verify theme, migrated output and browser behavior	2026-09-18T07:42:54.5756403Z   ✓  236 [webkit] › tests/theme.spec.ts:53:1 › invalid and unavailable storage retain OS fallback and allow a page-local choice (825ms)
shsh-check	Verify theme, migrated output and browser behavior	2026-09-18T07:42:54.8423769Z   ✓  237 [webkit] › tests/theme.spec.ts:78:1 › invalid saved value uses OS preference (589ms)
shsh-check	Verify theme, migrated output and browser behavior	2026-09-18T07:42:55.4744178Z   ✓  238 [webkit] › tests/theme.spec.ts:85:1 › without JavaScript both OS palettes, navigation and subscription remain usable (874ms)
shsh-check	Verify theme, migrated output and browser behavior	2026-09-18T07:42:57.7770280Z   ✓  240 [webkit] › tests/tooling.spec.ts:5:1 › Hugo formatting preserves inline spaces, attributes, render hooks and compiled assets (2.3s)
shsh-check	Verify theme, migrated output and browser behavior	2026-09-18T07:42:59.9158670Z   ✓  239 [webkit] › tests/theme.spec.ts:102:1 › shared shell keeps mock dimensions at desktop and mobile widths in both palettes (5.1s)
shsh-check	Verify theme, migrated output and browser behavior	2026-09-18T07:43:00.0682633Z
shsh-check	Verify theme, migrated output and browser behavior	2026-09-18T07:43:00.0690686Z   240 passed (11.0m)
shsh-check	Run actions/upload-artifact@043fb46d1a93c77aae656e7c1c64a875d1fc6a0a	﻿2026-09-18T07:43:01.1004718Z ##[group]Run actions/upload-artifact@043fb46d1a93c77aae656e7c1c64a875d1fc6a0a
shsh-check	Run actions/upload-artifact@043fb46d1a93c77aae656e7c1c64a875d1fc6a0a	2026-09-18T07:43:01.1005159Z with:
shsh-check	Run actions/upload-artifact@043fb46d1a93c77aae656e7c1c64a875d1fc6a0a	2026-09-18T07:43:01.1005359Z   name: shsh-verification
shsh-check	Run actions/upload-artifact@043fb46d1a93c77aae656e7c1c64a875d1fc6a0a	2026-09-18T07:43:01.1005605Z   include-hidden-files: true
shsh-check	Run actions/upload-artifact@043fb46d1a93c77aae656e7c1c64a875d1fc6a0a	2026-09-18T07:43:01.1006150Z   path: themes/shsh/.cache/ci/
shsh-check	Run actions/upload-artifact@043fb46d1a93c77aae656e7c1c64a875d1fc6a0a	themes/shsh/.cache/migration-results/
shsh-check	Run actions/upload-artifact@043fb46d1a93c77aae656e7c1c64a875d1fc6a0a	themes/shsh/playwright-report/
shsh-check	Run actions/upload-artifact@043fb46d1a93c77aae656e7c1c64a875d1fc6a0a	themes/shsh/test-results/
shsh-check	Run actions/upload-artifact@043fb46d1a93c77aae656e7c1c64a875d1fc6a0a
shsh-check	Run actions/upload-artifact@043fb46d1a93c77aae656e7c1c64a875d1fc6a0a	2026-09-18T07:43:01.1006746Z   retention-days: 14
shsh-check	Run actions/upload-artifact@043fb46d1a93c77aae656e7c1c64a875d1fc6a0a	2026-09-18T07:43:01.1006959Z   if-no-files-found: warn
shsh-check	Run actions/upload-artifact@043fb46d1a93c77aae656e7c1c64a875d1fc6a0a	2026-09-18T07:43:01.1007184Z   compression-level: 6
shsh-check	Run actions/upload-artifact@043fb46d1a93c77aae656e7c1c64a875d1fc6a0a	2026-09-18T07:43:01.1007391Z   overwrite: false
shsh-check	Run actions/upload-artifact@043fb46d1a93c77aae656e7c1c64a875d1fc6a0a	2026-09-18T07:43:01.1007583Z   archive: true
shsh-check	Run actions/upload-artifact@043fb46d1a93c77aae656e7c1c64a875d1fc6a0a	2026-09-18T07:43:01.1007765Z env:
shsh-check	Run actions/upload-artifact@043fb46d1a93c77aae656e7c1c64a875d1fc6a0a	2026-09-18T07:43:01.1007994Z   PNPM_HOME: /home/runner/setup-pnpm/node_modules/.bin
shsh-check	Run actions/upload-artifact@043fb46d1a93c77aae656e7c1c64a875d1fc6a0a	2026-09-18T07:43:01.1008296Z ##[endgroup]
shsh-check	Run actions/upload-artifact@043fb46d1a93c77aae656e7c1c64a875d1fc6a0a	2026-09-18T07:43:01.2552894Z Multiple search paths detected. Calculating the least common ancestor of all paths
shsh-check	Run actions/upload-artifact@043fb46d1a93c77aae656e7c1c64a875d1fc6a0a	2026-09-18T07:43:01.2556265Z The least common ancestor is /home/runner/work/shimoju.jp/shimoju.jp/themes/shsh. This will be the root directory of the artifact
shsh-check	Run actions/upload-artifact@043fb46d1a93c77aae656e7c1c64a875d1fc6a0a	2026-09-18T07:43:01.2557677Z With the provided path, there will be 11 files uploaded
shsh-check	Run actions/upload-artifact@043fb46d1a93c77aae656e7c1c64a875d1fc6a0a	2026-09-18T07:43:01.2562882Z Artifact name is valid!
shsh-check	Run actions/upload-artifact@043fb46d1a93c77aae656e7c1c64a875d1fc6a0a	2026-09-18T07:43:01.2563394Z Root directory input is valid!
shsh-check	Run actions/upload-artifact@043fb46d1a93c77aae656e7c1c64a875d1fc6a0a	2026-09-18T07:43:01.5205128Z Uploading artifact: shsh-verification.zip
shsh-check	Run actions/upload-artifact@043fb46d1a93c77aae656e7c1c64a875d1fc6a0a	2026-09-18T07:43:01.5252455Z Beginning upload of artifact content to blob storage
shsh-check	Run actions/upload-artifact@043fb46d1a93c77aae656e7c1c64a875d1fc6a0a	2026-09-18T07:43:01.9839596Z Uploaded bytes 1852969
shsh-check	Run actions/upload-artifact@043fb46d1a93c77aae656e7c1c64a875d1fc6a0a	2026-09-18T07:43:02.0227224Z Finished uploading artifact content to blob storage!
shsh-check	Run actions/upload-artifact@043fb46d1a93c77aae656e7c1c64a875d1fc6a0a	2026-09-18T07:43:02.0228833Z SHA256 digest of uploaded artifact is f9eb018365c897cf726b37eba09abfd92e31a6fe809995fedca88ae96bd8df6c
shsh-check	Run actions/upload-artifact@043fb46d1a93c77aae656e7c1c64a875d1fc6a0a	2026-09-18T07:43:02.0230080Z Finalizing artifact upload
shsh-check	Run actions/upload-artifact@043fb46d1a93c77aae656e7c1c64a875d1fc6a0a	2026-09-18T07:43:02.2797928Z Artifact shsh-verification successfully finalized. Artifact ID 10537345319
shsh-check	Run actions/upload-artifact@043fb46d1a93c77aae656e7c1c64a875d1fc6a0a	2026-09-18T07:43:02.2799503Z Artifact shsh-verification has been successfully uploaded! Final size is 1852969 bytes. Artifact ID is 10537345319
shsh-check	Run actions/upload-artifact@043fb46d1a93c77aae656e7c1c64a875d1fc6a0a	2026-09-18T07:43:02.2803258Z Artifact download URL: https://github.com/shimoju/shimoju.jp/actions/runs/35319638046/artifacts/10537345319
shsh-check	Post Run pnpm/action-setup@0977fd99725f1db4007ccb2928dbb4e90d06cc86	﻿2026-09-18T07:43:02.2973655Z Post job cleanup.
shsh-check	Post Run pnpm/action-setup@0977fd99725f1db4007ccb2928dbb4e90d06cc86	2026-09-18T07:43:02.4468088Z Pruning is unnecessary.
shsh-check	Post Run actions/setup-node@820762786026740c76f36085b0efc47a31fe5020	﻿2026-09-18T07:43:02.4622762Z Post job cleanup.
shsh-check	Post Run actions/checkout@3d3c42e5aac5ba805825da76410c181273ba90b1	﻿2026-09-18T07:43:02.6054466Z Post job cleanup.
shsh-check	Post Run actions/checkout@3d3c42e5aac5ba805825da76410c181273ba90b1	2026-09-18T07:43:02.6997088Z [command]/usr/bin/git version
shsh-check	Post Run actions/checkout@3d3c42e5aac5ba805825da76410c181273ba90b1	2026-09-18T07:43:02.7055356Z git version 2.55.0
shsh-check	Post Run actions/checkout@3d3c42e5aac5ba805825da76410c181273ba90b1	2026-09-18T07:43:02.7131092Z Temporarily overriding HOME='/home/runner/work/_temp/c698fa43-1659-4c36-94fd-43ab81342f51' before making global git config changes
shsh-check	Post Run actions/checkout@3d3c42e5aac5ba805825da76410c181273ba90b1	2026-09-18T07:43:02.7133013Z Adding repository directory to the temporary git global config as a safe directory
shsh-check	Post Run actions/checkout@3d3c42e5aac5ba805825da76410c181273ba90b1	2026-09-18T07:43:02.7142713Z [command]/usr/bin/git config --global --add safe.directory /home/runner/work/shimoju.jp/shimoju.jp
shsh-check	Post Run actions/checkout@3d3c42e5aac5ba805825da76410c181273ba90b1	2026-09-18T07:43:02.7238187Z Removing SSH command configuration
shsh-check	Post Run actions/checkout@3d3c42e5aac5ba805825da76410c181273ba90b1	2026-09-18T07:43:02.7239652Z [command]/usr/bin/git config --local --name-only --get-regexp core\.sshCommand
shsh-check	Post Run actions/checkout@3d3c42e5aac5ba805825da76410c181273ba90b1	2026-09-18T07:43:02.7289698Z [command]/usr/bin/git submodule foreach --recursive sh -c "git config --local --name-only --get-regexp 'core\.sshCommand' && git config --local --unset-all 'core.sshCommand' || :"
shsh-check	Post Run actions/checkout@3d3c42e5aac5ba805825da76410c181273ba90b1	2026-09-18T07:43:02.7628440Z Removing HTTP extra header
shsh-check	Post Run actions/checkout@3d3c42e5aac5ba805825da76410c181273ba90b1	2026-09-18T07:43:02.7636081Z [command]/usr/bin/git config --local --name-only --get-regexp http\.https\:\/\/github\.com\/\.extraheader
shsh-check	Post Run actions/checkout@3d3c42e5aac5ba805825da76410c181273ba90b1	2026-09-18T07:43:02.7690397Z [command]/usr/bin/git submodule foreach --recursive sh -c "git config --local --name-only --get-regexp 'http\.https\:\/\/github\.com\/\.extraheader' && git config --local --unset-all 'http.https://github.com/.extraheader' || :"
shsh-check	Post Run actions/checkout@3d3c42e5aac5ba805825da76410c181273ba90b1	2026-09-18T07:43:02.8018764Z Removing includeIf entries pointing to credentials config files
shsh-check	Post Run actions/checkout@3d3c42e5aac5ba805825da76410c181273ba90b1	2026-09-18T07:43:02.8034426Z [command]/usr/bin/git config --local --name-only --get-regexp ^includeIf\.gitdir:
shsh-check	Post Run actions/checkout@3d3c42e5aac5ba805825da76410c181273ba90b1	2026-09-18T07:43:02.8095581Z [command]/usr/bin/git submodule foreach --recursive git config --local --show-origin --name-only --get-regexp remote.origin.url
shsh-check	Complete job	﻿2026-09-18T07:43:02.8536667Z Cleaning up orphan processes
