shsh-check	Set up job	﻿2026-09-18T11:07:18.3001653Z Current runner version: '2.337.0'
shsh-check	Set up job	2026-09-18T11:07:18.3037012Z ##[group]Runner Image Provisioner
shsh-check	Set up job	2026-09-18T11:07:18.3038351Z Hosted Compute Agent
shsh-check	Set up job	2026-09-18T11:07:18.3039639Z Version: 20260828.587
shsh-check	Set up job	2026-09-18T11:07:18.3040902Z Commit: abac92662cab4cc7352de4f9f9d2e2419aad9c29
shsh-check	Set up job	2026-09-18T11:07:18.3042319Z Build Date: 2026-08-28T16:44:25Z
shsh-check	Set up job	2026-09-18T11:07:18.3043546Z Worker ID: {7bcdd2aa-9812-4ff3-9033-5e010b469cba}
shsh-check	Set up job	2026-09-18T11:07:18.3044736Z Azure Region: eastus2
shsh-check	Set up job	2026-09-18T11:07:18.3046176Z ##[endgroup]
shsh-check	Set up job	2026-09-18T11:07:18.3048655Z ##[group]Operating System
shsh-check	Set up job	2026-09-18T11:07:18.3049851Z Ubuntu
shsh-check	Set up job	2026-09-18T11:07:18.3050758Z 24.04.5
shsh-check	Set up job	2026-09-18T11:07:18.3051651Z LTS
shsh-check	Set up job	2026-09-18T11:07:18.3053103Z ##[endgroup]
shsh-check	Set up job	2026-09-18T11:07:18.3054121Z ##[group]Runner Image
shsh-check	Set up job	2026-09-18T11:07:18.3055269Z Image: ubuntu-24.04
shsh-check	Set up job	2026-09-18T11:07:18.3056673Z Version: 20260907.300.1
shsh-check	Set up job	2026-09-18T11:07:18.3058625Z Included Software: https://github.com/actions/runner-images/blob/ubuntu24/20260907.300/images/ubuntu/Ubuntu2404-Readme.md
shsh-check	Set up job	2026-09-18T11:07:18.3061968Z Image Release: https://github.com/actions/runner-images/releases/tag/ubuntu24%2F20260907.300
shsh-check	Set up job	2026-09-18T11:07:18.3063866Z ##[endgroup]
shsh-check	Set up job	2026-09-18T11:07:18.3066085Z ##[group]GITHUB_TOKEN Permissions
shsh-check	Set up job	2026-09-18T11:07:18.3069197Z Contents: read
shsh-check	Set up job	2026-09-18T11:07:18.3070305Z Metadata: read
shsh-check	Set up job	2026-09-18T11:07:18.3071408Z ##[endgroup]
shsh-check	Set up job	2026-09-18T11:07:18.3074392Z Secret source: Actions
shsh-check	Set up job	2026-09-18T11:07:18.3076451Z Cache mode: write
shsh-check	Set up job	2026-09-18T11:07:18.3077767Z Prepare workflow directory
shsh-check	Set up job	2026-09-18T11:07:18.3502997Z Prepare all required actions
shsh-check	Set up job	2026-09-18T11:07:18.3551004Z Getting action download info
shsh-check	Set up job	2026-09-18T11:07:18.6051727Z Download action repository 'actions/checkout@3d3c42e5aac5ba805825da76410c181273ba90b1' (SHA:3d3c42e5aac5ba805825da76410c181273ba90b1)
shsh-check	Set up job	2026-09-18T11:07:18.7102336Z Download action repository 'actions/setup-node@820762786026740c76f36085b0efc47a31fe5020' (SHA:820762786026740c76f36085b0efc47a31fe5020)
shsh-check	Set up job	2026-09-18T11:07:18.7934421Z Download action repository 'pnpm/action-setup@0977fd99725f1db4007ccb2928dbb4e90d06cc86' (SHA:0977fd99725f1db4007ccb2928dbb4e90d06cc86)
shsh-check	Set up job	2026-09-18T11:07:18.9546910Z Download action repository 'peaceiris/actions-hugo@6b1ee2dcc06c9b6629a5317fa0146473914d05e1' (SHA:6b1ee2dcc06c9b6629a5317fa0146473914d05e1)
shsh-check	Set up job	2026-09-18T11:07:19.2143955Z Download action repository 'actions/upload-artifact@043fb46d1a93c77aae656e7c1c64a875d1fc6a0a' (SHA:043fb46d1a93c77aae656e7c1c64a875d1fc6a0a)
shsh-check	Set up job	2026-09-18T11:07:19.3938504Z Complete job name: shsh-check
shsh-check	Run actions/checkout@3d3c42e5aac5ba805825da76410c181273ba90b1	﻿2026-09-18T11:07:19.4740439Z ##[group]Run actions/checkout@3d3c42e5aac5ba805825da76410c181273ba90b1
shsh-check	Run actions/checkout@3d3c42e5aac5ba805825da76410c181273ba90b1	2026-09-18T11:07:19.4741657Z with:
shsh-check	Run actions/checkout@3d3c42e5aac5ba805825da76410c181273ba90b1	2026-09-18T11:07:19.4742135Z   fetch-depth: 0
shsh-check	Run actions/checkout@3d3c42e5aac5ba805825da76410c181273ba90b1	2026-09-18T11:07:19.4742634Z   persist-credentials: false
shsh-check	Run actions/checkout@3d3c42e5aac5ba805825da76410c181273ba90b1	2026-09-18T11:07:19.4743226Z   repository: shimoju/shimoju.jp
shsh-check	Run actions/checkout@3d3c42e5aac5ba805825da76410c181273ba90b1	2026-09-18T11:07:19.4747872Z   token: ***
shsh-check	Run actions/checkout@3d3c42e5aac5ba805825da76410c181273ba90b1	2026-09-18T11:07:19.4748369Z   ssh-strict: true
shsh-check	Run actions/checkout@3d3c42e5aac5ba805825da76410c181273ba90b1	2026-09-18T11:07:19.4748849Z   ssh-user: git
shsh-check	Run actions/checkout@3d3c42e5aac5ba805825da76410c181273ba90b1	2026-09-18T11:07:19.4749317Z   clean: true
shsh-check	Run actions/checkout@3d3c42e5aac5ba805825da76410c181273ba90b1	2026-09-18T11:07:19.4749802Z   sparse-checkout-cone-mode: true
shsh-check	Run actions/checkout@3d3c42e5aac5ba805825da76410c181273ba90b1	2026-09-18T11:07:19.4750405Z   fetch-tags: false
shsh-check	Run actions/checkout@3d3c42e5aac5ba805825da76410c181273ba90b1	2026-09-18T11:07:19.4750890Z   show-progress: true
shsh-check	Run actions/checkout@3d3c42e5aac5ba805825da76410c181273ba90b1	2026-09-18T11:07:19.4751427Z   lfs: false
shsh-check	Run actions/checkout@3d3c42e5aac5ba805825da76410c181273ba90b1	2026-09-18T11:07:19.4751906Z   submodules: false
shsh-check	Run actions/checkout@3d3c42e5aac5ba805825da76410c181273ba90b1	2026-09-18T11:07:19.4752390Z   set-safe-directory: true
shsh-check	Run actions/checkout@3d3c42e5aac5ba805825da76410c181273ba90b1	2026-09-18T11:07:19.4752942Z   allow-unsafe-pr-checkout: false
shsh-check	Run actions/checkout@3d3c42e5aac5ba805825da76410c181273ba90b1	2026-09-18T11:07:19.4753782Z ##[endgroup]
shsh-check	Run actions/checkout@3d3c42e5aac5ba805825da76410c181273ba90b1	2026-09-18T11:07:19.5873104Z Syncing repository: shimoju/shimoju.jp
shsh-check	Run actions/checkout@3d3c42e5aac5ba805825da76410c181273ba90b1	2026-09-18T11:07:19.5876300Z ##[group]Getting Git version info
shsh-check	Run actions/checkout@3d3c42e5aac5ba805825da76410c181273ba90b1	2026-09-18T11:07:19.5877789Z Working directory is '/home/runner/work/shimoju.jp/shimoju.jp'
shsh-check	Run actions/checkout@3d3c42e5aac5ba805825da76410c181273ba90b1	2026-09-18T11:07:19.5879783Z [command]/usr/bin/git version
shsh-check	Run actions/checkout@3d3c42e5aac5ba805825da76410c181273ba90b1	2026-09-18T11:07:19.6380873Z git version 2.55.0
shsh-check	Run actions/checkout@3d3c42e5aac5ba805825da76410c181273ba90b1	2026-09-18T11:07:19.6426095Z ##[endgroup]
shsh-check	Run actions/checkout@3d3c42e5aac5ba805825da76410c181273ba90b1	2026-09-18T11:07:19.6435736Z Temporarily overriding HOME='/home/runner/work/_temp/918a7900-42f4-49c4-8424-7ff785536212' before making global git config changes
shsh-check	Run actions/checkout@3d3c42e5aac5ba805825da76410c181273ba90b1	2026-09-18T11:07:19.6440257Z Adding repository directory to the temporary git global config as a safe directory
shsh-check	Run actions/checkout@3d3c42e5aac5ba805825da76410c181273ba90b1	2026-09-18T11:07:19.6442382Z [command]/usr/bin/git config --global --add safe.directory /home/runner/work/shimoju.jp/shimoju.jp
shsh-check	Run actions/checkout@3d3c42e5aac5ba805825da76410c181273ba90b1	2026-09-18T11:07:19.6809507Z Deleting the contents of '/home/runner/work/shimoju.jp/shimoju.jp'
shsh-check	Run actions/checkout@3d3c42e5aac5ba805825da76410c181273ba90b1	2026-09-18T11:07:19.6813586Z ##[group]Determining repository object format
shsh-check	Run actions/checkout@3d3c42e5aac5ba805825da76410c181273ba90b1	2026-09-18T11:07:19.6815253Z ##[endgroup]
shsh-check	Run actions/checkout@3d3c42e5aac5ba805825da76410c181273ba90b1	2026-09-18T11:07:19.6816501Z ##[group]Initializing the repository
shsh-check	Run actions/checkout@3d3c42e5aac5ba805825da76410c181273ba90b1	2026-09-18T11:07:19.6820695Z [command]/usr/bin/git init /home/runner/work/shimoju.jp/shimoju.jp
shsh-check	Run actions/checkout@3d3c42e5aac5ba805825da76410c181273ba90b1	2026-09-18T11:07:19.6917430Z hint: Using 'master' as the name for the initial branch. This default branch name
shsh-check	Run actions/checkout@3d3c42e5aac5ba805825da76410c181273ba90b1	2026-09-18T11:07:19.6919698Z hint: will change to "main" in Git 3.0. To configure the initial branch name
shsh-check	Run actions/checkout@3d3c42e5aac5ba805825da76410c181273ba90b1	2026-09-18T11:07:19.6921221Z hint: to use in all of your new repositories, which will suppress this warning,
shsh-check	Run actions/checkout@3d3c42e5aac5ba805825da76410c181273ba90b1	2026-09-18T11:07:19.6922819Z hint: call:
shsh-check	Run actions/checkout@3d3c42e5aac5ba805825da76410c181273ba90b1	2026-09-18T11:07:19.6923728Z hint:
shsh-check	Run actions/checkout@3d3c42e5aac5ba805825da76410c181273ba90b1	2026-09-18T11:07:19.6924903Z hint: 	git config --global init.defaultBranch <name>
shsh-check	Run actions/checkout@3d3c42e5aac5ba805825da76410c181273ba90b1	2026-09-18T11:07:19.6926497Z hint:
shsh-check	Run actions/checkout@3d3c42e5aac5ba805825da76410c181273ba90b1	2026-09-18T11:07:19.6927798Z hint: Names commonly chosen instead of 'master' are 'main', 'trunk' and
shsh-check	Run actions/checkout@3d3c42e5aac5ba805825da76410c181273ba90b1	2026-09-18T11:07:19.6929675Z hint: 'development'. The just-created branch can be renamed via this command:
shsh-check	Run actions/checkout@3d3c42e5aac5ba805825da76410c181273ba90b1	2026-09-18T11:07:19.6931119Z hint:
shsh-check	Run actions/checkout@3d3c42e5aac5ba805825da76410c181273ba90b1	2026-09-18T11:07:19.6932048Z hint: 	git branch -m <name>
shsh-check	Run actions/checkout@3d3c42e5aac5ba805825da76410c181273ba90b1	2026-09-18T11:07:19.6933190Z hint:
shsh-check	Run actions/checkout@3d3c42e5aac5ba805825da76410c181273ba90b1	2026-09-18T11:07:19.6934519Z hint: Disable this message with "git config set advice.defaultBranchName false"
shsh-check	Run actions/checkout@3d3c42e5aac5ba805825da76410c181273ba90b1	2026-09-18T11:07:19.6936972Z Initialized empty Git repository in /home/runner/work/shimoju.jp/shimoju.jp/.git/
shsh-check	Run actions/checkout@3d3c42e5aac5ba805825da76410c181273ba90b1	2026-09-18T11:07:19.6940134Z [command]/usr/bin/git remote add origin https://github.com/shimoju/shimoju.jp
shsh-check	Run actions/checkout@3d3c42e5aac5ba805825da76410c181273ba90b1	2026-09-18T11:07:19.6991192Z ##[endgroup]
shsh-check	Run actions/checkout@3d3c42e5aac5ba805825da76410c181273ba90b1	2026-09-18T11:07:19.6993479Z ##[group]Disabling automatic garbage collection
shsh-check	Run actions/checkout@3d3c42e5aac5ba805825da76410c181273ba90b1	2026-09-18T11:07:19.6995800Z [command]/usr/bin/git config --local gc.auto 0
shsh-check	Run actions/checkout@3d3c42e5aac5ba805825da76410c181273ba90b1	2026-09-18T11:07:19.7032132Z ##[endgroup]
shsh-check	Run actions/checkout@3d3c42e5aac5ba805825da76410c181273ba90b1	2026-09-18T11:07:19.7033835Z ##[group]Setting up auth
shsh-check	Run actions/checkout@3d3c42e5aac5ba805825da76410c181273ba90b1	2026-09-18T11:07:19.7034555Z Removing SSH command configuration
shsh-check	Run actions/checkout@3d3c42e5aac5ba805825da76410c181273ba90b1	2026-09-18T11:07:19.7038008Z [command]/usr/bin/git config --local --name-only --get-regexp core\.sshCommand
shsh-check	Run actions/checkout@3d3c42e5aac5ba805825da76410c181273ba90b1	2026-09-18T11:07:19.7073987Z [command]/usr/bin/git submodule foreach --recursive sh -c "git config --local --name-only --get-regexp 'core\.sshCommand' && git config --local --unset-all 'core.sshCommand' || :"
shsh-check	Run actions/checkout@3d3c42e5aac5ba805825da76410c181273ba90b1	2026-09-18T11:07:19.7412067Z Removing HTTP extra header
shsh-check	Run actions/checkout@3d3c42e5aac5ba805825da76410c181273ba90b1	2026-09-18T11:07:19.7418988Z [command]/usr/bin/git config --local --name-only --get-regexp http\.https\:\/\/github\.com\/\.extraheader
shsh-check	Run actions/checkout@3d3c42e5aac5ba805825da76410c181273ba90b1	2026-09-18T11:07:19.7454934Z [command]/usr/bin/git submodule foreach --recursive sh -c "git config --local --name-only --get-regexp 'http\.https\:\/\/github\.com\/\.extraheader' && git config --local --unset-all 'http.https://github.com/.extraheader' || :"
shsh-check	Run actions/checkout@3d3c42e5aac5ba805825da76410c181273ba90b1	2026-09-18T11:07:19.7678251Z Removing includeIf entries pointing to credentials config files
shsh-check	Run actions/checkout@3d3c42e5aac5ba805825da76410c181273ba90b1	2026-09-18T11:07:19.7682340Z [command]/usr/bin/git config --local --name-only --get-regexp ^includeIf\.gitdir:
shsh-check	Run actions/checkout@3d3c42e5aac5ba805825da76410c181273ba90b1	2026-09-18T11:07:19.7719318Z [command]/usr/bin/git submodule foreach --recursive git config --local --show-origin --name-only --get-regexp remote.origin.url
shsh-check	Run actions/checkout@3d3c42e5aac5ba805825da76410c181273ba90b1	2026-09-18T11:07:19.7954788Z [command]/usr/bin/git config --file /home/runner/work/_temp/git-credentials-0d5a794c-578a-44a3-a98d-dc514650cff1.config http.https://github.com/.extraheader AUTHORIZATION: basic ***
shsh-check	Run actions/checkout@3d3c42e5aac5ba805825da76410c181273ba90b1	2026-09-18T11:07:19.7997248Z [command]/usr/bin/git config --local includeIf.gitdir:/home/runner/work/shimoju.jp/shimoju.jp/.git.path /home/runner/work/_temp/git-credentials-0d5a794c-578a-44a3-a98d-dc514650cff1.config
shsh-check	Run actions/checkout@3d3c42e5aac5ba805825da76410c181273ba90b1	2026-09-18T11:07:19.8030828Z [command]/usr/bin/git config --local includeIf.gitdir:/home/runner/work/shimoju.jp/shimoju.jp/.git/worktrees/*.path /home/runner/work/_temp/git-credentials-0d5a794c-578a-44a3-a98d-dc514650cff1.config
shsh-check	Run actions/checkout@3d3c42e5aac5ba805825da76410c181273ba90b1	2026-09-18T11:07:19.8069795Z [command]/usr/bin/git config --local includeIf.gitdir:/github/workspace/.git.path /github/runner_temp/git-credentials-0d5a794c-578a-44a3-a98d-dc514650cff1.config
shsh-check	Run actions/checkout@3d3c42e5aac5ba805825da76410c181273ba90b1	2026-09-18T11:07:19.8106259Z [command]/usr/bin/git config --local includeIf.gitdir:/github/workspace/.git/worktrees/*.path /github/runner_temp/git-credentials-0d5a794c-578a-44a3-a98d-dc514650cff1.config
shsh-check	Run actions/checkout@3d3c42e5aac5ba805825da76410c181273ba90b1	2026-09-18T11:07:19.8138443Z ##[endgroup]
shsh-check	Run actions/checkout@3d3c42e5aac5ba805825da76410c181273ba90b1	2026-09-18T11:07:19.8140071Z ##[group]Fetching the repository
shsh-check	Run actions/checkout@3d3c42e5aac5ba805825da76410c181273ba90b1	2026-09-18T11:07:19.8146934Z [command]/usr/bin/git -c protocol.version=2 fetch --no-tags --prune --no-recurse-submodules origin +refs/heads/*:refs/remotes/origin/* +refs/tags/*:refs/tags/*
shsh-check	Run actions/checkout@3d3c42e5aac5ba805825da76410c181273ba90b1	2026-09-18T11:07:21.9481961Z From https://github.com/shimoju/shimoju.jp
shsh-check	Run actions/checkout@3d3c42e5aac5ba805825da76410c181273ba90b1	2026-09-18T11:07:21.9487436Z  * [new branch]      hugo-theme -> origin/hugo-theme
shsh-check	Run actions/checkout@3d3c42e5aac5ba805825da76410c181273ba90b1	2026-09-18T11:07:21.9488764Z  * [new branch]      master     -> origin/master
shsh-check	Run actions/checkout@3d3c42e5aac5ba805825da76410c181273ba90b1	2026-09-18T11:07:21.9496358Z [command]/usr/bin/git branch --list --remote origin/hugo-theme
shsh-check	Run actions/checkout@3d3c42e5aac5ba805825da76410c181273ba90b1	2026-09-18T11:07:21.9528481Z   origin/hugo-theme
shsh-check	Run actions/checkout@3d3c42e5aac5ba805825da76410c181273ba90b1	2026-09-18T11:07:21.9546444Z [command]/usr/bin/git rev-parse refs/remotes/origin/hugo-theme
shsh-check	Run actions/checkout@3d3c42e5aac5ba805825da76410c181273ba90b1	2026-09-18T11:07:21.9564159Z 268bbb0ef102f1379efbcfb62f53d2e643a7c79e
shsh-check	Run actions/checkout@3d3c42e5aac5ba805825da76410c181273ba90b1	2026-09-18T11:07:21.9569418Z ##[endgroup]
shsh-check	Run actions/checkout@3d3c42e5aac5ba805825da76410c181273ba90b1	2026-09-18T11:07:21.9570350Z ##[group]Determining the checkout info
shsh-check	Run actions/checkout@3d3c42e5aac5ba805825da76410c181273ba90b1	2026-09-18T11:07:21.9571359Z ##[endgroup]
shsh-check	Run actions/checkout@3d3c42e5aac5ba805825da76410c181273ba90b1	2026-09-18T11:07:21.9574101Z [command]/usr/bin/git sparse-checkout disable
shsh-check	Run actions/checkout@3d3c42e5aac5ba805825da76410c181273ba90b1	2026-09-18T11:07:21.9624995Z [command]/usr/bin/git config --local --unset-all extensions.worktreeConfig
shsh-check	Run actions/checkout@3d3c42e5aac5ba805825da76410c181273ba90b1	2026-09-18T11:07:21.9659808Z ##[group]Checking out the ref
shsh-check	Run actions/checkout@3d3c42e5aac5ba805825da76410c181273ba90b1	2026-09-18T11:07:21.9663488Z [command]/usr/bin/git checkout --progress --force -B hugo-theme refs/remotes/origin/hugo-theme
shsh-check	Run actions/checkout@3d3c42e5aac5ba805825da76410c181273ba90b1	2026-09-18T11:07:22.6278004Z Switched to a new branch 'hugo-theme'
shsh-check	Run actions/checkout@3d3c42e5aac5ba805825da76410c181273ba90b1	2026-09-18T11:07:22.6281020Z branch 'hugo-theme' set up to track 'origin/hugo-theme'.
shsh-check	Run actions/checkout@3d3c42e5aac5ba805825da76410c181273ba90b1	2026-09-18T11:07:22.6306371Z ##[endgroup]
shsh-check	Run actions/checkout@3d3c42e5aac5ba805825da76410c181273ba90b1	2026-09-18T11:07:22.6360362Z [command]/usr/bin/git log -1 --format=%H
shsh-check	Run actions/checkout@3d3c42e5aac5ba805825da76410c181273ba90b1	2026-09-18T11:07:22.6390936Z 268bbb0ef102f1379efbcfb62f53d2e643a7c79e
shsh-check	Run actions/checkout@3d3c42e5aac5ba805825da76410c181273ba90b1	2026-09-18T11:07:22.6404382Z ##[group]Removing auth
shsh-check	Run actions/checkout@3d3c42e5aac5ba805825da76410c181273ba90b1	2026-09-18T11:07:22.6404741Z Removing SSH command configuration
shsh-check	Run actions/checkout@3d3c42e5aac5ba805825da76410c181273ba90b1	2026-09-18T11:07:22.6405207Z [command]/usr/bin/git config --local --name-only --get-regexp core\.sshCommand
shsh-check	Run actions/checkout@3d3c42e5aac5ba805825da76410c181273ba90b1	2026-09-18T11:07:22.6446117Z [command]/usr/bin/git submodule foreach --recursive sh -c "git config --local --name-only --get-regexp 'core\.sshCommand' && git config --local --unset-all 'core.sshCommand' || :"
shsh-check	Run actions/checkout@3d3c42e5aac5ba805825da76410c181273ba90b1	2026-09-18T11:07:22.6709394Z Removing HTTP extra header
shsh-check	Run actions/checkout@3d3c42e5aac5ba805825da76410c181273ba90b1	2026-09-18T11:07:22.6736567Z [command]/usr/bin/git config --local --name-only --get-regexp http\.https\:\/\/github\.com\/\.extraheader
shsh-check	Run actions/checkout@3d3c42e5aac5ba805825da76410c181273ba90b1	2026-09-18T11:07:22.6760196Z [command]/usr/bin/git submodule foreach --recursive sh -c "git config --local --name-only --get-regexp 'http\.https\:\/\/github\.com\/\.extraheader' && git config --local --unset-all 'http.https://github.com/.extraheader' || :"
shsh-check	Run actions/checkout@3d3c42e5aac5ba805825da76410c181273ba90b1	2026-09-18T11:07:22.6982925Z Removing includeIf entries pointing to credentials config files
shsh-check	Run actions/checkout@3d3c42e5aac5ba805825da76410c181273ba90b1	2026-09-18T11:07:22.6986283Z [command]/usr/bin/git config --local --name-only --get-regexp ^includeIf\.gitdir:
shsh-check	Run actions/checkout@3d3c42e5aac5ba805825da76410c181273ba90b1	2026-09-18T11:07:22.7018169Z includeif.gitdir:/home/runner/work/shimoju.jp/shimoju.jp/.git.path
shsh-check	Run actions/checkout@3d3c42e5aac5ba805825da76410c181273ba90b1	2026-09-18T11:07:22.7019128Z includeif.gitdir:/home/runner/work/shimoju.jp/shimoju.jp/.git/worktrees/*.path
shsh-check	Run actions/checkout@3d3c42e5aac5ba805825da76410c181273ba90b1	2026-09-18T11:07:22.7019823Z includeif.gitdir:/github/workspace/.git.path
shsh-check	Run actions/checkout@3d3c42e5aac5ba805825da76410c181273ba90b1	2026-09-18T11:07:22.7020293Z includeif.gitdir:/github/workspace/.git/worktrees/*.path
shsh-check	Run actions/checkout@3d3c42e5aac5ba805825da76410c181273ba90b1	2026-09-18T11:07:22.7027421Z [command]/usr/bin/git config --local --get-all includeif.gitdir:/home/runner/work/shimoju.jp/shimoju.jp/.git.path
shsh-check	Run actions/checkout@3d3c42e5aac5ba805825da76410c181273ba90b1	2026-09-18T11:07:22.7055751Z /home/runner/work/_temp/git-credentials-0d5a794c-578a-44a3-a98d-dc514650cff1.config
shsh-check	Run actions/checkout@3d3c42e5aac5ba805825da76410c181273ba90b1	2026-09-18T11:07:22.7065931Z [command]/usr/bin/git config --local --unset includeif.gitdir:/home/runner/work/shimoju.jp/shimoju.jp/.git.path \/home\/runner\/work\/_temp\/git\-credentials\-0d5a794c\-578a\-44a3\-a98d\-dc514650cff1\.config
shsh-check	Run actions/checkout@3d3c42e5aac5ba805825da76410c181273ba90b1	2026-09-18T11:07:22.7104313Z [command]/usr/bin/git config --local --get-all includeif.gitdir:/home/runner/work/shimoju.jp/shimoju.jp/.git/worktrees/*.path
shsh-check	Run actions/checkout@3d3c42e5aac5ba805825da76410c181273ba90b1	2026-09-18T11:07:22.7136751Z /home/runner/work/_temp/git-credentials-0d5a794c-578a-44a3-a98d-dc514650cff1.config
shsh-check	Run actions/checkout@3d3c42e5aac5ba805825da76410c181273ba90b1	2026-09-18T11:07:22.7144390Z [command]/usr/bin/git config --local --unset includeif.gitdir:/home/runner/work/shimoju.jp/shimoju.jp/.git/worktrees/*.path \/home\/runner\/work\/_temp\/git\-credentials\-0d5a794c\-578a\-44a3\-a98d\-dc514650cff1\.config
shsh-check	Run actions/checkout@3d3c42e5aac5ba805825da76410c181273ba90b1	2026-09-18T11:07:22.7184705Z [command]/usr/bin/git config --local --get-all includeif.gitdir:/github/workspace/.git.path
shsh-check	Run actions/checkout@3d3c42e5aac5ba805825da76410c181273ba90b1	2026-09-18T11:07:22.7213996Z /github/runner_temp/git-credentials-0d5a794c-578a-44a3-a98d-dc514650cff1.config
shsh-check	Run actions/checkout@3d3c42e5aac5ba805825da76410c181273ba90b1	2026-09-18T11:07:22.7224441Z [command]/usr/bin/git config --local --unset includeif.gitdir:/github/workspace/.git.path \/github\/runner_temp\/git\-credentials\-0d5a794c\-578a\-44a3\-a98d\-dc514650cff1\.config
shsh-check	Run actions/checkout@3d3c42e5aac5ba805825da76410c181273ba90b1	2026-09-18T11:07:22.7260994Z [command]/usr/bin/git config --local --get-all includeif.gitdir:/github/workspace/.git/worktrees/*.path
shsh-check	Run actions/checkout@3d3c42e5aac5ba805825da76410c181273ba90b1	2026-09-18T11:07:22.7287711Z /github/runner_temp/git-credentials-0d5a794c-578a-44a3-a98d-dc514650cff1.config
shsh-check	Run actions/checkout@3d3c42e5aac5ba805825da76410c181273ba90b1	2026-09-18T11:07:22.7294944Z [command]/usr/bin/git config --local --unset includeif.gitdir:/github/workspace/.git/worktrees/*.path \/github\/runner_temp\/git\-credentials\-0d5a794c\-578a\-44a3\-a98d\-dc514650cff1\.config
shsh-check	Run actions/checkout@3d3c42e5aac5ba805825da76410c181273ba90b1	2026-09-18T11:07:22.7332032Z [command]/usr/bin/git submodule foreach --recursive git config --local --show-origin --name-only --get-regexp remote.origin.url
shsh-check	Run actions/checkout@3d3c42e5aac5ba805825da76410c181273ba90b1	2026-09-18T11:07:22.7553421Z Removing credentials config '/home/runner/work/_temp/git-credentials-0d5a794c-578a-44a3-a98d-dc514650cff1.config'
shsh-check	Run actions/checkout@3d3c42e5aac5ba805825da76410c181273ba90b1	2026-09-18T11:07:22.7561998Z ##[endgroup]
shsh-check	Run actions/setup-node@820762786026740c76f36085b0efc47a31fe5020	﻿2026-09-18T11:07:22.7806177Z ##[group]Run actions/setup-node@820762786026740c76f36085b0efc47a31fe5020
shsh-check	Run actions/setup-node@820762786026740c76f36085b0efc47a31fe5020	2026-09-18T11:07:22.7806641Z with:
shsh-check	Run actions/setup-node@820762786026740c76f36085b0efc47a31fe5020	2026-09-18T11:07:22.7806887Z   node-version-file: themes/shsh/.node-version
shsh-check	Run actions/setup-node@820762786026740c76f36085b0efc47a31fe5020	2026-09-18T11:07:22.7807214Z   package-manager-cache: false
shsh-check	Run actions/setup-node@820762786026740c76f36085b0efc47a31fe5020	2026-09-18T11:07:22.7807466Z   check-latest: false
shsh-check	Run actions/setup-node@820762786026740c76f36085b0efc47a31fe5020	2026-09-18T11:07:22.7810210Z   token: ***
shsh-check	Run actions/setup-node@820762786026740c76f36085b0efc47a31fe5020	2026-09-18T11:07:22.7810422Z ##[endgroup]
shsh-check	Run actions/setup-node@820762786026740c76f36085b0efc47a31fe5020	2026-09-18T11:07:22.9019508Z Node version file is not JSON file
shsh-check	Run actions/setup-node@820762786026740c76f36085b0efc47a31fe5020	2026-09-18T11:07:22.9022064Z Resolved themes/shsh/.node-version as 24.21.0
shsh-check	Run actions/setup-node@820762786026740c76f36085b0efc47a31fe5020	2026-09-18T11:07:22.9038820Z Attempting to download 24.21.0...
shsh-check	Run actions/setup-node@820762786026740c76f36085b0efc47a31fe5020	2026-09-18T11:07:23.4411454Z Acquiring 24.21.0 - x64 from https://github.com/actions/node-versions/releases/download/24.21.0-34304089047/node-24.21.0-linux-x64.tar.gz
shsh-check	Run actions/setup-node@820762786026740c76f36085b0efc47a31fe5020	2026-09-18T11:07:23.8473962Z Extracting ...
shsh-check	Run actions/setup-node@820762786026740c76f36085b0efc47a31fe5020	2026-09-18T11:07:23.8598124Z [command]/usr/bin/tar xz --strip 1 --warning=no-unknown-keyword --overwrite -C /home/runner/work/_temp/1b92ee61-ed58-4e30-b34e-f9a427fac75b -f /home/runner/work/_temp/2d8b40d2-01d3-4321-9a46-0bc1797c500a
shsh-check	Run actions/setup-node@820762786026740c76f36085b0efc47a31fe5020	2026-09-18T11:07:25.0691705Z Adding to the cache ...
shsh-check	Run actions/setup-node@820762786026740c76f36085b0efc47a31fe5020	2026-09-18T11:07:28.6093273Z ##[group]Environment details
shsh-check	Run actions/setup-node@820762786026740c76f36085b0efc47a31fe5020	2026-09-18T11:07:28.8300059Z node: v24.21.0
shsh-check	Run actions/setup-node@820762786026740c76f36085b0efc47a31fe5020	2026-09-18T11:07:28.8300365Z npm: 11.19.0
shsh-check	Run actions/setup-node@820762786026740c76f36085b0efc47a31fe5020	2026-09-18T11:07:28.8300562Z yarn: 1.22.22
shsh-check	Run actions/setup-node@820762786026740c76f36085b0efc47a31fe5020	2026-09-18T11:07:28.8301456Z ##[endgroup]
shsh-check	Run pnpm/action-setup@0977fd99725f1db4007ccb2928dbb4e90d06cc86	﻿2026-09-18T11:07:28.8483629Z ##[group]Run pnpm/action-setup@0977fd99725f1db4007ccb2928dbb4e90d06cc86
shsh-check	Run pnpm/action-setup@0977fd99725f1db4007ccb2928dbb4e90d06cc86	2026-09-18T11:07:28.8484060Z with:
shsh-check	Run pnpm/action-setup@0977fd99725f1db4007ccb2928dbb4e90d06cc86	2026-09-18T11:07:28.8484296Z   package_json_file: themes/shsh/package.json
shsh-check	Run pnpm/action-setup@0977fd99725f1db4007ccb2928dbb4e90d06cc86	2026-09-18T11:07:28.8484603Z   run_install: false
shsh-check	Run pnpm/action-setup@0977fd99725f1db4007ccb2928dbb4e90d06cc86	2026-09-18T11:07:28.8484818Z   dest: ~/setup-pnpm
shsh-check	Run pnpm/action-setup@0977fd99725f1db4007ccb2928dbb4e90d06cc86	2026-09-18T11:07:28.8485022Z   cache: false
shsh-check	Run pnpm/action-setup@0977fd99725f1db4007ccb2928dbb4e90d06cc86	2026-09-18T11:07:28.8485258Z   cache_dependency_path: pnpm-lock.yaml
shsh-check	Run pnpm/action-setup@0977fd99725f1db4007ccb2928dbb4e90d06cc86	2026-09-18T11:07:28.8485973Z   standalone: false
shsh-check	Run pnpm/action-setup@0977fd99725f1db4007ccb2928dbb4e90d06cc86	2026-09-18T11:07:28.8486299Z ##[endgroup]
shsh-check	Run pnpm/action-setup@0977fd99725f1db4007ccb2928dbb4e90d06cc86	2026-09-18T11:07:28.9962036Z ##[group]Running self-installer...
shsh-check	Run pnpm/action-setup@0977fd99725f1db4007ccb2928dbb4e90d06cc86	2026-09-18T11:07:30.3389168Z
shsh-check	Run pnpm/action-setup@0977fd99725f1db4007ccb2928dbb4e90d06cc86	2026-09-18T11:07:30.3396932Z added 1 package, and audited 2 packages in 1s
shsh-check	Run pnpm/action-setup@0977fd99725f1db4007ccb2928dbb4e90d06cc86	2026-09-18T11:07:30.3397255Z
shsh-check	Run pnpm/action-setup@0977fd99725f1db4007ccb2928dbb4e90d06cc86	2026-09-18T11:07:30.3397473Z 1 package is looking for funding
shsh-check	Run pnpm/action-setup@0977fd99725f1db4007ccb2928dbb4e90d06cc86	2026-09-18T11:07:30.3397794Z   run `npm fund` for details
shsh-check	Run pnpm/action-setup@0977fd99725f1db4007ccb2928dbb4e90d06cc86	2026-09-18T11:07:30.3401487Z
shsh-check	Run pnpm/action-setup@0977fd99725f1db4007ccb2928dbb4e90d06cc86	2026-09-18T11:07:30.3401745Z found 0 vulnerabilities
shsh-check	Run pnpm/action-setup@0977fd99725f1db4007ccb2928dbb4e90d06cc86	2026-09-18T11:07:30.9565351Z Checking for updates...
shsh-check	Run pnpm/action-setup@0977fd99725f1db4007ccb2928dbb4e90d06cc86	2026-09-18T11:07:31.1417408Z Switching pnpm from v11.19.0 to v12.4.1...
shsh-check	Run pnpm/action-setup@0977fd99725f1db4007ccb2928dbb4e90d06cc86	2026-09-18T11:07:31.6113626Z .../v11/976-1a0b4333ae7-4b97243bb153df8a | Progress: resolved 1, reused 0, downloaded 0, added 0
shsh-check	Run pnpm/action-setup@0977fd99725f1db4007ccb2928dbb4e90d06cc86	2026-09-18T11:07:31.6145450Z .../v11/976-1a0b4333ae7-4b97243bb153df8a |   +2 +
shsh-check	Run pnpm/action-setup@0977fd99725f1db4007ccb2928dbb4e90d06cc86	2026-09-18T11:07:32.1036594Z .../v11/976-1a0b4333ae7-4b97243bb153df8a | Progress: resolved 2, reused 0, downloaded 2, added 2, done
shsh-check	Run pnpm/action-setup@0977fd99725f1db4007ccb2928dbb4e90d06cc86	2026-09-18T11:07:33.5122380Z [WARN] Detected a pnpm v10 installation layout at PNPM_HOME. The pnpm shims at PNPM_HOME have been refreshed so the new version is active, but pnpm v11 expects bins in PNPM_HOME/bin. Run "pnpm setup" to migrate your PATH to the v11 layout.
shsh-check	Run pnpm/action-setup@0977fd99725f1db4007ccb2928dbb4e90d06cc86	2026-09-18T11:07:33.5162172Z Successfully updated pnpm to v12.4.1
shsh-check	Run pnpm/action-setup@0977fd99725f1db4007ccb2928dbb4e90d06cc86	2026-09-18T11:07:33.5540405Z ##[endgroup]
shsh-check	Run pnpm/action-setup@0977fd99725f1db4007ccb2928dbb4e90d06cc86	2026-09-18T11:07:33.5541555Z Installation Completed!
shsh-check	Run peaceiris/actions-hugo@6b1ee2dcc06c9b6629a5317fa0146473914d05e1	﻿2026-09-18T11:07:33.5676610Z ##[group]Run peaceiris/actions-hugo@6b1ee2dcc06c9b6629a5317fa0146473914d05e1
shsh-check	Run peaceiris/actions-hugo@6b1ee2dcc06c9b6629a5317fa0146473914d05e1	2026-09-18T11:07:33.5677074Z with:
shsh-check	Run peaceiris/actions-hugo@6b1ee2dcc06c9b6629a5317fa0146473914d05e1	2026-09-18T11:07:33.5677286Z   hugo-version: 0.166.0
shsh-check	Run peaceiris/actions-hugo@6b1ee2dcc06c9b6629a5317fa0146473914d05e1	2026-09-18T11:07:33.5677521Z   extended: false
shsh-check	Run peaceiris/actions-hugo@6b1ee2dcc06c9b6629a5317fa0146473914d05e1	2026-09-18T11:07:33.5677717Z env:
shsh-check	Run peaceiris/actions-hugo@6b1ee2dcc06c9b6629a5317fa0146473914d05e1	2026-09-18T11:07:33.5677962Z   PNPM_HOME: /home/runner/setup-pnpm/node_modules/.bin
shsh-check	Run peaceiris/actions-hugo@6b1ee2dcc06c9b6629a5317fa0146473914d05e1	2026-09-18T11:07:33.5678270Z ##[endgroup]
shsh-check	Run peaceiris/actions-hugo@6b1ee2dcc06c9b6629a5317fa0146473914d05e1	2026-09-18T11:07:33.6452328Z Hugo version: 0.166.0
shsh-check	Run peaceiris/actions-hugo@6b1ee2dcc06c9b6629a5317fa0146473914d05e1	2026-09-18T11:07:33.9783909Z [command]/usr/bin/tar xz --warning=no-unknown-keyword --overwrite -C /home/runner/actions_hugo/_temp -f /home/runner/work/_temp/ccf48df6-fac0-4ece-8a21-b7c79484381e
shsh-check	Run peaceiris/actions-hugo@6b1ee2dcc06c9b6629a5317fa0146473914d05e1	2026-09-18T11:07:34.3763260Z [command]/home/runner/actions_hugo/bin/hugo version
shsh-check	Run peaceiris/actions-hugo@6b1ee2dcc06c9b6629a5317fa0146473914d05e1	2026-09-18T11:07:34.4208518Z hugo v0.166.0-78400b4de8adc99273d3e674ed6c4d14c3bdf669 linux/amd64 BuildDate=2026-09-09T14:45:02Z VendorInfo=gohugoio
shsh-check	Run pnpm install --frozen-lockfile	﻿2026-09-18T11:07:34.4373409Z ##[group]Run pnpm install --frozen-lockfile
shsh-check	Run pnpm install --frozen-lockfile	2026-09-18T11:07:34.4373875Z ^[[36;1mpnpm install --frozen-lockfile^[[0m
shsh-check	Run pnpm install --frozen-lockfile	2026-09-18T11:07:34.4417910Z shell: /usr/bin/bash --noprofile --norc -e -o pipefail {0}
shsh-check	Run pnpm install --frozen-lockfile	2026-09-18T11:07:34.4418274Z env:
shsh-check	Run pnpm install --frozen-lockfile	2026-09-18T11:07:34.4418528Z   PNPM_HOME: /home/runner/setup-pnpm/node_modules/.bin
shsh-check	Run pnpm install --frozen-lockfile	2026-09-18T11:07:34.4418843Z ##[endgroup]
shsh-check	Run pnpm install --frozen-lockfile	2026-09-18T11:07:34.4899399Z ? Verifying lockfile against supply-chain policies (205 entries)...
shsh-check	Run pnpm install --frozen-lockfile	2026-09-18T11:07:34.6708655Z Packages are hard linked from the content-addressable store to the virtual store.
shsh-check	Run pnpm install --frozen-lockfile	2026-09-18T11:07:34.6722490Z   Content-addressable store is at: /home/runner/setup-pnpm/node_modules/.bin/store/v11
shsh-check	Run pnpm install --frozen-lockfile	2026-09-18T11:07:34.6750795Z   Virtual store is at:             node_modules/.pnpm
shsh-check	Run pnpm install --frozen-lockfile	2026-09-18T11:07:34.7310711Z Downloading @typescript/typescript-linux-x64@7.0.2: 0.00 B/9.66 MB
shsh-check	Run pnpm install --frozen-lockfile	2026-09-18T11:07:34.7663742Z Downloading @oxlint/binding-linux-x64-gnu@1.82.0: 0.00 B/6.51 MB
shsh-check	Run pnpm install --frozen-lockfile	2026-09-18T11:07:34.7743577Z Downloading @oxlint-tsgolint/linux-x64@7.0.2001: 0.00 B/7.71 MB
shsh-check	Run pnpm install --frozen-lockfile	2026-09-18T11:07:35.6179414Z ✓ Lockfile passes supply-chain policies (205 entries in 1.1s)
shsh-check	Run pnpm install --frozen-lockfile	2026-09-18T11:07:35.6180463Z Lockfile is up to date, resolution step is skipped
shsh-check	Run pnpm install --frozen-lockfile	2026-09-18T11:07:35.6203698Z Packages: +145
shsh-check	Run pnpm install --frozen-lockfile	2026-09-18T11:07:35.6207464Z ++++++++++++++++++++++++++++++++++++++++++++++++++++++++++++++++++++++++++++++++
shsh-check	Run pnpm install --frozen-lockfile	2026-09-18T11:07:35.6340834Z Progress: resolved 145, reused 0, downloaded 145, added 145, done
shsh-check	Run pnpm install --frozen-lockfile	2026-09-18T11:07:35.6520864Z
shsh-check	Run pnpm install --frozen-lockfile	2026-09-18T11:07:35.6521472Z devDependencies:
shsh-check	Run pnpm install --frozen-lockfile	2026-09-18T11:07:35.6521985Z + @axe-core/playwright 4.13.0
shsh-check	Run pnpm install --frozen-lockfile	2026-09-18T11:07:35.6522508Z + @playwright/test 1.63.0
shsh-check	Run pnpm install --frozen-lockfile	2026-09-18T11:07:35.6522971Z + @types/node 24.13.4
shsh-check	Run pnpm install --frozen-lockfile	2026-09-18T11:07:35.6523418Z + html-validate 11.15.0
shsh-check	Run pnpm install --frozen-lockfile	2026-09-18T11:07:35.6524268Z + oxfmt 0.67.0
shsh-check	Run pnpm install --frozen-lockfile	2026-09-18T11:07:35.6524614Z + oxlint 1.82.0
shsh-check	Run pnpm install --frozen-lockfile	2026-09-18T11:07:35.6525022Z + oxlint-tsgolint 7.0.2001
shsh-check	Run pnpm install --frozen-lockfile	2026-09-18T11:07:35.6525679Z + prettier 3.9.6
shsh-check	Run pnpm install --frozen-lockfile	2026-09-18T11:07:35.6526159Z + prettier-plugin-go-template 0.0.15
shsh-check	Run pnpm install --frozen-lockfile	2026-09-18T11:07:35.6526678Z + stylelint 17.15.0
shsh-check	Run pnpm install --frozen-lockfile	2026-09-18T11:07:35.6527129Z + stylelint-config-standard 40.0.0
shsh-check	Run pnpm install --frozen-lockfile	2026-09-18T11:07:35.6527598Z + typescript 7.0.2
shsh-check	Run pnpm install --frozen-lockfile	2026-09-18T11:07:35.6527830Z
shsh-check	Run pnpm install --frozen-lockfile	2026-09-18T11:07:35.6543552Z Done in 1.2s using pnpm v12.4.1
shsh-check	Run pnpm exec playwright install --with-deps chromium firefox webkit	﻿2026-09-18T11:07:35.6789168Z ##[group]Run pnpm exec playwright install --with-deps chromium firefox webkit
shsh-check	Run pnpm exec playwright install --with-deps chromium firefox webkit	2026-09-18T11:07:35.6789811Z ^[[36;1mpnpm exec playwright install --with-deps chromium firefox webkit^[[0m
shsh-check	Run pnpm exec playwright install --with-deps chromium firefox webkit	2026-09-18T11:07:35.6827921Z shell: /usr/bin/bash --noprofile --norc -e -o pipefail {0}
shsh-check	Run pnpm exec playwright install --with-deps chromium firefox webkit	2026-09-18T11:07:35.6828276Z env:
shsh-check	Run pnpm exec playwright install --with-deps chromium firefox webkit	2026-09-18T11:07:35.6828530Z   PNPM_HOME: /home/runner/setup-pnpm/node_modules/.bin
shsh-check	Run pnpm exec playwright install --with-deps chromium firefox webkit	2026-09-18T11:07:35.6828843Z ##[endgroup]
shsh-check	Run pnpm exec playwright install --with-deps chromium firefox webkit	2026-09-18T11:07:36.1930595Z Installing dependencies...
shsh-check	Run pnpm exec playwright install --with-deps chromium firefox webkit	2026-09-18T11:07:36.2006490Z Switching to root user to install dependencies...
shsh-check	Run pnpm exec playwright install --with-deps chromium firefox webkit	2026-09-18T11:07:36.3033444Z Get:1 file:/etc/apt/apt-mirrors.txt Mirrorlist [144 B]
shsh-check	Run pnpm exec playwright install --with-deps chromium firefox webkit	2026-09-18T11:07:36.3337046Z Hit:2 http://azure.archive.ubuntu.com/ubuntu noble InRelease
shsh-check	Run pnpm exec playwright install --with-deps chromium firefox webkit	2026-09-18T11:07:36.3350250Z Get:3 http://azure.archive.ubuntu.com/ubuntu noble-updates InRelease [126 kB]
shsh-check	Run pnpm exec playwright install --with-deps chromium firefox webkit	2026-09-18T11:07:36.3389610Z Get:4 http://azure.archive.ubuntu.com/ubuntu noble-backports InRelease [126 kB]
shsh-check	Run pnpm exec playwright install --with-deps chromium firefox webkit	2026-09-18T11:07:36.3423951Z Get:6 https://packages.microsoft.com/ubuntu/24.04/prod noble InRelease [3600 B]
shsh-check	Run pnpm exec playwright install --with-deps chromium firefox webkit	2026-09-18T11:07:36.3427308Z Get:5 http://azure.archive.ubuntu.com/ubuntu noble-security InRelease [126 kB]
shsh-check	Run pnpm exec playwright install --with-deps chromium firefox webkit	2026-09-18T11:07:36.3697282Z Get:7 https://dl.google.com/linux/chrome-stable/deb stable InRelease [2548 B]
shsh-check	Run pnpm exec playwright install --with-deps chromium firefox webkit	2026-09-18T11:07:36.4676214Z Get:8 http://azure.archive.ubuntu.com/ubuntu noble-updates/main amd64 Packages [1275 kB]
shsh-check	Run pnpm exec playwright install --with-deps chromium firefox webkit	2026-09-18T11:07:36.4817289Z Get:9 http://azure.archive.ubuntu.com/ubuntu noble-updates/main Translation-en [294 kB]
shsh-check	Run pnpm exec playwright install --with-deps chromium firefox webkit	2026-09-18T11:07:36.4876907Z Get:10 http://azure.archive.ubuntu.com/ubuntu noble-updates/main amd64 Components [181 kB]
shsh-check	Run pnpm exec playwright install --with-deps chromium firefox webkit	2026-09-18T11:07:36.4878507Z Get:11 http://azure.archive.ubuntu.com/ubuntu noble-updates/universe amd64 Packages [1689 kB]
shsh-check	Run pnpm exec playwright install --with-deps chromium firefox webkit	2026-09-18T11:07:36.4959920Z Get:12 http://azure.archive.ubuntu.com/ubuntu noble-updates/universe Translation-en [338 kB]
shsh-check	Run pnpm exec playwright install --with-deps chromium firefox webkit	2026-09-18T11:07:36.4997313Z Get:13 http://azure.archive.ubuntu.com/ubuntu noble-updates/universe amd64 Components [388 kB]
shsh-check	Run pnpm exec playwright install --with-deps chromium firefox webkit	2026-09-18T11:07:36.5026465Z Get:14 http://azure.archive.ubuntu.com/ubuntu noble-updates/restricted amd64 Packages [1580 kB]
shsh-check	Run pnpm exec playwright install --with-deps chromium firefox webkit	2026-09-18T11:07:36.5089173Z Get:15 http://azure.archive.ubuntu.com/ubuntu noble-updates/restricted Translation-en [359 kB]
shsh-check	Run pnpm exec playwright install --with-deps chromium firefox webkit	2026-09-18T11:07:36.5113825Z Get:16 http://azure.archive.ubuntu.com/ubuntu noble-updates/multiverse amd64 Packages [45.7 kB]
shsh-check	Run pnpm exec playwright install --with-deps chromium firefox webkit	2026-09-18T11:07:36.5126679Z Get:17 http://azure.archive.ubuntu.com/ubuntu noble-updates/multiverse Translation-en [13.1 kB]
shsh-check	Run pnpm exec playwright install --with-deps chromium firefox webkit	2026-09-18T11:07:36.5547718Z Get:18 http://azure.archive.ubuntu.com/ubuntu noble-updates/multiverse amd64 Components [940 B]
shsh-check	Run pnpm exec playwright install --with-deps chromium firefox webkit	2026-09-18T11:07:36.5562001Z Get:19 http://azure.archive.ubuntu.com/ubuntu noble-backports/main amd64 Packages [65.9 kB]
shsh-check	Run pnpm exec playwright install --with-deps chromium firefox webkit	2026-09-18T11:07:36.5572407Z Get:20 http://azure.archive.ubuntu.com/ubuntu noble-backports/main amd64 Components [5748 B]
shsh-check	Run pnpm exec playwright install --with-deps chromium firefox webkit	2026-09-18T11:07:36.5578920Z Get:21 http://azure.archive.ubuntu.com/ubuntu noble-backports/universe amd64 Packages [34.6 kB]
shsh-check	Run pnpm exec playwright install --with-deps chromium firefox webkit	2026-09-18T11:07:36.5587641Z Get:22 http://azure.archive.ubuntu.com/ubuntu noble-backports/universe Translation-en [18.7 kB]
shsh-check	Run pnpm exec playwright install --with-deps chromium firefox webkit	2026-09-18T11:07:36.5596188Z Get:23 http://azure.archive.ubuntu.com/ubuntu noble-backports/universe amd64 Components [12.6 kB]
shsh-check	Run pnpm exec playwright install --with-deps chromium firefox webkit	2026-09-18T11:07:36.5850926Z Get:24 https://packages.microsoft.com/ubuntu/24.04/prod noble/main arm64 Packages [427 kB]
shsh-check	Run pnpm exec playwright install --with-deps chromium firefox webkit	2026-09-18T11:07:36.5960326Z Get:25 https://packages.microsoft.com/ubuntu/24.04/prod noble/main amd64 Packages [476 kB]
shsh-check	Run pnpm exec playwright install --with-deps chromium firefox webkit	2026-09-18T11:07:36.6411747Z Get:26 http://azure.archive.ubuntu.com/ubuntu noble-security/main amd64 Packages [1009 kB]
shsh-check	Run pnpm exec playwright install --with-deps chromium firefox webkit	2026-09-18T11:07:36.6476746Z Get:27 http://azure.archive.ubuntu.com/ubuntu noble-security/main Translation-en [214 kB]
shsh-check	Run pnpm exec playwright install --with-deps chromium firefox webkit	2026-09-18T11:07:36.6483670Z Get:28 http://azure.archive.ubuntu.com/ubuntu noble-security/main amd64 Components [46.4 kB]
shsh-check	Run pnpm exec playwright install --with-deps chromium firefox webkit	2026-09-18T11:07:36.6526617Z Get:29 http://azure.archive.ubuntu.com/ubuntu noble-security/universe amd64 Packages [1208 kB]
shsh-check	Run pnpm exec playwright install --with-deps chromium firefox webkit	2026-09-18T11:07:36.6583574Z Get:30 http://azure.archive.ubuntu.com/ubuntu noble-security/universe Translation-en [243 kB]
shsh-check	Run pnpm exec playwright install --with-deps chromium firefox webkit	2026-09-18T11:07:36.6607437Z Get:31 http://azure.archive.ubuntu.com/ubuntu noble-security/universe amd64 Components [76.2 kB]
shsh-check	Run pnpm exec playwright install --with-deps chromium firefox webkit	2026-09-18T11:07:36.6636966Z Get:32 http://azure.archive.ubuntu.com/ubuntu noble-security/restricted amd64 Packages [1449 kB]
shsh-check	Run pnpm exec playwright install --with-deps chromium firefox webkit	2026-09-18T11:07:36.6716780Z Get:33 http://azure.archive.ubuntu.com/ubuntu noble-security/restricted Translation-en [336 kB]
shsh-check	Run pnpm exec playwright install --with-deps chromium firefox webkit	2026-09-18T11:07:36.7144589Z Get:34 http://azure.archive.ubuntu.com/ubuntu noble-security/multiverse Translation-en [11.3 kB]
shsh-check	Run pnpm exec playwright install --with-deps chromium firefox webkit	2026-09-18T11:07:36.7175118Z Get:35 https://dl.google.com/linux/chrome-stable/deb stable/main amd64 Packages [1408 B]
shsh-check	Run pnpm exec playwright install --with-deps chromium firefox webkit	2026-09-18T11:07:40.7590726Z Fetched 12.2 MB in 1s (9196 kB/s)
shsh-check	Run pnpm exec playwright install --with-deps chromium firefox webkit	2026-09-18T11:07:41.5831119Z Reading package lists...
shsh-check	Run pnpm exec playwright install --with-deps chromium firefox webkit	2026-09-18T11:07:41.6068423Z Reading package lists...
shsh-check	Run pnpm exec playwright install --with-deps chromium firefox webkit	2026-09-18T11:07:41.7818075Z Building dependency tree...
shsh-check	Run pnpm exec playwright install --with-deps chromium firefox webkit	2026-09-18T11:07:41.7825142Z Reading state information...
shsh-check	Run pnpm exec playwright install --with-deps chromium firefox webkit	2026-09-18T11:07:41.7966998Z libasound2t64 is already the newest version (1.2.11-1ubuntu0.3).
shsh-check	Run pnpm exec playwright install --with-deps chromium firefox webkit	2026-09-18T11:07:41.7968046Z libasound2t64 set to manually installed.
shsh-check	Run pnpm exec playwright install --with-deps chromium firefox webkit	2026-09-18T11:07:41.7969083Z libatk-bridge2.0-0t64 is already the newest version (2.52.0-1build1).
shsh-check	Run pnpm exec playwright install --with-deps chromium firefox webkit	2026-09-18T11:07:41.7970113Z libatk-bridge2.0-0t64 set to manually installed.
shsh-check	Run pnpm exec playwright install --with-deps chromium firefox webkit	2026-09-18T11:07:41.7971090Z libatk1.0-0t64 is already the newest version (2.52.0-1build1).
shsh-check	Run pnpm exec playwright install --with-deps chromium firefox webkit	2026-09-18T11:07:41.7971933Z libatk1.0-0t64 set to manually installed.
shsh-check	Run pnpm exec playwright install --with-deps chromium firefox webkit	2026-09-18T11:07:41.7972566Z libatspi2.0-0t64 is already the newest version (2.52.0-1build1).
shsh-check	Run pnpm exec playwright install --with-deps chromium firefox webkit	2026-09-18T11:07:41.7973037Z libatspi2.0-0t64 set to manually installed.
shsh-check	Run pnpm exec playwright install --with-deps chromium firefox webkit	2026-09-18T11:07:41.7973484Z libcairo2 is already the newest version (1.18.0-3build1).
shsh-check	Run pnpm exec playwright install --with-deps chromium firefox webkit	2026-09-18T11:07:41.7973917Z libcairo2 set to manually installed.
shsh-check	Run pnpm exec playwright install --with-deps chromium firefox webkit	2026-09-18T11:07:41.7974360Z libcups2t64 is already the newest version (2.4.7-1.2ubuntu7.14).
shsh-check	Run pnpm exec playwright install --with-deps chromium firefox webkit	2026-09-18T11:07:41.7974799Z libcups2t64 set to manually installed.
shsh-check	Run pnpm exec playwright install --with-deps chromium firefox webkit	2026-09-18T11:07:41.7975252Z libdbus-1-3 is already the newest version (1.14.10-4ubuntu4.1).
shsh-check	Run pnpm exec playwright install --with-deps chromium firefox webkit	2026-09-18T11:07:41.7976103Z libdbus-1-3 set to manually installed.
shsh-check	Run pnpm exec playwright install --with-deps chromium firefox webkit	2026-09-18T11:07:41.7976575Z libdrm2 is already the newest version (2.4.125-1ubuntu0.1~24.04.2).
shsh-check	Run pnpm exec playwright install --with-deps chromium firefox webkit	2026-09-18T11:07:41.7977003Z libdrm2 set to manually installed.
shsh-check	Run pnpm exec playwright install --with-deps chromium firefox webkit	2026-09-18T11:07:41.7977426Z libgbm1 is already the newest version (25.2.8-0ubuntu0.24.04.2).
shsh-check	Run pnpm exec playwright install --with-deps chromium firefox webkit	2026-09-18T11:07:41.7977842Z libgbm1 set to manually installed.
shsh-check	Run pnpm exec playwright install --with-deps chromium firefox webkit	2026-09-18T11:07:41.7978283Z libglib2.0-0t64 is already the newest version (2.80.0-6ubuntu3.8).
shsh-check	Run pnpm exec playwright install --with-deps chromium firefox webkit	2026-09-18T11:07:41.7978730Z libglib2.0-0t64 set to manually installed.
shsh-check	Run pnpm exec playwright install --with-deps chromium firefox webkit	2026-09-18T11:07:41.7979180Z libnspr4 is already the newest version (2:4.35-1.1build1).
shsh-check	Run pnpm exec playwright install --with-deps chromium firefox webkit	2026-09-18T11:07:41.7979595Z libnspr4 set to manually installed.
shsh-check	Run pnpm exec playwright install --with-deps chromium firefox webkit	2026-09-18T11:07:41.7980019Z libnss3 is already the newest version (2:3.98-1ubuntu0.2).
shsh-check	Run pnpm exec playwright install --with-deps chromium firefox webkit	2026-09-18T11:07:41.7980429Z libnss3 set to manually installed.
shsh-check	Run pnpm exec playwright install --with-deps chromium firefox webkit	2026-09-18T11:07:41.7980866Z libpango-1.0-0 is already the newest version (1.52.1+ds-1build1).
shsh-check	Run pnpm exec playwright install --with-deps chromium firefox webkit	2026-09-18T11:07:41.7981310Z libpango-1.0-0 set to manually installed.
shsh-check	Run pnpm exec playwright install --with-deps chromium firefox webkit	2026-09-18T11:07:41.7981734Z libx11-6 is already the newest version (2:1.8.7-1build1).
shsh-check	Run pnpm exec playwright install --with-deps chromium firefox webkit	2026-09-18T11:07:41.7982140Z libx11-6 set to manually installed.
shsh-check	Run pnpm exec playwright install --with-deps chromium firefox webkit	2026-09-18T11:07:41.7982524Z libxcb1 is already the newest version (1.15-1ubuntu2).
shsh-check	Run pnpm exec playwright install --with-deps chromium firefox webkit	2026-09-18T11:07:41.7982914Z libxcb1 set to manually installed.
shsh-check	Run pnpm exec playwright install --with-deps chromium firefox webkit	2026-09-18T11:07:41.7983331Z libxcomposite1 is already the newest version (1:0.4.5-1build3).
shsh-check	Run pnpm exec playwright install --with-deps chromium firefox webkit	2026-09-18T11:07:41.7983744Z libxcomposite1 set to manually installed.
shsh-check	Run pnpm exec playwright install --with-deps chromium firefox webkit	2026-09-18T11:07:41.7984154Z libxdamage1 is already the newest version (1:1.1.6-1build1).
shsh-check	Run pnpm exec playwright install --with-deps chromium firefox webkit	2026-09-18T11:07:41.7984541Z libxdamage1 set to manually installed.
shsh-check	Run pnpm exec playwright install --with-deps chromium firefox webkit	2026-09-18T11:07:41.7984928Z libxext6 is already the newest version (2:1.3.4-1build2).
shsh-check	Run pnpm exec playwright install --with-deps chromium firefox webkit	2026-09-18T11:07:41.7985461Z libxext6 set to manually installed.
shsh-check	Run pnpm exec playwright install --with-deps chromium firefox webkit	2026-09-18T11:07:41.7985871Z libxfixes3 is already the newest version (1:6.0.0-2build1).
shsh-check	Run pnpm exec playwright install --with-deps chromium firefox webkit	2026-09-18T11:07:41.7986265Z libxfixes3 set to manually installed.
shsh-check	Run pnpm exec playwright install --with-deps chromium firefox webkit	2026-09-18T11:07:41.7986686Z libxkbcommon0 is already the newest version (1.6.0-1build1).
shsh-check	Run pnpm exec playwright install --with-deps chromium firefox webkit	2026-09-18T11:07:41.7987100Z libxkbcommon0 set to manually installed.
shsh-check	Run pnpm exec playwright install --with-deps chromium firefox webkit	2026-09-18T11:07:41.7987906Z libxrandr2 is already the newest version (2:1.5.2-2build1).
shsh-check	Run pnpm exec playwright install --with-deps chromium firefox webkit	2026-09-18T11:07:41.7988309Z libxrandr2 set to manually installed.
shsh-check	Run pnpm exec playwright install --with-deps chromium firefox webkit	2026-09-18T11:07:41.7988704Z xvfb is already the newest version (2:21.1.12-1ubuntu1.6).
shsh-check	Run pnpm exec playwright install --with-deps chromium firefox webkit	2026-09-18T11:07:41.7989248Z fonts-noto-color-emoji is already the newest version (2.047-0ubuntu0.24.04.1).
shsh-check	Run pnpm exec playwright install --with-deps chromium firefox webkit	2026-09-18T11:07:41.7989826Z libfontconfig1 is already the newest version (2.15.0-1.1ubuntu2).
shsh-check	Run pnpm exec playwright install --with-deps chromium firefox webkit	2026-09-18T11:07:41.7990409Z libfontconfig1 set to manually installed.
shsh-check	Run pnpm exec playwright install --with-deps chromium firefox webkit	2026-09-18T11:07:41.7990861Z libfreetype6 is already the newest version (2.13.2+dfsg-1ubuntu0.1).
shsh-check	Run pnpm exec playwright install --with-deps chromium firefox webkit	2026-09-18T11:07:41.7991289Z libfreetype6 set to manually installed.
shsh-check	Run pnpm exec playwright install --with-deps chromium firefox webkit	2026-09-18T11:07:41.7991707Z fonts-liberation is already the newest version (1:2.1.5-3).
shsh-check	Run pnpm exec playwright install --with-deps chromium firefox webkit	2026-09-18T11:07:41.7992119Z fonts-liberation set to manually installed.
shsh-check	Run pnpm exec playwright install --with-deps chromium firefox webkit	2026-09-18T11:07:41.7992561Z libcairo-gobject2 is already the newest version (1.18.0-3build1).
shsh-check	Run pnpm exec playwright install --with-deps chromium firefox webkit	2026-09-18T11:07:41.7992995Z libcairo-gobject2 set to manually installed.
shsh-check	Run pnpm exec playwright install --with-deps chromium firefox webkit	2026-09-18T11:07:41.7993499Z libgdk-pixbuf-2.0-0 is already the newest version (2.42.10+dfsg-3ubuntu3.3).
shsh-check	Run pnpm exec playwright install --with-deps chromium firefox webkit	2026-09-18T11:07:41.7993981Z libgdk-pixbuf-2.0-0 set to manually installed.
shsh-check	Run pnpm exec playwright install --with-deps chromium firefox webkit	2026-09-18T11:07:41.7994423Z libgtk-3-0t64 is already the newest version (3.24.41-4ubuntu1.3).
shsh-check	Run pnpm exec playwright install --with-deps chromium firefox webkit	2026-09-18T11:07:41.7994828Z libgtk-3-0t64 set to manually installed.
shsh-check	Run pnpm exec playwright install --with-deps chromium firefox webkit	2026-09-18T11:07:41.7995270Z libpangocairo-1.0-0 is already the newest version (1.52.1+ds-1build1).
shsh-check	Run pnpm exec playwright install --with-deps chromium firefox webkit	2026-09-18T11:07:41.7995883Z libpangocairo-1.0-0 set to manually installed.
shsh-check	Run pnpm exec playwright install --with-deps chromium firefox webkit	2026-09-18T11:07:41.7996310Z libx11-xcb1 is already the newest version (2:1.8.7-1build1).
shsh-check	Run pnpm exec playwright install --with-deps chromium firefox webkit	2026-09-18T11:07:41.7996696Z libx11-xcb1 set to manually installed.
shsh-check	Run pnpm exec playwright install --with-deps chromium firefox webkit	2026-09-18T11:07:41.7997078Z libxcb-shm0 is already the newest version (1.15-1ubuntu2).
shsh-check	Run pnpm exec playwright install --with-deps chromium firefox webkit	2026-09-18T11:07:41.7997455Z libxcb-shm0 set to manually installed.
shsh-check	Run pnpm exec playwright install --with-deps chromium firefox webkit	2026-09-18T11:07:41.7997914Z libxcursor1 is already the newest version (1:1.2.1-1build1).
shsh-check	Run pnpm exec playwright install --with-deps chromium firefox webkit	2026-09-18T11:07:41.7998325Z libxcursor1 set to manually installed.
shsh-check	Run pnpm exec playwright install --with-deps chromium firefox webkit	2026-09-18T11:07:41.7998694Z libxi6 is already the newest version (2:1.8.1-1build1).
shsh-check	Run pnpm exec playwright install --with-deps chromium firefox webkit	2026-09-18T11:07:41.7999060Z libxi6 set to manually installed.
shsh-check	Run pnpm exec playwright install --with-deps chromium firefox webkit	2026-09-18T11:07:41.7999453Z libxrender1 is already the newest version (1:0.9.10-1.1build1).
shsh-check	Run pnpm exec playwright install --with-deps chromium firefox webkit	2026-09-18T11:07:41.7999853Z libxrender1 set to manually installed.
shsh-check	Run pnpm exec playwright install --with-deps chromium firefox webkit	2026-09-18T11:07:41.8000231Z libicu74 is already the newest version (74.2-1ubuntu3.1).
shsh-check	Run pnpm exec playwright install --with-deps chromium firefox webkit	2026-09-18T11:07:41.8000706Z libatomic1 is already the newest version (14.2.0-4ubuntu2~24.04.1).
shsh-check	Run pnpm exec playwright install --with-deps chromium firefox webkit	2026-09-18T11:07:41.8001116Z libatomic1 set to manually installed.
shsh-check	Run pnpm exec playwright install --with-deps chromium firefox webkit	2026-09-18T11:07:41.8001516Z libenchant-2-2 is already the newest version (2.3.3-2build2).
shsh-check	Run pnpm exec playwright install --with-deps chromium firefox webkit	2026-09-18T11:07:41.8001915Z libenchant-2-2 set to manually installed.
shsh-check	Run pnpm exec playwright install --with-deps chromium firefox webkit	2026-09-18T11:07:41.8002327Z libepoxy0 is already the newest version (1.5.10-1build1).
shsh-check	Run pnpm exec playwright install --with-deps chromium firefox webkit	2026-09-18T11:07:41.8002699Z libepoxy0 set to manually installed.
shsh-check	Run pnpm exec playwright install --with-deps chromium firefox webkit	2026-09-18T11:07:41.8003126Z libgstreamer1.0-0 is already the newest version (1.24.2-1ubuntu0.1).
shsh-check	Run pnpm exec playwright install --with-deps chromium firefox webkit	2026-09-18T11:07:41.8003567Z libgstreamer1.0-0 set to manually installed.
shsh-check	Run pnpm exec playwright install --with-deps chromium firefox webkit	2026-09-18T11:07:41.8004088Z libharfbuzz0b is already the newest version (8.3.0-2build2).
shsh-check	Run pnpm exec playwright install --with-deps chromium firefox webkit	2026-09-18T11:07:41.9257413Z libharfbuzz0b set to manually installed.
shsh-check	Run pnpm exec playwright install --with-deps chromium firefox webkit	2026-09-18T11:07:41.9258650Z libjpeg-turbo8 is already the newest version (2.1.5-2ubuntu2).
shsh-check	Run pnpm exec playwright install --with-deps chromium firefox webkit	2026-09-18T11:07:41.9259470Z libjpeg-turbo8 set to manually installed.
shsh-check	Run pnpm exec playwright install --with-deps chromium firefox webkit	2026-09-18T11:07:41.9260033Z liblcms2-2 is already the newest version (2.14-2ubuntu0.1).
shsh-check	Run pnpm exec playwright install --with-deps chromium firefox webkit	2026-09-18T11:07:41.9261015Z liblcms2-2 set to manually installed.
shsh-check	Run pnpm exec playwright install --with-deps chromium firefox webkit	2026-09-18T11:07:41.9261621Z libpng16-16t64 is already the newest version (1.6.43-5ubuntu0.6).
shsh-check	Run pnpm exec playwright install --with-deps chromium firefox webkit	2026-09-18T11:07:41.9262182Z libpng16-16t64 set to manually installed.
shsh-check	Run pnpm exec playwright install --with-deps chromium firefox webkit	2026-09-18T11:07:41.9262936Z libwayland-client0 is already the newest version (1.22.0-2.1build1).
shsh-check	Run pnpm exec playwright install --with-deps chromium firefox webkit	2026-09-18T11:07:41.9263784Z libwayland-client0 set to manually installed.
shsh-check	Run pnpm exec playwright install --with-deps chromium firefox webkit	2026-09-18T11:07:41.9264388Z libwayland-egl1 is already the newest version (1.22.0-2.1build1).
shsh-check	Run pnpm exec playwright install --with-deps chromium firefox webkit	2026-09-18T11:07:41.9264880Z libwayland-egl1 set to manually installed.
shsh-check	Run pnpm exec playwright install --with-deps chromium firefox webkit	2026-09-18T11:07:41.9265568Z libwebp7 is already the newest version (1.3.2-0.4build3).
shsh-check	Run pnpm exec playwright install --with-deps chromium firefox webkit	2026-09-18T11:07:41.9266414Z libwebp7 set to manually installed.
shsh-check	Run pnpm exec playwright install --with-deps chromium firefox webkit	2026-09-18T11:07:41.9266875Z libwebpdemux2 is already the newest version (1.3.2-0.4build3).
shsh-check	Run pnpm exec playwright install --with-deps chromium firefox webkit	2026-09-18T11:07:41.9267325Z libwebpdemux2 set to manually installed.
shsh-check	Run pnpm exec playwright install --with-deps chromium firefox webkit	2026-09-18T11:07:41.9267787Z libxml2 is already the newest version (2.9.14+dfsg-1.3ubuntu3.8).
shsh-check	Run pnpm exec playwright install --with-deps chromium firefox webkit	2026-09-18T11:07:41.9268211Z libxml2 set to manually installed.
shsh-check	Run pnpm exec playwright install --with-deps chromium firefox webkit	2026-09-18T11:07:41.9268675Z libxslt1.1 is already the newest version (1.1.39-0exp1ubuntu0.24.04.3).
shsh-check	Run pnpm exec playwright install --with-deps chromium firefox webkit	2026-09-18T11:07:41.9269285Z libxslt1.1 set to manually installed.
shsh-check	Run pnpm exec playwright install --with-deps chromium firefox webkit	2026-09-18T11:07:41.9269903Z The following additional packages will be installed:
shsh-check	Run pnpm exec playwright install --with-deps chromium firefox webkit	2026-09-18T11:07:41.9270432Z   glib-networking glib-networking-common glib-networking-services
shsh-check	Run pnpm exec playwright install --with-deps chromium firefox webkit	2026-09-18T11:07:41.9271010Z   gsettings-desktop-schemas libaa1 libabsl20220623t64 libass9 libasyncns0
shsh-check	Run pnpm exec playwright install --with-deps chromium firefox webkit	2026-09-18T11:07:41.9271591Z   libavc1394-0 libavfilter9 libavformat60 libavtp0 libavutil58 libblas3
shsh-check	Run pnpm exec playwright install --with-deps chromium firefox webkit	2026-09-18T11:07:41.9272180Z   libbluray2 libbs2b0 libcaca0 libcairo-script-interpreter2 libcdparanoia0
shsh-check	Run pnpm exec playwright install --with-deps chromium firefox webkit	2026-09-18T11:07:41.9272930Z   libchromaprint1 libcjson1 libcodec2-1.2 libdav1d7 libdc1394-25 libdca0
shsh-check	Run pnpm exec playwright install --with-deps chromium firefox webkit	2026-09-18T11:07:41.9273481Z   libde265-0 libdecor-0-0 libdirectfb-1.7-7t64 libdv4t64 libdvdnav4
shsh-check	Run pnpm exec playwright install --with-deps chromium firefox webkit	2026-09-18T11:07:41.9274031Z   libdvdread8t64 libegl-mesa0 libegl1 libfaad2 libflac12t64 libfluidsynth3
shsh-check	Run pnpm exec playwright install --with-deps chromium firefox webkit	2026-09-18T11:07:41.9274622Z   libfreeaptx0 libgav1-1 libgme0 libgraphene-1.0-0 libgsm1 libgssdp-1.6-0
shsh-check	Run pnpm exec playwright install --with-deps chromium firefox webkit	2026-09-18T11:07:41.9275480Z   libgstreamer-plugins-good1.0-0 libgtk-4-common libgupnp-1.6-0
shsh-check	Run pnpm exec playwright install --with-deps chromium firefox webkit	2026-09-18T11:07:41.9276018Z   libgupnp-igd-1.6-0 libhwy1t64 libiec61883-0 libimath-3-1-29t64
shsh-check	Run pnpm exec playwright install --with-deps chromium firefox webkit	2026-09-18T11:07:41.9276495Z   libinstpatch-1.0-2 libjack-jackd2-0 libjxl0.7 liblapack3 liblc3-1
shsh-check	Run pnpm exec playwright install --with-deps chromium firefox webkit	2026-09-18T11:07:41.9276995Z   libldacbt-enc2 liblilv-0-0 liblrdf0 libltc11 libmbedcrypto7t64 libmfx1
shsh-check	Run pnpm exec playwright install --with-deps chromium firefox webkit	2026-09-18T11:07:41.9277612Z   libmjpegutils-2.1-0t64 libmodplug1 libmp3lame0 libmpcdec6
shsh-check	Run pnpm exec playwright install --with-deps chromium firefox webkit	2026-09-18T11:07:41.9278090Z   libmpeg2encpp-2.1-0t64 libmpg123-0t64 libmplex2-2.1-0t64 libmysofa1
shsh-check	Run pnpm exec playwright install --with-deps chromium firefox webkit	2026-09-18T11:07:41.9278597Z   libneon27t64 libnice10 libopenal-data libopenal1 libopenexr-3-1-30
shsh-check	Run pnpm exec playwright install --with-deps chromium firefox webkit	2026-09-18T11:07:41.9279061Z   libopenh264-7 libopenmpt0t64 libopenni2-0 liborc-0.4-0t64
shsh-check	Run pnpm exec playwright install --with-deps chromium firefox webkit	2026-09-18T11:07:41.9279521Z   libpipewire-0.3-0t64 libplacebo338 libpocketsphinx3 libpostproc57
shsh-check	Run pnpm exec playwright install --with-deps chromium firefox webkit	2026-09-18T11:07:41.9280035Z   libproxy1v5 libpulse0 libqrencode4 libraptor2-0 librav1e0 libraw1394-11
shsh-check	Run pnpm exec playwright install --with-deps chromium firefox webkit	2026-09-18T11:07:41.9280567Z   librist4 librsvg2-2 librubberband2 libsamplerate0 libsbc1 libsdl2-2.0-0
shsh-check	Run pnpm exec playwright install --with-deps chromium firefox webkit	2026-09-18T11:07:41.9281109Z   libsecret-common libserd-0-0 libshine3 libshout3 libsndfile1 libsndio7.0
shsh-check	Run pnpm exec playwright install --with-deps chromium firefox webkit	2026-09-18T11:07:41.9281751Z   libsord-0-0 libsoundtouch1 libsoup-3.0-0 libsoup-3.0-common libsoxr0
shsh-check	Run pnpm exec playwright install --with-deps chromium firefox webkit	2026-09-18T11:07:41.9282290Z   libspa-0.2-modules libspandsp2t64 libspeex1 libsphinxbase3t64 libsratom-0-0
shsh-check	Run pnpm exec playwright install --with-deps chromium firefox webkit	2026-09-18T11:07:41.9282863Z   libsrt1.5-gnutls libsrtp2-1 libssh-gcrypt-4 libsvtav1enc1d1 libswresample4
shsh-check	Run pnpm exec playwright install --with-deps chromium firefox webkit	2026-09-18T11:07:41.9283419Z   libswscale7 libtag1v5 libtag1v5-vanilla libtheora0 libtwolame0 libudfread0
shsh-check	Run pnpm exec playwright install --with-deps chromium firefox webkit	2026-09-18T11:07:41.9283962Z   libunibreak5 libv4l-0t64 libv4lconvert0t64 libva-drm2 libva-x11-2 libva2
shsh-check	Run pnpm exec playwright install --with-deps chromium firefox webkit	2026-09-18T11:07:41.9284495Z   libvdpau1 libvidstab1.1 libvisual-0.4-0 libvo-aacenc0 libvo-amrwbenc0
shsh-check	Run pnpm exec playwright install --with-deps chromium firefox webkit	2026-09-18T11:07:41.9285155Z   libvorbisenc2 libvpl2 libwavpack1 libwebrtc-audio-processing1 libwildmidi2
shsh-check	Run pnpm exec playwright install --with-deps chromium firefox webkit	2026-09-18T11:07:41.9285881Z   libx265-199 libxcb-xkb1 libxkbcommon-x11-0 libxvidcore4 libyuv0 libzbar0t64
shsh-check	Run pnpm exec playwright install --with-deps chromium firefox webkit	2026-09-18T11:07:41.9286462Z   libzimg2 libzix-0-0 libzvbi-common libzvbi0t64 libzxing3 ocl-icd-libopencl1
shsh-check	Run pnpm exec playwright install --with-deps chromium firefox webkit	2026-09-18T11:07:41.9287002Z   session-migration timgm6mb-soundfont xfonts-encodings xfonts-utils
shsh-check	Run pnpm exec playwright install --with-deps chromium firefox webkit	2026-09-18T11:07:41.9287401Z Suggested packages:
shsh-check	Run pnpm exec playwright install --with-deps chromium firefox webkit	2026-09-18T11:07:41.9287833Z   frei0r-plugins gvfs libcuda1 libnvcuvid1 libnvidia-encode1 libbluray-bdj
shsh-check	Run pnpm exec playwright install --with-deps chromium firefox webkit	2026-09-18T11:07:41.9288386Z   libdirectfb-extra libdv-bin oss-compat libdvdcss2 libvisual-0.4-plugins
shsh-check	Run pnpm exec playwright install --with-deps chromium firefox webkit	2026-09-18T11:07:41.9288904Z   jackd2 liblrdf0-dev libportaudio2 opus-tools pipewire pulseaudio
shsh-check	Run pnpm exec playwright install --with-deps chromium firefox webkit	2026-09-18T11:07:41.9289393Z   raptor2-utils libraw1394-doc librsvg2-bin serdi sndiod sordi speex
shsh-check	Run pnpm exec playwright install --with-deps chromium firefox webkit	2026-09-18T11:07:41.9290008Z   libwildmidi-config opencl-icd fluid-soundfont-gm
shsh-check	Run pnpm exec playwright install --with-deps chromium firefox webkit	2026-09-18T11:07:41.9290345Z Recommended packages:
shsh-check	Run pnpm exec playwright install --with-deps chromium firefox webkit	2026-09-18T11:07:41.9290699Z   fonts-ipafont-mincho fonts-tlwg-loma gstreamer1.0-x libaacs0
shsh-check	Run pnpm exec playwright install --with-deps chromium firefox webkit	2026-09-18T11:07:41.9291193Z   default-libdecor-0-plugin-1 | libdecor-0-plugin-1 gstreamer1.0-gl
shsh-check	Run pnpm exec playwright install --with-deps chromium firefox webkit	2026-09-18T11:07:41.9291748Z   libgtk-4-bin librsvg2-common libgtk-4-media-gstreamer libpipewire-0.3-common
shsh-check	Run pnpm exec playwright install --with-deps chromium firefox webkit	2026-09-18T11:07:41.9292460Z   pocketsphinx-en-us va-driver-all | va-driver vdpau-driver-all | vdpau-driver
shsh-check	Run pnpm exec playwright install --with-deps chromium firefox webkit	2026-09-18T11:07:41.9292878Z   libmagickcore-6.q16-7-extra
shsh-check	Run pnpm exec playwright install --with-deps chromium firefox webkit	2026-09-18T11:07:41.9998296Z The following NEW packages will be installed:
shsh-check	Run pnpm exec playwright install --with-deps chromium firefox webkit	2026-09-18T11:07:41.9999496Z   fonts-freefont-ttf fonts-ipafont-gothic fonts-tlwg-loma-otf fonts-unifont
shsh-check	Run pnpm exec playwright install --with-deps chromium firefox webkit	2026-09-18T11:07:42.0000600Z   fonts-wqy-zenhei glib-networking glib-networking-common
shsh-check	Run pnpm exec playwright install --with-deps chromium firefox webkit	2026-09-18T11:07:42.0001272Z   glib-networking-services gsettings-desktop-schemas gstreamer1.0-libav
shsh-check	Run pnpm exec playwright install --with-deps chromium firefox webkit	2026-09-18T11:07:42.0002122Z   gstreamer1.0-plugins-bad gstreamer1.0-plugins-base gstreamer1.0-plugins-good
shsh-check	Run pnpm exec playwright install --with-deps chromium firefox webkit	2026-09-18T11:07:42.0003417Z   libaa1 libabsl20220623t64 libass9 libasyncns0 libavc1394-0 libavcodec60
shsh-check	Run pnpm exec playwright install --with-deps chromium firefox webkit	2026-09-18T11:07:42.0004112Z   libavfilter9 libavformat60 libavif16 libavtp0 libavutil58 libblas3
shsh-check	Run pnpm exec playwright install --with-deps chromium firefox webkit	2026-09-18T11:07:42.0004790Z   libbluray2 libbs2b0 libcaca0 libcairo-script-interpreter2 libcdparanoia0
shsh-check	Run pnpm exec playwright install --with-deps chromium firefox webkit	2026-09-18T11:07:42.0006032Z   libchromaprint1 libcjson1 libcodec2-1.2 libdav1d7 libdc1394-25 libdca0
shsh-check	Run pnpm exec playwright install --with-deps chromium firefox webkit	2026-09-18T11:07:42.0006627Z   libde265-0 libdecor-0-0 libdirectfb-1.7-7t64 libdv4t64 libdvdnav4
shsh-check	Run pnpm exec playwright install --with-deps chromium firefox webkit	2026-09-18T11:07:42.0007207Z   libdvdread8t64 libegl-mesa0 libegl1 libevent-2.1-7t64 libfaad2 libflac12t64
shsh-check	Run pnpm exec playwright install --with-deps chromium firefox webkit	2026-09-18T11:07:42.0008012Z   libflite1 libfluidsynth3 libfreeaptx0 libgav1-1 libgles2 libgme0
shsh-check	Run pnpm exec playwright install --with-deps chromium firefox webkit	2026-09-18T11:07:42.0008541Z   libgraphene-1.0-0 libgsm1 libgssdp-1.6-0 libgstreamer-gl1.0-0
shsh-check	Run pnpm exec playwright install --with-deps chromium firefox webkit	2026-09-18T11:07:42.0009056Z   libgstreamer-plugins-bad1.0-0 libgstreamer-plugins-base1.0-0
shsh-check	Run pnpm exec playwright install --with-deps chromium firefox webkit	2026-09-18T11:07:42.0009633Z   libgstreamer-plugins-good1.0-0 libgtk-4-1 libgtk-4-common libgupnp-1.6-0
shsh-check	Run pnpm exec playwright install --with-deps chromium firefox webkit	2026-09-18T11:07:42.0010238Z   libgupnp-igd-1.6-0 libharfbuzz-icu0 libhwy1t64 libhyphen0 libiec61883-0
shsh-check	Run pnpm exec playwright install --with-deps chromium firefox webkit	2026-09-18T11:07:42.0010829Z   libimath-3-1-29t64 libinstpatch-1.0-2 libjack-jackd2-0 libjxl0.7 liblapack3
shsh-check	Run pnpm exec playwright install --with-deps chromium firefox webkit	2026-09-18T11:07:42.0011409Z   liblc3-1 libldacbt-enc2 liblilv-0-0 liblrdf0 libltc11 libmanette-0.2-0
shsh-check	Run pnpm exec playwright install --with-deps chromium firefox webkit	2026-09-18T11:07:42.0011990Z   libmbedcrypto7t64 libmfx1 libmjpegutils-2.1-0t64 libmodplug1 libmp3lame0
shsh-check	Run pnpm exec playwright install --with-deps chromium firefox webkit	2026-09-18T11:07:42.0012570Z   libmpcdec6 libmpeg2encpp-2.1-0t64 libmpg123-0t64 libmplex2-2.1-0t64
shsh-check	Run pnpm exec playwright install --with-deps chromium firefox webkit	2026-09-18T11:07:42.0013084Z   libmysofa1 libneon27t64 libnice10 libopenal-data libopenal1
shsh-check	Run pnpm exec playwright install --with-deps chromium firefox webkit	2026-09-18T11:07:42.0013603Z   libopenexr-3-1-30 libopenh264-7 libopenmpt0t64 libopenni2-0 libopus0
shsh-check	Run pnpm exec playwright install --with-deps chromium firefox webkit	2026-09-18T11:07:42.0014152Z   liborc-0.4-0t64 libpipewire-0.3-0t64 libplacebo338 libpocketsphinx3
shsh-check	Run pnpm exec playwright install --with-deps chromium firefox webkit	2026-09-18T11:07:42.0014718Z   libpostproc57 libproxy1v5 libpulse0 libqrencode4 libraptor2-0 librav1e0
shsh-check	Run pnpm exec playwright install --with-deps chromium firefox webkit	2026-09-18T11:07:42.0015296Z   libraw1394-11 librist4 librsvg2-2 librubberband2 libsamplerate0 libsbc1
shsh-check	Run pnpm exec playwright install --with-deps chromium firefox webkit	2026-09-18T11:07:42.0016026Z   libsdl2-2.0-0 libsecret-1-0 libsecret-common libserd-0-0 libshine3 libshout3
shsh-check	Run pnpm exec playwright install --with-deps chromium firefox webkit	2026-09-18T11:07:42.0016571Z   libsndfile1 libsndio7.0 libsord-0-0 libsoundtouch1 libsoup-3.0-0
shsh-check	Run pnpm exec playwright install --with-deps chromium firefox webkit	2026-09-18T11:07:42.0017086Z   libsoup-3.0-common libsoxr0 libspa-0.2-modules libspandsp2t64 libspeex1
shsh-check	Run pnpm exec playwright install --with-deps chromium firefox webkit	2026-09-18T11:07:42.0017646Z   libsphinxbase3t64 libsratom-0-0 libsrt1.5-gnutls libsrtp2-1 libssh-gcrypt-4
shsh-check	Run pnpm exec playwright install --with-deps chromium firefox webkit	2026-09-18T11:07:42.0018202Z   libsvtav1enc1d1 libswresample4 libswscale7 libtag1v5 libtag1v5-vanilla
shsh-check	Run pnpm exec playwright install --with-deps chromium firefox webkit	2026-09-18T11:07:42.0018692Z   libtheora0 libtwolame0 libudfread0 libunibreak5 libv4l-0t64
shsh-check	Run pnpm exec playwright install --with-deps chromium firefox webkit	2026-09-18T11:07:42.0019178Z   libv4lconvert0t64 libva-drm2 libva-x11-2 libva2 libvdpau1 libvidstab1.1
shsh-check	Run pnpm exec playwright install --with-deps chromium firefox webkit	2026-09-18T11:07:42.0019717Z   libvisual-0.4-0 libvo-aacenc0 libvo-amrwbenc0 libvorbisenc2 libvpl2 libvpx9
shsh-check	Run pnpm exec playwright install --with-deps chromium firefox webkit	2026-09-18T11:07:42.0020277Z   libwavpack1 libwayland-server0 libwebrtc-audio-processing1 libwildmidi2
shsh-check	Run pnpm exec playwright install --with-deps chromium firefox webkit	2026-09-18T11:07:42.0020842Z   libwoff1 libx264-164 libx265-199 libxcb-xkb1 libxkbcommon-x11-0 libxvidcore4
shsh-check	Run pnpm exec playwright install --with-deps chromium firefox webkit	2026-09-18T11:07:42.0021755Z   libyuv0 libzbar0t64 libzimg2 libzix-0-0 libzvbi-common libzvbi0t64 libzxing3
shsh-check	Run pnpm exec playwright install --with-deps chromium firefox webkit	2026-09-18T11:07:42.0022323Z   ocl-icd-libopencl1 session-migration timgm6mb-soundfont xfonts-cyrillic
shsh-check	Run pnpm exec playwright install --with-deps chromium firefox webkit	2026-09-18T11:07:42.0022797Z   xfonts-encodings xfonts-scalable xfonts-utils
shsh-check	Run pnpm exec playwright install --with-deps chromium firefox webkit	2026-09-18T11:07:42.0233115Z 0 upgraded, 181 newly installed, 0 to remove and 73 not upgraded.
shsh-check	Run pnpm exec playwright install --with-deps chromium firefox webkit	2026-09-18T11:07:42.0234202Z Need to get 114 MB of archives.
shsh-check	Run pnpm exec playwright install --with-deps chromium firefox webkit	2026-09-18T11:07:42.0234978Z After this operation, 364 MB of additional disk space will be used.
shsh-check	Run pnpm exec playwright install --with-deps chromium firefox webkit	2026-09-18T11:07:42.0236067Z Get:1 file:/etc/apt/apt-mirrors.txt Mirrorlist [144 B]
shsh-check	Run pnpm exec playwright install --with-deps chromium firefox webkit	2026-09-18T11:07:42.0407163Z Get:2 http://azure.archive.ubuntu.com/ubuntu noble/universe amd64 fonts-ipafont-gothic all 00303-21ubuntu1 [3513 kB]
shsh-check	Run pnpm exec playwright install --with-deps chromium firefox webkit	2026-09-18T11:07:42.1369546Z Get:3 http://azure.archive.ubuntu.com/ubuntu noble/main amd64 fonts-freefont-ttf all 20211204+svn4273-2 [5641 kB]
shsh-check	Run pnpm exec playwright install --with-deps chromium firefox webkit	2026-09-18T11:07:42.2752175Z Get:4 http://azure.archive.ubuntu.com/ubuntu noble/universe amd64 fonts-tlwg-loma-otf all 1:0.7.3-1 [107 kB]
shsh-check	Run pnpm exec playwright install --with-deps chromium firefox webkit	2026-09-18T11:07:42.2794205Z Get:5 http://azure.archive.ubuntu.com/ubuntu noble/universe amd64 fonts-unifont all 1:15.1.01-1build1 [2993 kB]
shsh-check	Run pnpm exec playwright install --with-deps chromium firefox webkit	2026-09-18T11:07:42.3722991Z Get:6 http://azure.archive.ubuntu.com/ubuntu noble/universe amd64 fonts-wqy-zenhei all 0.9.45-8 [7472 kB]
shsh-check	Run pnpm exec playwright install --with-deps chromium firefox webkit	2026-09-18T11:07:42.5819793Z Get:7 http://azure.archive.ubuntu.com/ubuntu noble/main amd64 libproxy1v5 amd64 0.5.4-4build1 [26.5 kB]
shsh-check	Run pnpm exec playwright install --with-deps chromium firefox webkit	2026-09-18T11:07:42.5844116Z Get:8 http://azure.archive.ubuntu.com/ubuntu noble/main amd64 glib-networking-common all 2.80.0-1build1 [6702 B]
shsh-check	Run pnpm exec playwright install --with-deps chromium firefox webkit	2026-09-18T11:07:42.5864292Z Get:9 http://azure.archive.ubuntu.com/ubuntu noble/main amd64 glib-networking-services amd64 2.80.0-1build1 [12.8 kB]
shsh-check	Run pnpm exec playwright install --with-deps chromium firefox webkit	2026-09-18T11:07:42.5884751Z Get:10 http://azure.archive.ubuntu.com/ubuntu noble/main amd64 session-migration amd64 0.3.9build1 [9034 B]
shsh-check	Run pnpm exec playwright install --with-deps chromium firefox webkit	2026-09-18T11:07:42.5905496Z Get:11 http://azure.archive.ubuntu.com/ubuntu noble-updates/main amd64 gsettings-desktop-schemas all 46.1-0ubuntu1 [35.6 kB]
shsh-check	Run pnpm exec playwright install --with-deps chromium firefox webkit	2026-09-18T11:07:42.5928100Z Get:12 http://azure.archive.ubuntu.com/ubuntu noble/main amd64 glib-networking amd64 2.80.0-1build1 [64.1 kB]
shsh-check	Run pnpm exec playwright install --with-deps chromium firefox webkit	2026-09-18T11:07:42.5958066Z Get:13 http://azure.archive.ubuntu.com/ubuntu noble-updates/universe amd64 libva2 amd64 2.20.0-2ubuntu0.2 [66.4 kB]
shsh-check	Run pnpm exec playwright install --with-deps chromium firefox webkit	2026-09-18T11:07:42.5987761Z Get:14 http://azure.archive.ubuntu.com/ubuntu noble-updates/universe amd64 libva-drm2 amd64 2.20.0-2ubuntu0.2 [7124 B]
shsh-check	Run pnpm exec playwright install --with-deps chromium firefox webkit	2026-09-18T11:07:42.6003757Z Get:15 http://azure.archive.ubuntu.com/ubuntu noble-updates/universe amd64 libva-x11-2 amd64 2.20.0-2ubuntu0.2 [12.0 kB]
shsh-check	Run pnpm exec playwright install --with-deps chromium firefox webkit	2026-09-18T11:07:42.6022978Z Get:16 http://azure.archive.ubuntu.com/ubuntu noble/main amd64 libvdpau1 amd64 1.5-2build1 [27.8 kB]
shsh-check	Run pnpm exec playwright install --with-deps chromium firefox webkit	2026-09-18T11:07:42.6044264Z Get:17 http://azure.archive.ubuntu.com/ubuntu noble/universe amd64 libvpl2 amd64 2023.3.0-1build1 [99.8 kB]
shsh-check	Run pnpm exec playwright install --with-deps chromium firefox webkit	2026-09-18T11:07:42.6082633Z Get:18 http://azure.archive.ubuntu.com/ubuntu noble/universe amd64 ocl-icd-libopencl1 amd64 2.3.2-1build1 [38.5 kB]
shsh-check	Run pnpm exec playwright install --with-deps chromium firefox webkit	2026-09-18T11:07:42.6104786Z Get:19 http://azure.archive.ubuntu.com/ubuntu noble/universe amd64 libavutil58 amd64 7:6.1.1-3ubuntu5 [401 kB]
shsh-check	Run pnpm exec playwright install --with-deps chromium firefox webkit	2026-09-18T11:07:42.6616513Z Get:20 http://azure.archive.ubuntu.com/ubuntu noble/universe amd64 libcodec2-1.2 amd64 1.2.0-2build1 [8998 kB]
shsh-check	Run pnpm exec playwright install --with-deps chromium firefox webkit	2026-09-18T11:07:42.8669972Z Get:21 http://azure.archive.ubuntu.com/ubuntu noble/universe amd64 libdav1d7 amd64 1.4.1-1build1 [604 kB]
shsh-check	Run pnpm exec playwright install --with-deps chromium firefox webkit	2026-09-18T11:07:42.8795018Z Get:22 http://azure.archive.ubuntu.com/ubuntu noble/universe amd64 libgsm1 amd64 1.0.22-1build1 [27.8 kB]
shsh-check	Run pnpm exec playwright install --with-deps chromium firefox webkit	2026-09-18T11:07:42.8814307Z Get:23 http://azure.archive.ubuntu.com/ubuntu noble/universe amd64 libhwy1t64 amd64 1.0.7-8.1build1 [584 kB]
shsh-check	Run pnpm exec playwright install --with-deps chromium firefox webkit	2026-09-18T11:07:42.8956899Z Get:24 http://azure.archive.ubuntu.com/ubuntu noble-updates/universe amd64 libjxl0.7 amd64 0.7.0-10.2ubuntu6.1 [1001 kB]
shsh-check	Run pnpm exec playwright install --with-deps chromium firefox webkit	2026-09-18T11:07:42.9166971Z Get:25 http://azure.archive.ubuntu.com/ubuntu noble/main amd64 libmp3lame0 amd64 3.100-6build1 [142 kB]
shsh-check	Run pnpm exec playwright install --with-deps chromium firefox webkit	2026-09-18T11:07:42.9212437Z Get:26 http://azure.archive.ubuntu.com/ubuntu noble/main amd64 libopus0 amd64 1.4-1build1 [208 kB]
shsh-check	Run pnpm exec playwright install --with-deps chromium firefox webkit	2026-09-18T11:07:42.9276144Z Get:27 http://azure.archive.ubuntu.com/ubuntu noble/universe amd64 librav1e0 amd64 0.7.1-2 [1022 kB]
shsh-check	Run pnpm exec playwright install --with-deps chromium firefox webkit	2026-09-18T11:07:42.9534667Z Get:28 http://azure.archive.ubuntu.com/ubuntu noble/main amd64 librsvg2-2 amd64 2.58.0+dfsg-1build1 [2135 kB]
shsh-check	Run pnpm exec playwright install --with-deps chromium firefox webkit	2026-09-18T11:07:43.0027858Z Get:29 http://azure.archive.ubuntu.com/ubuntu noble/universe amd64 libshine3 amd64 3.1.1-2build1 [23.2 kB]
shsh-check	Run pnpm exec playwright install --with-deps chromium firefox webkit	2026-09-18T11:07:43.0048541Z Get:30 http://azure.archive.ubuntu.com/ubuntu noble-updates/main amd64 libspeex1 amd64 1.2.1-2ubuntu2.24.04.1 [59.6 kB]
shsh-check	Run pnpm exec playwright install --with-deps chromium firefox webkit	2026-09-18T11:07:43.0073815Z Get:31 http://azure.archive.ubuntu.com/ubuntu noble/universe amd64 libsvtav1enc1d1 amd64 1.7.0+dfsg-2build1 [2425 kB]
shsh-check	Run pnpm exec playwright install --with-deps chromium firefox webkit	2026-09-18T11:07:43.0484476Z Get:32 http://azure.archive.ubuntu.com/ubuntu noble/universe amd64 libsoxr0 amd64 0.1.3-4build3 [80.0 kB]
shsh-check	Run pnpm exec playwright install --with-deps chromium firefox webkit	2026-09-18T11:07:43.0515437Z Get:33 http://azure.archive.ubuntu.com/ubuntu noble/universe amd64 libswresample4 amd64 7:6.1.1-3ubuntu5 [63.8 kB]
shsh-check	Run pnpm exec playwright install --with-deps chromium firefox webkit	2026-09-18T11:07:43.0544049Z Get:34 http://azure.archive.ubuntu.com/ubuntu noble/main amd64 libtheora0 amd64 1.1.1+dfsg.1-16.1build3 [211 kB]
shsh-check	Run pnpm exec playwright install --with-deps chromium firefox webkit	2026-09-18T11:07:43.0635521Z Get:35 http://azure.archive.ubuntu.com/ubuntu noble/main amd64 libtwolame0 amd64 0.4.0-2build3 [52.3 kB]
shsh-check	Run pnpm exec playwright install --with-deps chromium firefox webkit	2026-09-18T11:07:43.0657954Z Get:36 http://azure.archive.ubuntu.com/ubuntu noble/main amd64 libvorbisenc2 amd64 1.3.7-1build3 [80.8 kB]
shsh-check	Run pnpm exec playwright install --with-deps chromium firefox webkit	2026-09-18T11:07:43.0688234Z Get:37 http://azure.archive.ubuntu.com/ubuntu noble-updates/main amd64 libvpx9 amd64 1.14.0-1ubuntu2.3 [1143 kB]
shsh-check	Run pnpm exec playwright install --with-deps chromium firefox webkit	2026-09-18T11:07:43.0935929Z Get:38 http://azure.archive.ubuntu.com/ubuntu noble/universe amd64 libx264-164 amd64 2:0.164.3108+git31e19f9-1 [604 kB]
shsh-check	Run pnpm exec playwright install --with-deps chromium firefox webkit	2026-09-18T11:07:43.1498182Z Get:39 http://azure.archive.ubuntu.com/ubuntu noble/universe amd64 libx265-199 amd64 3.5-2build1 [1226 kB]
shsh-check	Run pnpm exec playwright install --with-deps chromium firefox webkit	2026-09-18T11:07:43.1707405Z Get:40 http://azure.archive.ubuntu.com/ubuntu noble/universe amd64 libxvidcore4 amd64 2:1.3.7-1build1 [219 kB]
shsh-check	Run pnpm exec playwright install --with-deps chromium firefox webkit	2026-09-18T11:07:43.1758022Z Get:41 http://azure.archive.ubuntu.com/ubuntu noble/universe amd64 libzvbi-common all 0.2.42-2 [42.4 kB]
shsh-check	Run pnpm exec playwright install --with-deps chromium firefox webkit	2026-09-18T11:07:43.1780485Z Get:42 http://azure.archive.ubuntu.com/ubuntu noble/universe amd64 libzvbi0t64 amd64 0.2.42-2 [261 kB]
shsh-check	Run pnpm exec playwright install --with-deps chromium firefox webkit	2026-09-18T11:07:43.1836225Z Get:43 http://azure.archive.ubuntu.com/ubuntu noble/universe amd64 libavcodec60 amd64 7:6.1.1-3ubuntu5 [5851 kB]
shsh-check	Run pnpm exec playwright install --with-deps chromium firefox webkit	2026-09-18T11:07:43.2711288Z Get:44 http://azure.archive.ubuntu.com/ubuntu noble/universe amd64 libunibreak5 amd64 5.1-2build1 [25.0 kB]
shsh-check	Run pnpm exec playwright install --with-deps chromium firefox webkit	2026-09-18T11:07:43.2730291Z Get:45 http://azure.archive.ubuntu.com/ubuntu noble/universe amd64 libass9 amd64 1:0.17.1-2build1 [104 kB]
shsh-check	Run pnpm exec playwright install --with-deps chromium firefox webkit	2026-09-18T11:07:43.2763706Z Get:46 http://azure.archive.ubuntu.com/ubuntu noble/universe amd64 libudfread0 amd64 1.1.2-1build1 [19.0 kB]
shsh-check	Run pnpm exec playwright install --with-deps chromium firefox webkit	2026-09-18T11:07:43.2780674Z Get:47 http://azure.archive.ubuntu.com/ubuntu noble/universe amd64 libbluray2 amd64 1:1.3.4-1build1 [159 kB]
shsh-check	Run pnpm exec playwright install --with-deps chromium firefox webkit	2026-09-18T11:07:43.2826614Z Get:48 http://azure.archive.ubuntu.com/ubuntu noble/universe amd64 libchromaprint1 amd64 1.5.1-5 [30.5 kB]
shsh-check	Run pnpm exec playwright install --with-deps chromium firefox webkit	2026-09-18T11:07:43.2847097Z Get:49 http://azure.archive.ubuntu.com/ubuntu noble/universe amd64 libgme0 amd64 0.6.3-7build1 [134 kB]
shsh-check	Run pnpm exec playwright install --with-deps chromium firefox webkit	2026-09-18T11:07:43.2886751Z Get:50 http://azure.archive.ubuntu.com/ubuntu noble-updates/main amd64 libmpg123-0t64 amd64 1.32.5-1ubuntu1.1 [169 kB]
shsh-check	Run pnpm exec playwright install --with-deps chromium firefox webkit	2026-09-18T11:07:43.2933396Z Get:51 http://azure.archive.ubuntu.com/ubuntu noble/universe amd64 libopenmpt0t64 amd64 0.7.3-1.1build3 [647 kB]
shsh-check	Run pnpm exec playwright install --with-deps chromium firefox webkit	2026-09-18T11:07:43.3076400Z Get:52 http://azure.archive.ubuntu.com/ubuntu noble/universe amd64 libcjson1 amd64 1.7.17-1 [24.8 kB]
shsh-check	Run pnpm exec playwright install --with-deps chromium firefox webkit	2026-09-18T11:07:43.3095867Z Get:53 http://azure.archive.ubuntu.com/ubuntu noble/universe amd64 libmbedcrypto7t64 amd64 2.28.8-1 [209 kB]
shsh-check	Run pnpm exec playwright install --with-deps chromium firefox webkit	2026-09-18T11:07:43.3153796Z Get:54 http://azure.archive.ubuntu.com/ubuntu noble/universe amd64 librist4 amd64 0.2.10+dfsg-2 [74.9 kB]
shsh-check	Run pnpm exec playwright install --with-deps chromium firefox webkit	2026-09-18T11:07:43.3183165Z Get:55 http://azure.archive.ubuntu.com/ubuntu noble/universe amd64 libsrt1.5-gnutls amd64 1.5.3-1build2 [316 kB]
shsh-check	Run pnpm exec playwright install --with-deps chromium firefox webkit	2026-09-18T11:07:43.3257891Z Get:56 http://azure.archive.ubuntu.com/ubuntu noble-updates/main amd64 libssh-gcrypt-4 amd64 0.10.6-2ubuntu0.5 [226 kB]
shsh-check	Run pnpm exec playwright install --with-deps chromium firefox webkit	2026-09-18T11:07:43.3315680Z Get:57 http://azure.archive.ubuntu.com/ubuntu noble/universe amd64 libavformat60 amd64 7:6.1.1-3ubuntu5 [1153 kB]
shsh-check	Run pnpm exec playwright install --with-deps chromium firefox webkit	2026-09-18T11:07:43.3975661Z Get:58 http://azure.archive.ubuntu.com/ubuntu noble/universe amd64 libbs2b0 amd64 3.1.0+dfsg-7build1 [10.6 kB]
shsh-check	Run pnpm exec playwright install --with-deps chromium firefox webkit	2026-09-18T11:07:43.3991980Z Get:59 http://azure.archive.ubuntu.com/ubuntu noble/universe amd64 libflite1 amd64 2.2-6build3 [13.6 MB]
shsh-check	Run pnpm exec playwright install --with-deps chromium firefox webkit	2026-09-18T11:07:43.6582963Z Get:60 http://azure.archive.ubuntu.com/ubuntu noble/universe amd64 libserd-0-0 amd64 0.32.2-1 [43.6 kB]
shsh-check	Run pnpm exec playwright install --with-deps chromium firefox webkit	2026-09-18T11:07:43.6608394Z Get:61 http://azure.archive.ubuntu.com/ubuntu noble/universe amd64 libzix-0-0 amd64 0.4.2-2build1 [23.6 kB]
shsh-check	Run pnpm exec playwright install --with-deps chromium firefox webkit	2026-09-18T11:07:43.6630433Z Get:62 http://azure.archive.ubuntu.com/ubuntu noble/universe amd64 libsord-0-0 amd64 0.16.16-2build1 [15.8 kB]
shsh-check	Run pnpm exec playwright install --with-deps chromium firefox webkit	2026-09-18T11:07:43.6649802Z Get:63 http://azure.archive.ubuntu.com/ubuntu noble/universe amd64 libsratom-0-0 amd64 0.6.16-1build1 [17.3 kB]
shsh-check	Run pnpm exec playwright install --with-deps chromium firefox webkit	2026-09-18T11:07:43.6668842Z Get:64 http://azure.archive.ubuntu.com/ubuntu noble/universe amd64 liblilv-0-0 amd64 0.24.22-1build1 [41.0 kB]
shsh-check	Run pnpm exec playwright install --with-deps chromium firefox webkit	2026-09-18T11:07:43.6694696Z Get:65 http://azure.archive.ubuntu.com/ubuntu noble/universe amd64 libmysofa1 amd64 1.3.2+dfsg-2ubuntu2 [1158 kB]
shsh-check	Run pnpm exec playwright install --with-deps chromium firefox webkit	2026-09-18T11:07:43.6976943Z Get:66 http://azure.archive.ubuntu.com/ubuntu noble/universe amd64 libplacebo338 amd64 6.338.2-2build1 [2654 kB]
shsh-check	Run pnpm exec playwright install --with-deps chromium firefox webkit	2026-09-18T11:07:43.7588268Z Get:67 http://azure.archive.ubuntu.com/ubuntu noble-updates/main amd64 libblas3 amd64 3.12.0-3build1.1 [238 kB]
shsh-check	Run pnpm exec playwright install --with-deps chromium firefox webkit	2026-09-18T11:07:43.7649301Z Get:68 http://azure.archive.ubuntu.com/ubuntu noble-updates/main amd64 liblapack3 amd64 3.12.0-3build1.1 [2646 kB]
shsh-check	Run pnpm exec playwright install --with-deps chromium firefox webkit	2026-09-18T11:07:43.8238184Z Get:69 http://azure.archive.ubuntu.com/ubuntu noble/main amd64 libasyncns0 amd64 0.8-6build4 [11.3 kB]
shsh-check	Run pnpm exec playwright install --with-deps chromium firefox webkit	2026-09-18T11:07:43.8256691Z Get:70 http://azure.archive.ubuntu.com/ubuntu noble/main amd64 libflac12t64 amd64 1.4.3+ds-2.1ubuntu2 [197 kB]
shsh-check	Run pnpm exec playwright install --with-deps chromium firefox webkit	2026-09-18T11:07:43.8322465Z Get:71 http://azure.archive.ubuntu.com/ubuntu noble-updates/main amd64 libsndfile1 amd64 1.2.2-1ubuntu5.24.04.1 [209 kB]
shsh-check	Run pnpm exec playwright install --with-deps chromium firefox webkit	2026-09-18T11:07:43.8390075Z Get:72 http://azure.archive.ubuntu.com/ubuntu noble-updates/main amd64 libpulse0 amd64 1:16.1+dfsg1-2ubuntu10.1 [292 kB]
shsh-check	Run pnpm exec playwright install --with-deps chromium firefox webkit	2026-09-18T11:07:43.8480236Z Get:73 http://azure.archive.ubuntu.com/ubuntu noble/universe amd64 libsphinxbase3t64 amd64 0.8+5prealpha+1-17build2 [126 kB]
shsh-check	Run pnpm exec playwright install --with-deps chromium firefox webkit	2026-09-18T11:07:43.8531407Z Get:74 http://azure.archive.ubuntu.com/ubuntu noble/universe amd64 libpocketsphinx3 amd64 0.8.0+real5prealpha+1-15ubuntu5 [133 kB]
shsh-check	Run pnpm exec playwright install --with-deps chromium firefox webkit	2026-09-18T11:07:43.8573517Z Get:75 http://azure.archive.ubuntu.com/ubuntu noble/universe amd64 libpostproc57 amd64 7:6.1.1-3ubuntu5 [49.9 kB]
shsh-check	Run pnpm exec playwright install --with-deps chromium firefox webkit	2026-09-18T11:07:43.9056186Z Get:76 http://azure.archive.ubuntu.com/ubuntu noble/main amd64 libsamplerate0 amd64 0.2.2-4build1 [1344 kB]
shsh-check	Run pnpm exec playwright install --with-deps chromium firefox webkit	2026-09-18T11:07:43.9451639Z Get:77 http://azure.archive.ubuntu.com/ubuntu noble/universe amd64 librubberband2 amd64 3.3.0+dfsg-2build1 [130 kB]
shsh-check	Run pnpm exec playwright install --with-deps chromium firefox webkit	2026-09-18T11:07:43.9501084Z Get:78 http://azure.archive.ubuntu.com/ubuntu noble/universe amd64 libswscale7 amd64 7:6.1.1-3ubuntu5 [193 kB]
shsh-check	Run pnpm exec playwright install --with-deps chromium firefox webkit	2026-09-18T11:07:43.9570078Z Get:79 http://azure.archive.ubuntu.com/ubuntu noble/universe amd64 libvidstab1.1 amd64 1.1.0-2build1 [38.5 kB]
shsh-check	Run pnpm exec playwright install --with-deps chromium firefox webkit	2026-09-18T11:07:43.9595681Z Get:80 http://azure.archive.ubuntu.com/ubuntu noble/universe amd64 libzimg2 amd64 3.0.5+ds1-1build1 [254 kB]
shsh-check	Run pnpm exec playwright install --with-deps chromium firefox webkit	2026-09-18T11:07:43.9670786Z Get:81 http://azure.archive.ubuntu.com/ubuntu noble/universe amd64 libavfilter9 amd64 7:6.1.1-3ubuntu5 [4235 kB]
shsh-check	Run pnpm exec playwright install --with-deps chromium firefox webkit	2026-09-18T11:07:44.0969323Z Get:82 http://azure.archive.ubuntu.com/ubuntu noble-updates/main amd64 liborc-0.4-0t64 amd64 1:0.4.38-1ubuntu0.1 [207 kB]
shsh-check	Run pnpm exec playwright install --with-deps chromium firefox webkit	2026-09-18T11:07:44.1053786Z Get:83 http://azure.archive.ubuntu.com/ubuntu noble-updates/main amd64 libgstreamer-plugins-base1.0-0 amd64 1.24.2-1ubuntu0.4 [862 kB]
shsh-check	Run pnpm exec playwright install --with-deps chromium firefox webkit	2026-09-18T11:07:44.1336785Z Get:84 http://azure.archive.ubuntu.com/ubuntu noble/universe amd64 gstreamer1.0-libav amd64 1.24.1-1build1 [103 kB]
shsh-check	Run pnpm exec playwright install --with-deps chromium firefox webkit	2026-09-18T11:07:44.1387314Z Get:85 http://azure.archive.ubuntu.com/ubuntu noble/main amd64 libcdparanoia0 amd64 3.10.2+debian-14build3 [48.5 kB]
shsh-check	Run pnpm exec playwright install --with-deps chromium firefox webkit	2026-09-18T11:07:44.1419599Z Get:86 http://azure.archive.ubuntu.com/ubuntu noble/main amd64 libvisual-0.4-0 amd64 0.4.2-2build1 [115 kB]
shsh-check	Run pnpm exec playwright install --with-deps chromium firefox webkit	2026-09-18T11:07:44.1468717Z Get:87 http://azure.archive.ubuntu.com/ubuntu noble-updates/main amd64 gstreamer1.0-plugins-base amd64 1.24.2-1ubuntu0.4 [721 kB]
shsh-check	Run pnpm exec playwright install --with-deps chromium firefox webkit	2026-09-18T11:07:44.1711851Z Get:88 http://azure.archive.ubuntu.com/ubuntu noble/main amd64 libaa1 amd64 1.4p5-51.1 [49.9 kB]
shsh-check	Run pnpm exec playwright install --with-deps chromium firefox webkit	2026-09-18T11:07:44.1737691Z Get:89 http://azure.archive.ubuntu.com/ubuntu noble/main amd64 libraw1394-11 amd64 2.1.2-2build3 [26.2 kB]
shsh-check	Run pnpm exec playwright install --with-deps chromium firefox webkit	2026-09-18T11:07:44.1761277Z Get:90 http://azure.archive.ubuntu.com/ubuntu noble/main amd64 libavc1394-0 amd64 0.5.4-5build3 [15.4 kB]
shsh-check	Run pnpm exec playwright install --with-deps chromium firefox webkit	2026-09-18T11:07:44.1779543Z Get:91 http://azure.archive.ubuntu.com/ubuntu noble-updates/main amd64 libcaca0 amd64 0.99.beta20-4ubuntu0.2 [209 kB]
shsh-check	Run pnpm exec playwright install --with-deps chromium firefox webkit	2026-09-18T11:07:44.1850671Z Get:92 http://azure.archive.ubuntu.com/ubuntu noble/main amd64 libdv4t64 amd64 1.0.0-17.1build1 [63.2 kB]
shsh-check	Run pnpm exec playwright install --with-deps chromium firefox webkit	2026-09-18T11:07:44.1885074Z Get:93 http://azure.archive.ubuntu.com/ubuntu noble-updates/main amd64 libgstreamer-plugins-good1.0-0 amd64 1.24.2-1ubuntu1.6 [33.7 kB]
shsh-check	Run pnpm exec playwright install --with-deps chromium firefox webkit	2026-09-18T11:07:44.1908252Z Get:94 http://azure.archive.ubuntu.com/ubuntu noble/main amd64 libiec61883-0 amd64 1.2.0-6build1 [24.5 kB]
shsh-check	Run pnpm exec playwright install --with-deps chromium firefox webkit	2026-09-18T11:07:44.2336785Z Get:95 http://azure.archive.ubuntu.com/ubuntu noble/main amd64 libshout3 amd64 2.4.6-1build2 [50.3 kB]
shsh-check	Run pnpm exec playwright install --with-deps chromium firefox webkit	2026-09-18T11:07:44.2370036Z Get:96 http://azure.archive.ubuntu.com/ubuntu noble/main amd64 libtag1v5-vanilla amd64 1.13.1-1build1 [326 kB]
shsh-check	Run pnpm exec playwright install --with-deps chromium firefox webkit	2026-09-18T11:07:44.2489007Z Get:97 http://azure.archive.ubuntu.com/ubuntu noble/main amd64 libtag1v5 amd64 1.13.1-1build1 [11.7 kB]
shsh-check	Run pnpm exec playwright install --with-deps chromium firefox webkit	2026-09-18T11:07:44.2506914Z Get:98 http://azure.archive.ubuntu.com/ubuntu noble/main amd64 libv4lconvert0t64 amd64 1.26.1-4build3 [87.6 kB]
shsh-check	Run pnpm exec playwright install --with-deps chromium firefox webkit	2026-09-18T11:07:44.2543926Z Get:99 http://azure.archive.ubuntu.com/ubuntu noble/main amd64 libv4l-0t64 amd64 1.26.1-4build3 [46.9 kB]
shsh-check	Run pnpm exec playwright install --with-deps chromium firefox webkit	2026-09-18T11:07:44.2570684Z Get:100 http://azure.archive.ubuntu.com/ubuntu noble/main amd64 libwavpack1 amd64 5.6.0-1build1 [84.6 kB]
shsh-check	Run pnpm exec playwright install --with-deps chromium firefox webkit	2026-09-18T11:07:44.2609323Z Get:101 http://azure.archive.ubuntu.com/ubuntu noble-updates/main amd64 libsoup-3.0-common all 3.4.4-5ubuntu0.8 [11.7 kB]
shsh-check	Run pnpm exec playwright install --with-deps chromium firefox webkit	2026-09-18T11:07:44.2627620Z Get:102 http://azure.archive.ubuntu.com/ubuntu noble-updates/main amd64 libsoup-3.0-0 amd64 3.4.4-5ubuntu0.8 [290 kB]
shsh-check	Run pnpm exec playwright install --with-deps chromium firefox webkit	2026-09-18T11:07:44.2729057Z Get:103 http://azure.archive.ubuntu.com/ubuntu noble-updates/main amd64 gstreamer1.0-plugins-good amd64 1.24.2-1ubuntu1.6 [2237 kB]
shsh-check	Run pnpm exec playwright install --with-deps chromium firefox webkit	2026-09-18T11:07:44.3275955Z Get:104 http://azure.archive.ubuntu.com/ubuntu noble-updates/main amd64 libabsl20220623t64 amd64 20220623.1-3.1ubuntu3.2 [423 kB]
shsh-check	Run pnpm exec playwright install --with-deps chromium firefox webkit	2026-09-18T11:07:44.3393595Z Get:105 http://azure.archive.ubuntu.com/ubuntu noble/universe amd64 libgav1-1 amd64 0.18.0-1build3 [357 kB]
shsh-check	Run pnpm exec playwright install --with-deps chromium firefox webkit	2026-09-18T11:07:44.3496575Z Get:106 http://azure.archive.ubuntu.com/ubuntu noble/universe amd64 libyuv0 amd64 0.0~git202401110.af6ac82-1 [178 kB]
shsh-check	Run pnpm exec playwright install --with-deps chromium firefox webkit	2026-09-18T11:07:44.3545693Z Get:107 http://azure.archive.ubuntu.com/ubuntu noble/universe amd64 libavif16 amd64 1.0.4-1ubuntu3 [91.2 kB]
shsh-check	Run pnpm exec playwright install --with-deps chromium firefox webkit	2026-09-18T11:07:44.3578184Z Get:108 http://azure.archive.ubuntu.com/ubuntu noble/universe amd64 libavtp0 amd64 0.2.0-1build1 [6414 B]
shsh-check	Run pnpm exec playwright install --with-deps chromium firefox webkit	2026-09-18T11:07:44.3593072Z Get:109 http://azure.archive.ubuntu.com/ubuntu noble/main amd64 libcairo-script-interpreter2 amd64 1.18.0-3build1 [60.3 kB]
shsh-check	Run pnpm exec playwright install --with-deps chromium firefox webkit	2026-09-18T11:07:44.3620020Z Get:110 http://azure.archive.ubuntu.com/ubuntu noble/universe amd64 libdc1394-25 amd64 2.2.6-4build1 [90.1 kB]
shsh-check	Run pnpm exec playwright install --with-deps chromium firefox webkit	2026-09-18T11:07:44.3640534Z Get:111 http://azure.archive.ubuntu.com/ubuntu noble-updates/main amd64 libde265-0 amd64 1.0.15-1ubuntu0.1 [167 kB]
shsh-check	Run pnpm exec playwright install --with-deps chromium firefox webkit	2026-09-18T11:07:44.3670355Z Get:112 http://azure.archive.ubuntu.com/ubuntu noble/main amd64 libdecor-0-0 amd64 0.2.2-1build2 [16.5 kB]
shsh-check	Run pnpm exec playwright install --with-deps chromium firefox webkit	2026-09-18T11:07:44.3687659Z Get:113 http://azure.archive.ubuntu.com/ubuntu noble/main amd64 libgles2 amd64 1.7.0-1build1 [17.1 kB]
shsh-check	Run pnpm exec playwright install --with-deps chromium firefox webkit	2026-09-18T11:07:44.3705236Z Get:114 http://azure.archive.ubuntu.com/ubuntu noble/universe amd64 libdirectfb-1.7-7t64 amd64 1.7.7-11.1ubuntu2 [1035 kB]
shsh-check	Run pnpm exec playwright install --with-deps chromium firefox webkit	2026-09-18T11:07:44.3818082Z Get:115 http://azure.archive.ubuntu.com/ubuntu noble/universe amd64 libdvdread8t64 amd64 6.1.3-1.1build1 [54.7 kB]
shsh-check	Run pnpm exec playwright install --with-deps chromium firefox webkit	2026-09-18T11:07:44.3835871Z Get:116 http://azure.archive.ubuntu.com/ubuntu noble/universe amd64 libdvdnav4 amd64 6.1.1-3build1 [39.5 kB]
shsh-check	Run pnpm exec playwright install --with-deps chromium firefox webkit	2026-09-18T11:07:44.3851918Z Get:117 http://azure.archive.ubuntu.com/ubuntu noble-updates/main amd64 libegl-mesa0 amd64 25.2.8-0ubuntu0.24.04.2 [117 kB]
shsh-check	Run pnpm exec playwright install --with-deps chromium firefox webkit	2026-09-18T11:07:44.3872711Z Get:118 http://azure.archive.ubuntu.com/ubuntu noble-updates/main amd64 libevent-2.1-7t64 amd64 2.1.12-stable-9ubuntu2.1 [146 kB]
shsh-check	Run pnpm exec playwright install --with-deps chromium firefox webkit	2026-09-18T11:07:44.3894485Z Get:119 http://azure.archive.ubuntu.com/ubuntu noble/universe amd64 libfaad2 amd64 2.11.1-1build1 [207 kB]
shsh-check	Run pnpm exec playwright install --with-deps chromium firefox webkit	2026-09-18T11:07:44.3922516Z Get:120 http://azure.archive.ubuntu.com/ubuntu noble/universe amd64 libinstpatch-1.0-2 amd64 1.1.6-1build2 [251 kB]
shsh-check	Run pnpm exec playwright install --with-deps chromium firefox webkit	2026-09-18T11:07:44.4390692Z Get:121 http://azure.archive.ubuntu.com/ubuntu noble/main amd64 libjack-jackd2-0 amd64 1.9.21~dfsg-3ubuntu3 [289 kB]
shsh-check	Run pnpm exec playwright install --with-deps chromium firefox webkit	2026-09-18T11:07:44.4446764Z Get:122 http://azure.archive.ubuntu.com/ubuntu noble/main amd64 libwebrtc-audio-processing1 amd64 0.3.1-0ubuntu6 [290 kB]
shsh-check	Run pnpm exec playwright install --with-deps chromium firefox webkit	2026-09-18T11:07:44.4508106Z Get:123 http://azure.archive.ubuntu.com/ubuntu noble-updates/main amd64 libspa-0.2-modules amd64 1.0.5-1ubuntu3.3 [628 kB]
shsh-check	Run pnpm exec playwright install --with-deps chromium firefox webkit	2026-09-18T11:07:44.4590589Z Get:124 http://azure.archive.ubuntu.com/ubuntu noble-updates/main amd64 libpipewire-0.3-0t64 amd64 1.0.5-1ubuntu3.3 [252 kB]
shsh-check	Run pnpm exec playwright install --with-deps chromium firefox webkit	2026-09-18T11:07:44.4641699Z Get:125 http://azure.archive.ubuntu.com/ubuntu noble-updates/main amd64 libsdl2-2.0-0 amd64 2.30.0+dfsg-1ubuntu3.1 [686 kB]
shsh-check	Run pnpm exec playwright install --with-deps chromium firefox webkit	2026-09-18T11:07:44.4744145Z Get:126 http://azure.archive.ubuntu.com/ubuntu noble/universe amd64 timgm6mb-soundfont all 1.3-5 [5427 kB]
shsh-check	Run pnpm exec playwright install --with-deps chromium firefox webkit	2026-09-18T11:07:44.5221600Z Get:127 http://azure.archive.ubuntu.com/ubuntu noble/universe amd64 libfluidsynth3 amd64 2.3.4-1build3 [249 kB]
shsh-check	Run pnpm exec playwright install --with-deps chromium firefox webkit	2026-09-18T11:07:44.5247452Z Get:128 http://azure.archive.ubuntu.com/ubuntu noble/main amd64 libfreeaptx0 amd64 0.1.1-2build1 [13.5 kB]
shsh-check	Run pnpm exec playwright install --with-deps chromium firefox webkit	2026-09-18T11:07:44.5262921Z Get:129 http://azure.archive.ubuntu.com/ubuntu noble/main amd64 libgraphene-1.0-0 amd64 1.10.8-3build2 [46.2 kB]
shsh-check	Run pnpm exec playwright install --with-deps chromium firefox webkit	2026-09-18T11:07:44.5279135Z Get:130 http://azure.archive.ubuntu.com/ubuntu noble/main amd64 libgssdp-1.6-0 amd64 1.6.3-1build3 [40.4 kB]
shsh-check	Run pnpm exec playwright install --with-deps chromium firefox webkit	2026-09-18T11:07:44.5295810Z Get:131 http://azure.archive.ubuntu.com/ubuntu noble/main amd64 libegl1 amd64 1.7.0-1build1 [28.7 kB]
shsh-check	Run pnpm exec playwright install --with-deps chromium firefox webkit	2026-09-18T11:07:44.5313220Z Get:132 http://azure.archive.ubuntu.com/ubuntu noble-updates/main amd64 libgstreamer-gl1.0-0 amd64 1.24.2-1ubuntu0.4 [214 kB]
shsh-check	Run pnpm exec playwright install --with-deps chromium firefox webkit	2026-09-18T11:07:44.5343995Z Get:133 http://azure.archive.ubuntu.com/ubuntu noble-updates/main amd64 libgtk-4-common all 4.14.5+ds-0ubuntu0.10 [1497 kB]
shsh-check	Run pnpm exec playwright install --with-deps chromium firefox webkit	2026-09-18T11:07:44.5460576Z Get:134 http://azure.archive.ubuntu.com/ubuntu noble-updates/main amd64 libgtk-4-1 amd64 4.14.5+ds-0ubuntu0.10 [3295 kB]
shsh-check	Run pnpm exec playwright install --with-deps chromium firefox webkit	2026-09-18T11:07:44.5700239Z Get:135 http://azure.archive.ubuntu.com/ubuntu noble/main amd64 libgupnp-1.6-0 amd64 1.6.6-1build3 [92.7 kB]
shsh-check	Run pnpm exec playwright install --with-deps chromium firefox webkit	2026-09-18T11:07:44.5720575Z Get:136 http://azure.archive.ubuntu.com/ubuntu noble/universe amd64 libgupnp-igd-1.6-0 amd64 1.6.0-3build3 [16.5 kB]
shsh-check	Run pnpm exec playwright install --with-deps chromium firefox webkit	2026-09-18T11:07:44.5735087Z Get:137 http://azure.archive.ubuntu.com/ubuntu noble/main amd64 libharfbuzz-icu0 amd64 8.3.0-2build2 [13.3 kB]
shsh-check	Run pnpm exec playwright install --with-deps chromium firefox webkit	2026-09-18T11:07:44.5749059Z Get:138 http://azure.archive.ubuntu.com/ubuntu noble/main amd64 libhyphen0 amd64 2.8.8-7build3 [26.5 kB]
shsh-check	Run pnpm exec playwright install --with-deps chromium firefox webkit	2026-09-18T11:07:44.6189174Z Get:139 http://azure.archive.ubuntu.com/ubuntu noble/universe amd64 libimath-3-1-29t64 amd64 3.1.9-3.1ubuntu2 [72.2 kB]
shsh-check	Run pnpm exec playwright install --with-deps chromium firefox webkit	2026-09-18T11:07:44.6207936Z Get:140 http://azure.archive.ubuntu.com/ubuntu noble/main amd64 liblc3-1 amd64 1.0.4-3build1 [69.7 kB]
shsh-check	Run pnpm exec playwright install --with-deps chromium firefox webkit	2026-09-18T11:07:44.6228234Z Get:141 http://azure.archive.ubuntu.com/ubuntu noble/main amd64 libldacbt-enc2 amd64 2.0.2.3+git20200429+ed310a0-4ubuntu2 [27.1 kB]
shsh-check	Run pnpm exec playwright install --with-deps chromium firefox webkit	2026-09-18T11:07:44.6243922Z Get:142 http://azure.archive.ubuntu.com/ubuntu noble-updates/main amd64 libraptor2-0 amd64 2.0.16-3ubuntu0.1 [165 kB]
shsh-check	Run pnpm exec playwright install --with-deps chromium firefox webkit	2026-09-18T11:07:44.6270656Z Get:143 http://azure.archive.ubuntu.com/ubuntu noble/universe amd64 liblrdf0 amd64 0.6.1-4build1 [18.5 kB]
shsh-check	Run pnpm exec playwright install --with-deps chromium firefox webkit	2026-09-18T11:07:44.6283864Z Get:144 http://azure.archive.ubuntu.com/ubuntu noble/universe amd64 libltc11 amd64 1.3.2-1build1 [13.0 kB]
shsh-check	Run pnpm exec playwright install --with-deps chromium firefox webkit	2026-09-18T11:07:44.6325500Z Get:145 http://azure.archive.ubuntu.com/ubuntu noble/main amd64 libmanette-0.2-0 amd64 0.2.7-1build2 [30.6 kB]
shsh-check	Run pnpm exec playwright install --with-deps chromium firefox webkit	2026-09-18T11:07:44.6349790Z Get:146 http://azure.archive.ubuntu.com/ubuntu noble/universe amd64 libmfx1 amd64 22.5.4-1 [3124 kB]
shsh-check	Run pnpm exec playwright install --with-deps chromium firefox webkit	2026-09-18T11:07:44.6584796Z Get:147 http://azure.archive.ubuntu.com/ubuntu noble/universe amd64 libmjpegutils-2.1-0t64 amd64 1:2.1.0+debian-8.1build1 [25.5 kB]
shsh-check	Run pnpm exec playwright install --with-deps chromium firefox webkit	2026-09-18T11:07:44.6603793Z Get:148 http://azure.archive.ubuntu.com/ubuntu noble/universe amd64 libmodplug1 amd64 1:0.8.9.0-3build1 [166 kB]
shsh-check	Run pnpm exec playwright install --with-deps chromium firefox webkit	2026-09-18T11:07:44.6629646Z Get:149 http://azure.archive.ubuntu.com/ubuntu noble/universe amd64 libmpcdec6 amd64 2:0.1~r495-2build1 [32.7 kB]
shsh-check	Run pnpm exec playwright install --with-deps chromium firefox webkit	2026-09-18T11:07:44.6648301Z Get:150 http://azure.archive.ubuntu.com/ubuntu noble/universe amd64 libmpeg2encpp-2.1-0t64 amd64 1:2.1.0+debian-8.1build1 [75.6 kB]
shsh-check	Run pnpm exec playwright install --with-deps chromium firefox webkit	2026-09-18T11:07:44.6666123Z Get:151 http://azure.archive.ubuntu.com/ubuntu noble/universe amd64 libmplex2-2.1-0t64 amd64 1:2.1.0+debian-8.1build1 [46.1 kB]
shsh-check	Run pnpm exec playwright install --with-deps chromium firefox webkit	2026-09-18T11:07:44.6684478Z Get:152 http://azure.archive.ubuntu.com/ubuntu noble/universe amd64 libneon27t64 amd64 0.33.0-1.1build3 [102 kB]
shsh-check	Run pnpm exec playwright install --with-deps chromium firefox webkit	2026-09-18T11:07:44.6706793Z Get:153 http://azure.archive.ubuntu.com/ubuntu noble/universe amd64 libnice10 amd64 0.1.21-2build3 [157 kB]
shsh-check	Run pnpm exec playwright install --with-deps chromium firefox webkit	2026-09-18T11:07:44.6731705Z Get:154 http://azure.archive.ubuntu.com/ubuntu noble/universe amd64 libopenal-data all 1:1.23.1-4build1 [161 kB]
shsh-check	Run pnpm exec playwright install --with-deps chromium firefox webkit	2026-09-18T11:07:44.6757378Z Get:155 http://azure.archive.ubuntu.com/ubuntu noble/universe amd64 libopenexr-3-1-30 amd64 3.1.5-5.1build3 [1004 kB]
shsh-check	Run pnpm exec playwright install --with-deps chromium firefox webkit	2026-09-18T11:07:44.6844785Z Get:156 http://azure.archive.ubuntu.com/ubuntu noble/universe amd64 libopenh264-7 amd64 2.4.1+dfsg-1 [409 kB]
shsh-check	Run pnpm exec playwright install --with-deps chromium firefox webkit	2026-09-18T11:07:44.6891506Z Get:157 http://azure.archive.ubuntu.com/ubuntu noble/universe amd64 libopenni2-0 amd64 2.2.0.33+dfsg-18 [370 kB]
shsh-check	Run pnpm exec playwright install --with-deps chromium firefox webkit	2026-09-18T11:07:44.7350230Z Get:158 http://azure.archive.ubuntu.com/ubuntu noble/universe amd64 libqrencode4 amd64 4.1.1-1build2 [25.0 kB]
shsh-check	Run pnpm exec playwright install --with-deps chromium firefox webkit	2026-09-18T11:07:44.7367265Z Get:159 http://azure.archive.ubuntu.com/ubuntu noble/main amd64 libsecret-common all 0.21.4-1build3 [4962 B]
shsh-check	Run pnpm exec playwright install --with-deps chromium firefox webkit	2026-09-18T11:07:44.7382225Z Get:160 http://azure.archive.ubuntu.com/ubuntu noble/main amd64 libsecret-1-0 amd64 0.21.4-1build3 [116 kB]
shsh-check	Run pnpm exec playwright install --with-deps chromium firefox webkit	2026-09-18T11:07:44.7406152Z Get:161 http://azure.archive.ubuntu.com/ubuntu noble/universe amd64 libsndio7.0 amd64 1.9.0-0.3build3 [29.6 kB]
shsh-check	Run pnpm exec playwright install --with-deps chromium firefox webkit	2026-09-18T11:07:44.7450183Z Get:162 http://azure.archive.ubuntu.com/ubuntu noble/universe amd64 libsoundtouch1 amd64 2.3.2+ds1-1build1 [60.5 kB]
shsh-check	Run pnpm exec playwright install --with-deps chromium firefox webkit	2026-09-18T11:07:44.7470264Z Get:163 http://azure.archive.ubuntu.com/ubuntu noble/universe amd64 libspandsp2t64 amd64 0.0.6+dfsg-2.1build1 [311 kB]
shsh-check	Run pnpm exec playwright install --with-deps chromium firefox webkit	2026-09-18T11:07:44.7505145Z Get:164 http://azure.archive.ubuntu.com/ubuntu noble/universe amd64 libsrtp2-1 amd64 2.5.0-3build1 [41.9 kB]
shsh-check	Run pnpm exec playwright install --with-deps chromium firefox webkit	2026-09-18T11:07:44.7523148Z Get:165 http://azure.archive.ubuntu.com/ubuntu noble/main amd64 libwayland-server0 amd64 1.22.0-2.1build1 [33.9 kB]
shsh-check	Run pnpm exec playwright install --with-deps chromium firefox webkit	2026-09-18T11:07:44.7540489Z Get:166 http://azure.archive.ubuntu.com/ubuntu noble/universe amd64 libwildmidi2 amd64 0.4.3-1build3 [68.5 kB]
shsh-check	Run pnpm exec playwright install --with-deps chromium firefox webkit	2026-09-18T11:07:44.7560728Z Get:167 http://azure.archive.ubuntu.com/ubuntu noble/main amd64 libwoff1 amd64 1.0.2-2build1 [45.3 kB]
shsh-check	Run pnpm exec playwright install --with-deps chromium firefox webkit	2026-09-18T11:07:44.7578428Z Get:168 http://azure.archive.ubuntu.com/ubuntu noble/main amd64 libxcb-xkb1 amd64 1.15-1ubuntu2 [32.3 kB]
shsh-check	Run pnpm exec playwright install --with-deps chromium firefox webkit	2026-09-18T11:07:44.7595013Z Get:169 http://azure.archive.ubuntu.com/ubuntu noble/main amd64 libxkbcommon-x11-0 amd64 1.6.0-1build1 [14.5 kB]
shsh-check	Run pnpm exec playwright install --with-deps chromium firefox webkit	2026-09-18T11:07:44.7610474Z Get:170 http://azure.archive.ubuntu.com/ubuntu noble/universe amd64 libzbar0t64 amd64 0.23.93-4build3 [123 kB]
shsh-check	Run pnpm exec playwright install --with-deps chromium firefox webkit	2026-09-18T11:07:44.7633807Z Get:171 http://azure.archive.ubuntu.com/ubuntu noble/universe amd64 libzxing3 amd64 2.2.1-3 [583 kB]
shsh-check	Run pnpm exec playwright install --with-deps chromium firefox webkit	2026-09-18T11:07:44.7690955Z Get:172 http://azure.archive.ubuntu.com/ubuntu noble/main amd64 xfonts-encodings all 1:1.0.5-0ubuntu2 [578 kB]
shsh-check	Run pnpm exec playwright install --with-deps chromium firefox webkit	2026-09-18T11:07:44.7747564Z Get:173 http://azure.archive.ubuntu.com/ubuntu noble/main amd64 xfonts-utils amd64 1:7.7+6build3 [94.4 kB]
shsh-check	Run pnpm exec playwright install --with-deps chromium firefox webkit	2026-09-18T11:07:44.7770537Z Get:174 http://azure.archive.ubuntu.com/ubuntu noble/universe amd64 xfonts-cyrillic all 1:1.0.5+nmu1 [384 kB]
shsh-check	Run pnpm exec playwright install --with-deps chromium firefox webkit	2026-09-18T11:07:44.7813739Z Get:175 http://azure.archive.ubuntu.com/ubuntu noble/main amd64 xfonts-scalable all 1:1.0.3-1.3 [304 kB]
shsh-check	Run pnpm exec playwright install --with-deps chromium firefox webkit	2026-09-18T11:07:44.8272064Z Get:176 http://azure.archive.ubuntu.com/ubuntu noble/universe amd64 libgstreamer-plugins-bad1.0-0 amd64 1.24.2-1ubuntu4 [797 kB]
shsh-check	Run pnpm exec playwright install --with-deps chromium firefox webkit	2026-09-18T11:07:44.8340108Z Get:177 http://azure.archive.ubuntu.com/ubuntu noble/universe amd64 libdca0 amd64 0.0.7-2build1 [93.8 kB]
shsh-check	Run pnpm exec playwright install --with-deps chromium firefox webkit	2026-09-18T11:07:44.8361723Z Get:178 http://azure.archive.ubuntu.com/ubuntu noble/universe amd64 libopenal1 amd64 1:1.23.1-4build1 [540 kB]
shsh-check	Run pnpm exec playwright install --with-deps chromium firefox webkit	2026-09-18T11:07:44.8410046Z Get:179 http://azure.archive.ubuntu.com/ubuntu noble/main amd64 libsbc1 amd64 2.0-1build1 [33.9 kB]
shsh-check	Run pnpm exec playwright install --with-deps chromium firefox webkit	2026-09-18T11:07:44.8426023Z Get:180 http://azure.archive.ubuntu.com/ubuntu noble/universe amd64 libvo-aacenc0 amd64 0.1.3-2build1 [67.8 kB]
shsh-check	Run pnpm exec playwright install --with-deps chromium firefox webkit	2026-09-18T11:07:44.8442527Z Get:181 http://azure.archive.ubuntu.com/ubuntu noble/universe amd64 libvo-amrwbenc0 amd64 0.1.3-2build1 [76.7 kB]
shsh-check	Run pnpm exec playwright install --with-deps chromium firefox webkit	2026-09-18T11:07:44.8461362Z Get:182 http://azure.archive.ubuntu.com/ubuntu noble/universe amd64 gstreamer1.0-plugins-bad amd64 1.24.2-1ubuntu4 [3081 kB]
shsh-check	Run pnpm exec playwright install --with-deps chromium firefox webkit	2026-09-18T11:07:45.2817558Z Fetched 114 MB in 3s (39.9 MB/s)
shsh-check	Run pnpm exec playwright install --with-deps chromium firefox webkit	2026-09-18T11:07:45.3066179Z Selecting previously unselected package fonts-ipafont-gothic.
shsh-check	Run pnpm exec playwright install --with-deps chromium firefox webkit	2026-09-18T11:07:45.3335179Z (Reading database ...
shsh-check	Run pnpm exec playwright install --with-deps chromium firefox webkit	2026-09-18T11:07:45.3336021Z (Reading database ... 5%
shsh-check	Run pnpm exec playwright install --with-deps chromium firefox webkit	2026-09-18T11:07:45.3336341Z (Reading database ... 10%
shsh-check	Run pnpm exec playwright install --with-deps chromium firefox webkit	2026-09-18T11:07:45.3336603Z (Reading database ... 15%
shsh-check	Run pnpm exec playwright install --with-deps chromium firefox webkit	2026-09-18T11:07:45.3336864Z (Reading database ... 20%
shsh-check	Run pnpm exec playwright install --with-deps chromium firefox webkit	2026-09-18T11:07:45.3337108Z (Reading database ... 25%
shsh-check	Run pnpm exec playwright install --with-deps chromium firefox webkit	2026-09-18T11:07:45.3337349Z (Reading database ... 30%
shsh-check	Run pnpm exec playwright install --with-deps chromium firefox webkit	2026-09-18T11:07:45.3337719Z (Reading database ... 35%
shsh-check	Run pnpm exec playwright install --with-deps chromium firefox webkit	2026-09-18T11:07:45.3338293Z (Reading database ... 40%
shsh-check	Run pnpm exec playwright install --with-deps chromium firefox webkit	2026-09-18T11:07:45.3338978Z (Reading database ... 45%
shsh-check	Run pnpm exec playwright install --with-deps chromium firefox webkit	2026-09-18T11:07:45.3339669Z (Reading database ... 50%
shsh-check	Run pnpm exec playwright install --with-deps chromium firefox webkit	2026-09-18T11:07:45.3385166Z (Reading database ... 55%
shsh-check	Run pnpm exec playwright install --with-deps chromium firefox webkit	2026-09-18T11:07:45.4867335Z (Reading database ... 60%
shsh-check	Run pnpm exec playwright install --with-deps chromium firefox webkit	2026-09-18T11:07:45.6305556Z (Reading database ... 65%
shsh-check	Run pnpm exec playwright install --with-deps chromium firefox webkit	2026-09-18T11:07:45.8369839Z (Reading database ... 70%
shsh-check	Run pnpm exec playwright install --with-deps chromium firefox webkit	2026-09-18T11:07:45.9756676Z (Reading database ... 75%
shsh-check	Run pnpm exec playwright install --with-deps chromium firefox webkit	2026-09-18T11:07:46.1498446Z (Reading database ... 80%
shsh-check	Run pnpm exec playwright install --with-deps chromium firefox webkit	2026-09-18T11:07:46.2801826Z (Reading database ... 85%
shsh-check	Run pnpm exec playwright install --with-deps chromium firefox webkit	2026-09-18T11:07:46.4372207Z (Reading database ... 90%
shsh-check	Run pnpm exec playwright install --with-deps chromium firefox webkit	2026-09-18T11:07:46.5451369Z (Reading database ... 95%
shsh-check	Run pnpm exec playwright install --with-deps chromium firefox webkit	2026-09-18T11:07:46.5451810Z (Reading database ... 100%
shsh-check	Run pnpm exec playwright install --with-deps chromium firefox webkit	2026-09-18T11:07:46.5452414Z (Reading database ... 201818 files and directories currently installed.)
shsh-check	Run pnpm exec playwright install --with-deps chromium firefox webkit	2026-09-18T11:07:46.5492892Z Preparing to unpack .../000-fonts-ipafont-gothic_00303-21ubuntu1_all.deb ...
shsh-check	Run pnpm exec playwright install --with-deps chromium firefox webkit	2026-09-18T11:07:46.5584845Z Unpacking fonts-ipafont-gothic (00303-21ubuntu1) ...
shsh-check	Run pnpm exec playwright install --with-deps chromium firefox webkit	2026-09-18T11:07:46.7814442Z Selecting previously unselected package fonts-freefont-ttf.
shsh-check	Run pnpm exec playwright install --with-deps chromium firefox webkit	2026-09-18T11:07:46.7937213Z Preparing to unpack .../001-fonts-freefont-ttf_20211204+svn4273-2_all.deb ...
shsh-check	Run pnpm exec playwright install --with-deps chromium firefox webkit	2026-09-18T11:07:46.7944750Z Unpacking fonts-freefont-ttf (20211204+svn4273-2) ...
shsh-check	Run pnpm exec playwright install --with-deps chromium firefox webkit	2026-09-18T11:07:46.8696071Z Selecting previously unselected package fonts-tlwg-loma-otf.
shsh-check	Run pnpm exec playwright install --with-deps chromium firefox webkit	2026-09-18T11:07:46.8820564Z Preparing to unpack .../002-fonts-tlwg-loma-otf_1%3a0.7.3-1_all.deb ...
shsh-check	Run pnpm exec playwright install --with-deps chromium firefox webkit	2026-09-18T11:07:46.8827986Z Unpacking fonts-tlwg-loma-otf (1:0.7.3-1) ...
shsh-check	Run pnpm exec playwright install --with-deps chromium firefox webkit	2026-09-18T11:07:46.9106978Z Selecting previously unselected package fonts-unifont.
shsh-check	Run pnpm exec playwright install --with-deps chromium firefox webkit	2026-09-18T11:07:46.9231900Z Preparing to unpack .../003-fonts-unifont_1%3a15.1.01-1build1_all.deb ...
shsh-check	Run pnpm exec playwright install --with-deps chromium firefox webkit	2026-09-18T11:07:46.9239788Z Unpacking fonts-unifont (1:15.1.01-1build1) ...
shsh-check	Run pnpm exec playwright install --with-deps chromium firefox webkit	2026-09-18T11:07:47.0255173Z Selecting previously unselected package fonts-wqy-zenhei.
shsh-check	Run pnpm exec playwright install --with-deps chromium firefox webkit	2026-09-18T11:07:47.0379332Z Preparing to unpack .../004-fonts-wqy-zenhei_0.9.45-8_all.deb ...
shsh-check	Run pnpm exec playwright install --with-deps chromium firefox webkit	2026-09-18T11:07:47.0475937Z Unpacking fonts-wqy-zenhei (0.9.45-8) ...
shsh-check	Run pnpm exec playwright install --with-deps chromium firefox webkit	2026-09-18T11:07:47.5101607Z Selecting previously unselected package libproxy1v5:amd64.
shsh-check	Run pnpm exec playwright install --with-deps chromium firefox webkit	2026-09-18T11:07:47.5222837Z Preparing to unpack .../005-libproxy1v5_0.5.4-4build1_amd64.deb ...
shsh-check	Run pnpm exec playwright install --with-deps chromium firefox webkit	2026-09-18T11:07:47.5240409Z Unpacking libproxy1v5:amd64 (0.5.4-4build1) ...
shsh-check	Run pnpm exec playwright install --with-deps chromium firefox webkit	2026-09-18T11:07:47.5444606Z Selecting previously unselected package glib-networking-common.
shsh-check	Run pnpm exec playwright install --with-deps chromium firefox webkit	2026-09-18T11:07:47.5567512Z Preparing to unpack .../006-glib-networking-common_2.80.0-1build1_all.deb ...
shsh-check	Run pnpm exec playwright install --with-deps chromium firefox webkit	2026-09-18T11:07:47.5575945Z Unpacking glib-networking-common (2.80.0-1build1) ...
shsh-check	Run pnpm exec playwright install --with-deps chromium firefox webkit	2026-09-18T11:07:47.5756876Z Selecting previously unselected package glib-networking-services.
shsh-check	Run pnpm exec playwright install --with-deps chromium firefox webkit	2026-09-18T11:07:47.5878215Z Preparing to unpack .../007-glib-networking-services_2.80.0-1build1_amd64.deb ...
shsh-check	Run pnpm exec playwright install --with-deps chromium firefox webkit	2026-09-18T11:07:47.5886454Z Unpacking glib-networking-services (2.80.0-1build1) ...
shsh-check	Run pnpm exec playwright install --with-deps chromium firefox webkit	2026-09-18T11:07:47.6086928Z Selecting previously unselected package session-migration.
shsh-check	Run pnpm exec playwright install --with-deps chromium firefox webkit	2026-09-18T11:07:47.6209755Z Preparing to unpack .../008-session-migration_0.3.9build1_amd64.deb ...
shsh-check	Run pnpm exec playwright install --with-deps chromium firefox webkit	2026-09-18T11:07:47.6216587Z Unpacking session-migration (0.3.9build1) ...
shsh-check	Run pnpm exec playwright install --with-deps chromium firefox webkit	2026-09-18T11:07:47.6433345Z Selecting previously unselected package gsettings-desktop-schemas.
shsh-check	Run pnpm exec playwright install --with-deps chromium firefox webkit	2026-09-18T11:07:47.6553358Z Preparing to unpack .../009-gsettings-desktop-schemas_46.1-0ubuntu1_all.deb ...
shsh-check	Run pnpm exec playwright install --with-deps chromium firefox webkit	2026-09-18T11:07:47.6561214Z Unpacking gsettings-desktop-schemas (46.1-0ubuntu1) ...
shsh-check	Run pnpm exec playwright install --with-deps chromium firefox webkit	2026-09-18T11:07:47.6825125Z Selecting previously unselected package glib-networking:amd64.
shsh-check	Run pnpm exec playwright install --with-deps chromium firefox webkit	2026-09-18T11:07:47.6947862Z Preparing to unpack .../010-glib-networking_2.80.0-1build1_amd64.deb ...
shsh-check	Run pnpm exec playwright install --with-deps chromium firefox webkit	2026-09-18T11:07:47.6956686Z Unpacking glib-networking:amd64 (2.80.0-1build1) ...
shsh-check	Run pnpm exec playwright install --with-deps chromium firefox webkit	2026-09-18T11:07:47.7172611Z Selecting previously unselected package libva2:amd64.
shsh-check	Run pnpm exec playwright install --with-deps chromium firefox webkit	2026-09-18T11:07:47.7295447Z Preparing to unpack .../011-libva2_2.20.0-2ubuntu0.2_amd64.deb ...
shsh-check	Run pnpm exec playwright install --with-deps chromium firefox webkit	2026-09-18T11:07:47.7303380Z Unpacking libva2:amd64 (2.20.0-2ubuntu0.2) ...
shsh-check	Run pnpm exec playwright install --with-deps chromium firefox webkit	2026-09-18T11:07:47.7508944Z Selecting previously unselected package libva-drm2:amd64.
shsh-check	Run pnpm exec playwright install --with-deps chromium firefox webkit	2026-09-18T11:07:47.7629772Z Preparing to unpack .../012-libva-drm2_2.20.0-2ubuntu0.2_amd64.deb ...
shsh-check	Run pnpm exec playwright install --with-deps chromium firefox webkit	2026-09-18T11:07:47.7637723Z Unpacking libva-drm2:amd64 (2.20.0-2ubuntu0.2) ...
shsh-check	Run pnpm exec playwright install --with-deps chromium firefox webkit	2026-09-18T11:07:47.7832471Z Selecting previously unselected package libva-x11-2:amd64.
shsh-check	Run pnpm exec playwright install --with-deps chromium firefox webkit	2026-09-18T11:07:47.7952526Z Preparing to unpack .../013-libva-x11-2_2.20.0-2ubuntu0.2_amd64.deb ...
shsh-check	Run pnpm exec playwright install --with-deps chromium firefox webkit	2026-09-18T11:07:47.7961442Z Unpacking libva-x11-2:amd64 (2.20.0-2ubuntu0.2) ...
shsh-check	Run pnpm exec playwright install --with-deps chromium firefox webkit	2026-09-18T11:07:47.8160114Z Selecting previously unselected package libvdpau1:amd64.
shsh-check	Run pnpm exec playwright install --with-deps chromium firefox webkit	2026-09-18T11:07:47.8283245Z Preparing to unpack .../014-libvdpau1_1.5-2build1_amd64.deb ...
shsh-check	Run pnpm exec playwright install --with-deps chromium firefox webkit	2026-09-18T11:07:47.8292299Z Unpacking libvdpau1:amd64 (1.5-2build1) ...
shsh-check	Run pnpm exec playwright install --with-deps chromium firefox webkit	2026-09-18T11:07:47.8502127Z Selecting previously unselected package libvpl2.
shsh-check	Run pnpm exec playwright install --with-deps chromium firefox webkit	2026-09-18T11:07:47.8622299Z Preparing to unpack .../015-libvpl2_2023.3.0-1build1_amd64.deb ...
shsh-check	Run pnpm exec playwright install --with-deps chromium firefox webkit	2026-09-18T11:07:47.8630617Z Unpacking libvpl2 (2023.3.0-1build1) ...
shsh-check	Run pnpm exec playwright install --with-deps chromium firefox webkit	2026-09-18T11:07:47.8914115Z Selecting previously unselected package ocl-icd-libopencl1:amd64.
shsh-check	Run pnpm exec playwright install --with-deps chromium firefox webkit	2026-09-18T11:07:47.9034991Z Preparing to unpack .../016-ocl-icd-libopencl1_2.3.2-1build1_amd64.deb ...
shsh-check	Run pnpm exec playwright install --with-deps chromium firefox webkit	2026-09-18T11:07:47.9042903Z Unpacking ocl-icd-libopencl1:amd64 (2.3.2-1build1) ...
shsh-check	Run pnpm exec playwright install --with-deps chromium firefox webkit	2026-09-18T11:07:47.9264686Z Selecting previously unselected package libavutil58:amd64.
shsh-check	Run pnpm exec playwright install --with-deps chromium firefox webkit	2026-09-18T11:07:47.9390894Z Preparing to unpack .../017-libavutil58_7%3a6.1.1-3ubuntu5_amd64.deb ...
shsh-check	Run pnpm exec playwright install --with-deps chromium firefox webkit	2026-09-18T11:07:47.9399825Z Unpacking libavutil58:amd64 (7:6.1.1-3ubuntu5) ...
shsh-check	Run pnpm exec playwright install --with-deps chromium firefox webkit	2026-09-18T11:07:47.9653156Z Selecting previously unselected package libcodec2-1.2:amd64.
shsh-check	Run pnpm exec playwright install --with-deps chromium firefox webkit	2026-09-18T11:07:47.9779597Z Preparing to unpack .../018-libcodec2-1.2_1.2.0-2build1_amd64.deb ...
shsh-check	Run pnpm exec playwright install --with-deps chromium firefox webkit	2026-09-18T11:07:47.9786454Z Unpacking libcodec2-1.2:amd64 (1.2.0-2build1) ...
shsh-check	Run pnpm exec playwright install --with-deps chromium firefox webkit	2026-09-18T11:07:48.0494677Z Selecting previously unselected package libdav1d7:amd64.
shsh-check	Run pnpm exec playwright install --with-deps chromium firefox webkit	2026-09-18T11:07:48.0618638Z Preparing to unpack .../019-libdav1d7_1.4.1-1build1_amd64.deb ...
shsh-check	Run pnpm exec playwright install --with-deps chromium firefox webkit	2026-09-18T11:07:48.0629236Z Unpacking libdav1d7:amd64 (1.4.1-1build1) ...
shsh-check	Run pnpm exec playwright install --with-deps chromium firefox webkit	2026-09-18T11:07:48.0888627Z Selecting previously unselected package libgsm1:amd64.
shsh-check	Run pnpm exec playwright install --with-deps chromium firefox webkit	2026-09-18T11:07:48.1011933Z Preparing to unpack .../020-libgsm1_1.0.22-1build1_amd64.deb ...
shsh-check	Run pnpm exec playwright install --with-deps chromium firefox webkit	2026-09-18T11:07:48.1021300Z Unpacking libgsm1:amd64 (1.0.22-1build1) ...
shsh-check	Run pnpm exec playwright install --with-deps chromium firefox webkit	2026-09-18T11:07:48.1237359Z Selecting previously unselected package libhwy1t64:amd64.
shsh-check	Run pnpm exec playwright install --with-deps chromium firefox webkit	2026-09-18T11:07:48.1359267Z Preparing to unpack .../021-libhwy1t64_1.0.7-8.1build1_amd64.deb ...
shsh-check	Run pnpm exec playwright install --with-deps chromium firefox webkit	2026-09-18T11:07:48.1367281Z Unpacking libhwy1t64:amd64 (1.0.7-8.1build1) ...
shsh-check	Run pnpm exec playwright install --with-deps chromium firefox webkit	2026-09-18T11:07:48.1677888Z Selecting previously unselected package libjxl0.7:amd64.
shsh-check	Run pnpm exec playwright install --with-deps chromium firefox webkit	2026-09-18T11:07:48.1800884Z Preparing to unpack .../022-libjxl0.7_0.7.0-10.2ubuntu6.1_amd64.deb ...
shsh-check	Run pnpm exec playwright install --with-deps chromium firefox webkit	2026-09-18T11:07:48.1808657Z Unpacking libjxl0.7:amd64 (0.7.0-10.2ubuntu6.1) ...
shsh-check	Run pnpm exec playwright install --with-deps chromium firefox webkit	2026-09-18T11:07:48.2125698Z Selecting previously unselected package libmp3lame0:amd64.
shsh-check	Run pnpm exec playwright install --with-deps chromium firefox webkit	2026-09-18T11:07:48.2248969Z Preparing to unpack .../023-libmp3lame0_3.100-6build1_amd64.deb ...
shsh-check	Run pnpm exec playwright install --with-deps chromium firefox webkit	2026-09-18T11:07:48.2258326Z Unpacking libmp3lame0:amd64 (3.100-6build1) ...
shsh-check	Run pnpm exec playwright install --with-deps chromium firefox webkit	2026-09-18T11:07:48.2469716Z Selecting previously unselected package libopus0:amd64.
shsh-check	Run pnpm exec playwright install --with-deps chromium firefox webkit	2026-09-18T11:07:48.2591326Z Preparing to unpack .../024-libopus0_1.4-1build1_amd64.deb ...
shsh-check	Run pnpm exec playwright install --with-deps chromium firefox webkit	2026-09-18T11:07:48.2600648Z Unpacking libopus0:amd64 (1.4-1build1) ...
shsh-check	Run pnpm exec playwright install --with-deps chromium firefox webkit	2026-09-18T11:07:48.2816487Z Selecting previously unselected package librav1e0:amd64.
shsh-check	Run pnpm exec playwright install --with-deps chromium firefox webkit	2026-09-18T11:07:48.2939160Z Preparing to unpack .../025-librav1e0_0.7.1-2_amd64.deb ...
shsh-check	Run pnpm exec playwright install --with-deps chromium firefox webkit	2026-09-18T11:07:48.2947406Z Unpacking librav1e0:amd64 (0.7.1-2) ...
shsh-check	Run pnpm exec playwright install --with-deps chromium firefox webkit	2026-09-18T11:07:48.3262724Z Selecting previously unselected package librsvg2-2:amd64.
shsh-check	Run pnpm exec playwright install --with-deps chromium firefox webkit	2026-09-18T11:07:48.3384443Z Preparing to unpack .../026-librsvg2-2_2.58.0+dfsg-1build1_amd64.deb ...
shsh-check	Run pnpm exec playwright install --with-deps chromium firefox webkit	2026-09-18T11:07:48.3393009Z Unpacking librsvg2-2:amd64 (2.58.0+dfsg-1build1) ...
shsh-check	Run pnpm exec playwright install --with-deps chromium firefox webkit	2026-09-18T11:07:48.3833437Z Selecting previously unselected package libshine3:amd64.
shsh-check	Run pnpm exec playwright install --with-deps chromium firefox webkit	2026-09-18T11:07:48.3958506Z Preparing to unpack .../027-libshine3_3.1.1-2build1_amd64.deb ...
shsh-check	Run pnpm exec playwright install --with-deps chromium firefox webkit	2026-09-18T11:07:48.3965698Z Unpacking libshine3:amd64 (3.1.1-2build1) ...
shsh-check	Run pnpm exec playwright install --with-deps chromium firefox webkit	2026-09-18T11:07:48.4164934Z Selecting previously unselected package libspeex1:amd64.
shsh-check	Run pnpm exec playwright install --with-deps chromium firefox webkit	2026-09-18T11:07:48.4293498Z Preparing to unpack .../028-libspeex1_1.2.1-2ubuntu2.24.04.1_amd64.deb ...
shsh-check	Run pnpm exec playwright install --with-deps chromium firefox webkit	2026-09-18T11:07:48.4302653Z Unpacking libspeex1:amd64 (1.2.1-2ubuntu2.24.04.1) ...
shsh-check	Run pnpm exec playwright install --with-deps chromium firefox webkit	2026-09-18T11:07:48.4513542Z Selecting previously unselected package libsvtav1enc1d1:amd64.
shsh-check	Run pnpm exec playwright install --with-deps chromium firefox webkit	2026-09-18T11:07:48.4642683Z Preparing to unpack .../029-libsvtav1enc1d1_1.7.0+dfsg-2build1_amd64.deb ...
shsh-check	Run pnpm exec playwright install --with-deps chromium firefox webkit	2026-09-18T11:07:48.4652369Z Unpacking libsvtav1enc1d1:amd64 (1.7.0+dfsg-2build1) ...
shsh-check	Run pnpm exec playwright install --with-deps chromium firefox webkit	2026-09-18T11:07:48.5118034Z Selecting previously unselected package libsoxr0:amd64.
shsh-check	Run pnpm exec playwright install --with-deps chromium firefox webkit	2026-09-18T11:07:48.5243834Z Preparing to unpack .../030-libsoxr0_0.1.3-4build3_amd64.deb ...
shsh-check	Run pnpm exec playwright install --with-deps chromium firefox webkit	2026-09-18T11:07:48.5250852Z Unpacking libsoxr0:amd64 (0.1.3-4build3) ...
shsh-check	Run pnpm exec playwright install --with-deps chromium firefox webkit	2026-09-18T11:07:48.5452312Z Selecting previously unselected package libswresample4:amd64.
shsh-check	Run pnpm exec playwright install --with-deps chromium firefox webkit	2026-09-18T11:07:48.5576820Z Preparing to unpack .../031-libswresample4_7%3a6.1.1-3ubuntu5_amd64.deb ...
shsh-check	Run pnpm exec playwright install --with-deps chromium firefox webkit	2026-09-18T11:07:48.5584437Z Unpacking libswresample4:amd64 (7:6.1.1-3ubuntu5) ...
shsh-check	Run pnpm exec playwright install --with-deps chromium firefox webkit	2026-09-18T11:07:48.5797271Z Selecting previously unselected package libtheora0:amd64.
shsh-check	Run pnpm exec playwright install --with-deps chromium firefox webkit	2026-09-18T11:07:48.5920102Z Preparing to unpack .../032-libtheora0_1.1.1+dfsg.1-16.1build3_amd64.deb ...
shsh-check	Run pnpm exec playwright install --with-deps chromium firefox webkit	2026-09-18T11:07:48.5927986Z Unpacking libtheora0:amd64 (1.1.1+dfsg.1-16.1build3) ...
shsh-check	Run pnpm exec playwright install --with-deps chromium firefox webkit	2026-09-18T11:07:48.6156061Z Selecting previously unselected package libtwolame0:amd64.
shsh-check	Run pnpm exec playwright install --with-deps chromium firefox webkit	2026-09-18T11:07:48.6277791Z Preparing to unpack .../033-libtwolame0_0.4.0-2build3_amd64.deb ...
shsh-check	Run pnpm exec playwright install --with-deps chromium firefox webkit	2026-09-18T11:07:48.6285752Z Unpacking libtwolame0:amd64 (0.4.0-2build3) ...
shsh-check	Run pnpm exec playwright install --with-deps chromium firefox webkit	2026-09-18T11:07:48.6496350Z Selecting previously unselected package libvorbisenc2:amd64.
shsh-check	Run pnpm exec playwright install --with-deps chromium firefox webkit	2026-09-18T11:07:48.6607574Z Preparing to unpack .../034-libvorbisenc2_1.3.7-1build3_amd64.deb ...
shsh-check	Run pnpm exec playwright install --with-deps chromium firefox webkit	2026-09-18T11:07:48.6615258Z Unpacking libvorbisenc2:amd64 (1.3.7-1build3) ...
shsh-check	Run pnpm exec playwright install --with-deps chromium firefox webkit	2026-09-18T11:07:48.7237243Z Selecting previously unselected package libvpx9:amd64.
shsh-check	Run pnpm exec playwright install --with-deps chromium firefox webkit	2026-09-18T11:07:48.7357689Z Preparing to unpack .../035-libvpx9_1.14.0-1ubuntu2.3_amd64.deb ...
shsh-check	Run pnpm exec playwright install --with-deps chromium firefox webkit	2026-09-18T11:07:48.7365154Z Unpacking libvpx9:amd64 (1.14.0-1ubuntu2.3) ...
shsh-check	Run pnpm exec playwright install --with-deps chromium firefox webkit	2026-09-18T11:07:48.7681046Z Selecting previously unselected package libx264-164:amd64.
shsh-check	Run pnpm exec playwright install --with-deps chromium firefox webkit	2026-09-18T11:07:48.7803270Z Preparing to unpack .../036-libx264-164_2%3a0.164.3108+git31e19f9-1_amd64.deb ...
shsh-check	Run pnpm exec playwright install --with-deps chromium firefox webkit	2026-09-18T11:07:48.7812232Z Unpacking libx264-164:amd64 (2:0.164.3108+git31e19f9-1) ...
shsh-check	Run pnpm exec playwright install --with-deps chromium firefox webkit	2026-09-18T11:07:48.8082329Z Selecting previously unselected package libx265-199:amd64.
shsh-check	Run pnpm exec playwright install --with-deps chromium firefox webkit	2026-09-18T11:07:48.8204495Z Preparing to unpack .../037-libx265-199_3.5-2build1_amd64.deb ...
shsh-check	Run pnpm exec playwright install --with-deps chromium firefox webkit	2026-09-18T11:07:48.8212287Z Unpacking libx265-199:amd64 (3.5-2build1) ...
shsh-check	Run pnpm exec playwright install --with-deps chromium firefox webkit	2026-09-18T11:07:48.8858990Z Selecting previously unselected package libxvidcore4:amd64.
shsh-check	Run pnpm exec playwright install --with-deps chromium firefox webkit	2026-09-18T11:07:48.8984624Z Preparing to unpack .../038-libxvidcore4_2%3a1.3.7-1build1_amd64.deb ...
shsh-check	Run pnpm exec playwright install --with-deps chromium firefox webkit	2026-09-18T11:07:48.8991927Z Unpacking libxvidcore4:amd64 (2:1.3.7-1build1) ...
shsh-check	Run pnpm exec playwright install --with-deps chromium firefox webkit	2026-09-18T11:07:48.9206538Z Selecting previously unselected package libzvbi-common.
shsh-check	Run pnpm exec playwright install --with-deps chromium firefox webkit	2026-09-18T11:07:48.9332250Z Preparing to unpack .../039-libzvbi-common_0.2.42-2_all.deb ...
shsh-check	Run pnpm exec playwright install --with-deps chromium firefox webkit	2026-09-18T11:07:48.9340822Z Unpacking libzvbi-common (0.2.42-2) ...
shsh-check	Run pnpm exec playwright install --with-deps chromium firefox webkit	2026-09-18T11:07:48.9962764Z Selecting previously unselected package libzvbi0t64:amd64.
shsh-check	Run pnpm exec playwright install --with-deps chromium firefox webkit	2026-09-18T11:07:49.0087069Z Preparing to unpack .../040-libzvbi0t64_0.2.42-2_amd64.deb ...
shsh-check	Run pnpm exec playwright install --with-deps chromium firefox webkit	2026-09-18T11:07:49.0095246Z Unpacking libzvbi0t64:amd64 (0.2.42-2) ...
shsh-check	Run pnpm exec playwright install --with-deps chromium firefox webkit	2026-09-18T11:07:49.0326836Z Selecting previously unselected package libavcodec60:amd64.
shsh-check	Run pnpm exec playwright install --with-deps chromium firefox webkit	2026-09-18T11:07:49.0450796Z Preparing to unpack .../041-libavcodec60_7%3a6.1.1-3ubuntu5_amd64.deb ...
shsh-check	Run pnpm exec playwright install --with-deps chromium firefox webkit	2026-09-18T11:07:49.0458607Z Unpacking libavcodec60:amd64 (7:6.1.1-3ubuntu5) ...
shsh-check	Run pnpm exec playwright install --with-deps chromium firefox webkit	2026-09-18T11:07:49.1258525Z Selecting previously unselected package libunibreak5:amd64.
shsh-check	Run pnpm exec playwright install --with-deps chromium firefox webkit	2026-09-18T11:07:49.1384692Z Preparing to unpack .../042-libunibreak5_5.1-2build1_amd64.deb ...
shsh-check	Run pnpm exec playwright install --with-deps chromium firefox webkit	2026-09-18T11:07:49.1392183Z Unpacking libunibreak5:amd64 (5.1-2build1) ...
shsh-check	Run pnpm exec playwright install --with-deps chromium firefox webkit	2026-09-18T11:07:49.1592899Z Selecting previously unselected package libass9:amd64.
shsh-check	Run pnpm exec playwright install --with-deps chromium firefox webkit	2026-09-18T11:07:49.1716686Z Preparing to unpack .../043-libass9_1%3a0.17.1-2build1_amd64.deb ...
shsh-check	Run pnpm exec playwright install --with-deps chromium firefox webkit	2026-09-18T11:07:49.1724969Z Unpacking libass9:amd64 (1:0.17.1-2build1) ...
shsh-check	Run pnpm exec playwright install --with-deps chromium firefox webkit	2026-09-18T11:07:49.1933766Z Selecting previously unselected package libudfread0:amd64.
shsh-check	Run pnpm exec playwright install --with-deps chromium firefox webkit	2026-09-18T11:07:49.2055215Z Preparing to unpack .../044-libudfread0_1.1.2-1build1_amd64.deb ...
shsh-check	Run pnpm exec playwright install --with-deps chromium firefox webkit	2026-09-18T11:07:49.2063086Z Unpacking libudfread0:amd64 (1.1.2-1build1) ...
shsh-check	Run pnpm exec playwright install --with-deps chromium firefox webkit	2026-09-18T11:07:49.2258003Z Selecting previously unselected package libbluray2:amd64.
shsh-check	Run pnpm exec playwright install --with-deps chromium firefox webkit	2026-09-18T11:07:49.2378343Z Preparing to unpack .../045-libbluray2_1%3a1.3.4-1build1_amd64.deb ...
shsh-check	Run pnpm exec playwright install --with-deps chromium firefox webkit	2026-09-18T11:07:49.2388534Z Unpacking libbluray2:amd64 (1:1.3.4-1build1) ...
shsh-check	Run pnpm exec playwright install --with-deps chromium firefox webkit	2026-09-18T11:07:49.2609096Z Selecting previously unselected package libchromaprint1:amd64.
shsh-check	Run pnpm exec playwright install --with-deps chromium firefox webkit	2026-09-18T11:07:49.2730292Z Preparing to unpack .../046-libchromaprint1_1.5.1-5_amd64.deb ...
shsh-check	Run pnpm exec playwright install --with-deps chromium firefox webkit	2026-09-18T11:07:49.2738422Z Unpacking libchromaprint1:amd64 (1.5.1-5) ...
shsh-check	Run pnpm exec playwright install --with-deps chromium firefox webkit	2026-09-18T11:07:49.2940061Z Selecting previously unselected package libgme0:amd64.
shsh-check	Run pnpm exec playwright install --with-deps chromium firefox webkit	2026-09-18T11:07:49.3060304Z Preparing to unpack .../047-libgme0_0.6.3-7build1_amd64.deb ...
shsh-check	Run pnpm exec playwright install --with-deps chromium firefox webkit	2026-09-18T11:07:49.3068040Z Unpacking libgme0:amd64 (0.6.3-7build1) ...
shsh-check	Run pnpm exec playwright install --with-deps chromium firefox webkit	2026-09-18T11:07:49.3279143Z Selecting previously unselected package libmpg123-0t64:amd64.
shsh-check	Run pnpm exec playwright install --with-deps chromium firefox webkit	2026-09-18T11:07:49.3400405Z Preparing to unpack .../048-libmpg123-0t64_1.32.5-1ubuntu1.1_amd64.deb ...
shsh-check	Run pnpm exec playwright install --with-deps chromium firefox webkit	2026-09-18T11:07:49.3408893Z Unpacking libmpg123-0t64:amd64 (1.32.5-1ubuntu1.1) ...
shsh-check	Run pnpm exec playwright install --with-deps chromium firefox webkit	2026-09-18T11:07:49.3625119Z Selecting previously unselected package libopenmpt0t64:amd64.
shsh-check	Run pnpm exec playwright install --with-deps chromium firefox webkit	2026-09-18T11:07:49.3745991Z Preparing to unpack .../049-libopenmpt0t64_0.7.3-1.1build3_amd64.deb ...
shsh-check	Run pnpm exec playwright install --with-deps chromium firefox webkit	2026-09-18T11:07:49.3754375Z Unpacking libopenmpt0t64:amd64 (0.7.3-1.1build3) ...
shsh-check	Run pnpm exec playwright install --with-deps chromium firefox webkit	2026-09-18T11:07:49.4015162Z Selecting previously unselected package libcjson1:amd64.
shsh-check	Run pnpm exec playwright install --with-deps chromium firefox webkit	2026-09-18T11:07:49.4136082Z Preparing to unpack .../050-libcjson1_1.7.17-1_amd64.deb ...
shsh-check	Run pnpm exec playwright install --with-deps chromium firefox webkit	2026-09-18T11:07:49.4144545Z Unpacking libcjson1:amd64 (1.7.17-1) ...
shsh-check	Run pnpm exec playwright install --with-deps chromium firefox webkit	2026-09-18T11:07:49.4370660Z Selecting previously unselected package libmbedcrypto7t64:amd64.
shsh-check	Run pnpm exec playwright install --with-deps chromium firefox webkit	2026-09-18T11:07:49.4497710Z Preparing to unpack .../051-libmbedcrypto7t64_2.28.8-1_amd64.deb ...
shsh-check	Run pnpm exec playwright install --with-deps chromium firefox webkit	2026-09-18T11:07:49.4506000Z Unpacking libmbedcrypto7t64:amd64 (2.28.8-1) ...
shsh-check	Run pnpm exec playwright install --with-deps chromium firefox webkit	2026-09-18T11:07:49.4734453Z Selecting previously unselected package librist4:amd64.
shsh-check	Run pnpm exec playwright install --with-deps chromium firefox webkit	2026-09-18T11:07:49.4858653Z Preparing to unpack .../052-librist4_0.2.10+dfsg-2_amd64.deb ...
shsh-check	Run pnpm exec playwright install --with-deps chromium firefox webkit	2026-09-18T11:07:49.4884724Z Unpacking librist4:amd64 (0.2.10+dfsg-2) ...
shsh-check	Run pnpm exec playwright install --with-deps chromium firefox webkit	2026-09-18T11:07:49.5083919Z Selecting previously unselected package libsrt1.5-gnutls:amd64.
shsh-check	Run pnpm exec playwright install --with-deps chromium firefox webkit	2026-09-18T11:07:49.5207992Z Preparing to unpack .../053-libsrt1.5-gnutls_1.5.3-1build2_amd64.deb ...
shsh-check	Run pnpm exec playwright install --with-deps chromium firefox webkit	2026-09-18T11:07:49.5216255Z Unpacking libsrt1.5-gnutls:amd64 (1.5.3-1build2) ...
shsh-check	Run pnpm exec playwright install --with-deps chromium firefox webkit	2026-09-18T11:07:49.5447851Z Selecting previously unselected package libssh-gcrypt-4:amd64.
shsh-check	Run pnpm exec playwright install --with-deps chromium firefox webkit	2026-09-18T11:07:49.5569905Z Preparing to unpack .../054-libssh-gcrypt-4_0.10.6-2ubuntu0.5_amd64.deb ...
shsh-check	Run pnpm exec playwright install --with-deps chromium firefox webkit	2026-09-18T11:07:49.5579236Z Unpacking libssh-gcrypt-4:amd64 (0.10.6-2ubuntu0.5) ...
shsh-check	Run pnpm exec playwright install --with-deps chromium firefox webkit	2026-09-18T11:07:49.5803453Z Selecting previously unselected package libavformat60:amd64.
shsh-check	Run pnpm exec playwright install --with-deps chromium firefox webkit	2026-09-18T11:07:49.5925253Z Preparing to unpack .../055-libavformat60_7%3a6.1.1-3ubuntu5_amd64.deb ...
shsh-check	Run pnpm exec playwright install --with-deps chromium firefox webkit	2026-09-18T11:07:49.5933134Z Unpacking libavformat60:amd64 (7:6.1.1-3ubuntu5) ...
shsh-check	Run pnpm exec playwright install --with-deps chromium firefox webkit	2026-09-18T11:07:49.6231849Z Selecting previously unselected package libbs2b0:amd64.
shsh-check	Run pnpm exec playwright install --with-deps chromium firefox webkit	2026-09-18T11:07:49.6353879Z Preparing to unpack .../056-libbs2b0_3.1.0+dfsg-7build1_amd64.deb ...
shsh-check	Run pnpm exec playwright install --with-deps chromium firefox webkit	2026-09-18T11:07:49.6363181Z Unpacking libbs2b0:amd64 (3.1.0+dfsg-7build1) ...
shsh-check	Run pnpm exec playwright install --with-deps chromium firefox webkit	2026-09-18T11:07:49.6584723Z Selecting previously unselected package libflite1:amd64.
shsh-check	Run pnpm exec playwright install --with-deps chromium firefox webkit	2026-09-18T11:07:49.6706441Z Preparing to unpack .../057-libflite1_2.2-6build3_amd64.deb ...
shsh-check	Run pnpm exec playwright install --with-deps chromium firefox webkit	2026-09-18T11:07:49.6716212Z Unpacking libflite1:amd64 (2.2-6build3) ...
shsh-check	Run pnpm exec playwright install --with-deps chromium firefox webkit	2026-09-18T11:07:49.7759770Z Selecting previously unselected package libserd-0-0:amd64.
shsh-check	Run pnpm exec playwright install --with-deps chromium firefox webkit	2026-09-18T11:07:49.7883865Z Preparing to unpack .../058-libserd-0-0_0.32.2-1_amd64.deb ...
shsh-check	Run pnpm exec playwright install --with-deps chromium firefox webkit	2026-09-18T11:07:49.7891576Z Unpacking libserd-0-0:amd64 (0.32.2-1) ...
shsh-check	Run pnpm exec playwright install --with-deps chromium firefox webkit	2026-09-18T11:07:49.8096569Z Selecting previously unselected package libzix-0-0:amd64.
shsh-check	Run pnpm exec playwright install --with-deps chromium firefox webkit	2026-09-18T11:07:49.8218776Z Preparing to unpack .../059-libzix-0-0_0.4.2-2build1_amd64.deb ...
shsh-check	Run pnpm exec playwright install --with-deps chromium firefox webkit	2026-09-18T11:07:49.8227583Z Unpacking libzix-0-0:amd64 (0.4.2-2build1) ...
shsh-check	Run pnpm exec playwright install --with-deps chromium firefox webkit	2026-09-18T11:07:49.8558010Z Selecting previously unselected package libsord-0-0:amd64.
shsh-check	Run pnpm exec playwright install --with-deps chromium firefox webkit	2026-09-18T11:07:49.8679174Z Preparing to unpack .../060-libsord-0-0_0.16.16-2build1_amd64.deb ...
shsh-check	Run pnpm exec playwright install --with-deps chromium firefox webkit	2026-09-18T11:07:49.8687700Z Unpacking libsord-0-0:amd64 (0.16.16-2build1) ...
shsh-check	Run pnpm exec playwright install --with-deps chromium firefox webkit	2026-09-18T11:07:49.8889261Z Selecting previously unselected package libsratom-0-0:amd64.
shsh-check	Run pnpm exec playwright install --with-deps chromium firefox webkit	2026-09-18T11:07:49.9010194Z Preparing to unpack .../061-libsratom-0-0_0.6.16-1build1_amd64.deb ...
shsh-check	Run pnpm exec playwright install --with-deps chromium firefox webkit	2026-09-18T11:07:49.9018950Z Unpacking libsratom-0-0:amd64 (0.6.16-1build1) ...
shsh-check	Run pnpm exec playwright install --with-deps chromium firefox webkit	2026-09-18T11:07:49.9220391Z Selecting previously unselected package liblilv-0-0:amd64.
shsh-check	Run pnpm exec playwright install --with-deps chromium firefox webkit	2026-09-18T11:07:49.9346600Z Preparing to unpack .../062-liblilv-0-0_0.24.22-1build1_amd64.deb ...
shsh-check	Run pnpm exec playwright install --with-deps chromium firefox webkit	2026-09-18T11:07:49.9354883Z Unpacking liblilv-0-0:amd64 (0.24.22-1build1) ...
shsh-check	Run pnpm exec playwright install --with-deps chromium firefox webkit	2026-09-18T11:07:49.9566703Z Selecting previously unselected package libmysofa1:amd64.
shsh-check	Run pnpm exec playwright install --with-deps chromium firefox webkit	2026-09-18T11:07:49.9690752Z Preparing to unpack .../063-libmysofa1_1.3.2+dfsg-2ubuntu2_amd64.deb ...
shsh-check	Run pnpm exec playwright install --with-deps chromium firefox webkit	2026-09-18T11:07:49.9698312Z Unpacking libmysofa1:amd64 (1.3.2+dfsg-2ubuntu2) ...
shsh-check	Run pnpm exec playwright install --with-deps chromium firefox webkit	2026-09-18T11:07:49.9939159Z Selecting previously unselected package libplacebo338:amd64.
shsh-check	Run pnpm exec playwright install --with-deps chromium firefox webkit	2026-09-18T11:07:50.0061571Z Preparing to unpack .../064-libplacebo338_6.338.2-2build1_amd64.deb ...
shsh-check	Run pnpm exec playwright install --with-deps chromium firefox webkit	2026-09-18T11:07:50.0069567Z Unpacking libplacebo338:amd64 (6.338.2-2build1) ...
shsh-check	Run pnpm exec playwright install --with-deps chromium firefox webkit	2026-09-18T11:07:50.0578813Z Selecting previously unselected package libblas3:amd64.
shsh-check	Run pnpm exec playwright install --with-deps chromium firefox webkit	2026-09-18T11:07:50.0702775Z Preparing to unpack .../065-libblas3_3.12.0-3build1.1_amd64.deb ...
shsh-check	Run pnpm exec playwright install --with-deps chromium firefox webkit	2026-09-18T11:07:50.0731812Z Unpacking libblas3:amd64 (3.12.0-3build1.1) ...
shsh-check	Run pnpm exec playwright install --with-deps chromium firefox webkit	2026-09-18T11:07:50.0965588Z Selecting previously unselected package liblapack3:amd64.
shsh-check	Run pnpm exec playwright install --with-deps chromium firefox webkit	2026-09-18T11:07:50.1088879Z Preparing to unpack .../066-liblapack3_3.12.0-3build1.1_amd64.deb ...
shsh-check	Run pnpm exec playwright install --with-deps chromium firefox webkit	2026-09-18T11:07:50.1116717Z Unpacking liblapack3:amd64 (3.12.0-3build1.1) ...
shsh-check	Run pnpm exec playwright install --with-deps chromium firefox webkit	2026-09-18T11:07:50.1577476Z Selecting previously unselected package libasyncns0:amd64.
shsh-check	Run pnpm exec playwright install --with-deps chromium firefox webkit	2026-09-18T11:07:50.1700705Z Preparing to unpack .../067-libasyncns0_0.8-6build4_amd64.deb ...
shsh-check	Run pnpm exec playwright install --with-deps chromium firefox webkit	2026-09-18T11:07:50.1708909Z Unpacking libasyncns0:amd64 (0.8-6build4) ...
shsh-check	Run pnpm exec playwright install --with-deps chromium firefox webkit	2026-09-18T11:07:50.1909640Z Selecting previously unselected package libflac12t64:amd64.
shsh-check	Run pnpm exec playwright install --with-deps chromium firefox webkit	2026-09-18T11:07:50.2029817Z Preparing to unpack .../068-libflac12t64_1.4.3+ds-2.1ubuntu2_amd64.deb ...
shsh-check	Run pnpm exec playwright install --with-deps chromium firefox webkit	2026-09-18T11:07:50.2038217Z Unpacking libflac12t64:amd64 (1.4.3+ds-2.1ubuntu2) ...
shsh-check	Run pnpm exec playwright install --with-deps chromium firefox webkit	2026-09-18T11:07:50.2260979Z Selecting previously unselected package libsndfile1:amd64.
shsh-check	Run pnpm exec playwright install --with-deps chromium firefox webkit	2026-09-18T11:07:50.2380227Z Preparing to unpack .../069-libsndfile1_1.2.2-1ubuntu5.24.04.1_amd64.deb ...
shsh-check	Run pnpm exec playwright install --with-deps chromium firefox webkit	2026-09-18T11:07:50.2388735Z Unpacking libsndfile1:amd64 (1.2.2-1ubuntu5.24.04.1) ...
shsh-check	Run pnpm exec playwright install --with-deps chromium firefox webkit	2026-09-18T11:07:50.2627263Z Selecting previously unselected package libpulse0:amd64.
shsh-check	Run pnpm exec playwright install --with-deps chromium firefox webkit	2026-09-18T11:07:50.2747435Z Preparing to unpack .../070-libpulse0_1%3a16.1+dfsg1-2ubuntu10.1_amd64.deb ...
shsh-check	Run pnpm exec playwright install --with-deps chromium firefox webkit	2026-09-18T11:07:50.2810006Z Unpacking libpulse0:amd64 (1:16.1+dfsg1-2ubuntu10.1) ...
shsh-check	Run pnpm exec playwright install --with-deps chromium firefox webkit	2026-09-18T11:07:50.3050714Z Selecting previously unselected package libsphinxbase3t64:amd64.
shsh-check	Run pnpm exec playwright install --with-deps chromium firefox webkit	2026-09-18T11:07:50.3172183Z Preparing to unpack .../071-libsphinxbase3t64_0.8+5prealpha+1-17build2_amd64.deb ...
shsh-check	Run pnpm exec playwright install --with-deps chromium firefox webkit	2026-09-18T11:07:50.3180021Z Unpacking libsphinxbase3t64:amd64 (0.8+5prealpha+1-17build2) ...
shsh-check	Run pnpm exec playwright install --with-deps chromium firefox webkit	2026-09-18T11:07:50.3413271Z Selecting previously unselected package libpocketsphinx3:amd64.
shsh-check	Run pnpm exec playwright install --with-deps chromium firefox webkit	2026-09-18T11:07:50.3532954Z Preparing to unpack .../072-libpocketsphinx3_0.8.0+real5prealpha+1-15ubuntu5_amd64.deb ...
shsh-check	Run pnpm exec playwright install --with-deps chromium firefox webkit	2026-09-18T11:07:50.3541560Z Unpacking libpocketsphinx3:amd64 (0.8.0+real5prealpha+1-15ubuntu5) ...
shsh-check	Run pnpm exec playwright install --with-deps chromium firefox webkit	2026-09-18T11:07:50.3778248Z Selecting previously unselected package libpostproc57:amd64.
shsh-check	Run pnpm exec playwright install --with-deps chromium firefox webkit	2026-09-18T11:07:50.3899142Z Preparing to unpack .../073-libpostproc57_7%3a6.1.1-3ubuntu5_amd64.deb ...
shsh-check	Run pnpm exec playwright install --with-deps chromium firefox webkit	2026-09-18T11:07:50.3907458Z Unpacking libpostproc57:amd64 (7:6.1.1-3ubuntu5) ...
shsh-check	Run pnpm exec playwright install --with-deps chromium firefox webkit	2026-09-18T11:07:50.4126260Z Selecting previously unselected package libsamplerate0:amd64.
shsh-check	Run pnpm exec playwright install --with-deps chromium firefox webkit	2026-09-18T11:07:50.4255562Z Preparing to unpack .../074-libsamplerate0_0.2.2-4build1_amd64.deb ...
shsh-check	Run pnpm exec playwright install --with-deps chromium firefox webkit	2026-09-18T11:07:50.4264205Z Unpacking libsamplerate0:amd64 (0.2.2-4build1) ...
shsh-check	Run pnpm exec playwright install --with-deps chromium firefox webkit	2026-09-18T11:07:50.4526806Z Selecting previously unselected package librubberband2:amd64.
shsh-check	Run pnpm exec playwright install --with-deps chromium firefox webkit	2026-09-18T11:07:50.4652683Z Preparing to unpack .../075-librubberband2_3.3.0+dfsg-2build1_amd64.deb ...
shsh-check	Run pnpm exec playwright install --with-deps chromium firefox webkit	2026-09-18T11:07:50.4663422Z Unpacking librubberband2:amd64 (3.3.0+dfsg-2build1) ...
shsh-check	Run pnpm exec playwright install --with-deps chromium firefox webkit	2026-09-18T11:07:50.4917460Z Selecting previously unselected package libswscale7:amd64.
shsh-check	Run pnpm exec playwright install --with-deps chromium firefox webkit	2026-09-18T11:07:50.5040396Z Preparing to unpack .../076-libswscale7_7%3a6.1.1-3ubuntu5_amd64.deb ...
shsh-check	Run pnpm exec playwright install --with-deps chromium firefox webkit	2026-09-18T11:07:50.5049320Z Unpacking libswscale7:amd64 (7:6.1.1-3ubuntu5) ...
shsh-check	Run pnpm exec playwright install --with-deps chromium firefox webkit	2026-09-18T11:07:50.5271994Z Selecting previously unselected package libvidstab1.1:amd64.
shsh-check	Run pnpm exec playwright install --with-deps chromium firefox webkit	2026-09-18T11:07:50.5394334Z Preparing to unpack .../077-libvidstab1.1_1.1.0-2build1_amd64.deb ...
shsh-check	Run pnpm exec playwright install --with-deps chromium firefox webkit	2026-09-18T11:07:50.5401895Z Unpacking libvidstab1.1:amd64 (1.1.0-2build1) ...
shsh-check	Run pnpm exec playwright install --with-deps chromium firefox webkit	2026-09-18T11:07:50.5603754Z Selecting previously unselected package libzimg2:amd64.
shsh-check	Run pnpm exec playwright install --with-deps chromium firefox webkit	2026-09-18T11:07:50.5725441Z Preparing to unpack .../078-libzimg2_3.0.5+ds1-1build1_amd64.deb ...
shsh-check	Run pnpm exec playwright install --with-deps chromium firefox webkit	2026-09-18T11:07:50.5736317Z Unpacking libzimg2:amd64 (3.0.5+ds1-1build1) ...
shsh-check	Run pnpm exec playwright install --with-deps chromium firefox webkit	2026-09-18T11:07:50.5964090Z Selecting previously unselected package libavfilter9:amd64.
shsh-check	Run pnpm exec playwright install --with-deps chromium firefox webkit	2026-09-18T11:07:50.6084241Z Preparing to unpack .../079-libavfilter9_7%3a6.1.1-3ubuntu5_amd64.deb ...
shsh-check	Run pnpm exec playwright install --with-deps chromium firefox webkit	2026-09-18T11:07:50.6097369Z Unpacking libavfilter9:amd64 (7:6.1.1-3ubuntu5) ...
shsh-check	Run pnpm exec playwright install --with-deps chromium firefox webkit	2026-09-18T11:07:50.6762291Z Selecting previously unselected package liborc-0.4-0t64:amd64.
shsh-check	Run pnpm exec playwright install --with-deps chromium firefox webkit	2026-09-18T11:07:50.6885854Z Preparing to unpack .../080-liborc-0.4-0t64_1%3a0.4.38-1ubuntu0.1_amd64.deb ...
shsh-check	Run pnpm exec playwright install --with-deps chromium firefox webkit	2026-09-18T11:07:50.6893646Z Unpacking liborc-0.4-0t64:amd64 (1:0.4.38-1ubuntu0.1) ...
shsh-check	Run pnpm exec playwright install --with-deps chromium firefox webkit	2026-09-18T11:07:50.7134899Z Selecting previously unselected package libgstreamer-plugins-base1.0-0:amd64.
shsh-check	Run pnpm exec playwright install --with-deps chromium firefox webkit	2026-09-18T11:07:50.7256338Z Preparing to unpack .../081-libgstreamer-plugins-base1.0-0_1.24.2-1ubuntu0.4_amd64.deb ...
shsh-check	Run pnpm exec playwright install --with-deps chromium firefox webkit	2026-09-18T11:07:50.7266156Z Unpacking libgstreamer-plugins-base1.0-0:amd64 (1.24.2-1ubuntu0.4) ...
shsh-check	Run pnpm exec playwright install --with-deps chromium firefox webkit	2026-09-18T11:07:50.7681985Z Selecting previously unselected package gstreamer1.0-libav:amd64.
shsh-check	Run pnpm exec playwright install --with-deps chromium firefox webkit	2026-09-18T11:07:50.7804172Z Preparing to unpack .../082-gstreamer1.0-libav_1.24.1-1build1_amd64.deb ...
shsh-check	Run pnpm exec playwright install --with-deps chromium firefox webkit	2026-09-18T11:07:50.7812736Z Unpacking gstreamer1.0-libav:amd64 (1.24.1-1build1) ...
shsh-check	Run pnpm exec playwright install --with-deps chromium firefox webkit	2026-09-18T11:07:50.8034395Z Selecting previously unselected package libcdparanoia0:amd64.
shsh-check	Run pnpm exec playwright install --with-deps chromium firefox webkit	2026-09-18T11:07:50.8153203Z Preparing to unpack .../083-libcdparanoia0_3.10.2+debian-14build3_amd64.deb ...
shsh-check	Run pnpm exec playwright install --with-deps chromium firefox webkit	2026-09-18T11:07:50.8163226Z Unpacking libcdparanoia0:amd64 (3.10.2+debian-14build3) ...
shsh-check	Run pnpm exec playwright install --with-deps chromium firefox webkit	2026-09-18T11:07:50.8374050Z Selecting previously unselected package libvisual-0.4-0:amd64.
shsh-check	Run pnpm exec playwright install --with-deps chromium firefox webkit	2026-09-18T11:07:50.8492896Z Preparing to unpack .../084-libvisual-0.4-0_0.4.2-2build1_amd64.deb ...
shsh-check	Run pnpm exec playwright install --with-deps chromium firefox webkit	2026-09-18T11:07:50.8501168Z Unpacking libvisual-0.4-0:amd64 (0.4.2-2build1) ...
shsh-check	Run pnpm exec playwright install --with-deps chromium firefox webkit	2026-09-18T11:07:50.8716303Z Selecting previously unselected package gstreamer1.0-plugins-base:amd64.
shsh-check	Run pnpm exec playwright install --with-deps chromium firefox webkit	2026-09-18T11:07:50.8838554Z Preparing to unpack .../085-gstreamer1.0-plugins-base_1.24.2-1ubuntu0.4_amd64.deb ...
shsh-check	Run pnpm exec playwright install --with-deps chromium firefox webkit	2026-09-18T11:07:50.8845784Z Unpacking gstreamer1.0-plugins-base:amd64 (1.24.2-1ubuntu0.4) ...
shsh-check	Run pnpm exec playwright install --with-deps chromium firefox webkit	2026-09-18T11:07:50.9179357Z Selecting previously unselected package libaa1:amd64.
shsh-check	Run pnpm exec playwright install --with-deps chromium firefox webkit	2026-09-18T11:07:50.9304314Z Preparing to unpack .../086-libaa1_1.4p5-51.1_amd64.deb ...
shsh-check	Run pnpm exec playwright install --with-deps chromium firefox webkit	2026-09-18T11:07:50.9312387Z Unpacking libaa1:amd64 (1.4p5-51.1) ...
shsh-check	Run pnpm exec playwright install --with-deps chromium firefox webkit	2026-09-18T11:07:50.9529125Z Selecting previously unselected package libraw1394-11:amd64.
shsh-check	Run pnpm exec playwright install --with-deps chromium firefox webkit	2026-09-18T11:07:50.9652488Z Preparing to unpack .../087-libraw1394-11_2.1.2-2build3_amd64.deb ...
shsh-check	Run pnpm exec playwright install --with-deps chromium firefox webkit	2026-09-18T11:07:50.9660958Z Unpacking libraw1394-11:amd64 (2.1.2-2build3) ...
shsh-check	Run pnpm exec playwright install --with-deps chromium firefox webkit	2026-09-18T11:07:50.9892349Z Selecting previously unselected package libavc1394-0:amd64.
shsh-check	Run pnpm exec playwright install --with-deps chromium firefox webkit	2026-09-18T11:07:51.0014414Z Preparing to unpack .../088-libavc1394-0_0.5.4-5build3_amd64.deb ...
shsh-check	Run pnpm exec playwright install --with-deps chromium firefox webkit	2026-09-18T11:07:51.0026063Z Unpacking libavc1394-0:amd64 (0.5.4-5build3) ...
shsh-check	Run pnpm exec playwright install --with-deps chromium firefox webkit	2026-09-18T11:07:51.0234299Z Selecting previously unselected package libcaca0:amd64.
shsh-check	Run pnpm exec playwright install --with-deps chromium firefox webkit	2026-09-18T11:07:51.0355960Z Preparing to unpack .../089-libcaca0_0.99.beta20-4ubuntu0.2_amd64.deb ...
shsh-check	Run pnpm exec playwright install --with-deps chromium firefox webkit	2026-09-18T11:07:51.0365443Z Unpacking libcaca0:amd64 (0.99.beta20-4ubuntu0.2) ...
shsh-check	Run pnpm exec playwright install --with-deps chromium firefox webkit	2026-09-18T11:07:51.0613962Z Selecting previously unselected package libdv4t64:amd64.
shsh-check	Run pnpm exec playwright install --with-deps chromium firefox webkit	2026-09-18T11:07:51.0737352Z Preparing to unpack .../090-libdv4t64_1.0.0-17.1build1_amd64.deb ...
shsh-check	Run pnpm exec playwright install --with-deps chromium firefox webkit	2026-09-18T11:07:51.0746093Z Unpacking libdv4t64:amd64 (1.0.0-17.1build1) ...
shsh-check	Run pnpm exec playwright install --with-deps chromium firefox webkit	2026-09-18T11:07:51.0959620Z Selecting previously unselected package libgstreamer-plugins-good1.0-0:amd64.
shsh-check	Run pnpm exec playwright install --with-deps chromium firefox webkit	2026-09-18T11:07:51.1078689Z Preparing to unpack .../091-libgstreamer-plugins-good1.0-0_1.24.2-1ubuntu1.6_amd64.deb ...
shsh-check	Run pnpm exec playwright install --with-deps chromium firefox webkit	2026-09-18T11:07:51.1086309Z Unpacking libgstreamer-plugins-good1.0-0:amd64 (1.24.2-1ubuntu1.6) ...
shsh-check	Run pnpm exec playwright install --with-deps chromium firefox webkit	2026-09-18T11:07:51.1309746Z Selecting previously unselected package libiec61883-0:amd64.
shsh-check	Run pnpm exec playwright install --with-deps chromium firefox webkit	2026-09-18T11:07:51.1431724Z Preparing to unpack .../092-libiec61883-0_1.2.0-6build1_amd64.deb ...
shsh-check	Run pnpm exec playwright install --with-deps chromium firefox webkit	2026-09-18T11:07:51.1441174Z Unpacking libiec61883-0:amd64 (1.2.0-6build1) ...
shsh-check	Run pnpm exec playwright install --with-deps chromium firefox webkit	2026-09-18T11:07:51.1644185Z Selecting previously unselected package libshout3:amd64.
shsh-check	Run pnpm exec playwright install --with-deps chromium firefox webkit	2026-09-18T11:07:51.1765684Z Preparing to unpack .../093-libshout3_2.4.6-1build2_amd64.deb ...
shsh-check	Run pnpm exec playwright install --with-deps chromium firefox webkit	2026-09-18T11:07:51.1774399Z Unpacking libshout3:amd64 (2.4.6-1build2) ...
shsh-check	Run pnpm exec playwright install --with-deps chromium firefox webkit	2026-09-18T11:07:51.1979515Z Selecting previously unselected package libtag1v5-vanilla:amd64.
shsh-check	Run pnpm exec playwright install --with-deps chromium firefox webkit	2026-09-18T11:07:51.2101383Z Preparing to unpack .../094-libtag1v5-vanilla_1.13.1-1build1_amd64.deb ...
shsh-check	Run pnpm exec playwright install --with-deps chromium firefox webkit	2026-09-18T11:07:51.2109647Z Unpacking libtag1v5-vanilla:amd64 (1.13.1-1build1) ...
shsh-check	Run pnpm exec playwright install --with-deps chromium firefox webkit	2026-09-18T11:07:51.2339123Z Selecting previously unselected package libtag1v5:amd64.
shsh-check	Run pnpm exec playwright install --with-deps chromium firefox webkit	2026-09-18T11:07:51.2461255Z Preparing to unpack .../095-libtag1v5_1.13.1-1build1_amd64.deb ...
shsh-check	Run pnpm exec playwright install --with-deps chromium firefox webkit	2026-09-18T11:07:51.2468375Z Unpacking libtag1v5:amd64 (1.13.1-1build1) ...
shsh-check	Run pnpm exec playwright install --with-deps chromium firefox webkit	2026-09-18T11:07:51.2664293Z Selecting previously unselected package libv4lconvert0t64:amd64.
shsh-check	Run pnpm exec playwright install --with-deps chromium firefox webkit	2026-09-18T11:07:51.2785992Z Preparing to unpack .../096-libv4lconvert0t64_1.26.1-4build3_amd64.deb ...
shsh-check	Run pnpm exec playwright install --with-deps chromium firefox webkit	2026-09-18T11:07:51.2795001Z Unpacking libv4lconvert0t64:amd64 (1.26.1-4build3) ...
shsh-check	Run pnpm exec playwright install --with-deps chromium firefox webkit	2026-09-18T11:07:51.3012284Z Selecting previously unselected package libv4l-0t64:amd64.
shsh-check	Run pnpm exec playwright install --with-deps chromium firefox webkit	2026-09-18T11:07:51.3132286Z Preparing to unpack .../097-libv4l-0t64_1.26.1-4build3_amd64.deb ...
shsh-check	Run pnpm exec playwright install --with-deps chromium firefox webkit	2026-09-18T11:07:51.3139635Z Unpacking libv4l-0t64:amd64 (1.26.1-4build3) ...
shsh-check	Run pnpm exec playwright install --with-deps chromium firefox webkit	2026-09-18T11:07:51.3364085Z Selecting previously unselected package libwavpack1:amd64.
shsh-check	Run pnpm exec playwright install --with-deps chromium firefox webkit	2026-09-18T11:07:51.3482894Z Preparing to unpack .../098-libwavpack1_5.6.0-1build1_amd64.deb ...
shsh-check	Run pnpm exec playwright install --with-deps chromium firefox webkit	2026-09-18T11:07:51.3491144Z Unpacking libwavpack1:amd64 (5.6.0-1build1) ...
shsh-check	Run pnpm exec playwright install --with-deps chromium firefox webkit	2026-09-18T11:07:51.3686353Z Selecting previously unselected package libsoup-3.0-common.
shsh-check	Run pnpm exec playwright install --with-deps chromium firefox webkit	2026-09-18T11:07:51.3806716Z Preparing to unpack .../099-libsoup-3.0-common_3.4.4-5ubuntu0.8_all.deb ...
shsh-check	Run pnpm exec playwright install --with-deps chromium firefox webkit	2026-09-18T11:07:51.3817827Z Unpacking libsoup-3.0-common (3.4.4-5ubuntu0.8) ...
shsh-check	Run pnpm exec playwright install --with-deps chromium firefox webkit	2026-09-18T11:07:51.4031855Z Selecting previously unselected package libsoup-3.0-0:amd64.
shsh-check	Run pnpm exec playwright install --with-deps chromium firefox webkit	2026-09-18T11:07:51.4156468Z Preparing to unpack .../100-libsoup-3.0-0_3.4.4-5ubuntu0.8_amd64.deb ...
shsh-check	Run pnpm exec playwright install --with-deps chromium firefox webkit	2026-09-18T11:07:51.4167622Z Unpacking libsoup-3.0-0:amd64 (3.4.4-5ubuntu0.8) ...
shsh-check	Run pnpm exec playwright install --with-deps chromium firefox webkit	2026-09-18T11:07:51.4398108Z Selecting previously unselected package gstreamer1.0-plugins-good:amd64.
shsh-check	Run pnpm exec playwright install --with-deps chromium firefox webkit	2026-09-18T11:07:51.4522666Z Preparing to unpack .../101-gstreamer1.0-plugins-good_1.24.2-1ubuntu1.6_amd64.deb ...
shsh-check	Run pnpm exec playwright install --with-deps chromium firefox webkit	2026-09-18T11:07:51.4530953Z Unpacking gstreamer1.0-plugins-good:amd64 (1.24.2-1ubuntu1.6) ...
shsh-check	Run pnpm exec playwright install --with-deps chromium firefox webkit	2026-09-18T11:07:51.5110196Z Selecting previously unselected package libabsl20220623t64:amd64.
shsh-check	Run pnpm exec playwright install --with-deps chromium firefox webkit	2026-09-18T11:07:51.5233634Z Preparing to unpack .../102-libabsl20220623t64_20220623.1-3.1ubuntu3.2_amd64.deb ...
shsh-check	Run pnpm exec playwright install --with-deps chromium firefox webkit	2026-09-18T11:07:51.5242654Z Unpacking libabsl20220623t64:amd64 (20220623.1-3.1ubuntu3.2) ...
shsh-check	Run pnpm exec playwright install --with-deps chromium firefox webkit	2026-09-18T11:07:51.5653600Z Selecting previously unselected package libgav1-1:amd64.
shsh-check	Run pnpm exec playwright install --with-deps chromium firefox webkit	2026-09-18T11:07:51.5777655Z Preparing to unpack .../103-libgav1-1_0.18.0-1build3_amd64.deb ...
shsh-check	Run pnpm exec playwright install --with-deps chromium firefox webkit	2026-09-18T11:07:51.5785840Z Unpacking libgav1-1:amd64 (0.18.0-1build3) ...
shsh-check	Run pnpm exec playwright install --with-deps chromium firefox webkit	2026-09-18T11:07:51.6020331Z Selecting previously unselected package libyuv0:amd64.
shsh-check	Run pnpm exec playwright install --with-deps chromium firefox webkit	2026-09-18T11:07:51.6143617Z Preparing to unpack .../104-libyuv0_0.0~git202401110.af6ac82-1_amd64.deb ...
shsh-check	Run pnpm exec playwright install --with-deps chromium firefox webkit	2026-09-18T11:07:51.6150807Z Unpacking libyuv0:amd64 (0.0~git202401110.af6ac82-1) ...
shsh-check	Run pnpm exec playwright install --with-deps chromium firefox webkit	2026-09-18T11:07:51.6370190Z Selecting previously unselected package libavif16:amd64.
shsh-check	Run pnpm exec playwright install --with-deps chromium firefox webkit	2026-09-18T11:07:51.6493520Z Preparing to unpack .../105-libavif16_1.0.4-1ubuntu3_amd64.deb ...
shsh-check	Run pnpm exec playwright install --with-deps chromium firefox webkit	2026-09-18T11:07:51.6504429Z Unpacking libavif16:amd64 (1.0.4-1ubuntu3) ...
shsh-check	Run pnpm exec playwright install --with-deps chromium firefox webkit	2026-09-18T11:07:51.6708780Z Selecting previously unselected package libavtp0:amd64.
shsh-check	Run pnpm exec playwright install --with-deps chromium firefox webkit	2026-09-18T11:07:51.6829388Z Preparing to unpack .../106-libavtp0_0.2.0-1build1_amd64.deb ...
shsh-check	Run pnpm exec playwright install --with-deps chromium firefox webkit	2026-09-18T11:07:51.6837570Z Unpacking libavtp0:amd64 (0.2.0-1build1) ...
shsh-check	Run pnpm exec playwright install --with-deps chromium firefox webkit	2026-09-18T11:07:51.7037307Z Selecting previously unselected package libcairo-script-interpreter2:amd64.
shsh-check	Run pnpm exec playwright install --with-deps chromium firefox webkit	2026-09-18T11:07:51.7159653Z Preparing to unpack .../107-libcairo-script-interpreter2_1.18.0-3build1_amd64.deb ...
shsh-check	Run pnpm exec playwright install --with-deps chromium firefox webkit	2026-09-18T11:07:51.7166309Z Unpacking libcairo-script-interpreter2:amd64 (1.18.0-3build1) ...
shsh-check	Run pnpm exec playwright install --with-deps chromium firefox webkit	2026-09-18T11:07:51.7370894Z Selecting previously unselected package libdc1394-25:amd64.
shsh-check	Run pnpm exec playwright install --with-deps chromium firefox webkit	2026-09-18T11:07:51.7491658Z Preparing to unpack .../108-libdc1394-25_2.2.6-4build1_amd64.deb ...
shsh-check	Run pnpm exec playwright install --with-deps chromium firefox webkit	2026-09-18T11:07:51.7500262Z Unpacking libdc1394-25:amd64 (2.2.6-4build1) ...
shsh-check	Run pnpm exec playwright install --with-deps chromium firefox webkit	2026-09-18T11:07:51.7739397Z Selecting previously unselected package libde265-0:amd64.
shsh-check	Run pnpm exec playwright install --with-deps chromium firefox webkit	2026-09-18T11:07:51.7857993Z Preparing to unpack .../109-libde265-0_1.0.15-1ubuntu0.1_amd64.deb ...
shsh-check	Run pnpm exec playwright install --with-deps chromium firefox webkit	2026-09-18T11:07:51.7865870Z Unpacking libde265-0:amd64 (1.0.15-1ubuntu0.1) ...
shsh-check	Run pnpm exec playwright install --with-deps chromium firefox webkit	2026-09-18T11:07:51.8076109Z Selecting previously unselected package libdecor-0-0:amd64.
shsh-check	Run pnpm exec playwright install --with-deps chromium firefox webkit	2026-09-18T11:07:51.8193914Z Preparing to unpack .../110-libdecor-0-0_0.2.2-1build2_amd64.deb ...
shsh-check	Run pnpm exec playwright install --with-deps chromium firefox webkit	2026-09-18T11:07:51.8201824Z Unpacking libdecor-0-0:amd64 (0.2.2-1build2) ...
shsh-check	Run pnpm exec playwright install --with-deps chromium firefox webkit	2026-09-18T11:07:51.8401093Z Selecting previously unselected package libgles2:amd64.
shsh-check	Run pnpm exec playwright install --with-deps chromium firefox webkit	2026-09-18T11:07:51.8519034Z Preparing to unpack .../111-libgles2_1.7.0-1build1_amd64.deb ...
shsh-check	Run pnpm exec playwright install --with-deps chromium firefox webkit	2026-09-18T11:07:51.8528435Z Unpacking libgles2:amd64 (1.7.0-1build1) ...
shsh-check	Run pnpm exec playwright install --with-deps chromium firefox webkit	2026-09-18T11:07:51.8733854Z Selecting previously unselected package libdirectfb-1.7-7t64:amd64.
shsh-check	Run pnpm exec playwright install --with-deps chromium firefox webkit	2026-09-18T11:07:51.8863993Z Preparing to unpack .../112-libdirectfb-1.7-7t64_1.7.7-11.1ubuntu2_amd64.deb ...
shsh-check	Run pnpm exec playwright install --with-deps chromium firefox webkit	2026-09-18T11:07:51.8872981Z Unpacking libdirectfb-1.7-7t64:amd64 (1.7.7-11.1ubuntu2) ...
shsh-check	Run pnpm exec playwright install --with-deps chromium firefox webkit	2026-09-18T11:07:51.9280088Z Selecting previously unselected package libdvdread8t64:amd64.
shsh-check	Run pnpm exec playwright install --with-deps chromium firefox webkit	2026-09-18T11:07:51.9403685Z Preparing to unpack .../113-libdvdread8t64_6.1.3-1.1build1_amd64.deb ...
shsh-check	Run pnpm exec playwright install --with-deps chromium firefox webkit	2026-09-18T11:07:51.9414676Z Unpacking libdvdread8t64:amd64 (6.1.3-1.1build1) ...
shsh-check	Run pnpm exec playwright install --with-deps chromium firefox webkit	2026-09-18T11:07:51.9628532Z Selecting previously unselected package libdvdnav4:amd64.
shsh-check	Run pnpm exec playwright install --with-deps chromium firefox webkit	2026-09-18T11:07:51.9749549Z Preparing to unpack .../114-libdvdnav4_6.1.1-3build1_amd64.deb ...
shsh-check	Run pnpm exec playwright install --with-deps chromium firefox webkit	2026-09-18T11:07:51.9756931Z Unpacking libdvdnav4:amd64 (6.1.1-3build1) ...
shsh-check	Run pnpm exec playwright install --with-deps chromium firefox webkit	2026-09-18T11:07:51.9970649Z Selecting previously unselected package libegl-mesa0:amd64.
shsh-check	Run pnpm exec playwright install --with-deps chromium firefox webkit	2026-09-18T11:07:52.0092221Z Preparing to unpack .../115-libegl-mesa0_25.2.8-0ubuntu0.24.04.2_amd64.deb ...
shsh-check	Run pnpm exec playwright install --with-deps chromium firefox webkit	2026-09-18T11:07:52.0102375Z Unpacking libegl-mesa0:amd64 (25.2.8-0ubuntu0.24.04.2) ...
shsh-check	Run pnpm exec playwright install --with-deps chromium firefox webkit	2026-09-18T11:07:52.0324993Z Selecting previously unselected package libevent-2.1-7t64:amd64.
shsh-check	Run pnpm exec playwright install --with-deps chromium firefox webkit	2026-09-18T11:07:52.0445797Z Preparing to unpack .../116-libevent-2.1-7t64_2.1.12-stable-9ubuntu2.1_amd64.deb ...
shsh-check	Run pnpm exec playwright install --with-deps chromium firefox webkit	2026-09-18T11:07:52.0454278Z Unpacking libevent-2.1-7t64:amd64 (2.1.12-stable-9ubuntu2.1) ...
shsh-check	Run pnpm exec playwright install --with-deps chromium firefox webkit	2026-09-18T11:07:52.0670723Z Selecting previously unselected package libfaad2:amd64.
shsh-check	Run pnpm exec playwright install --with-deps chromium firefox webkit	2026-09-18T11:07:52.0790305Z Preparing to unpack .../117-libfaad2_2.11.1-1build1_amd64.deb ...
shsh-check	Run pnpm exec playwright install --with-deps chromium firefox webkit	2026-09-18T11:07:52.0798650Z Unpacking libfaad2:amd64 (2.11.1-1build1) ...
shsh-check	Run pnpm exec playwright install --with-deps chromium firefox webkit	2026-09-18T11:07:52.1047019Z Selecting previously unselected package libinstpatch-1.0-2:amd64.
shsh-check	Run pnpm exec playwright install --with-deps chromium firefox webkit	2026-09-18T11:07:52.1168566Z Preparing to unpack .../118-libinstpatch-1.0-2_1.1.6-1build2_amd64.deb ...
shsh-check	Run pnpm exec playwright install --with-deps chromium firefox webkit	2026-09-18T11:07:52.1177235Z Unpacking libinstpatch-1.0-2:amd64 (1.1.6-1build2) ...
shsh-check	Run pnpm exec playwright install --with-deps chromium firefox webkit	2026-09-18T11:07:52.1403323Z Selecting previously unselected package libjack-jackd2-0:amd64.
shsh-check	Run pnpm exec playwright install --with-deps chromium firefox webkit	2026-09-18T11:07:52.1525672Z Preparing to unpack .../119-libjack-jackd2-0_1.9.21~dfsg-3ubuntu3_amd64.deb ...
shsh-check	Run pnpm exec playwright install --with-deps chromium firefox webkit	2026-09-18T11:07:52.1535652Z Unpacking libjack-jackd2-0:amd64 (1.9.21~dfsg-3ubuntu3) ...
shsh-check	Run pnpm exec playwright install --with-deps chromium firefox webkit	2026-09-18T11:07:52.1777420Z Selecting previously unselected package libwebrtc-audio-processing1:amd64.
shsh-check	Run pnpm exec playwright install --with-deps chromium firefox webkit	2026-09-18T11:07:52.1899155Z Preparing to unpack .../120-libwebrtc-audio-processing1_0.3.1-0ubuntu6_amd64.deb ...
shsh-check	Run pnpm exec playwright install --with-deps chromium firefox webkit	2026-09-18T11:07:52.1907547Z Unpacking libwebrtc-audio-processing1:amd64 (0.3.1-0ubuntu6) ...
shsh-check	Run pnpm exec playwright install --with-deps chromium firefox webkit	2026-09-18T11:07:52.2124313Z Selecting previously unselected package libspa-0.2-modules:amd64.
shsh-check	Run pnpm exec playwright install --with-deps chromium firefox webkit	2026-09-18T11:07:52.2243022Z Preparing to unpack .../121-libspa-0.2-modules_1.0.5-1ubuntu3.3_amd64.deb ...
shsh-check	Run pnpm exec playwright install --with-deps chromium firefox webkit	2026-09-18T11:07:52.2252836Z Unpacking libspa-0.2-modules:amd64 (1.0.5-1ubuntu3.3) ...
shsh-check	Run pnpm exec playwright install --with-deps chromium firefox webkit	2026-09-18T11:07:52.2557851Z Selecting previously unselected package libpipewire-0.3-0t64:amd64.
shsh-check	Run pnpm exec playwright install --with-deps chromium firefox webkit	2026-09-18T11:07:52.2680398Z Preparing to unpack .../122-libpipewire-0.3-0t64_1.0.5-1ubuntu3.3_amd64.deb ...
shsh-check	Run pnpm exec playwright install --with-deps chromium firefox webkit	2026-09-18T11:07:52.2691991Z Unpacking libpipewire-0.3-0t64:amd64 (1.0.5-1ubuntu3.3) ...
shsh-check	Run pnpm exec playwright install --with-deps chromium firefox webkit	2026-09-18T11:07:52.2928291Z Selecting previously unselected package libsdl2-2.0-0:amd64.
shsh-check	Run pnpm exec playwright install --with-deps chromium firefox webkit	2026-09-18T11:07:52.3050348Z Preparing to unpack .../123-libsdl2-2.0-0_2.30.0+dfsg-1ubuntu3.1_amd64.deb ...
shsh-check	Run pnpm exec playwright install --with-deps chromium firefox webkit	2026-09-18T11:07:52.3057822Z Unpacking libsdl2-2.0-0:amd64 (2.30.0+dfsg-1ubuntu3.1) ...
shsh-check	Run pnpm exec playwright install --with-deps chromium firefox webkit	2026-09-18T11:07:52.3333423Z Selecting previously unselected package timgm6mb-soundfont.
shsh-check	Run pnpm exec playwright install --with-deps chromium firefox webkit	2026-09-18T11:07:52.3455604Z Preparing to unpack .../124-timgm6mb-soundfont_1.3-5_all.deb ...
shsh-check	Run pnpm exec playwright install --with-deps chromium firefox webkit	2026-09-18T11:07:52.3467192Z Unpacking timgm6mb-soundfont (1.3-5) ...
shsh-check	Run pnpm exec playwright install --with-deps chromium firefox webkit	2026-09-18T11:07:52.6854278Z Selecting previously unselected package libfluidsynth3:amd64.
shsh-check	Run pnpm exec playwright install --with-deps chromium firefox webkit	2026-09-18T11:07:52.6980095Z Preparing to unpack .../125-libfluidsynth3_2.3.4-1build3_amd64.deb ...
shsh-check	Run pnpm exec playwright install --with-deps chromium firefox webkit	2026-09-18T11:07:52.6988594Z Unpacking libfluidsynth3:amd64 (2.3.4-1build3) ...
shsh-check	Run pnpm exec playwright install --with-deps chromium firefox webkit	2026-09-18T11:07:52.7218846Z Selecting previously unselected package libfreeaptx0:amd64.
shsh-check	Run pnpm exec playwright install --with-deps chromium firefox webkit	2026-09-18T11:07:52.7342991Z Preparing to unpack .../126-libfreeaptx0_0.1.1-2build1_amd64.deb ...
shsh-check	Run pnpm exec playwright install --with-deps chromium firefox webkit	2026-09-18T11:07:52.7353124Z Unpacking libfreeaptx0:amd64 (0.1.1-2build1) ...
shsh-check	Run pnpm exec playwright install --with-deps chromium firefox webkit	2026-09-18T11:07:52.7557934Z Selecting previously unselected package libgraphene-1.0-0:amd64.
shsh-check	Run pnpm exec playwright install --with-deps chromium firefox webkit	2026-09-18T11:07:52.7681263Z Preparing to unpack .../127-libgraphene-1.0-0_1.10.8-3build2_amd64.deb ...
shsh-check	Run pnpm exec playwright install --with-deps chromium firefox webkit	2026-09-18T11:07:52.7690153Z Unpacking libgraphene-1.0-0:amd64 (1.10.8-3build2) ...
shsh-check	Run pnpm exec playwright install --with-deps chromium firefox webkit	2026-09-18T11:07:52.7892912Z Selecting previously unselected package libgssdp-1.6-0:amd64.
shsh-check	Run pnpm exec playwright install --with-deps chromium firefox webkit	2026-09-18T11:07:52.8014696Z Preparing to unpack .../128-libgssdp-1.6-0_1.6.3-1build3_amd64.deb ...
shsh-check	Run pnpm exec playwright install --with-deps chromium firefox webkit	2026-09-18T11:07:52.8023816Z Unpacking libgssdp-1.6-0:amd64 (1.6.3-1build3) ...
shsh-check	Run pnpm exec playwright install --with-deps chromium firefox webkit	2026-09-18T11:07:52.8228389Z Selecting previously unselected package libegl1:amd64.
shsh-check	Run pnpm exec playwright install --with-deps chromium firefox webkit	2026-09-18T11:07:52.8350527Z Preparing to unpack .../129-libegl1_1.7.0-1build1_amd64.deb ...
shsh-check	Run pnpm exec playwright install --with-deps chromium firefox webkit	2026-09-18T11:07:52.8360674Z Unpacking libegl1:amd64 (1.7.0-1build1) ...
shsh-check	Run pnpm exec playwright install --with-deps chromium firefox webkit	2026-09-18T11:07:52.8570254Z Selecting previously unselected package libgstreamer-gl1.0-0:amd64.
shsh-check	Run pnpm exec playwright install --with-deps chromium firefox webkit	2026-09-18T11:07:52.8703717Z Preparing to unpack .../130-libgstreamer-gl1.0-0_1.24.2-1ubuntu0.4_amd64.deb ...
shsh-check	Run pnpm exec playwright install --with-deps chromium firefox webkit	2026-09-18T11:07:52.8715133Z Unpacking libgstreamer-gl1.0-0:amd64 (1.24.2-1ubuntu0.4) ...
shsh-check	Run pnpm exec playwright install --with-deps chromium firefox webkit	2026-09-18T11:07:52.8939624Z Selecting previously unselected package libgtk-4-common.
shsh-check	Run pnpm exec playwright install --with-deps chromium firefox webkit	2026-09-18T11:07:52.9065902Z Preparing to unpack .../131-libgtk-4-common_4.14.5+ds-0ubuntu0.10_all.deb ...
shsh-check	Run pnpm exec playwright install --with-deps chromium firefox webkit	2026-09-18T11:07:52.9073169Z Unpacking libgtk-4-common (4.14.5+ds-0ubuntu0.10) ...
shsh-check	Run pnpm exec playwright install --with-deps chromium firefox webkit	2026-09-18T11:07:52.9539717Z Selecting previously unselected package libgtk-4-1:amd64.
shsh-check	Run pnpm exec playwright install --with-deps chromium firefox webkit	2026-09-18T11:07:52.9666594Z Preparing to unpack .../132-libgtk-4-1_4.14.5+ds-0ubuntu0.10_amd64.deb ...
shsh-check	Run pnpm exec playwright install --with-deps chromium firefox webkit	2026-09-18T11:07:52.9675074Z Unpacking libgtk-4-1:amd64 (4.14.5+ds-0ubuntu0.10) ...
shsh-check	Run pnpm exec playwright install --with-deps chromium firefox webkit	2026-09-18T11:07:53.0328854Z Selecting previously unselected package libgupnp-1.6-0:amd64.
shsh-check	Run pnpm exec playwright install --with-deps chromium firefox webkit	2026-09-18T11:07:53.0454988Z Preparing to unpack .../133-libgupnp-1.6-0_1.6.6-1build3_amd64.deb ...
shsh-check	Run pnpm exec playwright install --with-deps chromium firefox webkit	2026-09-18T11:07:53.0465399Z Unpacking libgupnp-1.6-0:amd64 (1.6.6-1build3) ...
shsh-check	Run pnpm exec playwright install --with-deps chromium firefox webkit	2026-09-18T11:07:53.0690875Z Selecting previously unselected package libgupnp-igd-1.6-0:amd64.
shsh-check	Run pnpm exec playwright install --with-deps chromium firefox webkit	2026-09-18T11:07:53.0816153Z Preparing to unpack .../134-libgupnp-igd-1.6-0_1.6.0-3build3_amd64.deb ...
shsh-check	Run pnpm exec playwright install --with-deps chromium firefox webkit	2026-09-18T11:07:53.0825340Z Unpacking libgupnp-igd-1.6-0:amd64 (1.6.0-3build3) ...
shsh-check	Run pnpm exec playwright install --with-deps chromium firefox webkit	2026-09-18T11:07:53.1037300Z Selecting previously unselected package libharfbuzz-icu0:amd64.
shsh-check	Run pnpm exec playwright install --with-deps chromium firefox webkit	2026-09-18T11:07:53.1160503Z Preparing to unpack .../135-libharfbuzz-icu0_8.3.0-2build2_amd64.deb ...
shsh-check	Run pnpm exec playwright install --with-deps chromium firefox webkit	2026-09-18T11:07:53.1169550Z Unpacking libharfbuzz-icu0:amd64 (8.3.0-2build2) ...
shsh-check	Run pnpm exec playwright install --with-deps chromium firefox webkit	2026-09-18T11:07:53.1382849Z Selecting previously unselected package libhyphen0:amd64.
shsh-check	Run pnpm exec playwright install --with-deps chromium firefox webkit	2026-09-18T11:07:53.1506697Z Preparing to unpack .../136-libhyphen0_2.8.8-7build3_amd64.deb ...
shsh-check	Run pnpm exec playwright install --with-deps chromium firefox webkit	2026-09-18T11:07:53.1515205Z Unpacking libhyphen0:amd64 (2.8.8-7build3) ...
shsh-check	Run pnpm exec playwright install --with-deps chromium firefox webkit	2026-09-18T11:07:53.1729065Z Selecting previously unselected package libimath-3-1-29t64:amd64.
shsh-check	Run pnpm exec playwright install --with-deps chromium firefox webkit	2026-09-18T11:07:53.1852799Z Preparing to unpack .../137-libimath-3-1-29t64_3.1.9-3.1ubuntu2_amd64.deb ...
shsh-check	Run pnpm exec playwright install --with-deps chromium firefox webkit	2026-09-18T11:07:53.1861041Z Unpacking libimath-3-1-29t64:amd64 (3.1.9-3.1ubuntu2) ...
shsh-check	Run pnpm exec playwright install --with-deps chromium firefox webkit	2026-09-18T11:07:53.2091843Z Selecting previously unselected package liblc3-1:amd64.
shsh-check	Run pnpm exec playwright install --with-deps chromium firefox webkit	2026-09-18T11:07:53.2216967Z Preparing to unpack .../138-liblc3-1_1.0.4-3build1_amd64.deb ...
shsh-check	Run pnpm exec playwright install --with-deps chromium firefox webkit	2026-09-18T11:07:53.2227444Z Unpacking liblc3-1:amd64 (1.0.4-3build1) ...
shsh-check	Run pnpm exec playwright install --with-deps chromium firefox webkit	2026-09-18T11:07:53.2444030Z Selecting previously unselected package libldacbt-enc2:amd64.
shsh-check	Run pnpm exec playwright install --with-deps chromium firefox webkit	2026-09-18T11:07:53.2571704Z Preparing to unpack .../139-libldacbt-enc2_2.0.2.3+git20200429+ed310a0-4ubuntu2_amd64.deb ...
shsh-check	Run pnpm exec playwright install --with-deps chromium firefox webkit	2026-09-18T11:07:53.2583742Z Unpacking libldacbt-enc2:amd64 (2.0.2.3+git20200429+ed310a0-4ubuntu2) ...
shsh-check	Run pnpm exec playwright install --with-deps chromium firefox webkit	2026-09-18T11:07:53.2789286Z Selecting previously unselected package libraptor2-0:amd64.
shsh-check	Run pnpm exec playwright install --with-deps chromium firefox webkit	2026-09-18T11:07:53.2914760Z Preparing to unpack .../140-libraptor2-0_2.0.16-3ubuntu0.1_amd64.deb ...
shsh-check	Run pnpm exec playwright install --with-deps chromium firefox webkit	2026-09-18T11:07:53.2925167Z Unpacking libraptor2-0:amd64 (2.0.16-3ubuntu0.1) ...
shsh-check	Run pnpm exec playwright install --with-deps chromium firefox webkit	2026-09-18T11:07:53.3149271Z Selecting previously unselected package liblrdf0:amd64.
shsh-check	Run pnpm exec playwright install --with-deps chromium firefox webkit	2026-09-18T11:07:53.3274945Z Preparing to unpack .../141-liblrdf0_0.6.1-4build1_amd64.deb ...
shsh-check	Run pnpm exec playwright install --with-deps chromium firefox webkit	2026-09-18T11:07:53.3286105Z Unpacking liblrdf0:amd64 (0.6.1-4build1) ...
shsh-check	Run pnpm exec playwright install --with-deps chromium firefox webkit	2026-09-18T11:07:53.3510099Z Selecting previously unselected package libltc11:amd64.
shsh-check	Run pnpm exec playwright install --with-deps chromium firefox webkit	2026-09-18T11:07:53.3641769Z Preparing to unpack .../142-libltc11_1.3.2-1build1_amd64.deb ...
shsh-check	Run pnpm exec playwright install --with-deps chromium firefox webkit	2026-09-18T11:07:53.3651877Z Unpacking libltc11:amd64 (1.3.2-1build1) ...
shsh-check	Run pnpm exec playwright install --with-deps chromium firefox webkit	2026-09-18T11:07:53.3867876Z Selecting previously unselected package libmanette-0.2-0:amd64.
shsh-check	Run pnpm exec playwright install --with-deps chromium firefox webkit	2026-09-18T11:07:53.3994126Z Preparing to unpack .../143-libmanette-0.2-0_0.2.7-1build2_amd64.deb ...
shsh-check	Run pnpm exec playwright install --with-deps chromium firefox webkit	2026-09-18T11:07:53.4004731Z Unpacking libmanette-0.2-0:amd64 (0.2.7-1build2) ...
shsh-check	Run pnpm exec playwright install --with-deps chromium firefox webkit	2026-09-18T11:07:53.4222975Z Selecting previously unselected package libmfx1:amd64.
shsh-check	Run pnpm exec playwright install --with-deps chromium firefox webkit	2026-09-18T11:07:53.4348997Z Preparing to unpack .../144-libmfx1_22.5.4-1_amd64.deb ...
shsh-check	Run pnpm exec playwright install --with-deps chromium firefox webkit	2026-09-18T11:07:53.4357246Z Unpacking libmfx1:amd64 (22.5.4-1) ...
shsh-check	Run pnpm exec playwright install --with-deps chromium firefox webkit	2026-09-18T11:07:53.5237936Z Selecting previously unselected package libmjpegutils-2.1-0t64:amd64.
shsh-check	Run pnpm exec playwright install --with-deps chromium firefox webkit	2026-09-18T11:07:53.5363307Z Preparing to unpack .../145-libmjpegutils-2.1-0t64_1%3a2.1.0+debian-8.1build1_amd64.deb ...
shsh-check	Run pnpm exec playwright install --with-deps chromium firefox webkit	2026-09-18T11:07:53.5370746Z Unpacking libmjpegutils-2.1-0t64:amd64 (1:2.1.0+debian-8.1build1) ...
shsh-check	Run pnpm exec playwright install --with-deps chromium firefox webkit	2026-09-18T11:07:53.5582410Z Selecting previously unselected package libmodplug1:amd64.
shsh-check	Run pnpm exec playwright install --with-deps chromium firefox webkit	2026-09-18T11:07:53.5706286Z Preparing to unpack .../146-libmodplug1_1%3a0.8.9.0-3build1_amd64.deb ...
shsh-check	Run pnpm exec playwright install --with-deps chromium firefox webkit	2026-09-18T11:07:53.5714344Z Unpacking libmodplug1:amd64 (1:0.8.9.0-3build1) ...
shsh-check	Run pnpm exec playwright install --with-deps chromium firefox webkit	2026-09-18T11:07:53.5929793Z Selecting previously unselected package libmpcdec6:amd64.
shsh-check	Run pnpm exec playwright install --with-deps chromium firefox webkit	2026-09-18T11:07:53.6052634Z Preparing to unpack .../147-libmpcdec6_2%3a0.1~r495-2build1_amd64.deb ...
shsh-check	Run pnpm exec playwright install --with-deps chromium firefox webkit	2026-09-18T11:07:53.6060659Z Unpacking libmpcdec6:amd64 (2:0.1~r495-2build1) ...
shsh-check	Run pnpm exec playwright install --with-deps chromium firefox webkit	2026-09-18T11:07:53.6263539Z Selecting previously unselected package libmpeg2encpp-2.1-0t64:amd64.
shsh-check	Run pnpm exec playwright install --with-deps chromium firefox webkit	2026-09-18T11:07:53.6386897Z Preparing to unpack .../148-libmpeg2encpp-2.1-0t64_1%3a2.1.0+debian-8.1build1_amd64.deb ...
shsh-check	Run pnpm exec playwright install --with-deps chromium firefox webkit	2026-09-18T11:07:53.6395792Z Unpacking libmpeg2encpp-2.1-0t64:amd64 (1:2.1.0+debian-8.1build1) ...
shsh-check	Run pnpm exec playwright install --with-deps chromium firefox webkit	2026-09-18T11:07:53.6610772Z Selecting previously unselected package libmplex2-2.1-0t64:amd64.
shsh-check	Run pnpm exec playwright install --with-deps chromium firefox webkit	2026-09-18T11:07:53.6733179Z Preparing to unpack .../149-libmplex2-2.1-0t64_1%3a2.1.0+debian-8.1build1_amd64.deb ...
shsh-check	Run pnpm exec playwright install --with-deps chromium firefox webkit	2026-09-18T11:07:53.6741171Z Unpacking libmplex2-2.1-0t64:amd64 (1:2.1.0+debian-8.1build1) ...
shsh-check	Run pnpm exec playwright install --with-deps chromium firefox webkit	2026-09-18T11:07:53.6946558Z Selecting previously unselected package libneon27t64:amd64.
shsh-check	Run pnpm exec playwright install --with-deps chromium firefox webkit	2026-09-18T11:07:53.7066989Z Preparing to unpack .../150-libneon27t64_0.33.0-1.1build3_amd64.deb ...
shsh-check	Run pnpm exec playwright install --with-deps chromium firefox webkit	2026-09-18T11:07:53.7074633Z Unpacking libneon27t64:amd64 (0.33.0-1.1build3) ...
shsh-check	Run pnpm exec playwright install --with-deps chromium firefox webkit	2026-09-18T11:07:53.7292015Z Selecting previously unselected package libnice10:amd64.
shsh-check	Run pnpm exec playwright install --with-deps chromium firefox webkit	2026-09-18T11:07:53.7411554Z Preparing to unpack .../151-libnice10_0.1.21-2build3_amd64.deb ...
shsh-check	Run pnpm exec playwright install --with-deps chromium firefox webkit	2026-09-18T11:07:53.7421034Z Unpacking libnice10:amd64 (0.1.21-2build3) ...
shsh-check	Run pnpm exec playwright install --with-deps chromium firefox webkit	2026-09-18T11:07:53.7631609Z Selecting previously unselected package libopenal-data.
shsh-check	Run pnpm exec playwright install --with-deps chromium firefox webkit	2026-09-18T11:07:53.7750983Z Preparing to unpack .../152-libopenal-data_1%3a1.23.1-4build1_all.deb ...
shsh-check	Run pnpm exec playwright install --with-deps chromium firefox webkit	2026-09-18T11:07:53.7758995Z Unpacking libopenal-data (1:1.23.1-4build1) ...
shsh-check	Run pnpm exec playwright install --with-deps chromium firefox webkit	2026-09-18T11:07:53.7977810Z Selecting previously unselected package libopenexr-3-1-30:amd64.
shsh-check	Run pnpm exec playwright install --with-deps chromium firefox webkit	2026-09-18T11:07:53.8096833Z Preparing to unpack .../153-libopenexr-3-1-30_3.1.5-5.1build3_amd64.deb ...
shsh-check	Run pnpm exec playwright install --with-deps chromium firefox webkit	2026-09-18T11:07:53.8107141Z Unpacking libopenexr-3-1-30:amd64 (3.1.5-5.1build3) ...
shsh-check	Run pnpm exec playwright install --with-deps chromium firefox webkit	2026-09-18T11:07:53.8460521Z Selecting previously unselected package libopenh264-7:amd64.
shsh-check	Run pnpm exec playwright install --with-deps chromium firefox webkit	2026-09-18T11:07:53.8590599Z Preparing to unpack .../154-libopenh264-7_2.4.1+dfsg-1_amd64.deb ...
shsh-check	Run pnpm exec playwright install --with-deps chromium firefox webkit	2026-09-18T11:07:53.8600879Z Unpacking libopenh264-7:amd64 (2.4.1+dfsg-1) ...
shsh-check	Run pnpm exec playwright install --with-deps chromium firefox webkit	2026-09-18T11:07:53.8867629Z Selecting previously unselected package libopenni2-0:amd64.
shsh-check	Run pnpm exec playwright install --with-deps chromium firefox webkit	2026-09-18T11:07:53.8992115Z Preparing to unpack .../155-libopenni2-0_2.2.0.33+dfsg-18_amd64.deb ...
shsh-check	Run pnpm exec playwright install --with-deps chromium firefox webkit	2026-09-18T11:07:53.9022965Z Unpacking libopenni2-0:amd64 (2.2.0.33+dfsg-18) ...
shsh-check	Run pnpm exec playwright install --with-deps chromium firefox webkit	2026-09-18T11:07:53.9287105Z Selecting previously unselected package libqrencode4:amd64.
shsh-check	Run pnpm exec playwright install --with-deps chromium firefox webkit	2026-09-18T11:07:53.9410505Z Preparing to unpack .../156-libqrencode4_4.1.1-1build2_amd64.deb ...
shsh-check	Run pnpm exec playwright install --with-deps chromium firefox webkit	2026-09-18T11:07:53.9417862Z Unpacking libqrencode4:amd64 (4.1.1-1build2) ...
shsh-check	Run pnpm exec playwright install --with-deps chromium firefox webkit	2026-09-18T11:07:53.9609875Z Selecting previously unselected package libsecret-common.
shsh-check	Run pnpm exec playwright install --with-deps chromium firefox webkit	2026-09-18T11:07:53.9732701Z Preparing to unpack .../157-libsecret-common_0.21.4-1build3_all.deb ...
shsh-check	Run pnpm exec playwright install --with-deps chromium firefox webkit	2026-09-18T11:07:53.9740190Z Unpacking libsecret-common (0.21.4-1build3) ...
shsh-check	Run pnpm exec playwright install --with-deps chromium firefox webkit	2026-09-18T11:07:53.9939196Z Selecting previously unselected package libsecret-1-0:amd64.
shsh-check	Run pnpm exec playwright install --with-deps chromium firefox webkit	2026-09-18T11:07:54.0061077Z Preparing to unpack .../158-libsecret-1-0_0.21.4-1build3_amd64.deb ...
shsh-check	Run pnpm exec playwright install --with-deps chromium firefox webkit	2026-09-18T11:07:54.0068749Z Unpacking libsecret-1-0:amd64 (0.21.4-1build3) ...
shsh-check	Run pnpm exec playwright install --with-deps chromium firefox webkit	2026-09-18T11:07:54.0291259Z Selecting previously unselected package libsndio7.0:amd64.
shsh-check	Run pnpm exec playwright install --with-deps chromium firefox webkit	2026-09-18T11:07:54.0413089Z Preparing to unpack .../159-libsndio7.0_1.9.0-0.3build3_amd64.deb ...
shsh-check	Run pnpm exec playwright install --with-deps chromium firefox webkit	2026-09-18T11:07:54.0421812Z Unpacking libsndio7.0:amd64 (1.9.0-0.3build3) ...
shsh-check	Run pnpm exec playwright install --with-deps chromium firefox webkit	2026-09-18T11:07:54.0619871Z Selecting previously unselected package libsoundtouch1:amd64.
shsh-check	Run pnpm exec playwright install --with-deps chromium firefox webkit	2026-09-18T11:07:54.0739835Z Preparing to unpack .../160-libsoundtouch1_2.3.2+ds1-1build1_amd64.deb ...
shsh-check	Run pnpm exec playwright install --with-deps chromium firefox webkit	2026-09-18T11:07:54.0748191Z Unpacking libsoundtouch1:amd64 (2.3.2+ds1-1build1) ...
shsh-check	Run pnpm exec playwright install --with-deps chromium firefox webkit	2026-09-18T11:07:54.0995092Z Selecting previously unselected package libspandsp2t64:amd64.
shsh-check	Run pnpm exec playwright install --with-deps chromium firefox webkit	2026-09-18T11:07:54.1117080Z Preparing to unpack .../161-libspandsp2t64_0.0.6+dfsg-2.1build1_amd64.deb ...
shsh-check	Run pnpm exec playwright install --with-deps chromium firefox webkit	2026-09-18T11:07:54.1126136Z Unpacking libspandsp2t64:amd64 (0.0.6+dfsg-2.1build1) ...
shsh-check	Run pnpm exec playwright install --with-deps chromium firefox webkit	2026-09-18T11:07:54.1365773Z Selecting previously unselected package libsrtp2-1:amd64.
shsh-check	Run pnpm exec playwright install --with-deps chromium firefox webkit	2026-09-18T11:07:54.1487237Z Preparing to unpack .../162-libsrtp2-1_2.5.0-3build1_amd64.deb ...
shsh-check	Run pnpm exec playwright install --with-deps chromium firefox webkit	2026-09-18T11:07:54.1495007Z Unpacking libsrtp2-1:amd64 (2.5.0-3build1) ...
shsh-check	Run pnpm exec playwright install --with-deps chromium firefox webkit	2026-09-18T11:07:54.1710774Z Selecting previously unselected package libwayland-server0:amd64.
shsh-check	Run pnpm exec playwright install --with-deps chromium firefox webkit	2026-09-18T11:07:54.1832266Z Preparing to unpack .../163-libwayland-server0_1.22.0-2.1build1_amd64.deb ...
shsh-check	Run pnpm exec playwright install --with-deps chromium firefox webkit	2026-09-18T11:07:54.1839863Z Unpacking libwayland-server0:amd64 (1.22.0-2.1build1) ...
shsh-check	Run pnpm exec playwright install --with-deps chromium firefox webkit	2026-09-18T11:07:54.2062721Z Selecting previously unselected package libwildmidi2:amd64.
shsh-check	Run pnpm exec playwright install --with-deps chromium firefox webkit	2026-09-18T11:07:54.2183335Z Preparing to unpack .../164-libwildmidi2_0.4.3-1build3_amd64.deb ...
shsh-check	Run pnpm exec playwright install --with-deps chromium firefox webkit	2026-09-18T11:07:54.2191152Z Unpacking libwildmidi2:amd64 (0.4.3-1build3) ...
shsh-check	Run pnpm exec playwright install --with-deps chromium firefox webkit	2026-09-18T11:07:54.2521846Z Selecting previously unselected package libwoff1:amd64.
shsh-check	Run pnpm exec playwright install --with-deps chromium firefox webkit	2026-09-18T11:07:54.2641681Z Preparing to unpack .../165-libwoff1_1.0.2-2build1_amd64.deb ...
shsh-check	Run pnpm exec playwright install --with-deps chromium firefox webkit	2026-09-18T11:07:54.2651031Z Unpacking libwoff1:amd64 (1.0.2-2build1) ...
shsh-check	Run pnpm exec playwright install --with-deps chromium firefox webkit	2026-09-18T11:07:54.2869624Z Selecting previously unselected package libxcb-xkb1:amd64.
shsh-check	Run pnpm exec playwright install --with-deps chromium firefox webkit	2026-09-18T11:07:54.2988971Z Preparing to unpack .../166-libxcb-xkb1_1.15-1ubuntu2_amd64.deb ...
shsh-check	Run pnpm exec playwright install --with-deps chromium firefox webkit	2026-09-18T11:07:54.2996350Z Unpacking libxcb-xkb1:amd64 (1.15-1ubuntu2) ...
shsh-check	Run pnpm exec playwright install --with-deps chromium firefox webkit	2026-09-18T11:07:54.3197161Z Selecting previously unselected package libxkbcommon-x11-0:amd64.
shsh-check	Run pnpm exec playwright install --with-deps chromium firefox webkit	2026-09-18T11:07:54.3323099Z Preparing to unpack .../167-libxkbcommon-x11-0_1.6.0-1build1_amd64.deb ...
shsh-check	Run pnpm exec playwright install --with-deps chromium firefox webkit	2026-09-18T11:07:54.3334175Z Unpacking libxkbcommon-x11-0:amd64 (1.6.0-1build1) ...
shsh-check	Run pnpm exec playwright install --with-deps chromium firefox webkit	2026-09-18T11:07:54.3550062Z Selecting previously unselected package libzbar0t64:amd64.
shsh-check	Run pnpm exec playwright install --with-deps chromium firefox webkit	2026-09-18T11:07:54.3676680Z Preparing to unpack .../168-libzbar0t64_0.23.93-4build3_amd64.deb ...
shsh-check	Run pnpm exec playwright install --with-deps chromium firefox webkit	2026-09-18T11:07:54.3685242Z Unpacking libzbar0t64:amd64 (0.23.93-4build3) ...
shsh-check	Run pnpm exec playwright install --with-deps chromium firefox webkit	2026-09-18T11:07:54.3964173Z Selecting previously unselected package libzxing3:amd64.
shsh-check	Run pnpm exec playwright install --with-deps chromium firefox webkit	2026-09-18T11:07:54.4088120Z Preparing to unpack .../169-libzxing3_2.2.1-3_amd64.deb ...
shsh-check	Run pnpm exec playwright install --with-deps chromium firefox webkit	2026-09-18T11:07:54.4095933Z Unpacking libzxing3:amd64 (2.2.1-3) ...
shsh-check	Run pnpm exec playwright install --with-deps chromium firefox webkit	2026-09-18T11:07:54.4335919Z Selecting previously unselected package xfonts-encodings.
shsh-check	Run pnpm exec playwright install --with-deps chromium firefox webkit	2026-09-18T11:07:54.4459837Z Preparing to unpack .../170-xfonts-encodings_1%3a1.0.5-0ubuntu2_all.deb ...
shsh-check	Run pnpm exec playwright install --with-deps chromium firefox webkit	2026-09-18T11:07:54.4468157Z Unpacking xfonts-encodings (1:1.0.5-0ubuntu2) ...
shsh-check	Run pnpm exec playwright install --with-deps chromium firefox webkit	2026-09-18T11:07:54.4765868Z Selecting previously unselected package xfonts-utils.
shsh-check	Run pnpm exec playwright install --with-deps chromium firefox webkit	2026-09-18T11:07:54.4892008Z Preparing to unpack .../171-xfonts-utils_1%3a7.7+6build3_amd64.deb ...
shsh-check	Run pnpm exec playwright install --with-deps chromium firefox webkit	2026-09-18T11:07:54.4899316Z Unpacking xfonts-utils (1:7.7+6build3) ...
shsh-check	Run pnpm exec playwright install --with-deps chromium firefox webkit	2026-09-18T11:07:54.5251296Z Selecting previously unselected package xfonts-cyrillic.
shsh-check	Run pnpm exec playwright install --with-deps chromium firefox webkit	2026-09-18T11:07:54.5374045Z Preparing to unpack .../172-xfonts-cyrillic_1%3a1.0.5+nmu1_all.deb ...
shsh-check	Run pnpm exec playwright install --with-deps chromium firefox webkit	2026-09-18T11:07:54.5385640Z Unpacking xfonts-cyrillic (1:1.0.5+nmu1) ...
shsh-check	Run pnpm exec playwright install --with-deps chromium firefox webkit	2026-09-18T11:07:54.5731622Z Selecting previously unselected package xfonts-scalable.
shsh-check	Run pnpm exec playwright install --with-deps chromium firefox webkit	2026-09-18T11:07:54.5854739Z Preparing to unpack .../173-xfonts-scalable_1%3a1.0.3-1.3_all.deb ...
shsh-check	Run pnpm exec playwright install --with-deps chromium firefox webkit	2026-09-18T11:07:54.5864490Z Unpacking xfonts-scalable (1:1.0.3-1.3) ...
shsh-check	Run pnpm exec playwright install --with-deps chromium firefox webkit	2026-09-18T11:07:54.6099004Z Selecting previously unselected package libgstreamer-plugins-bad1.0-0:amd64.
shsh-check	Run pnpm exec playwright install --with-deps chromium firefox webkit	2026-09-18T11:07:54.6220697Z Preparing to unpack .../174-libgstreamer-plugins-bad1.0-0_1.24.2-1ubuntu4_amd64.deb ...
shsh-check	Run pnpm exec playwright install --with-deps chromium firefox webkit	2026-09-18T11:07:54.6228770Z Unpacking libgstreamer-plugins-bad1.0-0:amd64 (1.24.2-1ubuntu4) ...
shsh-check	Run pnpm exec playwright install --with-deps chromium firefox webkit	2026-09-18T11:07:54.6582832Z Selecting previously unselected package libdca0:amd64.
shsh-check	Run pnpm exec playwright install --with-deps chromium firefox webkit	2026-09-18T11:07:54.6705607Z Preparing to unpack .../175-libdca0_0.0.7-2build1_amd64.deb ...
shsh-check	Run pnpm exec playwright install --with-deps chromium firefox webkit	2026-09-18T11:07:54.6712687Z Unpacking libdca0:amd64 (0.0.7-2build1) ...
shsh-check	Run pnpm exec playwright install --with-deps chromium firefox webkit	2026-09-18T11:07:54.6925012Z Selecting previously unselected package libopenal1:amd64.
shsh-check	Run pnpm exec playwright install --with-deps chromium firefox webkit	2026-09-18T11:07:54.7047896Z Preparing to unpack .../176-libopenal1_1%3a1.23.1-4build1_amd64.deb ...
shsh-check	Run pnpm exec playwright install --with-deps chromium firefox webkit	2026-09-18T11:07:54.7055119Z Unpacking libopenal1:amd64 (1:1.23.1-4build1) ...
shsh-check	Run pnpm exec playwright install --with-deps chromium firefox webkit	2026-09-18T11:07:54.7300852Z Selecting previously unselected package libsbc1:amd64.
shsh-check	Run pnpm exec playwright install --with-deps chromium firefox webkit	2026-09-18T11:07:54.7423114Z Preparing to unpack .../177-libsbc1_2.0-1build1_amd64.deb ...
shsh-check	Run pnpm exec playwright install --with-deps chromium firefox webkit	2026-09-18T11:07:54.7429779Z Unpacking libsbc1:amd64 (2.0-1build1) ...
shsh-check	Run pnpm exec playwright install --with-deps chromium firefox webkit	2026-09-18T11:07:54.7629300Z Selecting previously unselected package libvo-aacenc0:amd64.
shsh-check	Run pnpm exec playwright install --with-deps chromium firefox webkit	2026-09-18T11:07:54.7750780Z Preparing to unpack .../178-libvo-aacenc0_0.1.3-2build1_amd64.deb ...
shsh-check	Run pnpm exec playwright install --with-deps chromium firefox webkit	2026-09-18T11:07:54.7759582Z Unpacking libvo-aacenc0:amd64 (0.1.3-2build1) ...
shsh-check	Run pnpm exec playwright install --with-deps chromium firefox webkit	2026-09-18T11:07:54.7969479Z Selecting previously unselected package libvo-amrwbenc0:amd64.
shsh-check	Run pnpm exec playwright install --with-deps chromium firefox webkit	2026-09-18T11:07:54.8091213Z Preparing to unpack .../179-libvo-amrwbenc0_0.1.3-2build1_amd64.deb ...
shsh-check	Run pnpm exec playwright install --with-deps chromium firefox webkit	2026-09-18T11:07:54.8098910Z Unpacking libvo-amrwbenc0:amd64 (0.1.3-2build1) ...
shsh-check	Run pnpm exec playwright install --with-deps chromium firefox webkit	2026-09-18T11:07:54.8310691Z Selecting previously unselected package gstreamer1.0-plugins-bad:amd64.
shsh-check	Run pnpm exec playwright install --with-deps chromium firefox webkit	2026-09-18T11:07:54.8438115Z Preparing to unpack .../180-gstreamer1.0-plugins-bad_1.24.2-1ubuntu4_amd64.deb ...
shsh-check	Run pnpm exec playwright install --with-deps chromium firefox webkit	2026-09-18T11:07:54.8446689Z Unpacking gstreamer1.0-plugins-bad:amd64 (1.24.2-1ubuntu4) ...
shsh-check	Run pnpm exec playwright install --with-deps chromium firefox webkit	2026-09-18T11:07:55.0382215Z Setting up libgme0:amd64 (0.6.3-7build1) ...
shsh-check	Run pnpm exec playwright install --with-deps chromium firefox webkit	2026-09-18T11:07:55.0406586Z Setting up libchromaprint1:amd64 (1.5.1-5) ...
shsh-check	Run pnpm exec playwright install --with-deps chromium firefox webkit	2026-09-18T11:07:55.0426778Z Setting up libssh-gcrypt-4:amd64 (0.10.6-2ubuntu0.5) ...
shsh-check	Run pnpm exec playwright install --with-deps chromium firefox webkit	2026-09-18T11:07:55.0447091Z Setting up libhwy1t64:amd64 (1.0.7-8.1build1) ...
shsh-check	Run pnpm exec playwright install --with-deps chromium firefox webkit	2026-09-18T11:07:55.0466828Z Setting up libcairo-script-interpreter2:amd64 (1.18.0-3build1) ...
shsh-check	Run pnpm exec playwright install --with-deps chromium firefox webkit	2026-09-18T11:07:55.0485825Z Setting up libfreeaptx0:amd64 (0.1.1-2build1) ...
shsh-check	Run pnpm exec playwright install --with-deps chromium firefox webkit	2026-09-18T11:07:55.0504795Z Setting up libdvdread8t64:amd64 (6.1.3-1.1build1) ...
shsh-check	Run pnpm exec playwright install --with-deps chromium firefox webkit	2026-09-18T11:07:55.0524649Z Setting up libudfread0:amd64 (1.1.2-1build1) ...
shsh-check	Run pnpm exec playwright install --with-deps chromium firefox webkit	2026-09-18T11:07:55.0544606Z Setting up libmodplug1:amd64 (1:0.8.9.0-3build1) ...
shsh-check	Run pnpm exec playwright install --with-deps chromium firefox webkit	2026-09-18T11:07:55.0564486Z Setting up libcdparanoia0:amd64 (3.10.2+debian-14build3) ...
shsh-check	Run pnpm exec playwright install --with-deps chromium firefox webkit	2026-09-18T11:07:55.0583602Z Setting up libwayland-server0:amd64 (1.22.0-2.1build1) ...
shsh-check	Run pnpm exec playwright install --with-deps chromium firefox webkit	2026-09-18T11:07:55.0614895Z Setting up libvo-amrwbenc0:amd64 (0.1.3-2build1) ...
shsh-check	Run pnpm exec playwright install --with-deps chromium firefox webkit	2026-09-18T11:07:55.0635592Z Setting up session-migration (0.3.9build1) ...
shsh-check	Run pnpm exec playwright install --with-deps chromium firefox webkit	2026-09-18T11:07:55.1747111Z Created symlink /etc/systemd/user/graphical-session-pre.target.wants/session-migration.service → /usr/lib/systemd/user/session-migration.service.
shsh-check	Run pnpm exec playwright install --with-deps chromium firefox webkit	2026-09-18T11:07:55.1747783Z
shsh-check	Run pnpm exec playwright install --with-deps chromium firefox webkit	2026-09-18T11:07:55.1775031Z Setting up libraw1394-11:amd64 (2.1.2-2build3) ...
shsh-check	Run pnpm exec playwright install --with-deps chromium firefox webkit	2026-09-18T11:07:55.1794295Z Setting up libsbc1:amd64 (2.0-1build1) ...
shsh-check	Run pnpm exec playwright install --with-deps chromium firefox webkit	2026-09-18T11:07:55.1814161Z Setting up libproxy1v5:amd64 (0.5.4-4build1) ...
shsh-check	Run pnpm exec playwright install --with-deps chromium firefox webkit	2026-09-18T11:07:55.1833256Z Setting up libneon27t64:amd64 (0.33.0-1.1build3) ...
shsh-check	Run pnpm exec playwright install --with-deps chromium firefox webkit	2026-09-18T11:07:55.1852243Z Setting up libtag1v5-vanilla:amd64 (1.13.1-1build1) ...
shsh-check	Run pnpm exec playwright install --with-deps chromium firefox webkit	2026-09-18T11:07:55.1877684Z Setting up libharfbuzz-icu0:amd64 (8.3.0-2build2) ...
shsh-check	Run pnpm exec playwright install --with-deps chromium firefox webkit	2026-09-18T11:07:55.1897308Z Setting up libopenni2-0:amd64 (2.2.0.33+dfsg-18) ...
shsh-check	Run pnpm exec playwright install --with-deps chromium firefox webkit	2026-09-18T11:07:55.2176626Z Setting up libspeex1:amd64 (1.2.1-2ubuntu2.24.04.1) ...
shsh-check	Run pnpm exec playwright install --with-deps chromium firefox webkit	2026-09-18T11:07:55.2196392Z Setting up libshine3:amd64 (3.1.1-2build1) ...
shsh-check	Run pnpm exec playwright install --with-deps chromium firefox webkit	2026-09-18T11:07:55.2216472Z Setting up libcaca0:amd64 (0.99.beta20-4ubuntu0.2) ...
shsh-check	Run pnpm exec playwright install --with-deps chromium firefox webkit	2026-09-18T11:07:55.2237460Z Setting up libvpl2 (2023.3.0-1build1) ...
shsh-check	Run pnpm exec playwright install --with-deps chromium firefox webkit	2026-09-18T11:07:55.2257771Z Setting up libv4lconvert0t64:amd64 (1.26.1-4build3) ...
shsh-check	Run pnpm exec playwright install --with-deps chromium firefox webkit	2026-09-18T11:07:55.2278421Z Setting up libx264-164:amd64 (2:0.164.3108+git31e19f9-1) ...
shsh-check	Run pnpm exec playwright install --with-deps chromium firefox webkit	2026-09-18T11:07:55.2297844Z Setting up libtwolame0:amd64 (0.4.0-2build3) ...
shsh-check	Run pnpm exec playwright install --with-deps chromium firefox webkit	2026-09-18T11:07:55.2317061Z Setting up libmbedcrypto7t64:amd64 (2.28.8-1) ...
shsh-check	Run pnpm exec playwright install --with-deps chromium firefox webkit	2026-09-18T11:07:55.2337510Z Setting up libwoff1:amd64 (1.0.2-2build1) ...
shsh-check	Run pnpm exec playwright install --with-deps chromium firefox webkit	2026-09-18T11:07:55.2357896Z Setting up liblc3-1:amd64 (1.0.4-3build1) ...
shsh-check	Run pnpm exec playwright install --with-deps chromium firefox webkit	2026-09-18T11:07:55.2378778Z Setting up libqrencode4:amd64 (4.1.1-1build2) ...
shsh-check	Run pnpm exec playwright install --with-deps chromium firefox webkit	2026-09-18T11:07:55.2399947Z Setting up libhyphen0:amd64 (2.8.8-7build3) ...
shsh-check	Run pnpm exec playwright install --with-deps chromium firefox webkit	2026-09-18T11:07:55.2420804Z Setting up libgsm1:amd64 (1.0.22-1build1) ...
shsh-check	Run pnpm exec playwright install --with-deps chromium firefox webkit	2026-09-18T11:07:55.2441417Z Setting up libvisual-0.4-0:amd64 (0.4.2-2build1) ...
shsh-check	Run pnpm exec playwright install --with-deps chromium firefox webkit	2026-09-18T11:07:55.2462048Z Setting up libsoxr0:amd64 (0.1.3-4build3) ...
shsh-check	Run pnpm exec playwright install --with-deps chromium firefox webkit	2026-09-18T11:07:55.2482592Z Setting up libzix-0-0:amd64 (0.4.2-2build1) ...
shsh-check	Run pnpm exec playwright install --with-deps chromium firefox webkit	2026-09-18T11:07:55.2504897Z Setting up libcodec2-1.2:amd64 (1.2.0-2build1) ...
shsh-check	Run pnpm exec playwright install --with-deps chromium firefox webkit	2026-09-18T11:07:55.2524917Z Setting up libmanette-0.2-0:amd64 (0.2.7-1build2) ...
shsh-check	Run pnpm exec playwright install --with-deps chromium firefox webkit	2026-09-18T11:07:55.2546434Z Setting up libsrtp2-1:amd64 (2.5.0-3build1) ...
shsh-check	Run pnpm exec playwright install --with-deps chromium firefox webkit	2026-09-18T11:07:55.2567030Z Setting up libmysofa1:amd64 (1.3.2+dfsg-2ubuntu2) ...
shsh-check	Run pnpm exec playwright install --with-deps chromium firefox webkit	2026-09-18T11:07:55.2587028Z Setting up libraptor2-0:amd64 (2.0.16-3ubuntu0.1) ...
shsh-check	Run pnpm exec playwright install --with-deps chromium firefox webkit	2026-09-18T11:07:55.2607623Z Setting up libldacbt-enc2:amd64 (2.0.2.3+git20200429+ed310a0-4ubuntu2) ...
shsh-check	Run pnpm exec playwright install --with-deps chromium firefox webkit	2026-09-18T11:07:55.2628413Z Setting up fonts-wqy-zenhei (0.9.45-8) ...
shsh-check	Run pnpm exec playwright install --with-deps chromium firefox webkit	2026-09-18T11:07:55.2747478Z Setting up libwebrtc-audio-processing1:amd64 (0.3.1-0ubuntu6) ...
shsh-check	Run pnpm exec playwright install --with-deps chromium firefox webkit	2026-09-18T11:07:55.2768868Z Setting up fonts-freefont-ttf (20211204+svn4273-2) ...
shsh-check	Run pnpm exec playwright install --with-deps chromium firefox webkit	2026-09-18T11:07:55.2788599Z Setting up libevent-2.1-7t64:amd64 (2.1.12-stable-9ubuntu2.1) ...
shsh-check	Run pnpm exec playwright install --with-deps chromium firefox webkit	2026-09-18T11:07:55.2811719Z Setting up libsvtav1enc1d1:amd64 (1.7.0+dfsg-2build1) ...
shsh-check	Run pnpm exec playwright install --with-deps chromium firefox webkit	2026-09-18T11:07:55.2831498Z Setting up libsoup-3.0-common (3.4.4-5ubuntu0.8) ...
shsh-check	Run pnpm exec playwright install --with-deps chromium firefox webkit	2026-09-18T11:07:55.2852720Z Setting up libmpg123-0t64:amd64 (1.32.5-1ubuntu1.1) ...
shsh-check	Run pnpm exec playwright install --with-deps chromium firefox webkit	2026-09-18T11:07:55.2873114Z Setting up libcjson1:amd64 (1.7.17-1) ...
shsh-check	Run pnpm exec playwright install --with-deps chromium firefox webkit	2026-09-18T11:07:55.2894212Z Setting up libxvidcore4:amd64 (2:1.3.7-1build1) ...
shsh-check	Run pnpm exec playwright install --with-deps chromium firefox webkit	2026-09-18T11:07:55.2914206Z Setting up libmpcdec6:amd64 (2:0.1~r495-2build1) ...
shsh-check	Run pnpm exec playwright install --with-deps chromium firefox webkit	2026-09-18T11:07:55.2933809Z Setting up libmjpegutils-2.1-0t64:amd64 (1:2.1.0+debian-8.1build1) ...
shsh-check	Run pnpm exec playwright install --with-deps chromium firefox webkit	2026-09-18T11:07:55.2968256Z Setting up librav1e0:amd64 (0.7.1-2) ...
shsh-check	Run pnpm exec playwright install --with-deps chromium firefox webkit	2026-09-18T11:07:55.2989969Z Setting up liborc-0.4-0t64:amd64 (1:0.4.38-1ubuntu0.1) ...
shsh-check	Run pnpm exec playwright install --with-deps chromium firefox webkit	2026-09-18T11:07:55.3010760Z Setting up libxcb-xkb1:amd64 (1.15-1ubuntu2) ...
shsh-check	Run pnpm exec playwright install --with-deps chromium firefox webkit	2026-09-18T11:07:55.3030948Z Setting up libvo-aacenc0:amd64 (0.1.3-2build1) ...
shsh-check	Run pnpm exec playwright install --with-deps chromium firefox webkit	2026-09-18T11:07:55.3051184Z Setting up librist4:amd64 (0.2.10+dfsg-2) ...
shsh-check	Run pnpm exec playwright install --with-deps chromium firefox webkit	2026-09-18T11:07:55.3071975Z Setting up librsvg2-2:amd64 (2.58.0+dfsg-1build1) ...
shsh-check	Run pnpm exec playwright install --with-deps chromium firefox webkit	2026-09-18T11:07:55.3092566Z Setting up libblas3:amd64 (3.12.0-3build1.1) ...
shsh-check	Run pnpm exec playwright install --with-deps chromium firefox webkit	2026-09-18T11:07:55.3152382Z update-alternatives: using /usr/lib/x86_64-linux-gnu/blas/libblas.so.3 to provide /usr/lib/x86_64-linux-gnu/libblas.so.3 (libblas.so.3-x86_64-linux-gnu) in auto mode
shsh-check	Run pnpm exec playwright install --with-deps chromium firefox webkit	2026-09-18T11:07:55.3168171Z Setting up libegl-mesa0:amd64 (25.2.8-0ubuntu0.24.04.2) ...
shsh-check	Run pnpm exec playwright install --with-deps chromium firefox webkit	2026-09-18T11:07:55.3188422Z Setting up libsoundtouch1:amd64 (2.3.2+ds1-1build1) ...
shsh-check	Run pnpm exec playwright install --with-deps chromium firefox webkit	2026-09-18T11:07:55.3208665Z Setting up libplacebo338:amd64 (6.338.2-2build1) ...
shsh-check	Run pnpm exec playwright install --with-deps chromium firefox webkit	2026-09-18T11:07:55.3228212Z Setting up libgles2:amd64 (1.7.0-1build1) ...
shsh-check	Run pnpm exec playwright install --with-deps chromium firefox webkit	2026-09-18T11:07:55.3247569Z Setting up fonts-tlwg-loma-otf (1:0.7.3-1) ...
shsh-check	Run pnpm exec playwright install --with-deps chromium firefox webkit	2026-09-18T11:07:55.3267798Z Setting up libva2:amd64 (2.20.0-2ubuntu0.2) ...
shsh-check	Run pnpm exec playwright install --with-deps chromium firefox webkit	2026-09-18T11:07:55.3288275Z Setting up libspa-0.2-modules:amd64 (1.0.5-1ubuntu3.3) ...
shsh-check	Run pnpm exec playwright install --with-deps chromium firefox webkit	2026-09-18T11:07:55.3308705Z Setting up libzxing3:amd64 (2.2.1-3) ...
shsh-check	Run pnpm exec playwright install --with-deps chromium firefox webkit	2026-09-18T11:07:55.3330323Z Setting up xfonts-encodings (1:1.0.5-0ubuntu2) ...
shsh-check	Run pnpm exec playwright install --with-deps chromium firefox webkit	2026-09-18T11:07:55.3350850Z Setting up libopus0:amd64 (1.4-1build1) ...
shsh-check	Run pnpm exec playwright install --with-deps chromium firefox webkit	2026-09-18T11:07:55.3372044Z Setting up libfaad2:amd64 (2.11.1-1build1) ...
shsh-check	Run pnpm exec playwright install --with-deps chromium firefox webkit	2026-09-18T11:07:55.3392620Z Setting up libxkbcommon-x11-0:amd64 (1.6.0-1build1) ...
shsh-check	Run pnpm exec playwright install --with-deps chromium firefox webkit	2026-09-18T11:07:55.3413050Z Setting up libdc1394-25:amd64 (2.2.6-4build1) ...
shsh-check	Run pnpm exec playwright install --with-deps chromium firefox webkit	2026-09-18T11:07:55.3438288Z Setting up libimath-3-1-29t64:amd64 (3.1.9-3.1ubuntu2) ...
shsh-check	Run pnpm exec playwright install --with-deps chromium firefox webkit	2026-09-18T11:07:55.3463790Z Setting up libunibreak5:amd64 (5.1-2build1) ...
shsh-check	Run pnpm exec playwright install --with-deps chromium firefox webkit	2026-09-18T11:07:55.3485830Z Setting up libdv4t64:amd64 (1.0.0-17.1build1) ...
shsh-check	Run pnpm exec playwright install --with-deps chromium firefox webkit	2026-09-18T11:07:55.3507192Z Setting up libjxl0.7:amd64 (0.7.0-10.2ubuntu6.1) ...
shsh-check	Run pnpm exec playwright install --with-deps chromium firefox webkit	2026-09-18T11:07:55.3527664Z Setting up libopenh264-7:amd64 (2.4.1+dfsg-1) ...
shsh-check	Run pnpm exec playwright install --with-deps chromium firefox webkit	2026-09-18T11:07:55.3548489Z Setting up libltc11:amd64 (1.3.2-1build1) ...
shsh-check	Run pnpm exec playwright install --with-deps chromium firefox webkit	2026-09-18T11:07:55.3568822Z Setting up libx265-199:amd64 (3.5-2build1) ...
shsh-check	Run pnpm exec playwright install --with-deps chromium firefox webkit	2026-09-18T11:07:55.3593412Z Setting up libv4l-0t64:amd64 (1.26.1-4build3) ...
shsh-check	Run pnpm exec playwright install --with-deps chromium firefox webkit	2026-09-18T11:07:55.3614645Z Setting up libavtp0:amd64 (0.2.0-1build1) ...
shsh-check	Run pnpm exec playwright install --with-deps chromium firefox webkit	2026-09-18T11:07:55.3635659Z Setting up libsndio7.0:amd64 (1.9.0-0.3build3) ...
shsh-check	Run pnpm exec playwright install --with-deps chromium firefox webkit	2026-09-18T11:07:55.3767735Z Setting up libdirectfb-1.7-7t64:amd64 (1.7.7-11.1ubuntu2) ...
shsh-check	Run pnpm exec playwright install --with-deps chromium firefox webkit	2026-09-18T11:07:55.3787932Z Setting up libspandsp2t64:amd64 (0.0.6+dfsg-2.1build1) ...
shsh-check	Run pnpm exec playwright install --with-deps chromium firefox webkit	2026-09-18T11:07:55.3808094Z Setting up libvidstab1.1:amd64 (1.1.0-2build1) ...
shsh-check	Run pnpm exec playwright install --with-deps chromium firefox webkit	2026-09-18T11:07:55.3827928Z Setting up libvpx9:amd64 (1.14.0-1ubuntu2.3) ...
shsh-check	Run pnpm exec playwright install --with-deps chromium firefox webkit	2026-09-18T11:07:55.3847147Z Setting up libsrt1.5-gnutls:amd64 (1.5.3-1build2) ...
shsh-check	Run pnpm exec playwright install --with-deps chromium firefox webkit	2026-09-18T11:07:55.3866455Z Setting up libtag1v5:amd64 (1.13.1-1build1) ...
shsh-check	Run pnpm exec playwright install --with-deps chromium firefox webkit	2026-09-18T11:07:55.3884889Z Setting up libflite1:amd64 (2.2-6build3) ...
shsh-check	Run pnpm exec playwright install --with-deps chromium firefox webkit	2026-09-18T11:07:55.3907267Z Setting up libdav1d7:amd64 (1.4.1-1build1) ...
shsh-check	Run pnpm exec playwright install --with-deps chromium firefox webkit	2026-09-18T11:07:55.3928354Z Setting up libva-drm2:amd64 (2.20.0-2ubuntu0.2) ...
shsh-check	Run pnpm exec playwright install --with-deps chromium firefox webkit	2026-09-18T11:07:55.3950030Z Setting up fonts-ipafont-gothic (00303-21ubuntu1) ...
shsh-check	Run pnpm exec playwright install --with-deps chromium firefox webkit	2026-09-18T11:07:55.4019707Z update-alternatives: using /usr/share/fonts/opentype/ipafont-gothic/ipag.ttf to provide /usr/share/fonts/truetype/fonts-japanese-gothic.ttf (fonts-japanese-gothic.ttf) in auto mode
shsh-check	Run pnpm exec playwright install --with-deps chromium firefox webkit	2026-09-18T11:07:55.4034661Z Setting up ocl-icd-libopencl1:amd64 (2.3.2-1build1) ...
shsh-check	Run pnpm exec playwright install --with-deps chromium firefox webkit	2026-09-18T11:07:55.4056270Z Setting up libasyncns0:amd64 (0.8-6build4) ...
shsh-check	Run pnpm exec playwright install --with-deps chromium firefox webkit	2026-09-18T11:07:55.4088588Z Setting up libwildmidi2:amd64 (0.4.3-1build3) ...
shsh-check	Run pnpm exec playwright install --with-deps chromium firefox webkit	2026-09-18T11:07:55.4107677Z Setting up libvdpau1:amd64 (1.5-2build1) ...
shsh-check	Run pnpm exec playwright install --with-deps chromium firefox webkit	2026-09-18T11:07:55.4133928Z Setting up libwavpack1:amd64 (5.6.0-1build1) ...
shsh-check	Run pnpm exec playwright install --with-deps chromium firefox webkit	2026-09-18T11:07:55.4153758Z Setting up libbs2b0:amd64 (3.1.0+dfsg-7build1) ...
shsh-check	Run pnpm exec playwright install --with-deps chromium firefox webkit	2026-09-18T11:07:55.4174312Z Setting up libtheora0:amd64 (1.1.1+dfsg.1-16.1build3) ...
shsh-check	Run pnpm exec playwright install --with-deps chromium firefox webkit	2026-09-18T11:07:55.4193312Z Setting up libegl1:amd64 (1.7.0-1build1) ...
shsh-check	Run pnpm exec playwright install --with-deps chromium firefox webkit	2026-09-18T11:07:55.4214893Z Setting up libdecor-0-0:amd64 (0.2.2-1build2) ...
shsh-check	Run pnpm exec playwright install --with-deps chromium firefox webkit	2026-09-18T11:07:55.4235880Z Setting up libdca0:amd64 (0.0.7-2build1) ...
shsh-check	Run pnpm exec playwright install --with-deps chromium firefox webkit	2026-09-18T11:07:55.4256598Z Setting up libzimg2:amd64 (3.0.5+ds1-1build1) ...
shsh-check	Run pnpm exec playwright install --with-deps chromium firefox webkit	2026-09-18T11:07:55.4277115Z Setting up libopenal-data (1:1.23.1-4build1) ...
shsh-check	Run pnpm exec playwright install --with-deps chromium firefox webkit	2026-09-18T11:07:55.4304069Z Setting up libabsl20220623t64:amd64 (20220623.1-3.1ubuntu3.2) ...
shsh-check	Run pnpm exec playwright install --with-deps chromium firefox webkit	2026-09-18T11:07:55.4325357Z Setting up libflac12t64:amd64 (1.4.3+ds-2.1ubuntu2) ...
shsh-check	Run pnpm exec playwright install --with-deps chromium firefox webkit	2026-09-18T11:07:55.4345006Z Setting up libgtk-4-common (4.14.5+ds-0ubuntu0.10) ...
shsh-check	Run pnpm exec playwright install --with-deps chromium firefox webkit	2026-09-18T11:07:55.4366205Z Setting up libmpeg2encpp-2.1-0t64:amd64 (1:2.1.0+debian-8.1build1) ...
shsh-check	Run pnpm exec playwright install --with-deps chromium firefox webkit	2026-09-18T11:07:55.4387116Z Setting up glib-networking-common (2.80.0-1build1) ...
shsh-check	Run pnpm exec playwright install --with-deps chromium firefox webkit	2026-09-18T11:07:55.4407117Z Setting up libmfx1:amd64 (22.5.4-1) ...
shsh-check	Run pnpm exec playwright install --with-deps chromium firefox webkit	2026-09-18T11:07:55.4427549Z Setting up libbluray2:amd64 (1:1.3.4-1build1) ...
shsh-check	Run pnpm exec playwright install --with-deps chromium firefox webkit	2026-09-18T11:07:55.4448309Z Setting up libde265-0:amd64 (1.0.15-1ubuntu0.1) ...
shsh-check	Run pnpm exec playwright install --with-deps chromium firefox webkit	2026-09-18T11:07:55.4468553Z Setting up libsamplerate0:amd64 (0.2.2-4build1) ...
shsh-check	Run pnpm exec playwright install --with-deps chromium firefox webkit	2026-09-18T11:07:55.4488872Z Setting up timgm6mb-soundfont (1.3-5) ...
shsh-check	Run pnpm exec playwright install --with-deps chromium firefox webkit	2026-09-18T11:07:55.4567920Z update-alternatives: using /usr/share/sounds/sf2/TimGM6mb.sf2 to provide /usr/share/sounds/sf2/default-GM.sf2 (default-GM.sf2) in auto mode
shsh-check	Run pnpm exec playwright install --with-deps chromium firefox webkit	2026-09-18T11:07:55.4612618Z update-alternatives: using /usr/share/sounds/sf2/TimGM6mb.sf2 to provide /usr/share/sounds/sf3/default-GM.sf3 (default-GM.sf3) in auto mode
shsh-check	Run pnpm exec playwright install --with-deps chromium firefox webkit	2026-09-18T11:07:55.4628050Z Setting up libva-x11-2:amd64 (2.20.0-2ubuntu0.2) ...
shsh-check	Run pnpm exec playwright install --with-deps chromium firefox webkit	2026-09-18T11:07:55.4648489Z Setting up libyuv0:amd64 (0.0~git202401110.af6ac82-1) ...
shsh-check	Run pnpm exec playwright install --with-deps chromium firefox webkit	2026-09-18T11:07:55.4667916Z Setting up libmplex2-2.1-0t64:amd64 (1:2.1.0+debian-8.1build1) ...
shsh-check	Run pnpm exec playwright install --with-deps chromium firefox webkit	2026-09-18T11:07:55.4689639Z Setting up libpipewire-0.3-0t64:amd64 (1.0.5-1ubuntu3.3) ...
shsh-check	Run pnpm exec playwright install --with-deps chromium firefox webkit	2026-09-18T11:07:55.4709492Z Setting up libopenmpt0t64:amd64 (0.7.3-1.1build3) ...
shsh-check	Run pnpm exec playwright install --with-deps chromium firefox webkit	2026-09-18T11:07:55.4729589Z Setting up libzvbi-common (0.2.42-2) ...
shsh-check	Run pnpm exec playwright install --with-deps chromium firefox webkit	2026-09-18T11:07:55.4749671Z Setting up libsecret-common (0.21.4-1build3) ...
shsh-check	Run pnpm exec playwright install --with-deps chromium firefox webkit	2026-09-18T11:07:55.4769660Z Setting up libmp3lame0:amd64 (3.100-6build1) ...
shsh-check	Run pnpm exec playwright install --with-deps chromium firefox webkit	2026-09-18T11:07:55.4790818Z Setting up libgraphene-1.0-0:amd64 (1.10.8-3build2) ...
shsh-check	Run pnpm exec playwright install --with-deps chromium firefox webkit	2026-09-18T11:07:55.4811309Z Setting up libvorbisenc2:amd64 (1.3.7-1build3) ...
shsh-check	Run pnpm exec playwright install --with-deps chromium firefox webkit	2026-09-18T11:07:55.4831620Z Setting up libdvdnav4:amd64 (6.1.1-3build1) ...
shsh-check	Run pnpm exec playwright install --with-deps chromium firefox webkit	2026-09-18T11:07:55.4855194Z Setting up fonts-unifont (1:15.1.01-1build1) ...
shsh-check	Run pnpm exec playwright install --with-deps chromium firefox webkit	2026-09-18T11:07:55.4877009Z Setting up libaa1:amd64 (1.4p5-51.1) ...
shsh-check	Run pnpm exec playwright install --with-deps chromium firefox webkit	2026-09-18T11:07:55.4898154Z Setting up libiec61883-0:amd64 (1.2.0-6build1) ...
shsh-check	Run pnpm exec playwright install --with-deps chromium firefox webkit	2026-09-18T11:07:55.4918437Z Setting up libserd-0-0:amd64 (0.32.2-1) ...
shsh-check	Run pnpm exec playwright install --with-deps chromium firefox webkit	2026-09-18T11:07:55.4939848Z Setting up libavc1394-0:amd64 (0.5.4-5build3) ...
shsh-check	Run pnpm exec playwright install --with-deps chromium firefox webkit	2026-09-18T11:07:55.4960792Z Setting up gsettings-desktop-schemas (46.1-0ubuntu1) ...
shsh-check	Run pnpm exec playwright install --with-deps chromium firefox webkit	2026-09-18T11:07:55.4981887Z Setting up glib-networking-services (2.80.0-1build1) ...
shsh-check	Run pnpm exec playwright install --with-deps chromium firefox webkit	2026-09-18T11:07:55.5003744Z Setting up liblapack3:amd64 (3.12.0-3build1.1) ...
shsh-check	Run pnpm exec playwright install --with-deps chromium firefox webkit	2026-09-18T11:07:55.5062659Z update-alternatives: using /usr/lib/x86_64-linux-gnu/lapack/liblapack.so.3 to provide /usr/lib/x86_64-linux-gnu/liblapack.so.3 (liblapack.so.3-x86_64-linux-gnu) in auto mode
shsh-check	Run pnpm exec playwright install --with-deps chromium firefox webkit	2026-09-18T11:07:55.5078207Z Setting up libzvbi0t64:amd64 (0.2.42-2) ...
shsh-check	Run pnpm exec playwright install --with-deps chromium firefox webkit	2026-09-18T11:07:55.5098823Z Setting up liblrdf0:amd64 (0.6.1-4build1) ...
shsh-check	Run pnpm exec playwright install --with-deps chromium firefox webkit	2026-09-18T11:07:55.5118170Z Setting up libzbar0t64:amd64 (0.23.93-4build3) ...
shsh-check	Run pnpm exec playwright install --with-deps chromium firefox webkit	2026-09-18T11:07:55.5137650Z Setting up libgstreamer-plugins-base1.0-0:amd64 (1.24.2-1ubuntu0.4) ...
shsh-check	Run pnpm exec playwright install --with-deps chromium firefox webkit	2026-09-18T11:07:55.5187255Z Setting up libavutil58:amd64 (7:6.1.1-3ubuntu5) ...
shsh-check	Run pnpm exec playwright install --with-deps chromium firefox webkit	2026-09-18T11:07:55.5207805Z Setting up libopenal1:amd64 (1:1.23.1-4build1) ...
shsh-check	Run pnpm exec playwright install --with-deps chromium firefox webkit	2026-09-18T11:07:55.5228642Z Setting up xfonts-utils (1:7.7+6build3) ...
shsh-check	Run pnpm exec playwright install --with-deps chromium firefox webkit	2026-09-18T11:07:55.5269701Z Setting up libsecret-1-0:amd64 (0.21.4-1build3) ...
shsh-check	Run pnpm exec playwright install --with-deps chromium firefox webkit	2026-09-18T11:07:55.5289864Z Setting up libgstreamer-plugins-good1.0-0:amd64 (1.24.2-1ubuntu1.6) ...
shsh-check	Run pnpm exec playwright install --with-deps chromium firefox webkit	2026-09-18T11:07:55.5310536Z Setting up libgstreamer-gl1.0-0:amd64 (1.24.2-1ubuntu0.4) ...
shsh-check	Run pnpm exec playwright install --with-deps chromium firefox webkit	2026-09-18T11:07:55.5331664Z Setting up gstreamer1.0-plugins-base:amd64 (1.24.2-1ubuntu0.4) ...
shsh-check	Run pnpm exec playwright install --with-deps chromium firefox webkit	2026-09-18T11:07:55.5351416Z Setting up libass9:amd64 (1:0.17.1-2build1) ...
shsh-check	Run pnpm exec playwright install --with-deps chromium firefox webkit	2026-09-18T11:07:55.5370641Z Setting up libswresample4:amd64 (7:6.1.1-3ubuntu5) ...
shsh-check	Run pnpm exec playwright install --with-deps chromium firefox webkit	2026-09-18T11:07:55.5390625Z Setting up libopenexr-3-1-30:amd64 (3.1.5-5.1build3) ...
shsh-check	Run pnpm exec playwright install --with-deps chromium firefox webkit	2026-09-18T11:07:55.5410320Z Setting up libshout3:amd64 (2.4.6-1build2) ...
shsh-check	Run pnpm exec playwright install --with-deps chromium firefox webkit	2026-09-18T11:07:55.5429721Z Setting up libgav1-1:amd64 (0.18.0-1build3) ...
shsh-check	Run pnpm exec playwright install --with-deps chromium firefox webkit	2026-09-18T11:07:55.5449841Z Setting up libavcodec60:amd64 (7:6.1.1-3ubuntu5) ...
shsh-check	Run pnpm exec playwright install --with-deps chromium firefox webkit	2026-09-18T11:07:55.5481882Z Setting up librubberband2:amd64 (3.3.0+dfsg-2build1) ...
shsh-check	Run pnpm exec playwright install --with-deps chromium firefox webkit	2026-09-18T11:07:55.5494520Z Setting up libjack-jackd2-0:amd64 (1.9.21~dfsg-3ubuntu3) ...
shsh-check	Run pnpm exec playwright install --with-deps chromium firefox webkit	2026-09-18T11:07:55.5514257Z Setting up libsord-0-0:amd64 (0.16.16-2build1) ...
shsh-check	Run pnpm exec playwright install --with-deps chromium firefox webkit	2026-09-18T11:07:55.5536237Z Setting up xfonts-cyrillic (1:1.0.5+nmu1) ...
shsh-check	Run pnpm exec playwright install --with-deps chromium firefox webkit	2026-09-18T11:07:55.5824125Z Setting up libpostproc57:amd64 (7:6.1.1-3ubuntu5) ...
shsh-check	Run pnpm exec playwright install --with-deps chromium firefox webkit	2026-09-18T11:07:55.5844561Z Setting up libsratom-0-0:amd64 (0.6.16-1build1) ...
shsh-check	Run pnpm exec playwright install --with-deps chromium firefox webkit	2026-09-18T11:07:55.5865208Z Setting up libsndfile1:amd64 (1.2.2-1ubuntu5.24.04.1) ...
shsh-check	Run pnpm exec playwright install --with-deps chromium firefox webkit	2026-09-18T11:07:55.5886277Z Setting up liblilv-0-0:amd64 (0.24.22-1build1) ...
shsh-check	Run pnpm exec playwright install --with-deps chromium firefox webkit	2026-09-18T11:07:55.5910103Z Setting up libinstpatch-1.0-2:amd64 (1.1.6-1build2) ...
shsh-check	Run pnpm exec playwright install --with-deps chromium firefox webkit	2026-09-18T11:07:55.5931348Z Setting up xfonts-scalable (1:1.0.3-1.3) ...
shsh-check	Run pnpm exec playwright install --with-deps chromium firefox webkit	2026-09-18T11:07:55.6202605Z Setting up libswscale7:amd64 (7:6.1.1-3ubuntu5) ...
shsh-check	Run pnpm exec playwright install --with-deps chromium firefox webkit	2026-09-18T11:07:55.6223975Z Setting up libavif16:amd64 (1.0.4-1ubuntu3) ...
shsh-check	Run pnpm exec playwright install --with-deps chromium firefox webkit	2026-09-18T11:07:55.6244723Z Setting up libpulse0:amd64 (1:16.1+dfsg1-2ubuntu10.1) ...
shsh-check	Run pnpm exec playwright install --with-deps chromium firefox webkit	2026-09-18T11:07:55.6439149Z Setting up libavformat60:amd64 (7:6.1.1-3ubuntu5) ...
shsh-check	Run pnpm exec playwright install --with-deps chromium firefox webkit	2026-09-18T11:07:55.6460949Z Setting up libsphinxbase3t64:amd64 (0.8+5prealpha+1-17build2) ...
shsh-check	Run pnpm exec playwright install --with-deps chromium firefox webkit	2026-09-18T11:07:55.6479859Z Setting up libsdl2-2.0-0:amd64 (2.30.0+dfsg-1ubuntu3.1) ...
shsh-check	Run pnpm exec playwright install --with-deps chromium firefox webkit	2026-09-18T11:07:55.6500046Z Setting up libfluidsynth3:amd64 (2.3.4-1build3) ...
shsh-check	Run pnpm exec playwright install --with-deps chromium firefox webkit	2026-09-18T11:07:55.6519399Z Setting up libpocketsphinx3:amd64 (0.8.0+real5prealpha+1-15ubuntu5) ...
shsh-check	Run pnpm exec playwright install --with-deps chromium firefox webkit	2026-09-18T11:07:55.6539595Z Setting up libavfilter9:amd64 (7:6.1.1-3ubuntu5) ...
shsh-check	Run pnpm exec playwright install --with-deps chromium firefox webkit	2026-09-18T11:07:55.6557921Z Setting up gstreamer1.0-libav:amd64 (1.24.1-1build1) ...
shsh-check	Run pnpm exec playwright install --with-deps chromium firefox webkit	2026-09-18T11:07:55.6798362Z Processing triggers for fontconfig (2.15.0-1.1ubuntu2) ...
shsh-check	Run pnpm exec playwright install --with-deps chromium firefox webkit	2026-09-18T11:07:55.7588474Z Processing triggers for libc-bin (2.39-0ubuntu8.8) ...
shsh-check	Run pnpm exec playwright install --with-deps chromium firefox webkit	2026-09-18T11:07:55.8037034Z Processing triggers for man-db (2.12.0-4build2) ...
shsh-check	Run pnpm exec playwright install --with-deps chromium firefox webkit	2026-09-18T11:07:55.8057101Z Not building database; man-db/auto-update is not 'true'.
shsh-check	Run pnpm exec playwright install --with-deps chromium firefox webkit	2026-09-18T11:07:55.8082380Z Processing triggers for libglib2.0-0t64:amd64 (2.80.0-6ubuntu3.8) ...
shsh-check	Run pnpm exec playwright install --with-deps chromium firefox webkit	2026-09-18T11:07:55.8359905Z Setting up libgtk-4-1:amd64 (4.14.5+ds-0ubuntu0.10) ...
shsh-check	Run pnpm exec playwright install --with-deps chromium firefox webkit	2026-09-18T11:07:55.9271762Z Setting up glib-networking:amd64 (2.80.0-1build1) ...
shsh-check	Run pnpm exec playwright install --with-deps chromium firefox webkit	2026-09-18T11:07:55.9310119Z Setting up libsoup-3.0-0:amd64 (3.4.4-5ubuntu0.8) ...
shsh-check	Run pnpm exec playwright install --with-deps chromium firefox webkit	2026-09-18T11:07:55.9341232Z Setting up libgssdp-1.6-0:amd64 (1.6.3-1build3) ...
shsh-check	Run pnpm exec playwright install --with-deps chromium firefox webkit	2026-09-18T11:07:55.9418512Z Setting up gstreamer1.0-plugins-good:amd64 (1.24.2-1ubuntu1.6) ...
shsh-check	Run pnpm exec playwright install --with-deps chromium firefox webkit	2026-09-18T11:07:55.9450097Z Setting up libgupnp-1.6-0:amd64 (1.6.6-1build3) ...
shsh-check	Run pnpm exec playwright install --with-deps chromium firefox webkit	2026-09-18T11:07:55.9511452Z Setting up libgupnp-igd-1.6-0:amd64 (1.6.0-3build3) ...
shsh-check	Run pnpm exec playwright install --with-deps chromium firefox webkit	2026-09-18T11:07:55.9548071Z Setting up libnice10:amd64 (0.1.21-2build3) ...
shsh-check	Run pnpm exec playwright install --with-deps chromium firefox webkit	2026-09-18T11:07:55.9600561Z Setting up libgstreamer-plugins-bad1.0-0:amd64 (1.24.2-1ubuntu4) ...
shsh-check	Run pnpm exec playwright install --with-deps chromium firefox webkit	2026-09-18T11:07:55.9640895Z Setting up gstreamer1.0-plugins-bad:amd64 (1.24.2-1ubuntu4) ...
shsh-check	Run pnpm exec playwright install --with-deps chromium firefox webkit	2026-09-18T11:07:55.9669615Z Processing triggers for libc-bin (2.39-0ubuntu8.8) ...
shsh-check	Run pnpm exec playwright install --with-deps chromium firefox webkit	2026-09-18T11:07:56.5917981Z
shsh-check	Run pnpm exec playwright install --with-deps chromium firefox webkit	2026-09-18T11:07:56.5918628Z Running kernel seems to be up-to-date.
shsh-check	Run pnpm exec playwright install --with-deps chromium firefox webkit	2026-09-18T11:07:56.5919053Z
shsh-check	Run pnpm exec playwright install --with-deps chromium firefox webkit	2026-09-18T11:07:56.5919302Z No services need to be restarted.
shsh-check	Run pnpm exec playwright install --with-deps chromium firefox webkit	2026-09-18T11:07:56.5919531Z
shsh-check	Run pnpm exec playwright install --with-deps chromium firefox webkit	2026-09-18T11:07:56.5919712Z No containers need to be restarted.
shsh-check	Run pnpm exec playwright install --with-deps chromium firefox webkit	2026-09-18T11:07:56.5919962Z
shsh-check	Run pnpm exec playwright install --with-deps chromium firefox webkit	2026-09-18T11:07:56.5920181Z No user sessions are running outdated binaries.
shsh-check	Run pnpm exec playwright install --with-deps chromium firefox webkit	2026-09-18T11:07:56.5920451Z
shsh-check	Run pnpm exec playwright install --with-deps chromium firefox webkit	2026-09-18T11:07:56.5920800Z No VM guests are running outdated hypervisor (qemu) binaries on this host.
shsh-check	Run pnpm exec playwright install --with-deps chromium firefox webkit	2026-09-18T11:07:57.4591063Z Downloading Chrome for Testing 153.0.8010.12 (playwright chromium v1243) from https://cdn.playwright.dev/builds/cft/153.0.8010.12/linux64/chrome-linux64.zip
shsh-check	Run pnpm exec playwright install --with-deps chromium firefox webkit	2026-09-18T11:07:57.8619285Z |                                                                                |   0% of 186.8 MiB
shsh-check	Run pnpm exec playwright install --with-deps chromium firefox webkit	2026-09-18T11:07:58.0282674Z |■■■■■■■■                                                                        |  10% of 186.8 MiB
shsh-check	Run pnpm exec playwright install --with-deps chromium firefox webkit	2026-09-18T11:07:58.1149633Z |■■■■■■■■■■■■■■■■                                                                |  20% of 186.8 MiB
shsh-check	Run pnpm exec playwright install --with-deps chromium firefox webkit	2026-09-18T11:07:58.2100488Z |■■■■■■■■■■■■■■■■■■■■■■■■                                                        |  30% of 186.8 MiB
shsh-check	Run pnpm exec playwright install --with-deps chromium firefox webkit	2026-09-18T11:07:58.2902278Z |■■■■■■■■■■■■■■■■■■■■■■■■■■■■■■■■                                                |  40% of 186.8 MiB
shsh-check	Run pnpm exec playwright install --with-deps chromium firefox webkit	2026-09-18T11:07:58.3790054Z |■■■■■■■■■■■■■■■■■■■■■■■■■■■■■■■■■■■■■■■■                                        |  50% of 186.8 MiB
shsh-check	Run pnpm exec playwright install --with-deps chromium firefox webkit	2026-09-18T11:07:58.4591028Z |■■■■■■■■■■■■■■■■■■■■■■■■■■■■■■■■■■■■■■■■■■■■■■■■                                |  60% of 186.8 MiB
shsh-check	Run pnpm exec playwright install --with-deps chromium firefox webkit	2026-09-18T11:07:58.5381306Z |■■■■■■■■■■■■■■■■■■■■■■■■■■■■■■■■■■■■■■■■■■■■■■■■■■■■■■■■                        |  70% of 186.8 MiB
shsh-check	Run pnpm exec playwright install --with-deps chromium firefox webkit	2026-09-18T11:07:58.6463690Z |■■■■■■■■■■■■■■■■■■■■■■■■■■■■■■■■■■■■■■■■■■■■■■■■■■■■■■■■■■■■■■■■                |  80% of 186.8 MiB
shsh-check	Run pnpm exec playwright install --with-deps chromium firefox webkit	2026-09-18T11:07:58.7193347Z |■■■■■■■■■■■■■■■■■■■■■■■■■■■■■■■■■■■■■■■■■■■■■■■■■■■■■■■■■■■■■■■■■■■■■■■■        |  90% of 186.8 MiB
shsh-check	Run pnpm exec playwright install --with-deps chromium firefox webkit	2026-09-18T11:07:58.8017822Z |■■■■■■■■■■■■■■■■■■■■■■■■■■■■■■■■■■■■■■■■■■■■■■■■■■■■■■■■■■■■■■■■■■■■■■■■■■■■■■■■| 100% of 186.8 MiB
shsh-check	Run pnpm exec playwright install --with-deps chromium firefox webkit	2026-09-18T11:08:01.8450499Z Chrome for Testing 153.0.8010.12 (playwright chromium v1243) downloaded to /home/runner/.cache/ms-playwright/chromium-1243
shsh-check	Run pnpm exec playwright install --with-deps chromium firefox webkit	2026-09-18T11:08:01.8454364Z Downloading FFmpeg (playwright ffmpeg v1011) from https://cdn.playwright.dev/dbazure/download/playwright/builds/ffmpeg/1011/ffmpeg-linux.zip
shsh-check	Run pnpm exec playwright install --with-deps chromium firefox webkit	2026-09-18T11:08:02.2141449Z |                                                                                |   0% of 2.3 MiB
shsh-check	Run pnpm exec playwright install --with-deps chromium firefox webkit	2026-09-18T11:08:02.2265109Z |■■■■■■■■                                                                        |  10% of 2.3 MiB
shsh-check	Run pnpm exec playwright install --with-deps chromium firefox webkit	2026-09-18T11:08:02.2366747Z |■■■■■■■■■■■■■■■■                                                                |  20% of 2.3 MiB
shsh-check	Run pnpm exec playwright install --with-deps chromium firefox webkit	2026-09-18T11:08:02.2424423Z |■■■■■■■■■■■■■■■■■■■■■■■■                                                        |  30% of 2.3 MiB
shsh-check	Run pnpm exec playwright install --with-deps chromium firefox webkit	2026-09-18T11:08:02.2450326Z |■■■■■■■■■■■■■■■■■■■■■■■■■■■■■■■■                                                |  40% of 2.3 MiB
shsh-check	Run pnpm exec playwright install --with-deps chromium firefox webkit	2026-09-18T11:08:02.2501681Z |■■■■■■■■■■■■■■■■■■■■■■■■■■■■■■■■■■■■■■■■                                        |  50% of 2.3 MiB
shsh-check	Run pnpm exec playwright install --with-deps chromium firefox webkit	2026-09-18T11:08:02.2514261Z |■■■■■■■■■■■■■■■■■■■■■■■■■■■■■■■■■■■■■■■■■■■■■■■■                                |  60% of 2.3 MiB
shsh-check	Run pnpm exec playwright install --with-deps chromium firefox webkit	2026-09-18T11:08:02.2551551Z |■■■■■■■■■■■■■■■■■■■■■■■■■■■■■■■■■■■■■■■■■■■■■■■■■■■■■■■■                        |  70% of 2.3 MiB
shsh-check	Run pnpm exec playwright install --with-deps chromium firefox webkit	2026-09-18T11:08:02.2570549Z |■■■■■■■■■■■■■■■■■■■■■■■■■■■■■■■■■■■■■■■■■■■■■■■■■■■■■■■■■■■■■■■■                |  80% of 2.3 MiB
shsh-check	Run pnpm exec playwright install --with-deps chromium firefox webkit	2026-09-18T11:08:02.2595338Z |■■■■■■■■■■■■■■■■■■■■■■■■■■■■■■■■■■■■■■■■■■■■■■■■■■■■■■■■■■■■■■■■■■■■■■■■        |  90% of 2.3 MiB
shsh-check	Run pnpm exec playwright install --with-deps chromium firefox webkit	2026-09-18T11:08:02.2674976Z |■■■■■■■■■■■■■■■■■■■■■■■■■■■■■■■■■■■■■■■■■■■■■■■■■■■■■■■■■■■■■■■■■■■■■■■■■■■■■■■■| 100% of 2.3 MiB
shsh-check	Run pnpm exec playwright install --with-deps chromium firefox webkit	2026-09-18T11:08:02.3289185Z FFmpeg (playwright ffmpeg v1011) downloaded to /home/runner/.cache/ms-playwright/ffmpeg-1011
shsh-check	Run pnpm exec playwright install --with-deps chromium firefox webkit	2026-09-18T11:08:02.3292442Z Downloading Chrome Headless Shell 153.0.8010.12 (playwright chromium-headless-shell v1243) from https://cdn.playwright.dev/builds/cft/153.0.8010.12/linux64/chrome-headless-shell-linux64.zip
shsh-check	Run pnpm exec playwright install --with-deps chromium firefox webkit	2026-09-18T11:08:02.7007112Z |                                                                                |   0% of 114.3 MiB
shsh-check	Run pnpm exec playwright install --with-deps chromium firefox webkit	2026-09-18T11:08:02.8196461Z |■■■■■■■■                                                                        |  10% of 114.3 MiB
shsh-check	Run pnpm exec playwright install --with-deps chromium firefox webkit	2026-09-18T11:08:02.9022846Z |■■■■■■■■■■■■■■■■                                                                |  20% of 114.3 MiB
shsh-check	Run pnpm exec playwright install --with-deps chromium firefox webkit	2026-09-18T11:08:02.9802660Z |■■■■■■■■■■■■■■■■■■■■■■■■                                                        |  30% of 114.3 MiB
shsh-check	Run pnpm exec playwright install --with-deps chromium firefox webkit	2026-09-18T11:08:03.0440444Z |■■■■■■■■■■■■■■■■■■■■■■■■■■■■■■■■                                                |  40% of 114.3 MiB
shsh-check	Run pnpm exec playwright install --with-deps chromium firefox webkit	2026-09-18T11:08:03.1141260Z |■■■■■■■■■■■■■■■■■■■■■■■■■■■■■■■■■■■■■■■■                                        |  50% of 114.3 MiB
shsh-check	Run pnpm exec playwright install --with-deps chromium firefox webkit	2026-09-18T11:08:03.1750583Z |■■■■■■■■■■■■■■■■■■■■■■■■■■■■■■■■■■■■■■■■■■■■■■■■                                |  60% of 114.3 MiB
shsh-check	Run pnpm exec playwright install --with-deps chromium firefox webkit	2026-09-18T11:08:03.2722473Z |■■■■■■■■■■■■■■■■■■■■■■■■■■■■■■■■■■■■■■■■■■■■■■■■■■■■■■■■                        |  70% of 114.3 MiB
shsh-check	Run pnpm exec playwright install --with-deps chromium firefox webkit	2026-09-18T11:08:03.3806349Z |■■■■■■■■■■■■■■■■■■■■■■■■■■■■■■■■■■■■■■■■■■■■■■■■■■■■■■■■■■■■■■■■                |  80% of 114.3 MiB
shsh-check	Run pnpm exec playwright install --with-deps chromium firefox webkit	2026-09-18T11:08:03.4350105Z |■■■■■■■■■■■■■■■■■■■■■■■■■■■■■■■■■■■■■■■■■■■■■■■■■■■■■■■■■■■■■■■■■■■■■■■■        |  90% of 114.3 MiB
shsh-check	Run pnpm exec playwright install --with-deps chromium firefox webkit	2026-09-18T11:08:03.4928833Z |■■■■■■■■■■■■■■■■■■■■■■■■■■■■■■■■■■■■■■■■■■■■■■■■■■■■■■■■■■■■■■■■■■■■■■■■■■■■■■■■| 100% of 114.3 MiB
shsh-check	Run pnpm exec playwright install --with-deps chromium firefox webkit	2026-09-18T11:08:05.8189512Z Chrome Headless Shell 153.0.8010.12 (playwright chromium-headless-shell v1243) downloaded to /home/runner/.cache/ms-playwright/chromium_headless_shell-1243
shsh-check	Run pnpm exec playwright install --with-deps chromium firefox webkit	2026-09-18T11:08:05.8193721Z Downloading Firefox 155.0 (playwright firefox v1543) from https://cdn.playwright.dev/dbazure/download/playwright/builds/firefox/1543/firefox-ubuntu-24.04.zip
shsh-check	Run pnpm exec playwright install --with-deps chromium firefox webkit	2026-09-18T11:08:06.1954784Z |                                                                                |   0% of 109.5 MiB
shsh-check	Run pnpm exec playwright install --with-deps chromium firefox webkit	2026-09-18T11:08:06.2904708Z |■■■■■■■■                                                                        |  10% of 109.5 MiB
shsh-check	Run pnpm exec playwright install --with-deps chromium firefox webkit	2026-09-18T11:08:06.3705967Z |■■■■■■■■■■■■■■■■                                                                |  20% of 109.5 MiB
shsh-check	Run pnpm exec playwright install --with-deps chromium firefox webkit	2026-09-18T11:08:06.4239617Z |■■■■■■■■■■■■■■■■■■■■■■■■                                                        |  30% of 109.5 MiB
shsh-check	Run pnpm exec playwright install --with-deps chromium firefox webkit	2026-09-18T11:08:06.4893775Z |■■■■■■■■■■■■■■■■■■■■■■■■■■■■■■■■                                                |  40% of 109.5 MiB
shsh-check	Run pnpm exec playwright install --with-deps chromium firefox webkit	2026-09-18T11:08:06.5703779Z |■■■■■■■■■■■■■■■■■■■■■■■■■■■■■■■■■■■■■■■■                                        |  50% of 109.5 MiB
shsh-check	Run pnpm exec playwright install --with-deps chromium firefox webkit	2026-09-18T11:08:06.6159301Z |■■■■■■■■■■■■■■■■■■■■■■■■■■■■■■■■■■■■■■■■■■■■■■■■                                |  60% of 109.5 MiB
shsh-check	Run pnpm exec playwright install --with-deps chromium firefox webkit	2026-09-18T11:08:06.6550680Z |■■■■■■■■■■■■■■■■■■■■■■■■■■■■■■■■■■■■■■■■■■■■■■■■■■■■■■■■                        |  70% of 109.5 MiB
shsh-check	Run pnpm exec playwright install --with-deps chromium firefox webkit	2026-09-18T11:08:06.7181274Z |■■■■■■■■■■■■■■■■■■■■■■■■■■■■■■■■■■■■■■■■■■■■■■■■■■■■■■■■■■■■■■■■                |  80% of 109.5 MiB
shsh-check	Run pnpm exec playwright install --with-deps chromium firefox webkit	2026-09-18T11:08:06.7556836Z |■■■■■■■■■■■■■■■■■■■■■■■■■■■■■■■■■■■■■■■■■■■■■■■■■■■■■■■■■■■■■■■■■■■■■■■■        |  90% of 109.5 MiB
shsh-check	Run pnpm exec playwright install --with-deps chromium firefox webkit	2026-09-18T11:08:06.7997427Z |■■■■■■■■■■■■■■■■■■■■■■■■■■■■■■■■■■■■■■■■■■■■■■■■■■■■■■■■■■■■■■■■■■■■■■■■■■■■■■■■| 100% of 109.5 MiB
shsh-check	Run pnpm exec playwright install --with-deps chromium firefox webkit	2026-09-18T11:08:09.3578303Z Firefox 155.0 (playwright firefox v1543) downloaded to /home/runner/.cache/ms-playwright/firefox-1543
shsh-check	Run pnpm exec playwright install --with-deps chromium firefox webkit	2026-09-18T11:08:09.3582292Z Downloading WebKit 26.6 (playwright webkit v2359) from https://cdn.playwright.dev/dbazure/download/playwright/builds/webkit/2359/webkit-ubuntu-24.04.zip
shsh-check	Run pnpm exec playwright install --with-deps chromium firefox webkit	2026-09-18T11:08:09.7194364Z |                                                                                |   0% of 102.3 MiB
shsh-check	Run pnpm exec playwright install --with-deps chromium firefox webkit	2026-09-18T11:08:09.8104384Z |■■■■■■■■                                                                        |  10% of 102.3 MiB
shsh-check	Run pnpm exec playwright install --with-deps chromium firefox webkit	2026-09-18T11:08:09.8737654Z |■■■■■■■■■■■■■■■■                                                                |  20% of 102.3 MiB
shsh-check	Run pnpm exec playwright install --with-deps chromium firefox webkit	2026-09-18T11:08:09.9158494Z |■■■■■■■■■■■■■■■■■■■■■■■■                                                        |  30% of 102.3 MiB
shsh-check	Run pnpm exec playwright install --with-deps chromium firefox webkit	2026-09-18T11:08:09.9677376Z |■■■■■■■■■■■■■■■■■■■■■■■■■■■■■■■■                                                |  40% of 102.3 MiB
shsh-check	Run pnpm exec playwright install --with-deps chromium firefox webkit	2026-09-18T11:08:10.0328341Z |■■■■■■■■■■■■■■■■■■■■■■■■■■■■■■■■■■■■■■■■                                        |  50% of 102.3 MiB
shsh-check	Run pnpm exec playwright install --with-deps chromium firefox webkit	2026-09-18T11:08:10.0730477Z |■■■■■■■■■■■■■■■■■■■■■■■■■■■■■■■■■■■■■■■■■■■■■■■■                                |  60% of 102.3 MiB
shsh-check	Run pnpm exec playwright install --with-deps chromium firefox webkit	2026-09-18T11:08:10.1160905Z |■■■■■■■■■■■■■■■■■■■■■■■■■■■■■■■■■■■■■■■■■■■■■■■■■■■■■■■■                        |  70% of 102.3 MiB
shsh-check	Run pnpm exec playwright install --with-deps chromium firefox webkit	2026-09-18T11:08:10.1693773Z |■■■■■■■■■■■■■■■■■■■■■■■■■■■■■■■■■■■■■■■■■■■■■■■■■■■■■■■■■■■■■■■■                |  80% of 102.3 MiB
shsh-check	Run pnpm exec playwright install --with-deps chromium firefox webkit	2026-09-18T11:08:10.2074208Z |■■■■■■■■■■■■■■■■■■■■■■■■■■■■■■■■■■■■■■■■■■■■■■■■■■■■■■■■■■■■■■■■■■■■■■■■        |  90% of 102.3 MiB
shsh-check	Run pnpm exec playwright install --with-deps chromium firefox webkit	2026-09-18T11:08:10.2467198Z |■■■■■■■■■■■■■■■■■■■■■■■■■■■■■■■■■■■■■■■■■■■■■■■■■■■■■■■■■■■■■■■■■■■■■■■■■■■■■■■■| 100% of 102.3 MiB
shsh-check	Run pnpm exec playwright install --with-deps chromium firefox webkit	2026-09-18T11:08:12.2518861Z WebKit 26.6 (playwright webkit v2359) downloaded to /home/runner/.cache/ms-playwright/webkit-2359
shsh-check	Verify theme, migrated output and browser behavior	﻿2026-09-18T11:08:12.5840338Z ##[group]Run mkdir -p .cache/ci
shsh-check	Verify theme, migrated output and browser behavior	2026-09-18T11:08:12.5840896Z ^[[36;1mmkdir -p .cache/ci^[[0m
shsh-check	Verify theme, migrated output and browser behavior	2026-09-18T11:08:12.5841342Z ^[[36;1mstart=$(date +%s)^[[0m
shsh-check	Verify theme, migrated output and browser behavior	2026-09-18T11:08:12.5842044Z ^[[36;1mset +e^[[0m
shsh-check	Verify theme, migrated output and browser behavior	2026-09-18T11:08:12.5842484Z ^[[36;1mpnpm check 2>&1 | tee .cache/ci/check.log^[[0m
shsh-check	Verify theme, migrated output and browser behavior	2026-09-18T11:08:12.5843064Z ^[[36;1mresult=${PIPESTATUS[0]}^[[0m
shsh-check	Verify theme, migrated output and browser behavior	2026-09-18T11:08:12.5843698Z ^[[36;1mprintf '%s\n' "$(( $(date +%s) - start ))" > .cache/ci/seconds.txt^[[0m
shsh-check	Verify theme, migrated output and browser behavior	2026-09-18T11:08:12.5844357Z ^[[36;1mexit "$result"^[[0m
shsh-check	Verify theme, migrated output and browser behavior	2026-09-18T11:08:12.5899021Z shell: /usr/bin/bash --noprofile --norc -e -o pipefail {0}
shsh-check	Verify theme, migrated output and browser behavior	2026-09-18T11:08:12.5899635Z env:
shsh-check	Verify theme, migrated output and browser behavior	2026-09-18T11:08:12.5900091Z   PNPM_HOME: /home/runner/setup-pnpm/node_modules/.bin
shsh-check	Verify theme, migrated output and browser behavior	2026-09-18T11:08:12.5900663Z ##[endgroup]
shsh-check	Verify theme, migrated output and browser behavior	2026-09-18T11:08:12.6145296Z $ pnpm format:check && pnpm lint && pnpm lint:css && pnpm check:progress && pnpm check:tooling && pnpm build:fixtures && pnpm check:theme && pnpm check:collections && pnpm check:prose && pnpm check:media && pnpm check:sharing && pnpm check:metadata && pnpm build:review && pnpm build:full-review && pnpm build:site-fixture && pnpm check:site-inputs && pnpm check:site-output && pnpm test
shsh-check	Verify theme, migrated output and browser behavior	2026-09-18T11:08:12.6296294Z $ node scripts/format.mjs
shsh-check	Verify theme, migrated output and browser behavior	2026-09-18T11:08:12.7469841Z Checking formatting...
shsh-check	Verify theme, migrated output and browser behavior	2026-09-18T11:08:12.7482929Z
shsh-check	Verify theme, migrated output and browser behavior	2026-09-18T11:08:13.9577232Z All matched files use the correct format.
shsh-check	Verify theme, migrated output and browser behavior	2026-09-18T11:08:13.9578352Z Finished in 1210ms on 233 files using 4 threads.
shsh-check	Verify theme, migrated output and browser behavior	2026-09-18T11:08:14.7675659Z Go templates: 58 checked, 0 differ.
shsh-check	Verify theme, migrated output and browser behavior	2026-09-18T11:08:14.7942127Z $ oxlint --type-aware --type-check --deny-warnings scripts tests assets playwright.config.ts
shsh-check	Verify theme, migrated output and browser behavior	2026-09-18T11:08:15.2548998Z Found 0 warnings and 0 errors.
shsh-check	Verify theme, migrated output and browser behavior	2026-09-18T11:08:15.2550353Z Finished in 425ms on 42 files with 112 rules using 4 threads.
shsh-check	Verify theme, migrated output and browser behavior	2026-09-18T11:08:15.2744991Z $ stylelint "assets/css/**/*.css" "tests/fixtures/**/*.css" --allow-empty-input
shsh-check	Verify theme, migrated output and browser behavior	2026-09-18T11:08:15.9697539Z $ node scripts/verify-progress.mjs
shsh-check	Verify theme, migrated output and browser behavior	2026-09-18T11:08:16.3351001Z Progress valid: 47 tasks; requirements Q1–Q34; discipline Q1–Q9; references and DAG checked. Human evidence still requires review.
shsh-check	Verify theme, migrated output and browser behavior	2026-09-18T11:08:16.3657335Z $ node --experimental-strip-types scripts/verify-tooling.ts
shsh-check	Verify theme, migrated output and browser behavior	2026-09-18T11:08:17.3243431Z Toolchain probes passed. Hugo/formatter output is ready for three-engine browser comparison.
shsh-check	Verify theme, migrated output and browser behavior	2026-09-18T11:08:17.3247821Z { hugo_before_ms: 52, template_format_ms: 99, hugo_after_ms: 53 }
shsh-check	Verify theme, migrated output and browser behavior	2026-09-18T11:08:17.3613424Z $ node scripts/build-fixtures.ts
shsh-check	Verify theme, migrated output and browser behavior	2026-09-18T11:08:17.4897056Z Start building sites …
shsh-check	Verify theme, migrated output and browser behavior	2026-09-18T11:08:17.4898222Z hugo v0.166.0-78400b4de8adc99273d3e674ed6c4d14c3bdf669 linux/amd64 BuildDate=2026-09-09T14:45:02Z VendorInfo=gohugoio
shsh-check	Verify theme, migrated output and browser behavior	2026-09-18T11:08:17.4898716Z
shsh-check	Verify theme, migrated output and browser behavior	2026-09-18T11:08:17.5572273Z
shsh-check	Verify theme, migrated output and browser behavior	2026-09-18T11:08:17.5586764Z                   │ JA
shsh-check	Verify theme, migrated output and browser behavior	2026-09-18T11:08:17.5587369Z ──────────────────┼────
shsh-check	Verify theme, migrated output and browser behavior	2026-09-18T11:08:17.5587853Z  Pages            │ 16
shsh-check	Verify theme, migrated output and browser behavior	2026-09-18T11:08:17.5588310Z  Paginator pages  │  4
shsh-check	Verify theme, migrated output and browser behavior	2026-09-18T11:08:17.5588771Z  Non-page files   │  0
shsh-check	Verify theme, migrated output and browser behavior	2026-09-18T11:08:17.5589214Z  Static files     │  0
shsh-check	Verify theme, migrated output and browser behavior	2026-09-18T11:08:17.5589713Z  Processed images │  0
shsh-check	Verify theme, migrated output and browser behavior	2026-09-18T11:08:17.5590155Z  Aliases          │  2
shsh-check	Verify theme, migrated output and browser behavior	2026-09-18T11:08:17.5590586Z  Cleaned          │  0
shsh-check	Verify theme, migrated output and browser behavior	2026-09-18T11:08:17.5590885Z
shsh-check	Verify theme, migrated output and browser behavior	2026-09-18T11:08:17.5591049Z Total in 88 ms
shsh-check	Verify theme, migrated output and browser behavior	2026-09-18T11:08:17.5946693Z Start building sites …
shsh-check	Verify theme, migrated output and browser behavior	2026-09-18T11:08:17.5947840Z hugo v0.166.0-78400b4de8adc99273d3e674ed6c4d14c3bdf669 linux/amd64 BuildDate=2026-09-09T14:45:02Z VendorInfo=gohugoio
shsh-check	Verify theme, migrated output and browser behavior	2026-09-18T11:08:17.5948413Z
shsh-check	Verify theme, migrated output and browser behavior	2026-09-18T11:08:17.6600509Z
shsh-check	Verify theme, migrated output and browser behavior	2026-09-18T11:08:17.6606920Z                   │ JA
shsh-check	Verify theme, migrated output and browser behavior	2026-09-18T11:08:17.6607515Z ──────────────────┼────
shsh-check	Verify theme, migrated output and browser behavior	2026-09-18T11:08:17.6607997Z  Pages            │ 16
shsh-check	Verify theme, migrated output and browser behavior	2026-09-18T11:08:17.6608471Z  Paginator pages  │  4
shsh-check	Verify theme, migrated output and browser behavior	2026-09-18T11:08:17.6608922Z  Non-page files   │  0
shsh-check	Verify theme, migrated output and browser behavior	2026-09-18T11:08:17.6609363Z  Static files     │  0
shsh-check	Verify theme, migrated output and browser behavior	2026-09-18T11:08:17.6609796Z  Processed images │  0
shsh-check	Verify theme, migrated output and browser behavior	2026-09-18T11:08:17.6610212Z  Aliases          │  2
shsh-check	Verify theme, migrated output and browser behavior	2026-09-18T11:08:17.6610630Z  Cleaned          │  0
shsh-check	Verify theme, migrated output and browser behavior	2026-09-18T11:08:17.6610859Z
shsh-check	Verify theme, migrated output and browser behavior	2026-09-18T11:08:17.6611353Z Total in 66 ms
shsh-check	Verify theme, migrated output and browser behavior	2026-09-18T11:08:17.6987866Z Start building sites …
shsh-check	Verify theme, migrated output and browser behavior	2026-09-18T11:08:17.6988891Z hugo v0.166.0-78400b4de8adc99273d3e674ed6c4d14c3bdf669 linux/amd64 BuildDate=2026-09-09T14:45:02Z VendorInfo=gohugoio
shsh-check	Verify theme, migrated output and browser behavior	2026-09-18T11:08:17.6989652Z
shsh-check	Verify theme, migrated output and browser behavior	2026-09-18T11:08:17.8834813Z
shsh-check	Verify theme, migrated output and browser behavior	2026-09-18T11:08:17.8836424Z                   │ JA
shsh-check	Verify theme, migrated output and browser behavior	2026-09-18T11:08:17.8839322Z ──────────────────┼────
shsh-check	Verify theme, migrated output and browser behavior	2026-09-18T11:08:17.8839840Z  Pages            │ 16
shsh-check	Verify theme, migrated output and browser behavior	2026-09-18T11:08:17.8840303Z  Paginator pages  │  4
shsh-check	Verify theme, migrated output and browser behavior	2026-09-18T11:08:17.8840769Z  Non-page files   │  0
shsh-check	Verify theme, migrated output and browser behavior	2026-09-18T11:08:17.8841194Z  Static files     │  0
shsh-check	Verify theme, migrated output and browser behavior	2026-09-18T11:08:17.8841637Z  Processed images │  0
shsh-check	Verify theme, migrated output and browser behavior	2026-09-18T11:08:17.8842110Z  Aliases          │  2
shsh-check	Verify theme, migrated output and browser behavior	2026-09-18T11:08:17.8842586Z  Cleaned          │  0
shsh-check	Verify theme, migrated output and browser behavior	2026-09-18T11:08:17.8842825Z
shsh-check	Verify theme, migrated output and browser behavior	2026-09-18T11:08:17.8842981Z Total in 186 ms
shsh-check	Verify theme, migrated output and browser behavior	2026-09-18T11:08:17.9066069Z $ node scripts/verify-theme.ts
shsh-check	Verify theme, migrated output and browser behavior	2026-09-18T11:08:19.7436516Z Theme foundation: HTML, production/preview/development assets, invalid configuration and minimal alternative site passed.
shsh-check	Verify theme, migrated output and browser behavior	2026-09-18T11:08:19.7737132Z $ node scripts/verify-collections.ts
shsh-check	Verify theme, migrated output and browser behavior	2026-09-18T11:08:21.4536770Z Collections: empty/single/default10/custom2, UTC ties, mainSections, publication filters, summaries, dates and invalid inputs passed.
shsh-check	Verify theme, migrated output and browser behavior	2026-09-18T11:08:21.5356569Z Discovery: local year/month, all-section order, tie navigation, fixed-page exclusion, original term case and HTML/feed title consistency passed.
shsh-check	Verify theme, migrated output and browser behavior	2026-09-18T11:08:21.5568499Z $ node scripts/verify-prose.ts
shsh-check	Verify theme, migrated output and browser behavior	2026-09-18T11:08:22.2781347Z Prose: date fallback/day boundaries/visibility/types, legal footnote IDs, full real article HTML and native heading IDs passed.
shsh-check	Verify theme, migrated output and browser behavior	2026-09-18T11:08:22.3049818Z $ node scripts/verify-media.ts
shsh-check	Verify theme, migrated output and browser behavior	2026-09-18T11:08:22.5511227Z Start building sites …
shsh-check	Verify theme, migrated output and browser behavior	2026-09-18T11:08:22.5512610Z hugo v0.166.0-78400b4de8adc99273d3e674ed6c4d14c3bdf669 linux/amd64 BuildDate=2026-09-09T14:45:02Z VendorInfo=gohugoio
shsh-check	Verify theme, migrated output and browser behavior	2026-09-18T11:08:22.5513455Z
shsh-check	Verify theme, migrated output and browser behavior	2026-09-18T11:08:30.0333632Z
shsh-check	Verify theme, migrated output and browser behavior	2026-09-18T11:08:30.0335581Z                   │ JA
shsh-check	Verify theme, migrated output and browser behavior	2026-09-18T11:08:30.0336298Z ──────────────────┼────
shsh-check	Verify theme, migrated output and browser behavior	2026-09-18T11:08:30.0336999Z  Pages            │ 15
shsh-check	Verify theme, migrated output and browser behavior	2026-09-18T11:08:30.0337514Z  Paginator pages  │  2
shsh-check	Verify theme, migrated output and browser behavior	2026-09-18T11:08:30.0337927Z  Non-page files   │ 13
shsh-check	Verify theme, migrated output and browser behavior	2026-09-18T11:08:30.0338195Z  Static files     │  4
shsh-check	Verify theme, migrated output and browser behavior	2026-09-18T11:08:30.0338466Z  Processed images │ 46
shsh-check	Verify theme, migrated output and browser behavior	2026-09-18T11:08:30.0338718Z  Aliases          │  2
shsh-check	Verify theme, migrated output and browser behavior	2026-09-18T11:08:30.0338972Z  Cleaned          │  0
shsh-check	Verify theme, migrated output and browser behavior	2026-09-18T11:08:30.0339100Z
shsh-check	Verify theme, migrated output and browser behavior	2026-09-18T11:08:30.0339195Z Total in 7483 ms
shsh-check	Verify theme, migrated output and browser behavior	2026-09-18T11:08:30.0792870Z Start building sites …
shsh-check	Verify theme, migrated output and browser behavior	2026-09-18T11:08:30.0794316Z hugo v0.166.0-78400b4de8adc99273d3e674ed6c4d14c3bdf669 linux/amd64 BuildDate=2026-09-09T14:45:02Z VendorInfo=gohugoio
shsh-check	Verify theme, migrated output and browser behavior	2026-09-18T11:08:30.0795220Z
shsh-check	Verify theme, migrated output and browser behavior	2026-09-18T11:08:30.1542315Z
shsh-check	Verify theme, migrated output and browser behavior	2026-09-18T11:08:30.1544753Z                   │ JA
shsh-check	Verify theme, migrated output and browser behavior	2026-09-18T11:08:30.1545666Z ──────────────────┼────
shsh-check	Verify theme, migrated output and browser behavior	2026-09-18T11:08:30.1546245Z  Pages            │ 15
shsh-check	Verify theme, migrated output and browser behavior	2026-09-18T11:08:30.1546784Z  Paginator pages  │  2
shsh-check	Verify theme, migrated output and browser behavior	2026-09-18T11:08:30.1547296Z  Non-page files   │ 13
shsh-check	Verify theme, migrated output and browser behavior	2026-09-18T11:08:30.1547857Z  Static files     │  4
shsh-check	Verify theme, migrated output and browser behavior	2026-09-18T11:08:30.1548361Z  Processed images │ 46
shsh-check	Verify theme, migrated output and browser behavior	2026-09-18T11:08:30.1548865Z  Aliases          │  2
shsh-check	Verify theme, migrated output and browser behavior	2026-09-18T11:08:30.1549399Z  Cleaned          │  0
shsh-check	Verify theme, migrated output and browser behavior	2026-09-18T11:08:30.1549811Z
shsh-check	Verify theme, migrated output and browser behavior	2026-09-18T11:08:30.1550066Z Total in 76 ms
shsh-check	Verify theme, migrated output and browser behavior	2026-09-18T11:08:31.9293868Z Media: production/preview HTML, unchanged original media, unavailable external URL and invalid inputs passed.
shsh-check	Verify theme, migrated output and browser behavior	2026-09-18T11:08:31.9645028Z $ node scripts/verify-sharing.ts
shsh-check	Verify theme, migrated output and browser behavior	2026-09-18T11:08:33.2960761Z Sharing: defaults, ordered services, fixed pages/posts, escaped title/URLs, author setting, invalid inputs and preview isolation passed.
shsh-check	Verify theme, migrated output and browser behavior	2026-09-18T11:08:33.3225664Z $ node scripts/verify-metadata.ts
shsh-check	Verify theme, migrated output and browser behavior	2026-09-18T11:08:38.2287369Z Metadata fixtures: all HTML valid; asset/static/external defaults, bundle isolation, input failures, preview and empty feed built. XML/head assertions run in metadata.spec.ts.
shsh-check	Verify theme, migrated output and browser behavior	2026-09-18T11:08:38.2687091Z $ node scripts/build-review-fixture.ts
shsh-check	Verify theme, migrated output and browser behavior	2026-09-18T11:08:38.4256116Z Start building sites …
shsh-check	Verify theme, migrated output and browser behavior	2026-09-18T11:08:38.4257625Z hugo v0.166.0-78400b4de8adc99273d3e674ed6c4d14c3bdf669 linux/amd64 BuildDate=2026-09-09T14:45:02Z VendorInfo=gohugoio
shsh-check	Verify theme, migrated output and browser behavior	2026-09-18T11:08:38.4258300Z
shsh-check	Verify theme, migrated output and browser behavior	2026-09-18T11:08:54.1644859Z
shsh-check	Verify theme, migrated output and browser behavior	2026-09-18T11:08:54.1646487Z                   │ JA
shsh-check	Verify theme, migrated output and browser behavior	2026-09-18T11:08:54.1647152Z ──────────────────┼────
shsh-check	Verify theme, migrated output and browser behavior	2026-09-18T11:08:54.1647648Z  Pages            │ 46
shsh-check	Verify theme, migrated output and browser behavior	2026-09-18T11:08:54.1648121Z  Paginator pages  │  5
shsh-check	Verify theme, migrated output and browser behavior	2026-09-18T11:08:54.1648564Z  Non-page files   │  6
shsh-check	Verify theme, migrated output and browser behavior	2026-09-18T11:08:54.1648995Z  Static files     │  0
shsh-check	Verify theme, migrated output and browser behavior	2026-09-18T11:08:54.1649462Z  Processed images │ 54
shsh-check	Verify theme, migrated output and browser behavior	2026-09-18T11:08:54.1649896Z  Aliases          │ 15
shsh-check	Verify theme, migrated output and browser behavior	2026-09-18T11:08:54.1650311Z  Cleaned          │  0
shsh-check	Verify theme, migrated output and browser behavior	2026-09-18T11:08:54.1650557Z
shsh-check	Verify theme, migrated output and browser behavior	2026-09-18T11:08:54.1650734Z Total in 15740 ms
shsh-check	Verify theme, migrated output and browser behavior	2026-09-18T11:08:54.2031150Z Start building sites …
shsh-check	Verify theme, migrated output and browser behavior	2026-09-18T11:08:54.2032475Z hugo v0.166.0-78400b4de8adc99273d3e674ed6c4d14c3bdf669 linux/amd64 BuildDate=2026-09-09T14:45:02Z VendorInfo=gohugoio
shsh-check	Verify theme, migrated output and browser behavior	2026-09-18T11:08:54.2033361Z
shsh-check	Verify theme, migrated output and browser behavior	2026-09-18T11:08:54.3253959Z
shsh-check	Verify theme, migrated output and browser behavior	2026-09-18T11:08:54.3265807Z                   │ JA
shsh-check	Verify theme, migrated output and browser behavior	2026-09-18T11:08:54.3266301Z ──────────────────┼────
shsh-check	Verify theme, migrated output and browser behavior	2026-09-18T11:08:54.3266633Z  Pages            │ 46
shsh-check	Verify theme, migrated output and browser behavior	2026-09-18T11:08:54.3266938Z  Paginator pages  │  5
shsh-check	Verify theme, migrated output and browser behavior	2026-09-18T11:08:54.3267194Z  Non-page files   │  6
shsh-check	Verify theme, migrated output and browser behavior	2026-09-18T11:08:54.3267450Z  Static files     │  0
shsh-check	Verify theme, migrated output and browser behavior	2026-09-18T11:08:54.3267702Z  Processed images │ 54
shsh-check	Verify theme, migrated output and browser behavior	2026-09-18T11:08:54.3267945Z  Aliases          │ 15
shsh-check	Verify theme, migrated output and browser behavior	2026-09-18T11:08:54.3268216Z  Cleaned          │  0
shsh-check	Verify theme, migrated output and browser behavior	2026-09-18T11:08:54.3268349Z
shsh-check	Verify theme, migrated output and browser behavior	2026-09-18T11:08:54.3268445Z Total in 123 ms
shsh-check	Verify theme, migrated output and browser behavior	2026-09-18T11:08:54.3503885Z $ node scripts/build-full-review.ts
shsh-check	Verify theme, migrated output and browser behavior	2026-09-18T11:08:54.5987412Z Start building sites …
shsh-check	Verify theme, migrated output and browser behavior	2026-09-18T11:08:54.5988362Z hugo v0.166.0-78400b4de8adc99273d3e674ed6c4d14c3bdf669 linux/amd64 BuildDate=2026-09-09T14:45:02Z VendorInfo=gohugoio
shsh-check	Verify theme, migrated output and browser behavior	2026-09-18T11:08:54.5988856Z
shsh-check	Verify theme, migrated output and browser behavior	2026-09-18T11:08:54.7132068Z
shsh-check	Verify theme, migrated output and browser behavior	2026-09-18T11:08:54.7133671Z                   │ JA
shsh-check	Verify theme, migrated output and browser behavior	2026-09-18T11:08:54.7134286Z ──────────────────┼────
shsh-check	Verify theme, migrated output and browser behavior	2026-09-18T11:08:54.7134814Z  Pages            │ 24
shsh-check	Verify theme, migrated output and browser behavior	2026-09-18T11:08:54.7135590Z  Paginator pages  │  8
shsh-check	Verify theme, migrated output and browser behavior	2026-09-18T11:08:54.7136069Z  Non-page files   │  6
shsh-check	Verify theme, migrated output and browser behavior	2026-09-18T11:08:54.7136403Z  Static files     │  0
shsh-check	Verify theme, migrated output and browser behavior	2026-09-18T11:08:54.7136689Z  Processed images │ 54
shsh-check	Verify theme, migrated output and browser behavior	2026-09-18T11:08:54.7136941Z  Aliases          │  4
shsh-check	Verify theme, migrated output and browser behavior	2026-09-18T11:08:54.7137180Z  Cleaned          │  0
shsh-check	Verify theme, migrated output and browser behavior	2026-09-18T11:08:54.7137314Z
shsh-check	Verify theme, migrated output and browser behavior	2026-09-18T11:08:54.7137402Z Total in 116 ms
shsh-check	Verify theme, migrated output and browser behavior	2026-09-18T11:08:54.7620730Z Start building sites …
shsh-check	Verify theme, migrated output and browser behavior	2026-09-18T11:08:54.7621628Z hugo v0.166.0-78400b4de8adc99273d3e674ed6c4d14c3bdf669 linux/amd64 BuildDate=2026-09-09T14:45:02Z VendorInfo=gohugoio
shsh-check	Verify theme, migrated output and browser behavior	2026-09-18T11:08:54.7622148Z
shsh-check	Verify theme, migrated output and browser behavior	2026-09-18T11:08:54.8328309Z
shsh-check	Verify theme, migrated output and browser behavior	2026-09-18T11:08:54.8330448Z                   │ JA
shsh-check	Verify theme, migrated output and browser behavior	2026-09-18T11:08:54.8331115Z ──────────────────┼────
shsh-check	Verify theme, migrated output and browser behavior	2026-09-18T11:08:54.8331610Z  Pages            │ 15
shsh-check	Verify theme, migrated output and browser behavior	2026-09-18T11:08:54.8332069Z  Paginator pages  │  0
shsh-check	Verify theme, migrated output and browser behavior	2026-09-18T11:08:54.8332541Z  Non-page files   │  0
shsh-check	Verify theme, migrated output and browser behavior	2026-09-18T11:08:54.8332989Z  Static files     │  0
shsh-check	Verify theme, migrated output and browser behavior	2026-09-18T11:08:54.8333437Z  Processed images │ 15
shsh-check	Verify theme, migrated output and browser behavior	2026-09-18T11:08:54.8333927Z  Aliases          │  2
shsh-check	Verify theme, migrated output and browser behavior	2026-09-18T11:08:54.8334358Z  Cleaned          │  0
shsh-check	Verify theme, migrated output and browser behavior	2026-09-18T11:08:54.8334599Z
shsh-check	Verify theme, migrated output and browser behavior	2026-09-18T11:08:54.8334744Z Total in 72 ms
shsh-check	Verify theme, migrated output and browser behavior	2026-09-18T11:08:54.8805311Z Start building sites …
shsh-check	Verify theme, migrated output and browser behavior	2026-09-18T11:08:54.8806498Z hugo v0.166.0-78400b4de8adc99273d3e674ed6c4d14c3bdf669 linux/amd64 BuildDate=2026-09-09T14:45:02Z VendorInfo=gohugoio
shsh-check	Verify theme, migrated output and browser behavior	2026-09-18T11:08:54.8806997Z
shsh-check	Verify theme, migrated output and browser behavior	2026-09-18T11:08:54.9534206Z
shsh-check	Verify theme, migrated output and browser behavior	2026-09-18T11:08:54.9536241Z                   │ JA
shsh-check	Verify theme, migrated output and browser behavior	2026-09-18T11:08:54.9536913Z ──────────────────┼────
shsh-check	Verify theme, migrated output and browser behavior	2026-09-18T11:08:54.9537404Z  Pages            │ 16
shsh-check	Verify theme, migrated output and browser behavior	2026-09-18T11:08:54.9537857Z  Paginator pages  │  0
shsh-check	Verify theme, migrated output and browser behavior	2026-09-18T11:08:54.9538319Z  Non-page files   │  0
shsh-check	Verify theme, migrated output and browser behavior	2026-09-18T11:08:54.9538768Z  Static files     │  0
shsh-check	Verify theme, migrated output and browser behavior	2026-09-18T11:08:54.9539223Z  Processed images │ 15
shsh-check	Verify theme, migrated output and browser behavior	2026-09-18T11:08:54.9539662Z  Aliases          │  2
shsh-check	Verify theme, migrated output and browser behavior	2026-09-18T11:08:54.9540024Z  Cleaned          │  0
shsh-check	Verify theme, migrated output and browser behavior	2026-09-18T11:08:54.9540175Z
shsh-check	Verify theme, migrated output and browser behavior	2026-09-18T11:08:54.9540272Z Total in 74 ms
shsh-check	Verify theme, migrated output and browser behavior	2026-09-18T11:08:54.9580513Z Full review: 40 frozen product screens mapped; specimen stays in representative suite.
shsh-check	Verify theme, migrated output and browser behavior	2026-09-18T11:08:56.7783681Z Full review HTML: all production, preview and boundary fixture pages valid.
shsh-check	Verify theme, migrated output and browser behavior	2026-09-18T11:08:56.8225606Z $ node scripts/build-site-fixture.ts
shsh-check	Verify theme, migrated output and browser behavior	2026-09-18T11:09:15.5397517Z {
shsh-check	Verify theme, migrated output and browser behavior	2026-09-18T11:09:15.5397820Z   "command": [
shsh-check	Verify theme, migrated output and browser behavior	2026-09-18T11:09:15.5398047Z     "hugo",
shsh-check	Verify theme, migrated output and browser behavior	2026-09-18T11:09:15.5398254Z     "--source",
shsh-check	Verify theme, migrated output and browser behavior	2026-09-18T11:09:15.5398665Z     "/home/runner/work/shimoju.jp/shimoju.jp/themes/shsh/.cache/site/source",
shsh-check	Verify theme, migrated output and browser behavior	2026-09-18T11:09:15.5399115Z     "--themesDir",
shsh-check	Verify theme, migrated output and browser behavior	2026-09-18T11:09:15.5399412Z     "/home/runner/work/shimoju.jp/shimoju.jp/themes",
shsh-check	Verify theme, migrated output and browser behavior	2026-09-18T11:09:15.5399744Z     "--destination",
shsh-check	Verify theme, migrated output and browser behavior	2026-09-18T11:09:15.5400166Z     "/home/runner/work/shimoju.jp/shimoju.jp/themes/shsh/.cache/site/production",
shsh-check	Verify theme, migrated output and browser behavior	2026-09-18T11:09:15.5400600Z     "--cacheDir",
shsh-check	Verify theme, migrated output and browser behavior	2026-09-18T11:09:15.5400989Z     "/home/runner/work/shimoju.jp/shimoju.jp/themes/shsh/.cache/site/hugo-cache",
shsh-check	Verify theme, migrated output and browser behavior	2026-09-18T11:09:15.5401383Z     "--environment",
shsh-check	Verify theme, migrated output and browser behavior	2026-09-18T11:09:15.5401649Z     "production",
shsh-check	Verify theme, migrated output and browser behavior	2026-09-18T11:09:15.5401855Z     "--clock",
shsh-check	Verify theme, migrated output and browser behavior	2026-09-18T11:09:15.5402088Z     "2026-09-17T12:00:00+09:00",
shsh-check	Verify theme, migrated output and browser behavior	2026-09-18T11:09:15.5402363Z     "--cleanDestinationDir",
shsh-check	Verify theme, migrated output and browser behavior	2026-09-18T11:09:15.5402612Z     "--panicOnWarning"
shsh-check	Verify theme, migrated output and browser behavior	2026-09-18T11:09:15.5402825Z   ],
shsh-check	Verify theme, migrated output and browser behavior	2026-09-18T11:09:15.5403008Z   "live": false,
shsh-check	Verify theme, migrated output and browser behavior	2026-09-18T11:09:15.5403248Z   "environment": "production",
shsh-check	Verify theme, migrated output and browser behavior	2026-09-18T11:09:15.5403496Z   "exitCode": 0,
shsh-check	Verify theme, migrated output and browser behavior	2026-09-18T11:09:15.5403703Z   "seconds": 18.630525155,
shsh-check	Verify theme, migrated output and browser behavior	2026-09-18T11:09:15.5406023Z   "stdout": "Start building sites … \nhugo v0.166.0-78400b4de8adc99273d3e674ed6c4d14c3bdf669 linux/amd64 BuildDate=2026-09-09T14:45:02Z VendorInfo=gohugoio\n\n\n                  │ JA  \n──────────────────┼─────\n Pages            │ 160 \n Paginator pages  │  14 \n Non-page files   │  19 \n Static files     │   6 \n Processed images │ 124 \n Aliases          │  46 \n Cleaned          │   0 \n\nTotal in 18581 ms\n",
shsh-check	Verify theme, migrated output and browser behavior	2026-09-18T11:09:15.5407418Z   "stderr": ""
shsh-check	Verify theme, migrated output and browser behavior	2026-09-18T11:09:15.5407703Z }
shsh-check	Verify theme, migrated output and browser behavior	2026-09-18T11:09:15.8627560Z {
shsh-check	Verify theme, migrated output and browser behavior	2026-09-18T11:09:15.8628016Z   "command": [
shsh-check	Verify theme, migrated output and browser behavior	2026-09-18T11:09:15.8628385Z     "hugo",
shsh-check	Verify theme, migrated output and browser behavior	2026-09-18T11:09:15.8628720Z     "--source",
shsh-check	Verify theme, migrated output and browser behavior	2026-09-18T11:09:15.8629427Z     "/home/runner/work/shimoju.jp/shimoju.jp/themes/shsh/.cache/site/source",
shsh-check	Verify theme, migrated output and browser behavior	2026-09-18T11:09:15.8630084Z     "--themesDir",
shsh-check	Verify theme, migrated output and browser behavior	2026-09-18T11:09:15.8630555Z     "/home/runner/work/shimoju.jp/shimoju.jp/themes",
shsh-check	Verify theme, migrated output and browser behavior	2026-09-18T11:09:15.8631103Z     "--destination",
shsh-check	Verify theme, migrated output and browser behavior	2026-09-18T11:09:15.8631761Z     "/home/runner/work/shimoju.jp/shimoju.jp/themes/shsh/.cache/site/preview",
shsh-check	Verify theme, migrated output and browser behavior	2026-09-18T11:09:15.8632397Z     "--cacheDir",
shsh-check	Verify theme, migrated output and browser behavior	2026-09-18T11:09:15.8633007Z     "/home/runner/work/shimoju.jp/shimoju.jp/themes/shsh/.cache/site/hugo-cache",
shsh-check	Verify theme, migrated output and browser behavior	2026-09-18T11:09:15.8633650Z     "--environment",
shsh-check	Verify theme, migrated output and browser behavior	2026-09-18T11:09:15.8633999Z     "preview",
shsh-check	Verify theme, migrated output and browser behavior	2026-09-18T11:09:15.8634330Z     "--clock",
shsh-check	Verify theme, migrated output and browser behavior	2026-09-18T11:09:15.8634711Z     "2026-09-17T12:00:00+09:00",
shsh-check	Verify theme, migrated output and browser behavior	2026-09-18T11:09:15.8635146Z     "--cleanDestinationDir",
shsh-check	Verify theme, migrated output and browser behavior	2026-09-18T11:09:15.8635795Z     "--panicOnWarning",
shsh-check	Verify theme, migrated output and browser behavior	2026-09-18T11:09:15.8636262Z     "--baseURL",
shsh-check	Verify theme, migrated output and browser behavior	2026-09-18T11:09:15.8636666Z     "https://preview.invalid/"
shsh-check	Verify theme, migrated output and browser behavior	2026-09-18T11:09:15.8637087Z   ],
shsh-check	Verify theme, migrated output and browser behavior	2026-09-18T11:09:15.8637454Z   "live": false,
shsh-check	Verify theme, migrated output and browser behavior	2026-09-18T11:09:15.8637831Z   "environment": "preview",
shsh-check	Verify theme, migrated output and browser behavior	2026-09-18T11:09:15.8638260Z   "exitCode": 0,
shsh-check	Verify theme, migrated output and browser behavior	2026-09-18T11:09:15.8638705Z   "seconds": 0.32247106599999825,
shsh-check	Verify theme, migrated output and browser behavior	2026-09-18T11:09:15.8642496Z   "stdout": "Start building sites … \nhugo v0.166.0-78400b4de8adc99273d3e674ed6c4d14c3bdf669 linux/amd64 BuildDate=2026-09-09T14:45:02Z VendorInfo=gohugoio\n\n\n                  │ JA  \n──────────────────┼─────\n Pages            │ 160 \n Paginator pages  │  14 \n Non-page files   │  19 \n Static files     │   6 \n Processed images │ 124 \n Aliases          │  46 \n Cleaned          │   0 \n\nTotal in 285 ms\n",
shsh-check	Verify theme, migrated output and browser behavior	2026-09-18T11:09:15.8644864Z   "stderr": ""
shsh-check	Verify theme, migrated output and browser behavior	2026-09-18T11:09:15.8645254Z }
shsh-check	Verify theme, migrated output and browser behavior	2026-09-18T11:09:15.8843171Z $ node scripts/verify-site-inputs.ts
shsh-check	Verify theme, migrated output and browser behavior	2026-09-18T11:09:16.1499181Z Site inputs: 80 original source/assets, 7 authorized changes, 62 Markdown files and 46 embeds verified. Offline production/preview passed.
shsh-check	Verify theme, migrated output and browser behavior	2026-09-18T11:09:16.1759942Z $ node scripts/verify-site-output.ts
shsh-check	Verify theme, migrated output and browser behavior	2026-09-18T11:09:19.9238244Z All 340 production/preview HTML files valid; F015 exact-title length exception only.
shsh-check	Verify theme, migrated output and browser behavior	2026-09-18T11:09:19.9649619Z $ playwright test
shsh-check	Verify theme, migrated output and browser behavior	2026-09-18T11:09:21.1077181Z
shsh-check	Verify theme, migrated output and browser behavior	2026-09-18T11:09:21.1077814Z Running 246 tests using 2 workers
shsh-check	Verify theme, migrated output and browser behavior	2026-09-18T11:09:21.1078111Z
shsh-check	Verify theme, migrated output and browser behavior	2026-09-18T11:09:23.1275819Z   ✓    1 [chromium] › tests/collections.spec.ts:4:1 › home and section pagination retain newer-left/older-right and first-page introduction (1.2s)
shsh-check	Verify theme, migrated output and browser behavior	2026-09-18T11:09:23.5190298Z   ✓    3 [chromium] › tests/collections.spec.ts:91:1 › pagination and whole-card links work without JavaScript (376ms)
shsh-check	Verify theme, migrated output and browser behavior	2026-09-18T11:09:28.3117599Z   ✓    2 [chromium] › tests/collections.spec.ts:29:1 › list text, separators and pager preserve frozen mock styles in both widths and palettes (6.4s)
shsh-check	Verify theme, migrated output and browser behavior	2026-09-18T11:09:29.2627005Z   ✓    4 [chromium] › tests/full-review.spec.ts:9:3 › Full screen home (5.7s)
shsh-check	Verify theme, migrated output and browser behavior	2026-09-18T11:09:33.2421976Z   ✓    5 [chromium] › tests/full-review.spec.ts:9:3 › Full screen home-2 (4.9s)
shsh-check	Verify theme, migrated output and browser behavior	2026-09-18T11:09:33.7373115Z   ✓    6 [chromium] › tests/full-review.spec.ts:9:3 › Full screen home-3 (4.5s)
shsh-check	Verify theme, migrated output and browser behavior	2026-09-18T11:09:38.4187556Z   ✓    8 [chromium] › tests/full-review.spec.ts:9:3 › Full screen posts-2 (4.7s)
shsh-check	Verify theme, migrated output and browser behavior	2026-09-18T11:09:38.4328519Z   ✓    7 [chromium] › tests/full-review.spec.ts:9:3 › Full screen posts (5.2s)
shsh-check	Verify theme, migrated output and browser behavior	2026-09-18T11:09:42.8999636Z   ✓    9 [chromium] › tests/full-review.spec.ts:9:3 › Full screen posts-3 (4.5s)
shsh-check	Verify theme, migrated output and browser behavior	2026-09-18T11:09:43.1765254Z   ✓   10 [chromium] › tests/full-review.spec.ts:9:3 › Full screen tags (4.7s)
shsh-check	Verify theme, migrated output and browser behavior	2026-09-18T11:09:47.0038370Z   ✓   11 [chromium] › tests/full-review.spec.ts:9:3 › Full screen tags-empty (4.1s)
shsh-check	Verify theme, migrated output and browser behavior	2026-09-18T11:09:48.0406083Z   ✓   12 [chromium] › tests/full-review.spec.ts:9:3 › Full screen tag-1 (4.8s)
shsh-check	Verify theme, migrated output and browser behavior	2026-09-18T11:09:51.4159597Z   ✓   13 [chromium] › tests/full-review.spec.ts:9:3 › Full screen tag-2 (4.4s)
shsh-check	Verify theme, migrated output and browser behavior	2026-09-18T11:09:52.9454806Z   ✓   14 [chromium] › tests/full-review.spec.ts:9:3 › Full screen tag-3 (4.9s)
shsh-check	Verify theme, migrated output and browser behavior	2026-09-18T11:09:56.2564095Z   ✓   15 [chromium] › tests/full-review.spec.ts:9:3 › Full screen tag-4 (4.8s)
shsh-check	Verify theme, migrated output and browser behavior	2026-09-18T11:09:57.8303063Z   ✓   16 [chromium] › tests/full-review.spec.ts:9:3 › Full screen tag-5 (4.9s)
shsh-check	Verify theme, migrated output and browser behavior	2026-09-18T11:10:00.6909541Z   ✓   17 [chromium] › tests/full-review.spec.ts:9:3 › Full screen tag-6 (4.4s)
shsh-check	Verify theme, migrated output and browser behavior	2026-09-18T11:10:02.7216283Z   ✓   18 [chromium] › tests/full-review.spec.ts:9:3 › Full screen tag-7 (4.9s)
shsh-check	Verify theme, migrated output and browser behavior	2026-09-18T11:10:05.5498698Z   ✓   19 [chromium] › tests/full-review.spec.ts:9:3 › Full screen tag-8 (4.8s)
shsh-check	Verify theme, migrated output and browser behavior	2026-09-18T11:10:07.2326102Z   ✓   20 [chromium] › tests/full-review.spec.ts:9:3 › Full screen tag-9 (4.5s)
shsh-check	Verify theme, migrated output and browser behavior	2026-09-18T11:10:10.4857050Z   ✓   21 [chromium] › tests/full-review.spec.ts:9:3 › Full screen tag-10 (4.9s)
shsh-check	Verify theme, migrated output and browser behavior	2026-09-18T11:10:12.1487953Z   ✓   22 [chromium] › tests/full-review.spec.ts:9:3 › Full screen tag-11 (4.9s)
shsh-check	Verify theme, migrated output and browser behavior	2026-09-18T11:10:14.7954781Z   ✓   23 [chromium] › tests/full-review.spec.ts:9:3 › Full screen categories (4.3s)
shsh-check	Verify theme, migrated output and browser behavior	2026-09-18T11:10:16.3218618Z   ✓   24 [chromium] › tests/full-review.spec.ts:9:3 › Full screen categories-empty (4.2s)
shsh-check	Verify theme, migrated output and browser behavior	2026-09-18T11:10:19.7842139Z   ✓   25 [chromium] › tests/full-review.spec.ts:9:3 › Full screen category-1 (5.0s)
shsh-check	Verify theme, migrated output and browser behavior	2026-09-18T11:10:21.1499647Z   ✓   26 [chromium] › tests/full-review.spec.ts:9:3 › Full screen category-2 (4.8s)
shsh-check	Verify theme, migrated output and browser behavior	2026-09-18T11:10:24.8117020Z   ✓   27 [chromium] › tests/full-review.spec.ts:9:3 › Full screen category-2-2 (5.0s)
shsh-check	Verify theme, migrated output and browser behavior	2026-09-18T11:10:27.4627450Z   ✓   28 [chromium] › tests/full-review.spec.ts:9:3 › Full screen tag-pagination (6.3s)
shsh-check	Verify theme, migrated output and browser behavior	2026-09-18T11:10:30.5764865Z   ✓   29 [chromium] › tests/full-review.spec.ts:9:3 › Full screen tag-pagination-2 (5.7s)
shsh-check	Verify theme, migrated output and browser behavior	2026-09-18T11:10:32.6147414Z   ✓   30 [chromium] › tests/full-review.spec.ts:9:3 › Full screen tag-pagination-3 (5.1s)
shsh-check	Verify theme, migrated output and browser behavior	2026-09-18T11:10:35.9428323Z   ✓   31 [chromium] › tests/full-review.spec.ts:9:3 › Full screen category-pagination (5.3s)
shsh-check	Verify theme, migrated output and browser behavior	2026-09-18T11:10:37.6304094Z   ✓   32 [chromium] › tests/full-review.spec.ts:9:3 › Full screen category-pagination-2 (5.0s)
shsh-check	Verify theme, migrated output and browser behavior	2026-09-18T11:10:40.4506620Z   ✓   33 [chromium] › tests/full-review.spec.ts:9:3 › Full screen category-pagination-3 (4.5s)
shsh-check	Verify theme, migrated output and browser behavior	2026-09-18T11:10:49.6290968Z   ✓   35 [chromium] › tests/full-review.spec.ts:9:3 › Full screen article-hugo (9.2s)
shsh-check	Verify theme, migrated output and browser behavior	2026-09-18T11:10:54.4360312Z   ✓   36 [chromium] › tests/full-review.spec.ts:9:3 › Full screen article-diary (4.8s)
shsh-check	Verify theme, migrated output and browser behavior	2026-09-18T11:10:59.3577564Z   ✓   37 [chromium] › tests/full-review.spec.ts:9:3 › Full screen article-bgm (4.9s)
shsh-check	Verify theme, migrated output and browser behavior	2026-09-18T11:11:01.9800123Z   ✓   34 [chromium] › tests/full-review.spec.ts:9:3 › Full screen article (24.3s)
shsh-check	Verify theme, migrated output and browser behavior	2026-09-18T11:11:04.7996163Z   ✓   38 [chromium] › tests/full-review.spec.ts:9:3 › Full screen article-pasmo (5.4s)
shsh-check	Verify theme, migrated output and browser behavior	2026-09-18T11:11:09.6729131Z   ✓   40 [chromium] › tests/full-review.spec.ts:9:3 › Full screen archives (4.9s)
shsh-check	Verify theme, migrated output and browser behavior	2026-09-18T11:11:13.8322927Z   ✓   41 [chromium] › tests/full-review.spec.ts:9:3 › Full screen 404 (4.1s)
shsh-check	Verify theme, migrated output and browser behavior	2026-09-18T11:11:16.4471400Z   ✓   39 [chromium] › tests/full-review.spec.ts:9:3 › Full screen about (14.5s)
shsh-check	Verify theme, migrated output and browser behavior	2026-09-18T11:11:17.8728427Z   ✓   42 [chromium] › tests/full-review.spec.ts:9:3 › Full screen empty (4.0s)
shsh-check	Verify theme, migrated output and browser behavior	2026-09-18T11:11:21.1075280Z   ✓   43 [chromium] › tests/full-review.spec.ts:9:3 › Full screen single-item (4.6s)
shsh-check	Verify theme, migrated output and browser behavior	2026-09-18T11:11:22.1972504Z   ✓   45 [chromium] › tests/media.spec.ts:10:1 › responsive candidates, originals, dimensions, loading and figure semantics (1.1s)
shsh-check	Verify theme, migrated output and browser behavior	2026-09-18T11:11:22.7538924Z   ✓   44 [chromium] › tests/full-review.spec.ts:138:1 › discovery semantics, keyboard, fixed pages and JavaScript-disabled navigation (4.9s)
shsh-check	Verify theme, migrated output and browser behavior	2026-09-18T11:11:25.0155021Z   ✓   46 [chromium] › tests/media.spec.ts:88:1 › WebP preserves PNG pixels and transparency at each generated width (2.8s)
shsh-check	Verify theme, migrated output and browser behavior	2026-09-18T11:11:25.6539797Z   ✓   48 [chromium] › tests/media.spec.ts:193:1 › DPR chooses fitting candidates and JavaScript-free media remain usable (626ms)
shsh-check	Verify theme, migrated output and browser behavior	2026-09-18T11:11:25.7628390Z   ✓   49 [chromium] › tests/metadata.spec.ts:52:1 › RSS uses all ordered articles, plain common summaries and stable document GUIDs (91ms)
shsh-check	Verify theme, migrated output and browser behavior	2026-09-18T11:11:25.8609420Z   ✓   50 [chromium] › tests/metadata.spec.ts:79:1 › taxonomy feeds contain term pages, term feeds filter posts, empty feeds have no fake dates (87ms)
shsh-check	Verify theme, migrated output and browser behavior	2026-09-18T11:11:26.0784066Z   ✓   51 [chromium] › tests/metadata.spec.ts:109:1 › canonical and discovery URLs follow the active pager and build baseURL (202ms)
shsh-check	Verify theme, migrated output and browser behavior	2026-09-18T11:11:26.2227541Z   ✓   52 [chromium] › tests/metadata.spec.ts:135:1 › description, dates and JSON-LD preserve page roles and safe text (129ms)
shsh-check	Verify theme, migrated output and browser behavior	2026-09-18T11:11:26.4002681Z   ✓   53 [chromium] › tests/metadata.spec.ts:170:1 › SNS images use cover, global assets/static/external defaults or none, never body images (162ms)
shsh-check	Verify theme, migrated output and browser behavior	2026-09-18T11:11:26.5956898Z   ✓   54 [chromium] › tests/metadata.spec.ts:193:1 › all XML parses, sitemap and robots follow production and preview (181ms)
shsh-check	Verify theme, migrated output and browser behavior	2026-09-18T11:11:28.9309220Z   ✓   47 [chromium] › tests/media.spec.ts:151:1 › media geometry matches mock, small images stay small, both colors remain accessible (6.2s)
shsh-check	Verify theme, migrated output and browser behavior	2026-09-18T11:11:29.1889638Z   ✓   55 [chromium] › tests/migration.spec.ts:36:3 › All migrated outputs: production (2.6s)
shsh-check	Verify theme, migrated output and browser behavior	2026-09-18T11:11:29.7651546Z   ✓   56 [chromium] › tests/migration.spec.ts:36:3 › All migrated outputs: preview (796ms)
shsh-check	Verify theme, migrated output and browser behavior	2026-09-18T11:11:30.0222567Z   ✓   57 [chromium] › tests/prose.spec.ts:19:1 › copy preserves code with Japanese, inline/table numbers, unknown language and no label (806ms)
shsh-check	Verify theme, migrated output and browser behavior	2026-09-18T11:11:30.1986199Z   ✓   58 [chromium] › tests/prose.spec.ts:47:1 › failed copy announces manual fallback, permits retry, and resets success after three seconds (406ms)
shsh-check	Verify theme, migrated output and browser behavior	2026-09-18T11:11:30.7883585Z   ✓   60 [chromium] › tests/prose.spec.ts:95:1 › touch reveals copy, outside tap and horizontal scroll dismiss it (574ms)
shsh-check	Verify theme, migrated output and browser behavior	2026-09-18T11:11:30.8127884Z   ✓   59 [chromium] › tests/prose.spec.ts:74:1 › keyboard reveals copy and Escape returns focus to selectable code (773ms)
shsh-check	Verify theme, migrated output and browser behavior	2026-09-18T11:11:31.4963920Z   ✓   61 [chromium] › tests/prose.spec.ts:116:1 › the first tap on a revealed copy button copies exactly once (693ms)
shsh-check	Verify theme, migrated output and browser behavior	2026-09-18T11:11:35.3568747Z   ✓   63 [chromium] › tests/prose.spec.ts:256:1 › full real article preserves mock prose layout in both palettes and widths (3.8s)
shsh-check	Verify theme, migrated output and browser behavior	2026-09-18T11:11:38.4470319Z   ✓   62 [chromium] › tests/prose.spec.ts:160:1 › prose matches mock type and spacing; footnotes, headings, dates and JS-free reading work (7.6s)
shsh-check	Verify theme, migrated output and browser behavior	2026-09-18T11:11:40.7493396Z   ✓   64 [chromium] › tests/review.spec.ts:70:3 › Representative home comparison, both widths/colors and text enlargement (5.4s)
shsh-check	Verify theme, migrated output and browser behavior	2026-09-18T11:11:43.5463928Z   ✓   65 [chromium] › tests/review.spec.ts:70:3 › Representative posts comparison, both widths/colors and text enlargement (5.1s)
shsh-check	Verify theme, migrated output and browser behavior	2026-09-18T11:11:58.8136457Z   ✓   67 [chromium] › tests/review.spec.ts:70:3 › Representative specimen comparison, both widths/colors and text enlargement (15.3s)
shsh-check	Verify theme, migrated output and browser behavior	2026-09-18T11:12:00.7237292Z   ✓   68 [chromium] › tests/sharing.spec.ts:14:1 › shared document URLs, encoded titles, service order and keyboard navigation (1.9s)
shsh-check	Verify theme, migrated output and browser behavior	2026-09-18T11:12:01.5357738Z   ✓   69 [chromium] › tests/sharing.spec.ts:59:1 › failed star download preserves reading and share links and announces failure (794ms)
shsh-check	Verify theme, migrated output and browser behavior	2026-09-18T11:12:01.9590021Z   ✓   70 [chromium] › tests/sharing.spec.ts:72:1 › preview cannot share or load stars; JS-free production retains ordinary links (412ms)
shsh-check	Verify theme, migrated output and browser behavior	2026-09-18T11:12:03.5149543Z   ✓   71 [chromium] › tests/sharing.spec.ts:103:1 › sharing retains mock geometry and icon styling at both widths and palettes (1.5s)
shsh-check	Verify theme, migrated output and browser behavior	2026-09-18T11:12:04.9764866Z   ✓   66 [chromium] › tests/review.spec.ts:70:3 › Representative article comparison, both widths/colors and text enlargement (24.2s)
shsh-check	Verify theme, migrated output and browser behavior	2026-09-18T11:12:07.0237814Z   ✓   72 [chromium] › tests/site.spec.ts:9:3 › Migrated site production: all embed positions, URLs and publication controls (3.5s)
shsh-check	Verify theme, migrated output and browser behavior	2026-09-18T11:12:07.6687088Z   ✓   74 [chromium] › tests/site.spec.ts:99:1 › real video reserves its intrinsic ratio before loading; native playback dimensions agree (631ms)
shsh-check	Verify theme, migrated output and browser behavior	2026-09-18T11:12:08.4966857Z   ✓   73 [chromium] › tests/site.spec.ts:9:3 › Migrated site preview: all embed positions, URLs and publication controls (3.5s)
shsh-check	Verify theme, migrated output and browser behavior	2026-09-18T11:12:08.6996448Z   ✓   75 [chromium] › tests/theme.spec.ts:4:1 › portrait and landscape keep the type scale while explicit text enlargement still works (1.0s)
shsh-check	Verify theme, migrated output and browser behavior	2026-09-18T11:12:08.7548006Z   ✓   76 [chromium] › tests/theme.spec.ts:50:1 › saved pref-theme is applied before styles load (229ms)
shsh-check	Verify theme, migrated output and browser behavior	2026-09-18T11:12:09.0629285Z   ✓   78 [chromium] › tests/theme.spec.ts:99:1 › invalid and unavailable storage retain OS fallback and allow a page-local choice (285ms)
shsh-check	Verify theme, migrated output and browser behavior	2026-09-18T11:12:09.1888289Z   ✓   77 [chromium] › tests/theme.spec.ts:71:1 › OS follows until a keyboard choice, persists and ignores mock query parameters (473ms)
shsh-check	Verify theme, migrated output and browser behavior	2026-09-18T11:12:09.2763790Z   ✓   79 [chromium] › tests/theme.spec.ts:124:1 › invalid saved value uses OS preference (198ms)
shsh-check	Verify theme, migrated output and browser behavior	2026-09-18T11:12:09.5871797Z   ✓   80 [chromium] › tests/theme.spec.ts:131:1 › without JavaScript both OS palettes, navigation and subscription remain usable (389ms)
shsh-check	Verify theme, migrated output and browser behavior	2026-09-18T11:12:10.8797044Z   ✓   82 [chromium] › tests/tooling.spec.ts:5:1 › Hugo formatting preserves inline spaces, attributes, render hooks and compiled assets (1.3s)
shsh-check	Verify theme, migrated output and browser behavior	2026-09-18T11:12:12.8466987Z   ✓   81 [chromium] › tests/theme.spec.ts:148:1 › shared shell keeps mock dimensions at desktop and mobile widths in both palettes (3.6s)
shsh-check	Verify theme, migrated output and browser behavior	2026-09-18T11:12:15.5013410Z   ✓   83 [firefox] › tests/collections.spec.ts:4:1 › home and section pagination retain newer-left/older-right and first-page introduction (3.3s)
shsh-check	Verify theme, migrated output and browser behavior	2026-09-18T11:12:16.4968052Z   ✓   85 [firefox] › tests/collections.spec.ts:91:1 › pagination and whole-card links work without JavaScript (975ms)
shsh-check	Verify theme, migrated output and browser behavior	2026-09-18T11:12:24.2589663Z   ✓   86 [firefox] › tests/full-review.spec.ts:9:3 › Full screen home (7.7s)
shsh-check	Verify theme, migrated output and browser behavior	2026-09-18T11:12:26.7757286Z   ✓   84 [firefox] › tests/collections.spec.ts:29:1 › list text, separators and pager preserve frozen mock styles in both widths and palettes (12.6s)
shsh-check	Verify theme, migrated output and browser behavior	2026-09-18T11:12:31.6067940Z   ✓   87 [firefox] › tests/full-review.spec.ts:9:3 › Full screen home-2 (7.3s)
shsh-check	Verify theme, migrated output and browser behavior	2026-09-18T11:12:33.8402058Z   ✓   88 [firefox] › tests/full-review.spec.ts:9:3 › Full screen home-3 (7.0s)
shsh-check	Verify theme, migrated output and browser behavior	2026-09-18T11:12:38.9401216Z   ✓   89 [firefox] › tests/full-review.spec.ts:9:3 › Full screen posts (7.3s)
shsh-check	Verify theme, migrated output and browser behavior	2026-09-18T11:12:41.1353824Z   ✓   90 [firefox] › tests/full-review.spec.ts:9:3 › Full screen posts-2 (7.3s)
shsh-check	Verify theme, migrated output and browser behavior	2026-09-18T11:12:48.1620854Z   ✓   92 [firefox] › tests/full-review.spec.ts:9:3 › Full screen tags (7.0s)
shsh-check	Verify theme, migrated output and browser behavior	2026-09-18T11:12:48.2819544Z   ✓   91 [firefox] › tests/full-review.spec.ts:9:3 › Full screen posts-3 (9.3s)
shsh-check	Verify theme, migrated output and browser behavior	2026-09-18T11:12:54.9020065Z   ✓   93 [firefox] › tests/full-review.spec.ts:9:3 › Full screen tags-empty (6.7s)
shsh-check	Verify theme, migrated output and browser behavior	2026-09-18T11:12:55.3602737Z   ✓   94 [firefox] › tests/full-review.spec.ts:9:3 › Full screen tag-1 (7.1s)
shsh-check	Verify theme, migrated output and browser behavior	2026-09-18T11:13:01.7598159Z   ✓   96 [firefox] › tests/full-review.spec.ts:9:3 › Full screen tag-3 (6.4s)
shsh-check	Verify theme, migrated output and browser behavior	2026-09-18T11:13:04.1917014Z   ✓   95 [firefox] › tests/full-review.spec.ts:9:3 › Full screen tag-2 (9.3s)
shsh-check	Verify theme, migrated output and browser behavior	2026-09-18T11:13:08.6117129Z   ✓   97 [firefox] › tests/full-review.spec.ts:9:3 › Full screen tag-4 (6.8s)
shsh-check	Verify theme, migrated output and browser behavior	2026-09-18T11:13:11.1044219Z   ✓   98 [firefox] › tests/full-review.spec.ts:9:3 › Full screen tag-5 (6.9s)
shsh-check	Verify theme, migrated output and browser behavior	2026-09-18T11:13:15.5911395Z   ✓   99 [firefox] › tests/full-review.spec.ts:9:3 › Full screen tag-6 (7.0s)
shsh-check	Verify theme, migrated output and browser behavior	2026-09-18T11:13:18.1273273Z   ✓  100 [firefox] › tests/full-review.spec.ts:9:3 › Full screen tag-7 (7.0s)
shsh-check	Verify theme, migrated output and browser behavior	2026-09-18T11:13:24.7062044Z   ✓  102 [firefox] › tests/full-review.spec.ts:9:3 › Full screen tag-9 (6.6s)
shsh-check	Verify theme, migrated output and browser behavior	2026-09-18T11:13:25.3869377Z   ✓  101 [firefox] › tests/full-review.spec.ts:9:3 › Full screen tag-8 (9.8s)
shsh-check	Verify theme, migrated output and browser behavior	2026-09-18T11:13:31.6426447Z   ✓  103 [firefox] › tests/full-review.spec.ts:9:3 › Full screen tag-10 (6.9s)
shsh-check	Verify theme, migrated output and browser behavior	2026-09-18T11:13:32.4840154Z   ✓  104 [firefox] › tests/full-review.spec.ts:9:3 › Full screen tag-11 (7.1s)
shsh-check	Verify theme, migrated output and browser behavior	2026-09-18T11:13:38.4835077Z   ✓  106 [firefox] › tests/full-review.spec.ts:9:3 › Full screen categories-empty (6.0s)
shsh-check	Verify theme, migrated output and browser behavior	2026-09-18T11:13:40.7201608Z   ✓  105 [firefox] › tests/full-review.spec.ts:9:3 › Full screen categories (9.1s)
shsh-check	Verify theme, migrated output and browser behavior	2026-09-18T11:13:45.3761098Z   ✓  107 [firefox] › tests/full-review.spec.ts:9:3 › Full screen category-1 (6.9s)
shsh-check	Verify theme, migrated output and browser behavior	2026-09-18T11:13:47.8056224Z   ✓  108 [firefox] › tests/full-review.spec.ts:9:3 › Full screen category-2 (7.1s)
shsh-check	Verify theme, migrated output and browser behavior	2026-09-18T11:13:52.4476943Z   ✓  109 [firefox] › tests/full-review.spec.ts:9:3 › Full screen category-2-2 (7.1s)
shsh-check	Verify theme, migrated output and browser behavior	2026-09-18T11:13:55.0975058Z   ✓  110 [firefox] › tests/full-review.spec.ts:9:3 › Full screen tag-pagination (7.3s)
shsh-check	Verify theme, migrated output and browser behavior	2026-09-18T11:14:01.5949377Z   ✓  112 [firefox] › tests/full-review.spec.ts:9:3 › Full screen tag-pagination-3 (6.5s)
shsh-check	Verify theme, migrated output and browser behavior	2026-09-18T11:14:03.1079571Z   ✓  111 [firefox] › tests/full-review.spec.ts:9:3 › Full screen tag-pagination-2 (10.6s)
shsh-check	Verify theme, migrated output and browser behavior	2026-09-18T11:14:08.7414760Z   ✓  113 [firefox] › tests/full-review.spec.ts:9:3 › Full screen category-pagination (7.1s)
shsh-check	Verify theme, migrated output and browser behavior	2026-09-18T11:14:10.2791680Z   ✓  114 [firefox] › tests/full-review.spec.ts:9:3 › Full screen category-pagination-2 (7.2s)
shsh-check	Verify theme, migrated output and browser behavior	2026-09-18T11:14:18.1049416Z   ✓  115 [firefox] › tests/full-review.spec.ts:9:3 › Full screen category-pagination-3 (9.3s)
shsh-check	Verify theme, migrated output and browser behavior	2026-09-18T11:14:28.7522512Z   ✓  117 [firefox] › tests/full-review.spec.ts:9:3 › Full screen article-hugo (10.6s)
shsh-check	Verify theme, migrated output and browser behavior	2026-09-18T11:14:30.2715797Z   ✓  116 [firefox] › tests/full-review.spec.ts:9:3 › Full screen article (20.0s)
shsh-check	Verify theme, migrated output and browser behavior	2026-09-18T11:14:35.8848300Z   ✓  118 [firefox] › tests/full-review.spec.ts:9:3 › Full screen article-diary (7.1s)
shsh-check	Verify theme, migrated output and browser behavior	2026-09-18T11:14:38.1078041Z   ✓  119 [firefox] › tests/full-review.spec.ts:9:3 › Full screen article-bgm (7.8s)
shsh-check	Verify theme, migrated output and browser behavior	2026-09-18T11:14:43.4784257Z   ✓  120 [firefox] › tests/full-review.spec.ts:9:3 › Full screen article-pasmo (7.6s)
shsh-check	Verify theme, migrated output and browser behavior	2026-09-18T11:14:50.5268130Z   ✓  122 [firefox] › tests/full-review.spec.ts:9:3 › Full screen archives (7.0s)
shsh-check	Verify theme, migrated output and browser behavior	2026-09-18T11:14:51.7521393Z   ✓  121 [firefox] › tests/full-review.spec.ts:9:3 › Full screen about (13.6s)
shsh-check	Verify theme, migrated output and browser behavior	2026-09-18T11:14:58.7813087Z   ✓  124 [firefox] › tests/full-review.spec.ts:9:3 › Full screen empty (7.0s)
shsh-check	Verify theme, migrated output and browser behavior	2026-09-18T11:15:00.3227776Z   ✓  123 [firefox] › tests/full-review.spec.ts:9:3 › Full screen 404 (9.8s)
shsh-check	Verify theme, migrated output and browser behavior	2026-09-18T11:15:05.5239393Z   ✓  125 [firefox] › tests/full-review.spec.ts:9:3 › Full screen single-item (6.7s)
shsh-check	Verify theme, migrated output and browser behavior	2026-09-18T11:15:07.3374356Z   ✓  127 [firefox] › tests/media.spec.ts:10:1 › responsive candidates, originals, dimensions, loading and figure semantics (1.8s)
shsh-check	Verify theme, migrated output and browser behavior	2026-09-18T11:15:08.3320606Z   ✓  126 [firefox] › tests/full-review.spec.ts:138:1 › discovery semantics, keyboard, fixed pages and JavaScript-disabled navigation (8.0s)
shsh-check	Verify theme, migrated output and browser behavior	2026-09-18T11:15:10.0860918Z   ✓  128 [firefox] › tests/media.spec.ts:88:1 › WebP preserves PNG pixels and transparency at each generated width (2.7s)
shsh-check	Verify theme, migrated output and browser behavior	2026-09-18T11:15:11.8558681Z   ✓  130 [firefox] › tests/media.spec.ts:193:1 › DPR chooses fitting candidates and JavaScript-free media remain usable (1.7s)
shsh-check	Verify theme, migrated output and browser behavior	2026-09-18T11:15:12.2764375Z   ✓  131 [firefox] › tests/metadata.spec.ts:52:1 › RSS uses all ordered articles, plain common summaries and stable document GUIDs (397ms)
shsh-check	Verify theme, migrated output and browser behavior	2026-09-18T11:15:12.6702665Z   ✓  132 [firefox] › tests/metadata.spec.ts:79:1 › taxonomy feeds contain term pages, term feeds filter posts, empty feeds have no fake dates (375ms)
shsh-check	Verify theme, migrated output and browser behavior	2026-09-18T11:15:14.6241037Z   ✓  133 [firefox] › tests/metadata.spec.ts:109:1 › canonical and discovery URLs follow the active pager and build baseURL (1.9s)
shsh-check	Verify theme, migrated output and browser behavior	2026-09-18T11:15:15.0267556Z   ✓  134 [firefox] › tests/metadata.spec.ts:135:1 › description, dates and JSON-LD preserve page roles and safe text (388ms)
shsh-check	Verify theme, migrated output and browser behavior	2026-09-18T11:15:15.4185286Z   ✓  135 [firefox] › tests/metadata.spec.ts:170:1 › SNS images use cover, global assets/static/external defaults or none, never body images (379ms)
shsh-check	Verify theme, migrated output and browser behavior	2026-09-18T11:15:15.8637994Z   ✓  136 [firefox] › tests/metadata.spec.ts:193:1 › all XML parses, sitemap and robots follow production and preview (432ms)
shsh-check	Verify theme, migrated output and browser behavior	2026-09-18T11:15:16.0340562Z   ✓  129 [firefox] › tests/media.spec.ts:151:1 › media geometry matches mock, small images stay small, both colors remain accessible (7.7s)
shsh-check	Verify theme, migrated output and browser behavior	2026-09-18T11:15:17.0433783Z   ✓  138 [firefox] › tests/migration.spec.ts:36:3 › All migrated outputs: preview (943ms)
shsh-check	Verify theme, migrated output and browser behavior	2026-09-18T11:15:18.2468777Z   ✓  139 [firefox] › tests/prose.spec.ts:19:1 › copy preserves code with Japanese, inline/table numbers, unknown language and no label (1.2s)
shsh-check	Verify theme, migrated output and browser behavior	2026-09-18T11:15:18.7950343Z   ✓  137 [firefox] › tests/migration.spec.ts:36:3 › All migrated outputs: production (2.9s)
shsh-check	Verify theme, migrated output and browser behavior	2026-09-18T11:15:19.0207919Z   ✓  140 [firefox] › tests/prose.spec.ts:47:1 › failed copy announces manual fallback, permits retry, and resets success after three seconds (745ms)
shsh-check	Verify theme, migrated output and browser behavior	2026-09-18T11:15:20.0623231Z   ✓  141 [firefox] › tests/prose.spec.ts:74:1 › keyboard reveals copy and Escape returns focus to selectable code (1.2s)
shsh-check	Verify theme, migrated output and browser behavior	2026-09-18T11:15:20.2184888Z   ✓  142 [firefox] › tests/prose.spec.ts:95:1 › touch reveals copy, outside tap and horizontal scroll dismiss it (1.2s)
shsh-check	Verify theme, migrated output and browser behavior	2026-09-18T11:15:21.3707780Z   ✓  143 [firefox] › tests/prose.spec.ts:116:1 › the first tap on a revealed copy button copies exactly once (1.3s)
shsh-check	Verify theme, migrated output and browser behavior	2026-09-18T11:15:25.2729332Z   ✓  145 [firefox] › tests/prose.spec.ts:256:1 › full real article preserves mock prose layout in both palettes and widths (3.9s)
shsh-check	Verify theme, migrated output and browser behavior	2026-09-18T11:15:33.7744242Z   ✓  146 [firefox] › tests/review.spec.ts:70:3 › Representative home comparison, both widths/colors and text enlargement (8.5s)
shsh-check	Verify theme, migrated output and browser behavior	2026-09-18T11:15:34.8263033Z   ✓  144 [firefox] › tests/prose.spec.ts:160:1 › prose matches mock type and spacing; footnotes, headings, dates and JS-free reading work (14.6s)
shsh-check	Verify theme, migrated output and browser behavior	2026-09-18T11:15:40.5657372Z   ✓  147 [firefox] › tests/review.spec.ts:70:3 › Representative posts comparison, both widths/colors and text enlargement (6.8s)
shsh-check	Verify theme, migrated output and browser behavior	2026-09-18T11:15:54.8760221Z   ✓  148 [firefox] › tests/review.spec.ts:70:3 › Representative article comparison, both widths/colors and text enlargement (20.0s)
shsh-check	Verify theme, migrated output and browser behavior	2026-09-18T11:15:55.6168435Z   ✓  149 [firefox] › tests/review.spec.ts:70:3 › Representative specimen comparison, both widths/colors and text enlargement (15.0s)
shsh-check	Verify theme, migrated output and browser behavior	2026-09-18T11:15:57.0278760Z   ✓  151 [firefox] › tests/sharing.spec.ts:59:1 › failed star download preserves reading and share links and announces failure (1.4s)
shsh-check	Verify theme, migrated output and browser behavior	2026-09-18T11:15:58.0585749Z   ✓  152 [firefox] › tests/sharing.spec.ts:72:1 › preview cannot share or load stars; JS-free production retains ordinary links (1.0s)
shsh-check	Verify theme, migrated output and browser behavior	2026-09-18T11:15:58.1663172Z   ✓  150 [firefox] › tests/sharing.spec.ts:14:1 › shared document URLs, encoded titles, service order and keyboard navigation (3.3s)
shsh-check	Verify theme, migrated output and browser behavior	2026-09-18T11:16:00.8419489Z   ✓  153 [firefox] › tests/sharing.spec.ts:103:1 › sharing retains mock geometry and icon styling at both widths and palettes (2.8s)
shsh-check	Verify theme, migrated output and browser behavior	2026-09-18T11:16:04.3341110Z   ✓  154 [firefox] › tests/site.spec.ts:9:3 › Migrated site production: all embed positions, URLs and publication controls (6.1s)
shsh-check	Verify theme, migrated output and browser behavior	2026-09-18T11:16:05.4228004Z   ✓  156 [firefox] › tests/site.spec.ts:99:1 › real video reserves its intrinsic ratio before loading; native playback dimensions agree (1.1s)
shsh-check	Verify theme, migrated output and browser behavior	2026-09-18T11:16:06.6278327Z   ✓  155 [firefox] › tests/site.spec.ts:9:3 › Migrated site preview: all embed positions, URLs and publication controls (5.8s)
shsh-check	Verify theme, migrated output and browser behavior	2026-09-18T11:16:07.3205719Z   ✓  157 [firefox] › tests/theme.spec.ts:4:1 › portrait and landscape keep the type scale while explicit text enlargement still works (1.9s)
shsh-check	Verify theme, migrated output and browser behavior	2026-09-18T11:16:08.0475985Z   ✓  159 [firefox] › tests/theme.spec.ts:71:1 › OS follows until a keyboard choice, persists and ignores mock query parameters (708ms)
shsh-check	Verify theme, migrated output and browser behavior	2026-09-18T11:16:08.5606209Z   ✓  160 [firefox] › tests/theme.spec.ts:99:1 › invalid and unavailable storage retain OS fallback and allow a page-local choice (499ms)
shsh-check	Verify theme, migrated output and browser behavior	2026-09-18T11:16:08.6334537Z   ✓  158 [firefox] › tests/theme.spec.ts:50:1 › saved pref-theme is applied before styles load (2.0s)
shsh-check	Verify theme, migrated output and browser behavior	2026-09-18T11:16:09.3684262Z   ✓  162 [firefox] › tests/theme.spec.ts:131:1 › without JavaScript both OS palettes, navigation and subscription remain usable (720ms)
shsh-check	Verify theme, migrated output and browser behavior	2026-09-18T11:16:10.5086930Z   ✓  161 [firefox] › tests/theme.spec.ts:124:1 › invalid saved value uses OS preference (1.9s)
shsh-check	Verify theme, migrated output and browser behavior	2026-09-18T11:16:12.7576174Z   ✓  164 [firefox] › tests/tooling.spec.ts:5:1 › Hugo formatting preserves inline spaces, attributes, render hooks and compiled assets (2.2s)
shsh-check	Verify theme, migrated output and browser behavior	2026-09-18T11:16:15.0706990Z   ✓  163 [firefox] › tests/theme.spec.ts:148:1 › shared shell keeps mock dimensions at desktop and mobile widths in both palettes (5.7s)
shsh-check	Verify theme, migrated output and browser behavior	2026-09-18T11:16:20.5782626Z   ✓  165 [webkit] › tests/collections.spec.ts:4:1 › home and section pagination retain newer-left/older-right and first-page introduction (6.2s)
shsh-check	Verify theme, migrated output and browser behavior	2026-09-18T11:16:21.5041494Z   ✓  167 [webkit] › tests/collections.spec.ts:91:1 › pagination and whole-card links work without JavaScript (913ms)
shsh-check	Verify theme, migrated output and browser behavior	2026-09-18T11:16:27.2632165Z   ✓  166 [webkit] › tests/collections.spec.ts:29:1 › list text, separators and pager preserve frozen mock styles in both widths and palettes (11.3s)
shsh-check	Verify theme, migrated output and browser behavior	2026-09-18T11:16:29.0332818Z   ✓  168 [webkit] › tests/full-review.spec.ts:9:3 › Full screen home (7.5s)
shsh-check	Verify theme, migrated output and browser behavior	2026-09-18T11:16:34.3046701Z   ✓  169 [webkit] › tests/full-review.spec.ts:9:3 › Full screen home-2 (7.0s)
shsh-check	Verify theme, migrated output and browser behavior	2026-09-18T11:16:35.7380052Z   ✓  170 [webkit] › tests/full-review.spec.ts:9:3 › Full screen home-3 (6.7s)
shsh-check	Verify theme, migrated output and browser behavior	2026-09-18T11:16:41.5567196Z   ✓  171 [webkit] › tests/full-review.spec.ts:9:3 › Full screen posts (7.2s)
shsh-check	Verify theme, migrated output and browser behavior	2026-09-18T11:16:42.6570401Z   ✓  172 [webkit] › tests/full-review.spec.ts:9:3 › Full screen posts-2 (6.9s)
shsh-check	Verify theme, migrated output and browser behavior	2026-09-18T11:16:48.1287327Z   ✓  173 [webkit] › tests/full-review.spec.ts:9:3 › Full screen posts-3 (6.6s)
shsh-check	Verify theme, migrated output and browser behavior	2026-09-18T11:16:49.2459114Z   ✓  174 [webkit] › tests/full-review.spec.ts:9:3 › Full screen tags (6.6s)
shsh-check	Verify theme, migrated output and browser behavior	2026-09-18T11:16:54.2656653Z   ✓  175 [webkit] › tests/full-review.spec.ts:9:3 › Full screen tags-empty (6.1s)
shsh-check	Verify theme, migrated output and browser behavior	2026-09-18T11:16:56.2061648Z   ✓  176 [webkit] › tests/full-review.spec.ts:9:3 › Full screen tag-1 (6.9s)
shsh-check	Verify theme, migrated output and browser behavior	2026-09-18T11:17:00.6916289Z   ✓  177 [webkit] › tests/full-review.spec.ts:9:3 › Full screen tag-2 (6.4s)
shsh-check	Verify theme, migrated output and browser behavior	2026-09-18T11:17:03.3181163Z   ✓  178 [webkit] › tests/full-review.spec.ts:9:3 › Full screen tag-3 (7.1s)
shsh-check	Verify theme, migrated output and browser behavior	2026-09-18T11:17:07.6905140Z   ✓  179 [webkit] › tests/full-review.spec.ts:9:3 › Full screen tag-4 (7.0s)
shsh-check	Verify theme, migrated output and browser behavior	2026-09-18T11:17:10.2913317Z   ✓  180 [webkit] › tests/full-review.spec.ts:9:3 › Full screen tag-5 (7.0s)
shsh-check	Verify theme, migrated output and browser behavior	2026-09-18T11:17:14.4544433Z   ✓  181 [webkit] › tests/full-review.spec.ts:9:3 › Full screen tag-6 (6.8s)
shsh-check	Verify theme, migrated output and browser behavior	2026-09-18T11:17:17.2087100Z   ✓  182 [webkit] › tests/full-review.spec.ts:9:3 › Full screen tag-7 (6.9s)
shsh-check	Verify theme, migrated output and browser behavior	2026-09-18T11:17:21.2575973Z   ✓  183 [webkit] › tests/full-review.spec.ts:9:3 › Full screen tag-8 (6.8s)
shsh-check	Verify theme, migrated output and browser behavior	2026-09-18T11:17:23.7387126Z   ✓  184 [webkit] › tests/full-review.spec.ts:9:3 › Full screen tag-9 (6.5s)
shsh-check	Verify theme, migrated output and browser behavior	2026-09-18T11:17:27.9526014Z   ✓  185 [webkit] › tests/full-review.spec.ts:9:3 › Full screen tag-10 (6.7s)
shsh-check	Verify theme, migrated output and browser behavior	2026-09-18T11:17:30.7615032Z   ✓  186 [webkit] › tests/full-review.spec.ts:9:3 › Full screen tag-11 (7.0s)
shsh-check	Verify theme, migrated output and browser behavior	2026-09-18T11:17:34.2960640Z   ✓  187 [webkit] › tests/full-review.spec.ts:9:3 › Full screen categories (6.3s)
shsh-check	Verify theme, migrated output and browser behavior	2026-09-18T11:17:36.7260800Z   ✓  188 [webkit] › tests/full-review.spec.ts:9:3 › Full screen categories-empty (5.9s)
shsh-check	Verify theme, migrated output and browser behavior	2026-09-18T11:17:41.3023103Z   ✓  189 [webkit] › tests/full-review.spec.ts:9:3 › Full screen category-1 (7.0s)
shsh-check	Verify theme, migrated output and browser behavior	2026-09-18T11:17:43.7100504Z   ✓  190 [webkit] › tests/full-review.spec.ts:9:3 › Full screen category-2 (7.0s)
shsh-check	Verify theme, migrated output and browser behavior	2026-09-18T11:17:47.9257266Z   ✓  191 [webkit] › tests/full-review.spec.ts:9:3 › Full screen category-2-2 (6.6s)
shsh-check	Verify theme, migrated output and browser behavior	2026-09-18T11:17:50.9706578Z   ✓  192 [webkit] › tests/full-review.spec.ts:9:3 › Full screen tag-pagination (7.2s)
shsh-check	Verify theme, migrated output and browser behavior	2026-09-18T11:17:54.8784435Z   ✓  193 [webkit] › tests/full-review.spec.ts:9:3 › Full screen tag-pagination-2 (6.9s)
shsh-check	Verify theme, migrated output and browser behavior	2026-09-18T11:17:57.8927318Z   ✓  194 [webkit] › tests/full-review.spec.ts:9:3 › Full screen tag-pagination-3 (6.9s)
shsh-check	Verify theme, migrated output and browser behavior	2026-09-18T11:18:02.1913201Z   ✓  195 [webkit] › tests/full-review.spec.ts:9:3 › Full screen category-pagination (7.3s)
shsh-check	Verify theme, migrated output and browser behavior	2026-09-18T11:18:04.8864318Z   ✓  196 [webkit] › tests/full-review.spec.ts:9:3 › Full screen category-pagination-2 (7.0s)
shsh-check	Verify theme, migrated output and browser behavior	2026-09-18T11:18:08.8713696Z   ✓  197 [webkit] › tests/full-review.spec.ts:9:3 › Full screen category-pagination-3 (6.7s)
shsh-check	Verify theme, migrated output and browser behavior	2026-09-18T11:18:19.3673378Z   ✓  199 [webkit] › tests/full-review.spec.ts:9:3 › Full screen article-hugo (10.5s)
shsh-check	Verify theme, migrated output and browser behavior	2026-09-18T11:18:24.9945979Z   ✓  198 [webkit] › tests/full-review.spec.ts:9:3 › Full screen article (20.1s)
shsh-check	Verify theme, migrated output and browser behavior	2026-09-18T11:18:25.9058949Z   ✓  200 [webkit] › tests/full-review.spec.ts:9:3 › Full screen article-diary (6.5s)
shsh-check	Verify theme, migrated output and browser behavior	2026-09-18T11:18:31.7548905Z   ✓  201 [webkit] › tests/full-review.spec.ts:9:3 › Full screen article-bgm (6.7s)
shsh-check	Verify theme, migrated output and browser behavior	2026-09-18T11:18:32.9270008Z   ✓  202 [webkit] › tests/full-review.spec.ts:9:3 › Full screen article-pasmo (7.0s)
shsh-check	Verify theme, migrated output and browser behavior	2026-09-18T11:18:39.7060813Z   ✓  204 [webkit] › tests/full-review.spec.ts:9:3 › Full screen archives (6.8s)
shsh-check	Verify theme, migrated output and browser behavior	2026-09-18T11:18:44.0567079Z   ✓  203 [webkit] › tests/full-review.spec.ts:9:3 › Full screen about (12.3s)
shsh-check	Verify theme, migrated output and browser behavior	2026-09-18T11:18:45.5887261Z   ✓  205 [webkit] › tests/full-review.spec.ts:9:3 › Full screen 404 (5.9s)
shsh-check	Verify theme, migrated output and browser behavior	2026-09-18T11:18:49.8875737Z   ✓  206 [webkit] › tests/full-review.spec.ts:9:3 › Full screen empty (5.8s)
shsh-check	Verify theme, migrated output and browser behavior	2026-09-18T11:18:51.7767387Z   ✓  207 [webkit] › tests/full-review.spec.ts:9:3 › Full screen single-item (6.2s)
shsh-check	Verify theme, migrated output and browser behavior	2026-09-18T11:18:53.9960802Z   ✓  209 [webkit] › tests/media.spec.ts:10:1 › responsive candidates, originals, dimensions, loading and figure semantics (2.2s)
shsh-check	Verify theme, migrated output and browser behavior	2026-09-18T11:18:57.8647182Z   ✓  210 [webkit] › tests/media.spec.ts:88:1 › WebP preserves PNG pixels and transparency at each generated width (3.9s)
shsh-check	Verify theme, migrated output and browser behavior	2026-09-18T11:18:57.9444570Z   ✓  208 [webkit] › tests/full-review.spec.ts:138:1 › discovery semantics, keyboard, fixed pages and JavaScript-disabled navigation (8.0s)
shsh-check	Verify theme, migrated output and browser behavior	2026-09-18T11:19:00.2797854Z   ✓  212 [webkit] › tests/media.spec.ts:193:1 › DPR chooses fitting candidates and JavaScript-free media remain usable (2.3s)
shsh-check	Verify theme, migrated output and browser behavior	2026-09-18T11:19:00.6790099Z   ✓  213 [webkit] › tests/metadata.spec.ts:52:1 › RSS uses all ordered articles, plain common summaries and stable document GUIDs (379ms)
shsh-check	Verify theme, migrated output and browser behavior	2026-09-18T11:19:01.0907960Z   ✓  214 [webkit] › tests/metadata.spec.ts:79:1 › taxonomy feeds contain term pages, term feeds filter posts, empty feeds have no fake dates (391ms)
shsh-check	Verify theme, migrated output and browser behavior	2026-09-18T11:19:01.6908053Z   ✓  215 [webkit] › tests/metadata.spec.ts:109:1 › canonical and discovery URLs follow the active pager and build baseURL (585ms)
shsh-check	Verify theme, migrated output and browser behavior	2026-09-18T11:19:02.0464007Z   ✓  216 [webkit] › tests/metadata.spec.ts:135:1 › description, dates and JSON-LD preserve page roles and safe text (339ms)
shsh-check	Verify theme, migrated output and browser behavior	2026-09-18T11:19:02.4525250Z   ✓  217 [webkit] › tests/metadata.spec.ts:170:1 › SNS images use cover, global assets/static/external defaults or none, never body images (389ms)
shsh-check	Verify theme, migrated output and browser behavior	2026-09-18T11:19:03.0109152Z   ✓  218 [webkit] › tests/metadata.spec.ts:193:1 › all XML parses, sitemap and robots follow production and preview (540ms)
shsh-check	Verify theme, migrated output and browser behavior	2026-09-18T11:19:06.2348575Z   ✓  219 [webkit] › tests/migration.spec.ts:36:3 › All migrated outputs: production (3.2s)
shsh-check	Verify theme, migrated output and browser behavior	2026-09-18T11:19:07.2579791Z   ✓  220 [webkit] › tests/migration.spec.ts:36:3 › All migrated outputs: preview (1.0s)
shsh-check	Verify theme, migrated output and browser behavior	2026-09-18T11:19:07.2637144Z   ✓  211 [webkit] › tests/media.spec.ts:151:1 › media geometry matches mock, small images stay small, both colors remain accessible (9.4s)
shsh-check	Verify theme, migrated output and browser behavior	2026-09-18T11:19:08.7892369Z   ✓  222 [webkit] › tests/prose.spec.ts:47:1 › failed copy announces manual fallback, permits retry, and resets success after three seconds (1.5s)
shsh-check	Verify theme, migrated output and browser behavior	2026-09-18T11:19:09.4646769Z   ✓  221 [webkit] › tests/prose.spec.ts:19:1 › copy preserves code with Japanese, inline/table numbers, unknown language and no label (2.2s)
shsh-check	Verify theme, migrated output and browser behavior	2026-09-18T11:19:10.5022255Z   ✓  223 [webkit] › tests/prose.spec.ts:74:1 › keyboard reveals copy and Escape returns focus to selectable code (1.7s)
shsh-check	Verify theme, migrated output and browser behavior	2026-09-18T11:19:10.9531562Z   ✓  224 [webkit] › tests/prose.spec.ts:95:1 › touch reveals copy, outside tap and horizontal scroll dismiss it (1.5s)
shsh-check	Verify theme, migrated output and browser behavior	2026-09-18T11:19:12.0546802Z   ✓  225 [webkit] › tests/prose.spec.ts:116:1 › the first tap on a revealed copy button copies exactly once (1.5s)
shsh-check	Verify theme, migrated output and browser behavior	2026-09-18T11:19:16.0255717Z   ✓  227 [webkit] › tests/prose.spec.ts:256:1 › full real article preserves mock prose layout in both palettes and widths (4.0s)
shsh-check	Verify theme, migrated output and browser behavior	2026-09-18T11:19:22.5447772Z   ✓  226 [webkit] › tests/prose.spec.ts:160:1 › prose matches mock type and spacing; footnotes, headings, dates and JS-free reading work (11.6s)
shsh-check	Verify theme, migrated output and browser behavior	2026-09-18T11:19:23.3664504Z   ✓  228 [webkit] › tests/review.spec.ts:70:3 › Representative home comparison, both widths/colors and text enlargement (7.3s)
shsh-check	Verify theme, migrated output and browser behavior	2026-09-18T11:19:29.6879238Z   ✓  229 [webkit] › tests/review.spec.ts:70:3 › Representative posts comparison, both widths/colors and text enlargement (7.1s)
shsh-check	Verify theme, migrated output and browser behavior	2026-09-18T11:19:43.2065164Z   ✓  230 [webkit] › tests/review.spec.ts:70:3 › Representative article comparison, both widths/colors and text enlargement (19.8s)
shsh-check	Verify theme, migrated output and browser behavior	2026-09-18T11:19:44.2607666Z   ✓  231 [webkit] › tests/review.spec.ts:70:3 › Representative specimen comparison, both widths/colors and text enlargement (14.6s)
shsh-check	Verify theme, migrated output and browser behavior	2026-09-18T11:19:45.6582325Z   ✓  233 [webkit] › tests/sharing.spec.ts:59:1 › failed star download preserves reading and share links and announces failure (1.4s)
shsh-check	Verify theme, migrated output and browser behavior	2026-09-18T11:19:46.2277694Z   ✓  232 [webkit] › tests/sharing.spec.ts:14:1 › shared document URLs, encoded titles, service order and keyboard navigation (3.0s)
shsh-check	Verify theme, migrated output and browser behavior	2026-09-18T11:19:46.9961618Z   ✓  234 [webkit] › tests/sharing.spec.ts:72:1 › preview cannot share or load stars; JS-free production retains ordinary links (1.3s)
shsh-check	Verify theme, migrated output and browser behavior	2026-09-18T11:19:49.3918013Z   ✓  235 [webkit] › tests/sharing.spec.ts:103:1 › sharing retains mock geometry and icon styling at both widths and palettes (3.1s)
shsh-check	Verify theme, migrated output and browser behavior	2026-09-18T11:19:53.7413617Z   ✓  236 [webkit] › tests/site.spec.ts:9:3 › Migrated site production: all embed positions, URLs and publication controls (6.7s)
shsh-check	Verify theme, migrated output and browser behavior	2026-09-18T11:19:55.2758372Z   ✓  238 [webkit] › tests/site.spec.ts:99:1 › real video reserves its intrinsic ratio before loading; native playback dimensions agree (1.5s)
shsh-check	Verify theme, migrated output and browser behavior	2026-09-18T11:19:55.6726366Z   ✓  237 [webkit] › tests/site.spec.ts:9:3 › Migrated site preview: all embed positions, URLs and publication controls (6.3s)
shsh-check	Verify theme, migrated output and browser behavior	2026-09-18T11:19:56.2340983Z   ✓  240 [webkit] › tests/theme.spec.ts:50:1 › saved pref-theme is applied before styles load (542ms)
shsh-check	Verify theme, migrated output and browser behavior	2026-09-18T11:19:57.1427326Z   ✓  241 [webkit] › tests/theme.spec.ts:71:1 › OS follows until a keyboard choice, persists and ignores mock query parameters (895ms)
shsh-check	Verify theme, migrated output and browser behavior	2026-09-18T11:19:57.8134506Z   ✓  239 [webkit] › tests/theme.spec.ts:4:1 › portrait and landscape keep the type scale while explicit text enlargement still works (2.5s)
shsh-check	Verify theme, migrated output and browser behavior	2026-09-18T11:19:57.8989245Z   ✓  242 [webkit] › tests/theme.spec.ts:99:1 › invalid and unavailable storage retain OS fallback and allow a page-local choice (742ms)
shsh-check	Verify theme, migrated output and browser behavior	2026-09-18T11:19:58.3638646Z   ✓  243 [webkit] › tests/theme.spec.ts:124:1 › invalid saved value uses OS preference (535ms)
shsh-check	Verify theme, migrated output and browser behavior	2026-09-18T11:19:58.7194252Z   ✓  244 [webkit] › tests/theme.spec.ts:131:1 › without JavaScript both OS palettes, navigation and subscription remain usable (807ms)
shsh-check	Verify theme, migrated output and browser behavior	2026-09-18T11:20:00.8926457Z   ✓  246 [webkit] › tests/tooling.spec.ts:5:1 › Hugo formatting preserves inline spaces, attributes, render hooks and compiled assets (2.1s)
shsh-check	Verify theme, migrated output and browser behavior	2026-09-18T11:20:03.0905024Z   ✓  245 [webkit] › tests/theme.spec.ts:148:1 › shared shell keeps mock dimensions at desktop and mobile widths in both palettes (4.7s)
shsh-check	Verify theme, migrated output and browser behavior	2026-09-18T11:20:03.2254494Z
shsh-check	Verify theme, migrated output and browser behavior	2026-09-18T11:20:03.2261061Z   246 passed (10.7m)
shsh-check	Run actions/upload-artifact@043fb46d1a93c77aae656e7c1c64a875d1fc6a0a	﻿2026-09-18T11:20:04.2241272Z ##[group]Run actions/upload-artifact@043fb46d1a93c77aae656e7c1c64a875d1fc6a0a
shsh-check	Run actions/upload-artifact@043fb46d1a93c77aae656e7c1c64a875d1fc6a0a	2026-09-18T11:20:04.2241711Z with:
shsh-check	Run actions/upload-artifact@043fb46d1a93c77aae656e7c1c64a875d1fc6a0a	2026-09-18T11:20:04.2241910Z   name: shsh-verification
shsh-check	Run actions/upload-artifact@043fb46d1a93c77aae656e7c1c64a875d1fc6a0a	2026-09-18T11:20:04.2242150Z   include-hidden-files: true
shsh-check	Run actions/upload-artifact@043fb46d1a93c77aae656e7c1c64a875d1fc6a0a	2026-09-18T11:20:04.2242738Z   path: themes/shsh/.cache/ci/
shsh-check	Run actions/upload-artifact@043fb46d1a93c77aae656e7c1c64a875d1fc6a0a	themes/shsh/.cache/migration-results/
shsh-check	Run actions/upload-artifact@043fb46d1a93c77aae656e7c1c64a875d1fc6a0a	themes/shsh/playwright-report/
shsh-check	Run actions/upload-artifact@043fb46d1a93c77aae656e7c1c64a875d1fc6a0a	themes/shsh/test-results/
shsh-check	Run actions/upload-artifact@043fb46d1a93c77aae656e7c1c64a875d1fc6a0a
shsh-check	Run actions/upload-artifact@043fb46d1a93c77aae656e7c1c64a875d1fc6a0a	2026-09-18T11:20:04.2243294Z   retention-days: 14
shsh-check	Run actions/upload-artifact@043fb46d1a93c77aae656e7c1c64a875d1fc6a0a	2026-09-18T11:20:04.2243516Z   if-no-files-found: warn
shsh-check	Run actions/upload-artifact@043fb46d1a93c77aae656e7c1c64a875d1fc6a0a	2026-09-18T11:20:04.2243740Z   compression-level: 6
shsh-check	Run actions/upload-artifact@043fb46d1a93c77aae656e7c1c64a875d1fc6a0a	2026-09-18T11:20:04.2243967Z   overwrite: false
shsh-check	Run actions/upload-artifact@043fb46d1a93c77aae656e7c1c64a875d1fc6a0a	2026-09-18T11:20:04.2244163Z   archive: true
shsh-check	Run actions/upload-artifact@043fb46d1a93c77aae656e7c1c64a875d1fc6a0a	2026-09-18T11:20:04.2244347Z env:
shsh-check	Run actions/upload-artifact@043fb46d1a93c77aae656e7c1c64a875d1fc6a0a	2026-09-18T11:20:04.2244578Z   PNPM_HOME: /home/runner/setup-pnpm/node_modules/.bin
shsh-check	Run actions/upload-artifact@043fb46d1a93c77aae656e7c1c64a875d1fc6a0a	2026-09-18T11:20:04.2244895Z ##[endgroup]
shsh-check	Run actions/upload-artifact@043fb46d1a93c77aae656e7c1c64a875d1fc6a0a	2026-09-18T11:20:04.3775195Z Multiple search paths detected. Calculating the least common ancestor of all paths
shsh-check	Run actions/upload-artifact@043fb46d1a93c77aae656e7c1c64a875d1fc6a0a	2026-09-18T11:20:04.3779280Z The least common ancestor is /home/runner/work/shimoju.jp/shimoju.jp/themes/shsh. This will be the root directory of the artifact
shsh-check	Run actions/upload-artifact@043fb46d1a93c77aae656e7c1c64a875d1fc6a0a	2026-09-18T11:20:04.3781325Z With the provided path, there will be 11 files uploaded
shsh-check	Run actions/upload-artifact@043fb46d1a93c77aae656e7c1c64a875d1fc6a0a	2026-09-18T11:20:04.3782689Z Artifact name is valid!
shsh-check	Run actions/upload-artifact@043fb46d1a93c77aae656e7c1c64a875d1fc6a0a	2026-09-18T11:20:04.3783405Z Root directory input is valid!
shsh-check	Run actions/upload-artifact@043fb46d1a93c77aae656e7c1c64a875d1fc6a0a	2026-09-18T11:20:04.5975637Z Uploading artifact: shsh-verification.zip
shsh-check	Run actions/upload-artifact@043fb46d1a93c77aae656e7c1c64a875d1fc6a0a	2026-09-18T11:20:04.6024388Z Beginning upload of artifact content to blob storage
shsh-check	Run actions/upload-artifact@043fb46d1a93c77aae656e7c1c64a875d1fc6a0a	2026-09-18T11:20:04.8324800Z Uploaded bytes 1990617
shsh-check	Run actions/upload-artifact@043fb46d1a93c77aae656e7c1c64a875d1fc6a0a	2026-09-18T11:20:04.8427450Z Finished uploading artifact content to blob storage!
shsh-check	Run actions/upload-artifact@043fb46d1a93c77aae656e7c1c64a875d1fc6a0a	2026-09-18T11:20:04.8428820Z SHA256 digest of uploaded artifact is 7729a45ede6c3233bbb657020c89e014fb77f8adf02f1383f417d85ab1314504
shsh-check	Run actions/upload-artifact@043fb46d1a93c77aae656e7c1c64a875d1fc6a0a	2026-09-18T11:20:04.8429859Z Finalizing artifact upload
shsh-check	Run actions/upload-artifact@043fb46d1a93c77aae656e7c1c64a875d1fc6a0a	2026-09-18T11:20:05.0695834Z Artifact shsh-verification successfully finalized. Artifact ID 10543634356
shsh-check	Run actions/upload-artifact@043fb46d1a93c77aae656e7c1c64a875d1fc6a0a	2026-09-18T11:20:05.0697251Z Artifact shsh-verification has been successfully uploaded! Final size is 1990617 bytes. Artifact ID is 10543634356
shsh-check	Run actions/upload-artifact@043fb46d1a93c77aae656e7c1c64a875d1fc6a0a	2026-09-18T11:20:05.0698844Z Artifact download URL: https://github.com/shimoju/shimoju.jp/actions/runs/35338044497/artifacts/10543634356
shsh-check	Post Run pnpm/action-setup@0977fd99725f1db4007ccb2928dbb4e90d06cc86	﻿2026-09-18T11:20:05.0842123Z Post job cleanup.
shsh-check	Post Run pnpm/action-setup@0977fd99725f1db4007ccb2928dbb4e90d06cc86	2026-09-18T11:20:05.2252068Z Pruning is unnecessary.
shsh-check	Post Run actions/setup-node@820762786026740c76f36085b0efc47a31fe5020	﻿2026-09-18T11:20:05.2408059Z Post job cleanup.
shsh-check	Post Run actions/checkout@3d3c42e5aac5ba805825da76410c181273ba90b1	﻿2026-09-18T11:20:05.3744377Z Post job cleanup.
shsh-check	Post Run actions/checkout@3d3c42e5aac5ba805825da76410c181273ba90b1	2026-09-18T11:20:05.4595514Z [command]/usr/bin/git version
shsh-check	Post Run actions/checkout@3d3c42e5aac5ba805825da76410c181273ba90b1	2026-09-18T11:20:05.4653523Z git version 2.55.0
shsh-check	Post Run actions/checkout@3d3c42e5aac5ba805825da76410c181273ba90b1	2026-09-18T11:20:05.4716107Z Temporarily overriding HOME='/home/runner/work/_temp/e889cd47-a606-422f-9736-8af4fd1ffe40' before making global git config changes
shsh-check	Post Run actions/checkout@3d3c42e5aac5ba805825da76410c181273ba90b1	2026-09-18T11:20:05.4718058Z Adding repository directory to the temporary git global config as a safe directory
shsh-check	Post Run actions/checkout@3d3c42e5aac5ba805825da76410c181273ba90b1	2026-09-18T11:20:05.4723849Z [command]/usr/bin/git config --global --add safe.directory /home/runner/work/shimoju.jp/shimoju.jp
shsh-check	Post Run actions/checkout@3d3c42e5aac5ba805825da76410c181273ba90b1	2026-09-18T11:20:05.4762306Z Removing SSH command configuration
shsh-check	Post Run actions/checkout@3d3c42e5aac5ba805825da76410c181273ba90b1	2026-09-18T11:20:05.4771974Z [command]/usr/bin/git config --local --name-only --get-regexp core\.sshCommand
shsh-check	Post Run actions/checkout@3d3c42e5aac5ba805825da76410c181273ba90b1	2026-09-18T11:20:05.4836232Z [command]/usr/bin/git submodule foreach --recursive sh -c "git config --local --name-only --get-regexp 'core\.sshCommand' && git config --local --unset-all 'core.sshCommand' || :"
shsh-check	Post Run actions/checkout@3d3c42e5aac5ba805825da76410c181273ba90b1	2026-09-18T11:20:05.5103394Z Removing HTTP extra header
shsh-check	Post Run actions/checkout@3d3c42e5aac5ba805825da76410c181273ba90b1	2026-09-18T11:20:05.5109775Z [command]/usr/bin/git config --local --name-only --get-regexp http\.https\:\/\/github\.com\/\.extraheader
shsh-check	Post Run actions/checkout@3d3c42e5aac5ba805825da76410c181273ba90b1	2026-09-18T11:20:05.5144694Z [command]/usr/bin/git submodule foreach --recursive sh -c "git config --local --name-only --get-regexp 'http\.https\:\/\/github\.com\/\.extraheader' && git config --local --unset-all 'http.https://github.com/.extraheader' || :"
shsh-check	Post Run actions/checkout@3d3c42e5aac5ba805825da76410c181273ba90b1	2026-09-18T11:20:05.5401548Z Removing includeIf entries pointing to credentials config files
shsh-check	Post Run actions/checkout@3d3c42e5aac5ba805825da76410c181273ba90b1	2026-09-18T11:20:05.5410551Z [command]/usr/bin/git config --local --name-only --get-regexp ^includeIf\.gitdir:
shsh-check	Post Run actions/checkout@3d3c42e5aac5ba805825da76410c181273ba90b1	2026-09-18T11:20:05.5447247Z [command]/usr/bin/git submodule foreach --recursive git config --local --show-origin --name-only --get-regexp remote.origin.url
shsh-check	Complete job	﻿2026-09-18T11:20:05.5844020Z Cleaning up orphan processes
