shsh-check	Set up job	﻿2026-09-18T07:53:51.5273292Z Current runner version: '2.337.0'
shsh-check	Set up job	2026-09-18T07:53:51.5298218Z ##[group]Runner Image Provisioner
shsh-check	Set up job	2026-09-18T07:53:51.5299167Z Hosted Compute Agent
shsh-check	Set up job	2026-09-18T07:53:51.5299744Z Version: 20260828.587
shsh-check	Set up job	2026-09-18T07:53:51.5300644Z Commit: abac92662cab4cc7352de4f9f9d2e2419aad9c29
shsh-check	Set up job	2026-09-18T07:53:51.5301400Z Build Date: 2026-08-28T16:44:25Z
shsh-check	Set up job	2026-09-18T07:53:51.5302121Z Worker ID: {c189519a-dba6-4417-bf24-d09565e0de97}
shsh-check	Set up job	2026-09-18T07:53:51.5302891Z Azure Region: eastus
shsh-check	Set up job	2026-09-18T07:53:51.5303457Z ##[endgroup]
shsh-check	Set up job	2026-09-18T07:53:51.5304979Z ##[group]Operating System
shsh-check	Set up job	2026-09-18T07:53:51.5305616Z Ubuntu
shsh-check	Set up job	2026-09-18T07:53:51.5306117Z 24.04.5
shsh-check	Set up job	2026-09-18T07:53:51.5306793Z LTS
shsh-check	Set up job	2026-09-18T07:53:51.5307298Z ##[endgroup]
shsh-check	Set up job	2026-09-18T07:53:51.5307904Z ##[group]Runner Image
shsh-check	Set up job	2026-09-18T07:53:51.5308499Z Image: ubuntu-24.04
shsh-check	Set up job	2026-09-18T07:53:51.5309049Z Version: 20260907.300.1
shsh-check	Set up job	2026-09-18T07:53:51.5310213Z Included Software: https://github.com/actions/runner-images/blob/ubuntu24/20260907.300/images/ubuntu/Ubuntu2404-Readme.md
shsh-check	Set up job	2026-09-18T07:53:51.5312376Z Image Release: https://github.com/actions/runner-images/releases/tag/ubuntu24%2F20260907.300
shsh-check	Set up job	2026-09-18T07:53:51.5313347Z ##[endgroup]
shsh-check	Set up job	2026-09-18T07:53:51.5314584Z ##[group]GITHUB_TOKEN Permissions
shsh-check	Set up job	2026-09-18T07:53:51.5316703Z Contents: read
shsh-check	Set up job	2026-09-18T07:53:51.5317380Z Metadata: read
shsh-check	Set up job	2026-09-18T07:53:51.5317948Z ##[endgroup]
shsh-check	Set up job	2026-09-18T07:53:51.5319889Z Secret source: Actions
shsh-check	Set up job	2026-09-18T07:53:51.5321384Z Cache mode: write
shsh-check	Set up job	2026-09-18T07:53:51.5322086Z Prepare workflow directory
shsh-check	Set up job	2026-09-18T07:53:51.5710134Z Prepare all required actions
shsh-check	Set up job	2026-09-18T07:53:51.5756824Z Getting action download info
shsh-check	Set up job	2026-09-18T07:53:51.8204889Z Download action repository 'actions/checkout@3d3c42e5aac5ba805825da76410c181273ba90b1' (SHA:3d3c42e5aac5ba805825da76410c181273ba90b1)
shsh-check	Set up job	2026-09-18T07:53:51.9652095Z Download action repository 'actions/setup-node@820762786026740c76f36085b0efc47a31fe5020' (SHA:820762786026740c76f36085b0efc47a31fe5020)
shsh-check	Set up job	2026-09-18T07:53:52.0495993Z Download action repository 'pnpm/action-setup@0977fd99725f1db4007ccb2928dbb4e90d06cc86' (SHA:0977fd99725f1db4007ccb2928dbb4e90d06cc86)
shsh-check	Set up job	2026-09-18T07:53:52.1638573Z Download action repository 'peaceiris/actions-hugo@6b1ee2dcc06c9b6629a5317fa0146473914d05e1' (SHA:6b1ee2dcc06c9b6629a5317fa0146473914d05e1)
shsh-check	Set up job	2026-09-18T07:53:52.3947097Z Download action repository 'actions/upload-artifact@043fb46d1a93c77aae656e7c1c64a875d1fc6a0a' (SHA:043fb46d1a93c77aae656e7c1c64a875d1fc6a0a)
shsh-check	Set up job	2026-09-18T07:53:52.5721107Z Complete job name: shsh-check
shsh-check	Run actions/checkout@3d3c42e5aac5ba805825da76410c181273ba90b1	﻿2026-09-18T07:53:52.6502624Z ##[group]Run actions/checkout@3d3c42e5aac5ba805825da76410c181273ba90b1
shsh-check	Run actions/checkout@3d3c42e5aac5ba805825da76410c181273ba90b1	2026-09-18T07:53:52.6503795Z with:
shsh-check	Run actions/checkout@3d3c42e5aac5ba805825da76410c181273ba90b1	2026-09-18T07:53:52.6504257Z   fetch-depth: 0
shsh-check	Run actions/checkout@3d3c42e5aac5ba805825da76410c181273ba90b1	2026-09-18T07:53:52.6504758Z   persist-credentials: false
shsh-check	Run actions/checkout@3d3c42e5aac5ba805825da76410c181273ba90b1	2026-09-18T07:53:52.6505325Z   repository: shimoju/shimoju.jp
shsh-check	Run actions/checkout@3d3c42e5aac5ba805825da76410c181273ba90b1	2026-09-18T07:53:52.6509196Z   token: ***
shsh-check	Run actions/checkout@3d3c42e5aac5ba805825da76410c181273ba90b1	2026-09-18T07:53:52.6509661Z   ssh-strict: true
shsh-check	Run actions/checkout@3d3c42e5aac5ba805825da76410c181273ba90b1	2026-09-18T07:53:52.6510125Z   ssh-user: git
shsh-check	Run actions/checkout@3d3c42e5aac5ba805825da76410c181273ba90b1	2026-09-18T07:53:52.6510774Z   clean: true
shsh-check	Run actions/checkout@3d3c42e5aac5ba805825da76410c181273ba90b1	2026-09-18T07:53:52.6511279Z   sparse-checkout-cone-mode: true
shsh-check	Run actions/checkout@3d3c42e5aac5ba805825da76410c181273ba90b1	2026-09-18T07:53:52.6511868Z   fetch-tags: false
shsh-check	Run actions/checkout@3d3c42e5aac5ba805825da76410c181273ba90b1	2026-09-18T07:53:52.6512344Z   show-progress: true
shsh-check	Run actions/checkout@3d3c42e5aac5ba805825da76410c181273ba90b1	2026-09-18T07:53:52.6512826Z   lfs: false
shsh-check	Run actions/checkout@3d3c42e5aac5ba805825da76410c181273ba90b1	2026-09-18T07:53:52.6513279Z   submodules: false
shsh-check	Run actions/checkout@3d3c42e5aac5ba805825da76410c181273ba90b1	2026-09-18T07:53:52.6513763Z   set-safe-directory: true
shsh-check	Run actions/checkout@3d3c42e5aac5ba805825da76410c181273ba90b1	2026-09-18T07:53:52.6514306Z   allow-unsafe-pr-checkout: false
shsh-check	Run actions/checkout@3d3c42e5aac5ba805825da76410c181273ba90b1	2026-09-18T07:53:52.6515140Z ##[endgroup]
shsh-check	Run actions/checkout@3d3c42e5aac5ba805825da76410c181273ba90b1	2026-09-18T07:53:52.7477170Z Syncing repository: shimoju/shimoju.jp
shsh-check	Run actions/checkout@3d3c42e5aac5ba805825da76410c181273ba90b1	2026-09-18T07:53:52.7480118Z ##[group]Getting Git version info
shsh-check	Run actions/checkout@3d3c42e5aac5ba805825da76410c181273ba90b1	2026-09-18T07:53:52.7481757Z Working directory is '/home/runner/work/shimoju.jp/shimoju.jp'
shsh-check	Run actions/checkout@3d3c42e5aac5ba805825da76410c181273ba90b1	2026-09-18T07:53:52.7483837Z [command]/usr/bin/git version
shsh-check	Run actions/checkout@3d3c42e5aac5ba805825da76410c181273ba90b1	2026-09-18T07:53:52.7549531Z git version 2.55.0
shsh-check	Run actions/checkout@3d3c42e5aac5ba805825da76410c181273ba90b1	2026-09-18T07:53:52.7573379Z ##[endgroup]
shsh-check	Run actions/checkout@3d3c42e5aac5ba805825da76410c181273ba90b1	2026-09-18T07:53:52.7585801Z Temporarily overriding HOME='/home/runner/work/_temp/18a8bfe7-23ed-4e4c-8df7-31e592012327' before making global git config changes
shsh-check	Run actions/checkout@3d3c42e5aac5ba805825da76410c181273ba90b1	2026-09-18T07:53:52.7588602Z Adding repository directory to the temporary git global config as a safe directory
shsh-check	Run actions/checkout@3d3c42e5aac5ba805825da76410c181273ba90b1	2026-09-18T07:53:52.7593917Z [command]/usr/bin/git config --global --add safe.directory /home/runner/work/shimoju.jp/shimoju.jp
shsh-check	Run actions/checkout@3d3c42e5aac5ba805825da76410c181273ba90b1	2026-09-18T07:53:52.7653864Z Deleting the contents of '/home/runner/work/shimoju.jp/shimoju.jp'
shsh-check	Run actions/checkout@3d3c42e5aac5ba805825da76410c181273ba90b1	2026-09-18T07:53:52.7657327Z ##[group]Determining repository object format
shsh-check	Run actions/checkout@3d3c42e5aac5ba805825da76410c181273ba90b1	2026-09-18T07:53:52.7658929Z ##[endgroup]
shsh-check	Run actions/checkout@3d3c42e5aac5ba805825da76410c181273ba90b1	2026-09-18T07:53:52.7660350Z ##[group]Initializing the repository
shsh-check	Run actions/checkout@3d3c42e5aac5ba805825da76410c181273ba90b1	2026-09-18T07:53:52.7663367Z [command]/usr/bin/git init /home/runner/work/shimoju.jp/shimoju.jp
shsh-check	Run actions/checkout@3d3c42e5aac5ba805825da76410c181273ba90b1	2026-09-18T07:53:52.7795072Z hint: Using 'master' as the name for the initial branch. This default branch name
shsh-check	Run actions/checkout@3d3c42e5aac5ba805825da76410c181273ba90b1	2026-09-18T07:53:52.7797365Z hint: will change to "main" in Git 3.0. To configure the initial branch name
shsh-check	Run actions/checkout@3d3c42e5aac5ba805825da76410c181273ba90b1	2026-09-18T07:53:52.7799383Z hint: to use in all of your new repositories, which will suppress this warning,
shsh-check	Run actions/checkout@3d3c42e5aac5ba805825da76410c181273ba90b1	2026-09-18T07:53:52.7801391Z hint: call:
shsh-check	Run actions/checkout@3d3c42e5aac5ba805825da76410c181273ba90b1	2026-09-18T07:53:52.7802462Z hint:
shsh-check	Run actions/checkout@3d3c42e5aac5ba805825da76410c181273ba90b1	2026-09-18T07:53:52.7804020Z hint: 	git config --global init.defaultBranch <name>
shsh-check	Run actions/checkout@3d3c42e5aac5ba805825da76410c181273ba90b1	2026-09-18T07:53:52.7805472Z hint:
shsh-check	Run actions/checkout@3d3c42e5aac5ba805825da76410c181273ba90b1	2026-09-18T07:53:52.7806807Z hint: Names commonly chosen instead of 'master' are 'main', 'trunk' and
shsh-check	Run actions/checkout@3d3c42e5aac5ba805825da76410c181273ba90b1	2026-09-18T07:53:52.7808741Z hint: 'development'. The just-created branch can be renamed via this command:
shsh-check	Run actions/checkout@3d3c42e5aac5ba805825da76410c181273ba90b1	2026-09-18T07:53:52.7810219Z hint:
shsh-check	Run actions/checkout@3d3c42e5aac5ba805825da76410c181273ba90b1	2026-09-18T07:53:52.7811460Z hint: 	git branch -m <name>
shsh-check	Run actions/checkout@3d3c42e5aac5ba805825da76410c181273ba90b1	2026-09-18T07:53:52.7812576Z hint:
shsh-check	Run actions/checkout@3d3c42e5aac5ba805825da76410c181273ba90b1	2026-09-18T07:53:52.7813995Z hint: Disable this message with "git config set advice.defaultBranchName false"
shsh-check	Run actions/checkout@3d3c42e5aac5ba805825da76410c181273ba90b1	2026-09-18T07:53:52.7816169Z Initialized empty Git repository in /home/runner/work/shimoju.jp/shimoju.jp/.git/
shsh-check	Run actions/checkout@3d3c42e5aac5ba805825da76410c181273ba90b1	2026-09-18T07:53:52.7819540Z [command]/usr/bin/git remote add origin https://github.com/shimoju/shimoju.jp
shsh-check	Run actions/checkout@3d3c42e5aac5ba805825da76410c181273ba90b1	2026-09-18T07:53:52.7868554Z ##[endgroup]
shsh-check	Run actions/checkout@3d3c42e5aac5ba805825da76410c181273ba90b1	2026-09-18T07:53:52.7870113Z ##[group]Disabling automatic garbage collection
shsh-check	Run actions/checkout@3d3c42e5aac5ba805825da76410c181273ba90b1	2026-09-18T07:53:52.7872722Z [command]/usr/bin/git config --local gc.auto 0
shsh-check	Run actions/checkout@3d3c42e5aac5ba805825da76410c181273ba90b1	2026-09-18T07:53:52.7909888Z ##[endgroup]
shsh-check	Run actions/checkout@3d3c42e5aac5ba805825da76410c181273ba90b1	2026-09-18T07:53:52.7912623Z ##[group]Setting up auth
shsh-check	Run actions/checkout@3d3c42e5aac5ba805825da76410c181273ba90b1	2026-09-18T07:53:52.7914038Z Removing SSH command configuration
shsh-check	Run actions/checkout@3d3c42e5aac5ba805825da76410c181273ba90b1	2026-09-18T07:53:52.7916274Z [command]/usr/bin/git config --local --name-only --get-regexp core\.sshCommand
shsh-check	Run actions/checkout@3d3c42e5aac5ba805825da76410c181273ba90b1	2026-09-18T07:53:52.7953354Z [command]/usr/bin/git submodule foreach --recursive sh -c "git config --local --name-only --get-regexp 'core\.sshCommand' && git config --local --unset-all 'core.sshCommand' || :"
shsh-check	Run actions/checkout@3d3c42e5aac5ba805825da76410c181273ba90b1	2026-09-18T07:53:52.8343910Z Removing HTTP extra header
shsh-check	Run actions/checkout@3d3c42e5aac5ba805825da76410c181273ba90b1	2026-09-18T07:53:52.8349030Z [command]/usr/bin/git config --local --name-only --get-regexp http\.https\:\/\/github\.com\/\.extraheader
shsh-check	Run actions/checkout@3d3c42e5aac5ba805825da76410c181273ba90b1	2026-09-18T07:53:52.8385108Z [command]/usr/bin/git submodule foreach --recursive sh -c "git config --local --name-only --get-regexp 'http\.https\:\/\/github\.com\/\.extraheader' && git config --local --unset-all 'http.https://github.com/.extraheader' || :"
shsh-check	Run actions/checkout@3d3c42e5aac5ba805825da76410c181273ba90b1	2026-09-18T07:53:52.8586116Z Removing includeIf entries pointing to credentials config files
shsh-check	Run actions/checkout@3d3c42e5aac5ba805825da76410c181273ba90b1	2026-09-18T07:53:52.8590676Z [command]/usr/bin/git config --local --name-only --get-regexp ^includeIf\.gitdir:
shsh-check	Run actions/checkout@3d3c42e5aac5ba805825da76410c181273ba90b1	2026-09-18T07:53:52.8621484Z [command]/usr/bin/git submodule foreach --recursive git config --local --show-origin --name-only --get-regexp remote.origin.url
shsh-check	Run actions/checkout@3d3c42e5aac5ba805825da76410c181273ba90b1	2026-09-18T07:53:52.8834243Z [command]/usr/bin/git config --file /home/runner/work/_temp/git-credentials-2ac22bde-f451-410f-9ac8-39bae0260847.config http.https://github.com/.extraheader AUTHORIZATION: basic ***
shsh-check	Run actions/checkout@3d3c42e5aac5ba805825da76410c181273ba90b1	2026-09-18T07:53:52.8871082Z [command]/usr/bin/git config --local includeIf.gitdir:/home/runner/work/shimoju.jp/shimoju.jp/.git.path /home/runner/work/_temp/git-credentials-2ac22bde-f451-410f-9ac8-39bae0260847.config
shsh-check	Run actions/checkout@3d3c42e5aac5ba805825da76410c181273ba90b1	2026-09-18T07:53:52.8902552Z [command]/usr/bin/git config --local includeIf.gitdir:/home/runner/work/shimoju.jp/shimoju.jp/.git/worktrees/*.path /home/runner/work/_temp/git-credentials-2ac22bde-f451-410f-9ac8-39bae0260847.config
shsh-check	Run actions/checkout@3d3c42e5aac5ba805825da76410c181273ba90b1	2026-09-18T07:53:52.8938703Z [command]/usr/bin/git config --local includeIf.gitdir:/github/workspace/.git.path /github/runner_temp/git-credentials-2ac22bde-f451-410f-9ac8-39bae0260847.config
shsh-check	Run actions/checkout@3d3c42e5aac5ba805825da76410c181273ba90b1	2026-09-18T07:53:52.8970357Z [command]/usr/bin/git config --local includeIf.gitdir:/github/workspace/.git/worktrees/*.path /github/runner_temp/git-credentials-2ac22bde-f451-410f-9ac8-39bae0260847.config
shsh-check	Run actions/checkout@3d3c42e5aac5ba805825da76410c181273ba90b1	2026-09-18T07:53:52.8997815Z ##[endgroup]
shsh-check	Run actions/checkout@3d3c42e5aac5ba805825da76410c181273ba90b1	2026-09-18T07:53:52.8998578Z ##[group]Fetching the repository
shsh-check	Run actions/checkout@3d3c42e5aac5ba805825da76410c181273ba90b1	2026-09-18T07:53:52.9003958Z [command]/usr/bin/git -c protocol.version=2 fetch --no-tags --prune --no-recurse-submodules origin +refs/heads/*:refs/remotes/origin/* +refs/tags/*:refs/tags/*
shsh-check	Run actions/checkout@3d3c42e5aac5ba805825da76410c181273ba90b1	2026-09-18T07:53:54.8532780Z From https://github.com/shimoju/shimoju.jp
shsh-check	Run actions/checkout@3d3c42e5aac5ba805825da76410c181273ba90b1	2026-09-18T07:53:54.8533438Z  * [new branch]      hugo-theme -> origin/hugo-theme
shsh-check	Run actions/checkout@3d3c42e5aac5ba805825da76410c181273ba90b1	2026-09-18T07:53:54.8533915Z  * [new branch]      master     -> origin/master
shsh-check	Run actions/checkout@3d3c42e5aac5ba805825da76410c181273ba90b1	2026-09-18T07:53:54.8542209Z [command]/usr/bin/git branch --list --remote origin/hugo-theme
shsh-check	Run actions/checkout@3d3c42e5aac5ba805825da76410c181273ba90b1	2026-09-18T07:53:54.8571534Z   origin/hugo-theme
shsh-check	Run actions/checkout@3d3c42e5aac5ba805825da76410c181273ba90b1	2026-09-18T07:53:54.8581837Z [command]/usr/bin/git rev-parse refs/remotes/origin/hugo-theme
shsh-check	Run actions/checkout@3d3c42e5aac5ba805825da76410c181273ba90b1	2026-09-18T07:53:54.8608011Z 05d20643cd5f8c85c10028050c1fb423d611608a
shsh-check	Run actions/checkout@3d3c42e5aac5ba805825da76410c181273ba90b1	2026-09-18T07:53:54.8612091Z ##[endgroup]
shsh-check	Run actions/checkout@3d3c42e5aac5ba805825da76410c181273ba90b1	2026-09-18T07:53:54.8612618Z ##[group]Determining the checkout info
shsh-check	Run actions/checkout@3d3c42e5aac5ba805825da76410c181273ba90b1	2026-09-18T07:53:54.8613361Z ##[endgroup]
shsh-check	Run actions/checkout@3d3c42e5aac5ba805825da76410c181273ba90b1	2026-09-18T07:53:54.8618730Z [command]/usr/bin/git sparse-checkout disable
shsh-check	Run actions/checkout@3d3c42e5aac5ba805825da76410c181273ba90b1	2026-09-18T07:53:54.8674643Z [command]/usr/bin/git config --local --unset-all extensions.worktreeConfig
shsh-check	Run actions/checkout@3d3c42e5aac5ba805825da76410c181273ba90b1	2026-09-18T07:53:54.8708382Z ##[group]Checking out the ref
shsh-check	Run actions/checkout@3d3c42e5aac5ba805825da76410c181273ba90b1	2026-09-18T07:53:54.8713533Z [command]/usr/bin/git checkout --progress --force -B hugo-theme refs/remotes/origin/hugo-theme
shsh-check	Run actions/checkout@3d3c42e5aac5ba805825da76410c181273ba90b1	2026-09-18T07:53:55.4987156Z Switched to a new branch 'hugo-theme'
shsh-check	Run actions/checkout@3d3c42e5aac5ba805825da76410c181273ba90b1	2026-09-18T07:53:55.4992939Z branch 'hugo-theme' set up to track 'origin/hugo-theme'.
shsh-check	Run actions/checkout@3d3c42e5aac5ba805825da76410c181273ba90b1	2026-09-18T07:53:55.5019842Z ##[endgroup]
shsh-check	Run actions/checkout@3d3c42e5aac5ba805825da76410c181273ba90b1	2026-09-18T07:53:55.5077685Z [command]/usr/bin/git log -1 --format=%H
shsh-check	Run actions/checkout@3d3c42e5aac5ba805825da76410c181273ba90b1	2026-09-18T07:53:55.5108896Z 05d20643cd5f8c85c10028050c1fb423d611608a
shsh-check	Run actions/checkout@3d3c42e5aac5ba805825da76410c181273ba90b1	2026-09-18T07:53:55.5122593Z ##[group]Removing auth
shsh-check	Run actions/checkout@3d3c42e5aac5ba805825da76410c181273ba90b1	2026-09-18T07:53:55.5123077Z Removing SSH command configuration
shsh-check	Run actions/checkout@3d3c42e5aac5ba805825da76410c181273ba90b1	2026-09-18T07:53:55.5125494Z [command]/usr/bin/git config --local --name-only --get-regexp core\.sshCommand
shsh-check	Run actions/checkout@3d3c42e5aac5ba805825da76410c181273ba90b1	2026-09-18T07:53:55.5183128Z [command]/usr/bin/git submodule foreach --recursive sh -c "git config --local --name-only --get-regexp 'core\.sshCommand' && git config --local --unset-all 'core.sshCommand' || :"
shsh-check	Run actions/checkout@3d3c42e5aac5ba805825da76410c181273ba90b1	2026-09-18T07:53:55.5394477Z Removing HTTP extra header
shsh-check	Run actions/checkout@3d3c42e5aac5ba805825da76410c181273ba90b1	2026-09-18T07:53:55.5397875Z [command]/usr/bin/git config --local --name-only --get-regexp http\.https\:\/\/github\.com\/\.extraheader
shsh-check	Run actions/checkout@3d3c42e5aac5ba805825da76410c181273ba90b1	2026-09-18T07:53:55.5431512Z [command]/usr/bin/git submodule foreach --recursive sh -c "git config --local --name-only --get-regexp 'http\.https\:\/\/github\.com\/\.extraheader' && git config --local --unset-all 'http.https://github.com/.extraheader' || :"
shsh-check	Run actions/checkout@3d3c42e5aac5ba805825da76410c181273ba90b1	2026-09-18T07:53:55.5639507Z Removing includeIf entries pointing to credentials config files
shsh-check	Run actions/checkout@3d3c42e5aac5ba805825da76410c181273ba90b1	2026-09-18T07:53:55.5641988Z [command]/usr/bin/git config --local --name-only --get-regexp ^includeIf\.gitdir:
shsh-check	Run actions/checkout@3d3c42e5aac5ba805825da76410c181273ba90b1	2026-09-18T07:53:55.5672155Z includeif.gitdir:/home/runner/work/shimoju.jp/shimoju.jp/.git.path
shsh-check	Run actions/checkout@3d3c42e5aac5ba805825da76410c181273ba90b1	2026-09-18T07:53:55.5673107Z includeif.gitdir:/home/runner/work/shimoju.jp/shimoju.jp/.git/worktrees/*.path
shsh-check	Run actions/checkout@3d3c42e5aac5ba805825da76410c181273ba90b1	2026-09-18T07:53:55.5673680Z includeif.gitdir:/github/workspace/.git.path
shsh-check	Run actions/checkout@3d3c42e5aac5ba805825da76410c181273ba90b1	2026-09-18T07:53:55.5674057Z includeif.gitdir:/github/workspace/.git/worktrees/*.path
shsh-check	Run actions/checkout@3d3c42e5aac5ba805825da76410c181273ba90b1	2026-09-18T07:53:55.5682979Z [command]/usr/bin/git config --local --get-all includeif.gitdir:/home/runner/work/shimoju.jp/shimoju.jp/.git.path
shsh-check	Run actions/checkout@3d3c42e5aac5ba805825da76410c181273ba90b1	2026-09-18T07:53:55.5707720Z /home/runner/work/_temp/git-credentials-2ac22bde-f451-410f-9ac8-39bae0260847.config
shsh-check	Run actions/checkout@3d3c42e5aac5ba805825da76410c181273ba90b1	2026-09-18T07:53:55.5716220Z [command]/usr/bin/git config --local --unset includeif.gitdir:/home/runner/work/shimoju.jp/shimoju.jp/.git.path \/home\/runner\/work\/_temp\/git\-credentials\-2ac22bde\-f451\-410f\-9ac8\-39bae0260847\.config
shsh-check	Run actions/checkout@3d3c42e5aac5ba805825da76410c181273ba90b1	2026-09-18T07:53:55.5753093Z [command]/usr/bin/git config --local --get-all includeif.gitdir:/home/runner/work/shimoju.jp/shimoju.jp/.git/worktrees/*.path
shsh-check	Run actions/checkout@3d3c42e5aac5ba805825da76410c181273ba90b1	2026-09-18T07:53:55.5777441Z /home/runner/work/_temp/git-credentials-2ac22bde-f451-410f-9ac8-39bae0260847.config
shsh-check	Run actions/checkout@3d3c42e5aac5ba805825da76410c181273ba90b1	2026-09-18T07:53:55.5785287Z [command]/usr/bin/git config --local --unset includeif.gitdir:/home/runner/work/shimoju.jp/shimoju.jp/.git/worktrees/*.path \/home\/runner\/work\/_temp\/git\-credentials\-2ac22bde\-f451\-410f\-9ac8\-39bae0260847\.config
shsh-check	Run actions/checkout@3d3c42e5aac5ba805825da76410c181273ba90b1	2026-09-18T07:53:55.5819400Z [command]/usr/bin/git config --local --get-all includeif.gitdir:/github/workspace/.git.path
shsh-check	Run actions/checkout@3d3c42e5aac5ba805825da76410c181273ba90b1	2026-09-18T07:53:55.5879606Z /github/runner_temp/git-credentials-2ac22bde-f451-410f-9ac8-39bae0260847.config
shsh-check	Run actions/checkout@3d3c42e5aac5ba805825da76410c181273ba90b1	2026-09-18T07:53:55.5890667Z [command]/usr/bin/git config --local --unset includeif.gitdir:/github/workspace/.git.path \/github\/runner_temp\/git\-credentials\-2ac22bde\-f451\-410f\-9ac8\-39bae0260847\.config
shsh-check	Run actions/checkout@3d3c42e5aac5ba805825da76410c181273ba90b1	2026-09-18T07:53:55.5919897Z [command]/usr/bin/git config --local --get-all includeif.gitdir:/github/workspace/.git/worktrees/*.path
shsh-check	Run actions/checkout@3d3c42e5aac5ba805825da76410c181273ba90b1	2026-09-18T07:53:55.5943117Z /github/runner_temp/git-credentials-2ac22bde-f451-410f-9ac8-39bae0260847.config
shsh-check	Run actions/checkout@3d3c42e5aac5ba805825da76410c181273ba90b1	2026-09-18T07:53:55.5949888Z [command]/usr/bin/git config --local --unset includeif.gitdir:/github/workspace/.git/worktrees/*.path \/github\/runner_temp\/git\-credentials\-2ac22bde\-f451\-410f\-9ac8\-39bae0260847\.config
shsh-check	Run actions/checkout@3d3c42e5aac5ba805825da76410c181273ba90b1	2026-09-18T07:53:55.5982527Z [command]/usr/bin/git submodule foreach --recursive git config --local --show-origin --name-only --get-regexp remote.origin.url
shsh-check	Run actions/checkout@3d3c42e5aac5ba805825da76410c181273ba90b1	2026-09-18T07:53:55.6193617Z Removing credentials config '/home/runner/work/_temp/git-credentials-2ac22bde-f451-410f-9ac8-39bae0260847.config'
shsh-check	Run actions/checkout@3d3c42e5aac5ba805825da76410c181273ba90b1	2026-09-18T07:53:55.6201345Z ##[endgroup]
shsh-check	Run actions/setup-node@820762786026740c76f36085b0efc47a31fe5020	﻿2026-09-18T07:53:55.6431282Z ##[group]Run actions/setup-node@820762786026740c76f36085b0efc47a31fe5020
shsh-check	Run actions/setup-node@820762786026740c76f36085b0efc47a31fe5020	2026-09-18T07:53:55.6431685Z with:
shsh-check	Run actions/setup-node@820762786026740c76f36085b0efc47a31fe5020	2026-09-18T07:53:55.6431917Z   node-version-file: themes/shsh/.node-version
shsh-check	Run actions/setup-node@820762786026740c76f36085b0efc47a31fe5020	2026-09-18T07:53:55.6432223Z   package-manager-cache: false
shsh-check	Run actions/setup-node@820762786026740c76f36085b0efc47a31fe5020	2026-09-18T07:53:55.6432461Z   check-latest: false
shsh-check	Run actions/setup-node@820762786026740c76f36085b0efc47a31fe5020	2026-09-18T07:53:55.6434632Z   token: ***
shsh-check	Run actions/setup-node@820762786026740c76f36085b0efc47a31fe5020	2026-09-18T07:53:55.6434828Z ##[endgroup]
shsh-check	Run actions/setup-node@820762786026740c76f36085b0efc47a31fe5020	2026-09-18T07:53:55.7547922Z Node version file is not JSON file
shsh-check	Run actions/setup-node@820762786026740c76f36085b0efc47a31fe5020	2026-09-18T07:53:55.7550780Z Resolved themes/shsh/.node-version as 24.21.0
shsh-check	Run actions/setup-node@820762786026740c76f36085b0efc47a31fe5020	2026-09-18T07:53:55.7571982Z Attempting to download 24.21.0...
shsh-check	Run actions/setup-node@820762786026740c76f36085b0efc47a31fe5020	2026-09-18T07:53:56.2105787Z Acquiring 24.21.0 - x64 from https://github.com/actions/node-versions/releases/download/24.21.0-34304089047/node-24.21.0-linux-x64.tar.gz
shsh-check	Run actions/setup-node@820762786026740c76f36085b0efc47a31fe5020	2026-09-18T07:53:56.5558946Z Extracting ...
shsh-check	Run actions/setup-node@820762786026740c76f36085b0efc47a31fe5020	2026-09-18T07:53:56.5673108Z [command]/usr/bin/tar xz --strip 1 --warning=no-unknown-keyword --overwrite -C /home/runner/work/_temp/127f78c3-993c-4340-a96d-2264b53a6647 -f /home/runner/work/_temp/5bcff97a-3c69-4083-b986-900ca73d2ec1
shsh-check	Run actions/setup-node@820762786026740c76f36085b0efc47a31fe5020	2026-09-18T07:53:57.7552645Z Adding to the cache ...
shsh-check	Run actions/setup-node@820762786026740c76f36085b0efc47a31fe5020	2026-09-18T07:53:59.7772348Z ##[group]Environment details
shsh-check	Run actions/setup-node@820762786026740c76f36085b0efc47a31fe5020	2026-09-18T07:54:00.0058668Z node: v24.21.0
shsh-check	Run actions/setup-node@820762786026740c76f36085b0efc47a31fe5020	2026-09-18T07:54:00.0059049Z npm: 11.19.0
shsh-check	Run actions/setup-node@820762786026740c76f36085b0efc47a31fe5020	2026-09-18T07:54:00.0059346Z yarn: 1.22.22
shsh-check	Run actions/setup-node@820762786026740c76f36085b0efc47a31fe5020	2026-09-18T07:54:00.0060900Z ##[endgroup]
shsh-check	Run pnpm/action-setup@0977fd99725f1db4007ccb2928dbb4e90d06cc86	﻿2026-09-18T07:54:00.0253438Z ##[group]Run pnpm/action-setup@0977fd99725f1db4007ccb2928dbb4e90d06cc86
shsh-check	Run pnpm/action-setup@0977fd99725f1db4007ccb2928dbb4e90d06cc86	2026-09-18T07:54:00.0254033Z with:
shsh-check	Run pnpm/action-setup@0977fd99725f1db4007ccb2928dbb4e90d06cc86	2026-09-18T07:54:00.0254374Z   package_json_file: themes/shsh/package.json
shsh-check	Run pnpm/action-setup@0977fd99725f1db4007ccb2928dbb4e90d06cc86	2026-09-18T07:54:00.0254831Z   run_install: false
shsh-check	Run pnpm/action-setup@0977fd99725f1db4007ccb2928dbb4e90d06cc86	2026-09-18T07:54:00.0255159Z   dest: ~/setup-pnpm
shsh-check	Run pnpm/action-setup@0977fd99725f1db4007ccb2928dbb4e90d06cc86	2026-09-18T07:54:00.0255474Z   cache: false
shsh-check	Run pnpm/action-setup@0977fd99725f1db4007ccb2928dbb4e90d06cc86	2026-09-18T07:54:00.0255830Z   cache_dependency_path: pnpm-lock.yaml
shsh-check	Run pnpm/action-setup@0977fd99725f1db4007ccb2928dbb4e90d06cc86	2026-09-18T07:54:00.0256258Z   standalone: false
shsh-check	Run pnpm/action-setup@0977fd99725f1db4007ccb2928dbb4e90d06cc86	2026-09-18T07:54:00.0256574Z ##[endgroup]
shsh-check	Run pnpm/action-setup@0977fd99725f1db4007ccb2928dbb4e90d06cc86	2026-09-18T07:54:00.1743368Z ##[group]Running self-installer...
shsh-check	Run pnpm/action-setup@0977fd99725f1db4007ccb2928dbb4e90d06cc86	2026-09-18T07:54:01.5620192Z
shsh-check	Run pnpm/action-setup@0977fd99725f1db4007ccb2928dbb4e90d06cc86	2026-09-18T07:54:01.5628267Z added 1 package, and audited 2 packages in 1s
shsh-check	Run pnpm/action-setup@0977fd99725f1db4007ccb2928dbb4e90d06cc86	2026-09-18T07:54:01.5628567Z
shsh-check	Run pnpm/action-setup@0977fd99725f1db4007ccb2928dbb4e90d06cc86	2026-09-18T07:54:01.5628775Z 1 package is looking for funding
shsh-check	Run pnpm/action-setup@0977fd99725f1db4007ccb2928dbb4e90d06cc86	2026-09-18T07:54:01.5629056Z   run `npm fund` for details
shsh-check	Run pnpm/action-setup@0977fd99725f1db4007ccb2928dbb4e90d06cc86	2026-09-18T07:54:01.5633287Z
shsh-check	Run pnpm/action-setup@0977fd99725f1db4007ccb2928dbb4e90d06cc86	2026-09-18T07:54:01.5633510Z found 0 vulnerabilities
shsh-check	Run pnpm/action-setup@0977fd99725f1db4007ccb2928dbb4e90d06cc86	2026-09-18T07:54:02.1585205Z Checking for updates...
shsh-check	Run pnpm/action-setup@0977fd99725f1db4007ccb2928dbb4e90d06cc86	2026-09-18T07:54:02.3076668Z Switching pnpm from v11.19.0 to v12.4.1...
shsh-check	Run pnpm/action-setup@0977fd99725f1db4007ccb2928dbb4e90d06cc86	2026-09-18T07:54:02.6892482Z .../v11/961-1a0b3821798-b72dfaff9488401f | Progress: resolved 1, reused 0, downloaded 0, added 0
shsh-check	Run pnpm/action-setup@0977fd99725f1db4007ccb2928dbb4e90d06cc86	2026-09-18T07:54:02.6921703Z .../v11/961-1a0b3821798-b72dfaff9488401f |   +2 +
shsh-check	Run pnpm/action-setup@0977fd99725f1db4007ccb2928dbb4e90d06cc86	2026-09-18T07:54:03.1798916Z .../v11/961-1a0b3821798-b72dfaff9488401f | Progress: resolved 2, reused 0, downloaded 2, added 2, done
shsh-check	Run pnpm/action-setup@0977fd99725f1db4007ccb2928dbb4e90d06cc86	2026-09-18T07:54:04.5707877Z [WARN] Detected a pnpm v10 installation layout at PNPM_HOME. The pnpm shims at PNPM_HOME have been refreshed so the new version is active, but pnpm v11 expects bins in PNPM_HOME/bin. Run "pnpm setup" to migrate your PATH to the v11 layout.
shsh-check	Run pnpm/action-setup@0977fd99725f1db4007ccb2928dbb4e90d06cc86	2026-09-18T07:54:04.5762395Z Successfully updated pnpm to v12.4.1
shsh-check	Run pnpm/action-setup@0977fd99725f1db4007ccb2928dbb4e90d06cc86	2026-09-18T07:54:04.6045410Z ##[endgroup]
shsh-check	Run pnpm/action-setup@0977fd99725f1db4007ccb2928dbb4e90d06cc86	2026-09-18T07:54:04.6045994Z Installation Completed!
shsh-check	Run peaceiris/actions-hugo@6b1ee2dcc06c9b6629a5317fa0146473914d05e1	﻿2026-09-18T07:54:04.6176443Z ##[group]Run peaceiris/actions-hugo@6b1ee2dcc06c9b6629a5317fa0146473914d05e1
shsh-check	Run peaceiris/actions-hugo@6b1ee2dcc06c9b6629a5317fa0146473914d05e1	2026-09-18T07:54:04.6176860Z with:
shsh-check	Run peaceiris/actions-hugo@6b1ee2dcc06c9b6629a5317fa0146473914d05e1	2026-09-18T07:54:04.6177056Z   hugo-version: 0.166.0
shsh-check	Run peaceiris/actions-hugo@6b1ee2dcc06c9b6629a5317fa0146473914d05e1	2026-09-18T07:54:04.6177275Z   extended: false
shsh-check	Run peaceiris/actions-hugo@6b1ee2dcc06c9b6629a5317fa0146473914d05e1	2026-09-18T07:54:04.6177467Z env:
shsh-check	Run peaceiris/actions-hugo@6b1ee2dcc06c9b6629a5317fa0146473914d05e1	2026-09-18T07:54:04.6177708Z   PNPM_HOME: /home/runner/setup-pnpm/node_modules/.bin
shsh-check	Run peaceiris/actions-hugo@6b1ee2dcc06c9b6629a5317fa0146473914d05e1	2026-09-18T07:54:04.6178013Z ##[endgroup]
shsh-check	Run peaceiris/actions-hugo@6b1ee2dcc06c9b6629a5317fa0146473914d05e1	2026-09-18T07:54:04.6941394Z Hugo version: 0.166.0
shsh-check	Run peaceiris/actions-hugo@6b1ee2dcc06c9b6629a5317fa0146473914d05e1	2026-09-18T07:54:04.9475461Z [command]/usr/bin/tar xz --warning=no-unknown-keyword --overwrite -C /home/runner/actions_hugo/_temp -f /home/runner/work/_temp/a5f114ba-6197-4026-bc9f-8b540aea0fc2
shsh-check	Run peaceiris/actions-hugo@6b1ee2dcc06c9b6629a5317fa0146473914d05e1	2026-09-18T07:54:05.3424516Z [command]/home/runner/actions_hugo/bin/hugo version
shsh-check	Run peaceiris/actions-hugo@6b1ee2dcc06c9b6629a5317fa0146473914d05e1	2026-09-18T07:54:05.3765919Z hugo v0.166.0-78400b4de8adc99273d3e674ed6c4d14c3bdf669 linux/amd64 BuildDate=2026-09-09T14:45:02Z VendorInfo=gohugoio
shsh-check	Run pnpm install --frozen-lockfile	﻿2026-09-18T07:54:05.3912943Z ##[group]Run pnpm install --frozen-lockfile
shsh-check	Run pnpm install --frozen-lockfile	2026-09-18T07:54:05.3913381Z ^[[36;1mpnpm install --frozen-lockfile^[[0m
shsh-check	Run pnpm install --frozen-lockfile	2026-09-18T07:54:05.3952976Z shell: /usr/bin/bash --noprofile --norc -e -o pipefail {0}
shsh-check	Run pnpm install --frozen-lockfile	2026-09-18T07:54:05.3953311Z env:
shsh-check	Run pnpm install --frozen-lockfile	2026-09-18T07:54:05.3953539Z   PNPM_HOME: /home/runner/setup-pnpm/node_modules/.bin
shsh-check	Run pnpm install --frozen-lockfile	2026-09-18T07:54:05.3953822Z ##[endgroup]
shsh-check	Run pnpm install --frozen-lockfile	2026-09-18T07:54:05.4342869Z ? Verifying lockfile against supply-chain policies (205 entries)...
shsh-check	Run pnpm install --frozen-lockfile	2026-09-18T07:54:05.5501006Z Downloading @oxlint-tsgolint/linux-x64@7.0.2001: 0.00 B/7.71 MB
shsh-check	Run pnpm install --frozen-lockfile	2026-09-18T07:54:05.5828624Z Packages are hard linked from the content-addressable store to the virtual store.
shsh-check	Run pnpm install --frozen-lockfile	2026-09-18T07:54:05.5829593Z   Content-addressable store is at: /home/runner/setup-pnpm/node_modules/.bin/store/v11
shsh-check	Run pnpm install --frozen-lockfile	2026-09-18T07:54:05.5830171Z   Virtual store is at:             node_modules/.pnpm
shsh-check	Run pnpm install --frozen-lockfile	2026-09-18T07:54:05.5878685Z Downloading @oxlint/binding-linux-x64-gnu@1.82.0: 0.00 B/6.51 MB
shsh-check	Run pnpm install --frozen-lockfile	2026-09-18T07:54:05.6330901Z Downloading @typescript/typescript-linux-x64@7.0.2: 0.00 B/9.66 MB
shsh-check	Run pnpm install --frozen-lockfile	2026-09-18T07:54:06.3688476Z ✓ Lockfile passes supply-chain policies (205 entries in 934ms)
shsh-check	Run pnpm install --frozen-lockfile	2026-09-18T07:54:06.3711272Z Lockfile is up to date, resolution step is skipped
shsh-check	Run pnpm install --frozen-lockfile	2026-09-18T07:54:06.4695245Z Packages: +145
shsh-check	Run pnpm install --frozen-lockfile	2026-09-18T07:54:06.4696180Z ++++++++++++++++++++++++++++++++++++++++++++++++++++++++++++++++++++++++++++++++
shsh-check	Run pnpm install --frozen-lockfile	2026-09-18T07:54:06.4795490Z Progress: resolved 145, reused 0, downloaded 145, added 145, done
shsh-check	Run pnpm install --frozen-lockfile	2026-09-18T07:54:06.4972840Z
shsh-check	Run pnpm install --frozen-lockfile	2026-09-18T07:54:06.4973265Z devDependencies:
shsh-check	Run pnpm install --frozen-lockfile	2026-09-18T07:54:06.4973930Z + @axe-core/playwright 4.13.0
shsh-check	Run pnpm install --frozen-lockfile	2026-09-18T07:54:06.4974440Z + @playwright/test 1.63.0
shsh-check	Run pnpm install --frozen-lockfile	2026-09-18T07:54:06.4974877Z + @types/node 24.13.4
shsh-check	Run pnpm install --frozen-lockfile	2026-09-18T07:54:06.4975302Z + html-validate 11.15.0
shsh-check	Run pnpm install --frozen-lockfile	2026-09-18T07:54:06.4975819Z + oxfmt 0.67.0
shsh-check	Run pnpm install --frozen-lockfile	2026-09-18T07:54:06.4976083Z + oxlint 1.82.0
shsh-check	Run pnpm install --frozen-lockfile	2026-09-18T07:54:06.4976331Z + oxlint-tsgolint 7.0.2001
shsh-check	Run pnpm install --frozen-lockfile	2026-09-18T07:54:06.4976581Z + prettier 3.9.6
shsh-check	Run pnpm install --frozen-lockfile	2026-09-18T07:54:06.4976861Z + prettier-plugin-go-template 0.0.15
shsh-check	Run pnpm install --frozen-lockfile	2026-09-18T07:54:06.4977169Z + stylelint 17.15.0
shsh-check	Run pnpm install --frozen-lockfile	2026-09-18T07:54:06.4977446Z + stylelint-config-standard 40.0.0
shsh-check	Run pnpm install --frozen-lockfile	2026-09-18T07:54:06.4977722Z + typescript 7.0.2
shsh-check	Run pnpm install --frozen-lockfile	2026-09-18T07:54:06.4977847Z
shsh-check	Run pnpm install --frozen-lockfile	2026-09-18T07:54:06.4987060Z Done in 1.1s using pnpm v12.4.1
shsh-check	Run pnpm exec playwright install --with-deps chromium firefox webkit	﻿2026-09-18T07:54:06.5237109Z ##[group]Run pnpm exec playwright install --with-deps chromium firefox webkit
shsh-check	Run pnpm exec playwright install --with-deps chromium firefox webkit	2026-09-18T07:54:06.5237725Z ^[[36;1mpnpm exec playwright install --with-deps chromium firefox webkit^[[0m
shsh-check	Run pnpm exec playwright install --with-deps chromium firefox webkit	2026-09-18T07:54:06.5273678Z shell: /usr/bin/bash --noprofile --norc -e -o pipefail {0}
shsh-check	Run pnpm exec playwright install --with-deps chromium firefox webkit	2026-09-18T07:54:06.5273994Z env:
shsh-check	Run pnpm exec playwright install --with-deps chromium firefox webkit	2026-09-18T07:54:06.5274241Z   PNPM_HOME: /home/runner/setup-pnpm/node_modules/.bin
shsh-check	Run pnpm exec playwright install --with-deps chromium firefox webkit	2026-09-18T07:54:06.5274546Z ##[endgroup]
shsh-check	Run pnpm exec playwright install --with-deps chromium firefox webkit	2026-09-18T07:54:07.0201381Z Installing dependencies...
shsh-check	Run pnpm exec playwright install --with-deps chromium firefox webkit	2026-09-18T07:54:07.0281681Z Switching to root user to install dependencies...
shsh-check	Run pnpm exec playwright install --with-deps chromium firefox webkit	2026-09-18T07:54:07.1277656Z Get:1 file:/etc/apt/apt-mirrors.txt Mirrorlist [144 B]
shsh-check	Run pnpm exec playwright install --with-deps chromium firefox webkit	2026-09-18T07:54:07.1617215Z Hit:2 http://azure.archive.ubuntu.com/ubuntu noble InRelease
shsh-check	Run pnpm exec playwright install --with-deps chromium firefox webkit	2026-09-18T07:54:07.1641688Z Get:6 https://packages.microsoft.com/ubuntu/24.04/prod noble InRelease [3600 B]
shsh-check	Run pnpm exec playwright install --with-deps chromium firefox webkit	2026-09-18T07:54:07.1684175Z Get:3 http://azure.archive.ubuntu.com/ubuntu noble-updates InRelease [126 kB]
shsh-check	Run pnpm exec playwright install --with-deps chromium firefox webkit	2026-09-18T07:54:07.1735772Z Get:4 http://azure.archive.ubuntu.com/ubuntu noble-backports InRelease [126 kB]
shsh-check	Run pnpm exec playwright install --with-deps chromium firefox webkit	2026-09-18T07:54:07.1737034Z Get:5 http://azure.archive.ubuntu.com/ubuntu noble-security InRelease [126 kB]
shsh-check	Run pnpm exec playwright install --with-deps chromium firefox webkit	2026-09-18T07:54:07.1948711Z Get:7 https://dl.google.com/linux/chrome-stable/deb stable InRelease [2548 B]
shsh-check	Run pnpm exec playwright install --with-deps chromium firefox webkit	2026-09-18T07:54:07.3017122Z Get:8 https://packages.microsoft.com/ubuntu/24.04/prod noble/main amd64 Packages [476 kB]
shsh-check	Run pnpm exec playwright install --with-deps chromium firefox webkit	2026-09-18T07:54:07.3151929Z Get:9 https://packages.microsoft.com/ubuntu/24.04/prod noble/main arm64 Packages [427 kB]
shsh-check	Run pnpm exec playwright install --with-deps chromium firefox webkit	2026-09-18T07:54:07.3468091Z Get:10 http://azure.archive.ubuntu.com/ubuntu noble-updates/main amd64 Packages [1275 kB]
shsh-check	Run pnpm exec playwright install --with-deps chromium firefox webkit	2026-09-18T07:54:07.3533061Z Get:11 http://azure.archive.ubuntu.com/ubuntu noble-updates/main Translation-en [294 kB]
shsh-check	Run pnpm exec playwright install --with-deps chromium firefox webkit	2026-09-18T07:54:07.3553774Z Get:12 http://azure.archive.ubuntu.com/ubuntu noble-updates/main amd64 Components [181 kB]
shsh-check	Run pnpm exec playwright install --with-deps chromium firefox webkit	2026-09-18T07:54:07.3569000Z Get:13 http://azure.archive.ubuntu.com/ubuntu noble-updates/universe amd64 Packages [1689 kB]
shsh-check	Run pnpm exec playwright install --with-deps chromium firefox webkit	2026-09-18T07:54:07.3662118Z Get:14 http://azure.archive.ubuntu.com/ubuntu noble-updates/universe Translation-en [338 kB]
shsh-check	Run pnpm exec playwright install --with-deps chromium firefox webkit	2026-09-18T07:54:07.3684648Z Get:15 http://azure.archive.ubuntu.com/ubuntu noble-updates/universe amd64 Components [388 kB]
shsh-check	Run pnpm exec playwright install --with-deps chromium firefox webkit	2026-09-18T07:54:07.3710305Z Get:16 http://azure.archive.ubuntu.com/ubuntu noble-updates/restricted amd64 Packages [1580 kB]
shsh-check	Run pnpm exec playwright install --with-deps chromium firefox webkit	2026-09-18T07:54:07.3801430Z Get:17 http://azure.archive.ubuntu.com/ubuntu noble-updates/restricted Translation-en [359 kB]
shsh-check	Run pnpm exec playwright install --with-deps chromium firefox webkit	2026-09-18T07:54:07.3871729Z Get:18 http://azure.archive.ubuntu.com/ubuntu noble-updates/multiverse amd64 Packages [45.7 kB]
shsh-check	Run pnpm exec playwright install --with-deps chromium firefox webkit	2026-09-18T07:54:07.3873395Z Get:19 http://azure.archive.ubuntu.com/ubuntu noble-updates/multiverse Translation-en [13.1 kB]
shsh-check	Run pnpm exec playwright install --with-deps chromium firefox webkit	2026-09-18T07:54:07.4347416Z Get:20 http://azure.archive.ubuntu.com/ubuntu noble-updates/multiverse amd64 Components [940 B]
shsh-check	Run pnpm exec playwright install --with-deps chromium firefox webkit	2026-09-18T07:54:07.4357728Z Get:21 http://azure.archive.ubuntu.com/ubuntu noble-backports/main amd64 Components [5748 B]
shsh-check	Run pnpm exec playwright install --with-deps chromium firefox webkit	2026-09-18T07:54:07.4359342Z Get:22 http://azure.archive.ubuntu.com/ubuntu noble-backports/universe amd64 Components [12.6 kB]
shsh-check	Run pnpm exec playwright install --with-deps chromium firefox webkit	2026-09-18T07:54:07.4621644Z Get:23 http://azure.archive.ubuntu.com/ubuntu noble-security/main amd64 Packages [1009 kB]
shsh-check	Run pnpm exec playwright install --with-deps chromium firefox webkit	2026-09-18T07:54:07.4661877Z Get:24 http://azure.archive.ubuntu.com/ubuntu noble-security/main Translation-en [214 kB]
shsh-check	Run pnpm exec playwright install --with-deps chromium firefox webkit	2026-09-18T07:54:07.4676339Z Get:25 http://azure.archive.ubuntu.com/ubuntu noble-security/main amd64 Components [46.4 kB]
shsh-check	Run pnpm exec playwright install --with-deps chromium firefox webkit	2026-09-18T07:54:07.4691845Z Get:26 http://azure.archive.ubuntu.com/ubuntu noble-security/universe amd64 Packages [1208 kB]
shsh-check	Run pnpm exec playwright install --with-deps chromium firefox webkit	2026-09-18T07:54:07.4752452Z Get:27 http://azure.archive.ubuntu.com/ubuntu noble-security/universe Translation-en [243 kB]
shsh-check	Run pnpm exec playwright install --with-deps chromium firefox webkit	2026-09-18T07:54:07.4800274Z Get:28 http://azure.archive.ubuntu.com/ubuntu noble-security/universe amd64 Components [76.2 kB]
shsh-check	Run pnpm exec playwright install --with-deps chromium firefox webkit	2026-09-18T07:54:07.4823033Z Get:29 http://azure.archive.ubuntu.com/ubuntu noble-security/restricted amd64 Packages [1449 kB]
shsh-check	Run pnpm exec playwright install --with-deps chromium firefox webkit	2026-09-18T07:54:07.4941969Z Get:30 http://azure.archive.ubuntu.com/ubuntu noble-security/restricted Translation-en [336 kB]
shsh-check	Run pnpm exec playwright install --with-deps chromium firefox webkit	2026-09-18T07:54:07.4959853Z Get:31 http://azure.archive.ubuntu.com/ubuntu noble-security/multiverse Translation-en [11.3 kB]
shsh-check	Run pnpm exec playwright install --with-deps chromium firefox webkit	2026-09-18T07:54:07.5331756Z Get:32 https://dl.google.com/linux/chrome-stable/deb stable/main amd64 Packages [1408 B]
shsh-check	Run pnpm exec playwright install --with-deps chromium firefox webkit	2026-09-18T07:54:11.6186357Z Fetched 12.1 MB in 1s (9148 kB/s)
shsh-check	Run pnpm exec playwright install --with-deps chromium firefox webkit	2026-09-18T07:54:12.3486304Z Reading package lists...
shsh-check	Run pnpm exec playwright install --with-deps chromium firefox webkit	2026-09-18T07:54:12.3722341Z Reading package lists...
shsh-check	Run pnpm exec playwright install --with-deps chromium firefox webkit	2026-09-18T07:54:12.5154978Z Building dependency tree...
shsh-check	Run pnpm exec playwright install --with-deps chromium firefox webkit	2026-09-18T07:54:12.5162420Z Reading state information...
shsh-check	Run pnpm exec playwright install --with-deps chromium firefox webkit	2026-09-18T07:54:12.5277497Z libasound2t64 is already the newest version (1.2.11-1ubuntu0.3).
shsh-check	Run pnpm exec playwright install --with-deps chromium firefox webkit	2026-09-18T07:54:12.5278405Z libasound2t64 set to manually installed.
shsh-check	Run pnpm exec playwright install --with-deps chromium firefox webkit	2026-09-18T07:54:12.5279336Z libatk-bridge2.0-0t64 is already the newest version (2.52.0-1build1).
shsh-check	Run pnpm exec playwright install --with-deps chromium firefox webkit	2026-09-18T07:54:12.5280283Z libatk-bridge2.0-0t64 set to manually installed.
shsh-check	Run pnpm exec playwright install --with-deps chromium firefox webkit	2026-09-18T07:54:12.5282780Z libatk1.0-0t64 is already the newest version (2.52.0-1build1).
shsh-check	Run pnpm exec playwright install --with-deps chromium firefox webkit	2026-09-18T07:54:12.5283438Z libatk1.0-0t64 set to manually installed.
shsh-check	Run pnpm exec playwright install --with-deps chromium firefox webkit	2026-09-18T07:54:12.5284041Z libatspi2.0-0t64 is already the newest version (2.52.0-1build1).
shsh-check	Run pnpm exec playwright install --with-deps chromium firefox webkit	2026-09-18T07:54:12.5284482Z libatspi2.0-0t64 set to manually installed.
shsh-check	Run pnpm exec playwright install --with-deps chromium firefox webkit	2026-09-18T07:54:12.5284859Z libcairo2 is already the newest version (1.18.0-3build1).
shsh-check	Run pnpm exec playwright install --with-deps chromium firefox webkit	2026-09-18T07:54:12.5285203Z libcairo2 set to manually installed.
shsh-check	Run pnpm exec playwright install --with-deps chromium firefox webkit	2026-09-18T07:54:12.5285578Z libcups2t64 is already the newest version (2.4.7-1.2ubuntu7.14).
shsh-check	Run pnpm exec playwright install --with-deps chromium firefox webkit	2026-09-18T07:54:12.5285956Z libcups2t64 set to manually installed.
shsh-check	Run pnpm exec playwright install --with-deps chromium firefox webkit	2026-09-18T07:54:12.5286326Z libdbus-1-3 is already the newest version (1.14.10-4ubuntu4.1).
shsh-check	Run pnpm exec playwright install --with-deps chromium firefox webkit	2026-09-18T07:54:12.5286684Z libdbus-1-3 set to manually installed.
shsh-check	Run pnpm exec playwright install --with-deps chromium firefox webkit	2026-09-18T07:54:12.5287071Z libdrm2 is already the newest version (2.4.125-1ubuntu0.1~24.04.2).
shsh-check	Run pnpm exec playwright install --with-deps chromium firefox webkit	2026-09-18T07:54:12.5287438Z libdrm2 set to manually installed.
shsh-check	Run pnpm exec playwright install --with-deps chromium firefox webkit	2026-09-18T07:54:12.5287796Z libgbm1 is already the newest version (25.2.8-0ubuntu0.24.04.2).
shsh-check	Run pnpm exec playwright install --with-deps chromium firefox webkit	2026-09-18T07:54:12.5288152Z libgbm1 set to manually installed.
shsh-check	Run pnpm exec playwright install --with-deps chromium firefox webkit	2026-09-18T07:54:12.5288516Z libglib2.0-0t64 is already the newest version (2.80.0-6ubuntu3.8).
shsh-check	Run pnpm exec playwright install --with-deps chromium firefox webkit	2026-09-18T07:54:12.5288896Z libglib2.0-0t64 set to manually installed.
shsh-check	Run pnpm exec playwright install --with-deps chromium firefox webkit	2026-09-18T07:54:12.5289291Z libnspr4 is already the newest version (2:4.35-1.1build1).
shsh-check	Run pnpm exec playwright install --with-deps chromium firefox webkit	2026-09-18T07:54:12.5289647Z libnspr4 set to manually installed.
shsh-check	Run pnpm exec playwright install --with-deps chromium firefox webkit	2026-09-18T07:54:12.5290005Z libnss3 is already the newest version (2:3.98-1ubuntu0.2).
shsh-check	Run pnpm exec playwright install --with-deps chromium firefox webkit	2026-09-18T07:54:12.5290339Z libnss3 set to manually installed.
shsh-check	Run pnpm exec playwright install --with-deps chromium firefox webkit	2026-09-18T07:54:12.5290949Z libpango-1.0-0 is already the newest version (1.52.1+ds-1build1).
shsh-check	Run pnpm exec playwright install --with-deps chromium firefox webkit	2026-09-18T07:54:12.5291345Z libpango-1.0-0 set to manually installed.
shsh-check	Run pnpm exec playwright install --with-deps chromium firefox webkit	2026-09-18T07:54:12.5291707Z libx11-6 is already the newest version (2:1.8.7-1build1).
shsh-check	Run pnpm exec playwright install --with-deps chromium firefox webkit	2026-09-18T07:54:12.5292041Z libx11-6 set to manually installed.
shsh-check	Run pnpm exec playwright install --with-deps chromium firefox webkit	2026-09-18T07:54:12.5292400Z libxcb1 is already the newest version (1.15-1ubuntu2).
shsh-check	Run pnpm exec playwright install --with-deps chromium firefox webkit	2026-09-18T07:54:12.5292725Z libxcb1 set to manually installed.
shsh-check	Run pnpm exec playwright install --with-deps chromium firefox webkit	2026-09-18T07:54:12.5293095Z libxcomposite1 is already the newest version (1:0.4.5-1build3).
shsh-check	Run pnpm exec playwright install --with-deps chromium firefox webkit	2026-09-18T07:54:12.5293473Z libxcomposite1 set to manually installed.
shsh-check	Run pnpm exec playwright install --with-deps chromium firefox webkit	2026-09-18T07:54:12.5293852Z libxdamage1 is already the newest version (1:1.1.6-1build1).
shsh-check	Run pnpm exec playwright install --with-deps chromium firefox webkit	2026-09-18T07:54:12.5294209Z libxdamage1 set to manually installed.
shsh-check	Run pnpm exec playwright install --with-deps chromium firefox webkit	2026-09-18T07:54:12.5294558Z libxext6 is already the newest version (2:1.3.4-1build2).
shsh-check	Run pnpm exec playwright install --with-deps chromium firefox webkit	2026-09-18T07:54:12.5294892Z libxext6 set to manually installed.
shsh-check	Run pnpm exec playwright install --with-deps chromium firefox webkit	2026-09-18T07:54:12.5295240Z libxfixes3 is already the newest version (1:6.0.0-2build1).
shsh-check	Run pnpm exec playwright install --with-deps chromium firefox webkit	2026-09-18T07:54:12.5295593Z libxfixes3 set to manually installed.
shsh-check	Run pnpm exec playwright install --with-deps chromium firefox webkit	2026-09-18T07:54:12.5296112Z libxkbcommon0 is already the newest version (1.6.0-1build1).
shsh-check	Run pnpm exec playwright install --with-deps chromium firefox webkit	2026-09-18T07:54:12.5296730Z libxkbcommon0 set to manually installed.
shsh-check	Run pnpm exec playwright install --with-deps chromium firefox webkit	2026-09-18T07:54:12.5297341Z libxrandr2 is already the newest version (2:1.5.2-2build1).
shsh-check	Run pnpm exec playwright install --with-deps chromium firefox webkit	2026-09-18T07:54:12.5297904Z libxrandr2 set to manually installed.
shsh-check	Run pnpm exec playwright install --with-deps chromium firefox webkit	2026-09-18T07:54:12.5298541Z xvfb is already the newest version (2:21.1.12-1ubuntu1.6).
shsh-check	Run pnpm exec playwright install --with-deps chromium firefox webkit	2026-09-18T07:54:12.5299472Z fonts-noto-color-emoji is already the newest version (2.047-0ubuntu0.24.04.1).
shsh-check	Run pnpm exec playwright install --with-deps chromium firefox webkit	2026-09-18T07:54:12.5300797Z libfontconfig1 is already the newest version (2.15.0-1.1ubuntu2).
shsh-check	Run pnpm exec playwright install --with-deps chromium firefox webkit	2026-09-18T07:54:12.5301202Z libfontconfig1 set to manually installed.
shsh-check	Run pnpm exec playwright install --with-deps chromium firefox webkit	2026-09-18T07:54:12.5301616Z libfreetype6 is already the newest version (2.13.2+dfsg-1ubuntu0.1).
shsh-check	Run pnpm exec playwright install --with-deps chromium firefox webkit	2026-09-18T07:54:12.5302005Z libfreetype6 set to manually installed.
shsh-check	Run pnpm exec playwright install --with-deps chromium firefox webkit	2026-09-18T07:54:12.5302384Z fonts-liberation is already the newest version (1:2.1.5-3).
shsh-check	Run pnpm exec playwright install --with-deps chromium firefox webkit	2026-09-18T07:54:12.5302762Z fonts-liberation set to manually installed.
shsh-check	Run pnpm exec playwright install --with-deps chromium firefox webkit	2026-09-18T07:54:12.5303332Z libcairo-gobject2 is already the newest version (1.18.0-3build1).
shsh-check	Run pnpm exec playwright install --with-deps chromium firefox webkit	2026-09-18T07:54:12.5303732Z libcairo-gobject2 set to manually installed.
shsh-check	Run pnpm exec playwright install --with-deps chromium firefox webkit	2026-09-18T07:54:12.5304176Z libgdk-pixbuf-2.0-0 is already the newest version (2.42.10+dfsg-3ubuntu3.3).
shsh-check	Run pnpm exec playwright install --with-deps chromium firefox webkit	2026-09-18T07:54:12.5304613Z libgdk-pixbuf-2.0-0 set to manually installed.
shsh-check	Run pnpm exec playwright install --with-deps chromium firefox webkit	2026-09-18T07:54:12.5305038Z libgtk-3-0t64 is already the newest version (3.24.41-4ubuntu1.3).
shsh-check	Run pnpm exec playwright install --with-deps chromium firefox webkit	2026-09-18T07:54:12.5305412Z libgtk-3-0t64 set to manually installed.
shsh-check	Run pnpm exec playwright install --with-deps chromium firefox webkit	2026-09-18T07:54:12.5305831Z libpangocairo-1.0-0 is already the newest version (1.52.1+ds-1build1).
shsh-check	Run pnpm exec playwright install --with-deps chromium firefox webkit	2026-09-18T07:54:12.5306239Z libpangocairo-1.0-0 set to manually installed.
shsh-check	Run pnpm exec playwright install --with-deps chromium firefox webkit	2026-09-18T07:54:12.5306626Z libx11-xcb1 is already the newest version (2:1.8.7-1build1).
shsh-check	Run pnpm exec playwright install --with-deps chromium firefox webkit	2026-09-18T07:54:12.5306979Z libx11-xcb1 set to manually installed.
shsh-check	Run pnpm exec playwright install --with-deps chromium firefox webkit	2026-09-18T07:54:12.5307335Z libxcb-shm0 is already the newest version (1.15-1ubuntu2).
shsh-check	Run pnpm exec playwright install --with-deps chromium firefox webkit	2026-09-18T07:54:12.5307678Z libxcb-shm0 set to manually installed.
shsh-check	Run pnpm exec playwright install --with-deps chromium firefox webkit	2026-09-18T07:54:12.5308044Z libxcursor1 is already the newest version (1:1.2.1-1build1).
shsh-check	Run pnpm exec playwright install --with-deps chromium firefox webkit	2026-09-18T07:54:12.5308393Z libxcursor1 set to manually installed.
shsh-check	Run pnpm exec playwright install --with-deps chromium firefox webkit	2026-09-18T07:54:12.5308730Z libxi6 is already the newest version (2:1.8.1-1build1).
shsh-check	Run pnpm exec playwright install --with-deps chromium firefox webkit	2026-09-18T07:54:12.5309056Z libxi6 set to manually installed.
shsh-check	Run pnpm exec playwright install --with-deps chromium firefox webkit	2026-09-18T07:54:12.5309423Z libxrender1 is already the newest version (1:0.9.10-1.1build1).
shsh-check	Run pnpm exec playwright install --with-deps chromium firefox webkit	2026-09-18T07:54:12.5309814Z libxrender1 set to manually installed.
shsh-check	Run pnpm exec playwright install --with-deps chromium firefox webkit	2026-09-18T07:54:12.5310196Z libicu74 is already the newest version (74.2-1ubuntu3.1).
shsh-check	Run pnpm exec playwright install --with-deps chromium firefox webkit	2026-09-18T07:54:12.5310893Z libatomic1 is already the newest version (14.2.0-4ubuntu2~24.04.1).
shsh-check	Run pnpm exec playwright install --with-deps chromium firefox webkit	2026-09-18T07:54:12.5311306Z libatomic1 set to manually installed.
shsh-check	Run pnpm exec playwright install --with-deps chromium firefox webkit	2026-09-18T07:54:12.5311725Z libenchant-2-2 is already the newest version (2.3.3-2build2).
shsh-check	Run pnpm exec playwright install --with-deps chromium firefox webkit	2026-09-18T07:54:12.5312119Z libenchant-2-2 set to manually installed.
shsh-check	Run pnpm exec playwright install --with-deps chromium firefox webkit	2026-09-18T07:54:12.5312509Z libepoxy0 is already the newest version (1.5.10-1build1).
shsh-check	Run pnpm exec playwright install --with-deps chromium firefox webkit	2026-09-18T07:54:12.5312881Z libepoxy0 set to manually installed.
shsh-check	Run pnpm exec playwright install --with-deps chromium firefox webkit	2026-09-18T07:54:12.5313302Z libgstreamer1.0-0 is already the newest version (1.24.2-1ubuntu0.1).
shsh-check	Run pnpm exec playwright install --with-deps chromium firefox webkit	2026-09-18T07:54:12.5313740Z libgstreamer1.0-0 set to manually installed.
shsh-check	Run pnpm exec playwright install --with-deps chromium firefox webkit	2026-09-18T07:54:12.5314148Z libharfbuzz0b is already the newest version (8.3.0-2build2).
shsh-check	Run pnpm exec playwright install --with-deps chromium firefox webkit	2026-09-18T07:54:12.6457293Z libharfbuzz0b set to manually installed.
shsh-check	Run pnpm exec playwright install --with-deps chromium firefox webkit	2026-09-18T07:54:12.6458162Z libjpeg-turbo8 is already the newest version (2.1.5-2ubuntu2).
shsh-check	Run pnpm exec playwright install --with-deps chromium firefox webkit	2026-09-18T07:54:12.6459019Z libjpeg-turbo8 set to manually installed.
shsh-check	Run pnpm exec playwright install --with-deps chromium firefox webkit	2026-09-18T07:54:12.6459775Z liblcms2-2 is already the newest version (2.14-2ubuntu0.1).
shsh-check	Run pnpm exec playwright install --with-deps chromium firefox webkit	2026-09-18T07:54:12.6460854Z liblcms2-2 set to manually installed.
shsh-check	Run pnpm exec playwright install --with-deps chromium firefox webkit	2026-09-18T07:54:12.6461628Z libpng16-16t64 is already the newest version (1.6.43-5ubuntu0.6).
shsh-check	Run pnpm exec playwright install --with-deps chromium firefox webkit	2026-09-18T07:54:12.6462366Z libpng16-16t64 set to manually installed.
shsh-check	Run pnpm exec playwright install --with-deps chromium firefox webkit	2026-09-18T07:54:12.6463215Z libwayland-client0 is already the newest version (1.22.0-2.1build1).
shsh-check	Run pnpm exec playwright install --with-deps chromium firefox webkit	2026-09-18T07:54:12.6464134Z libwayland-client0 set to manually installed.
shsh-check	Run pnpm exec playwright install --with-deps chromium firefox webkit	2026-09-18T07:54:12.6464948Z libwayland-egl1 is already the newest version (1.22.0-2.1build1).
shsh-check	Run pnpm exec playwright install --with-deps chromium firefox webkit	2026-09-18T07:54:12.6465752Z libwayland-egl1 set to manually installed.
shsh-check	Run pnpm exec playwright install --with-deps chromium firefox webkit	2026-09-18T07:54:12.6466466Z libwebp7 is already the newest version (1.3.2-0.4build3).
shsh-check	Run pnpm exec playwright install --with-deps chromium firefox webkit	2026-09-18T07:54:12.6467127Z libwebp7 set to manually installed.
shsh-check	Run pnpm exec playwright install --with-deps chromium firefox webkit	2026-09-18T07:54:12.6467830Z libwebpdemux2 is already the newest version (1.3.2-0.4build3).
shsh-check	Run pnpm exec playwright install --with-deps chromium firefox webkit	2026-09-18T07:54:12.6468478Z libwebpdemux2 set to manually installed.
shsh-check	Run pnpm exec playwright install --with-deps chromium firefox webkit	2026-09-18T07:54:12.6469004Z libxml2 is already the newest version (2.9.14+dfsg-1.3ubuntu3.8).
shsh-check	Run pnpm exec playwright install --with-deps chromium firefox webkit	2026-09-18T07:54:12.6469697Z libxml2 set to manually installed.
shsh-check	Run pnpm exec playwright install --with-deps chromium firefox webkit	2026-09-18T07:54:12.6470136Z libxslt1.1 is already the newest version (1.1.39-0exp1ubuntu0.24.04.3).
shsh-check	Run pnpm exec playwright install --with-deps chromium firefox webkit	2026-09-18T07:54:12.6470869Z libxslt1.1 set to manually installed.
shsh-check	Run pnpm exec playwright install --with-deps chromium firefox webkit	2026-09-18T07:54:12.6471279Z The following additional packages will be installed:
shsh-check	Run pnpm exec playwright install --with-deps chromium firefox webkit	2026-09-18T07:54:12.6471747Z   glib-networking glib-networking-common glib-networking-services
shsh-check	Run pnpm exec playwright install --with-deps chromium firefox webkit	2026-09-18T07:54:12.6472279Z   gsettings-desktop-schemas libaa1 libabsl20220623t64 libass9 libasyncns0
shsh-check	Run pnpm exec playwright install --with-deps chromium firefox webkit	2026-09-18T07:54:12.6473220Z   libavc1394-0 libavfilter9 libavformat60 libavtp0 libavutil58 libblas3
shsh-check	Run pnpm exec playwright install --with-deps chromium firefox webkit	2026-09-18T07:54:12.6473772Z   libbluray2 libbs2b0 libcaca0 libcairo-script-interpreter2 libcdparanoia0
shsh-check	Run pnpm exec playwright install --with-deps chromium firefox webkit	2026-09-18T07:54:12.6474327Z   libchromaprint1 libcjson1 libcodec2-1.2 libdav1d7 libdc1394-25 libdca0
shsh-check	Run pnpm exec playwright install --with-deps chromium firefox webkit	2026-09-18T07:54:12.6474932Z   libde265-0 libdecor-0-0 libdirectfb-1.7-7t64 libdv4t64 libdvdnav4
shsh-check	Run pnpm exec playwright install --with-deps chromium firefox webkit	2026-09-18T07:54:12.6475469Z   libdvdread8t64 libegl-mesa0 libegl1 libfaad2 libflac12t64 libfluidsynth3
shsh-check	Run pnpm exec playwright install --with-deps chromium firefox webkit	2026-09-18T07:54:12.6476021Z   libfreeaptx0 libgav1-1 libgme0 libgraphene-1.0-0 libgsm1 libgssdp-1.6-0
shsh-check	Run pnpm exec playwright install --with-deps chromium firefox webkit	2026-09-18T07:54:12.6476711Z   libgstreamer-plugins-good1.0-0 libgtk-4-common libgupnp-1.6-0
shsh-check	Run pnpm exec playwright install --with-deps chromium firefox webkit	2026-09-18T07:54:12.6477192Z   libgupnp-igd-1.6-0 libhwy1t64 libiec61883-0 libimath-3-1-29t64
shsh-check	Run pnpm exec playwright install --with-deps chromium firefox webkit	2026-09-18T07:54:12.6477674Z   libinstpatch-1.0-2 libjack-jackd2-0 libjxl0.7 liblapack3 liblc3-1
shsh-check	Run pnpm exec playwright install --with-deps chromium firefox webkit	2026-09-18T07:54:12.6478176Z   libldacbt-enc2 liblilv-0-0 liblrdf0 libltc11 libmbedcrypto7t64 libmfx1
shsh-check	Run pnpm exec playwright install --with-deps chromium firefox webkit	2026-09-18T07:54:12.6478676Z   libmjpegutils-2.1-0t64 libmodplug1 libmp3lame0 libmpcdec6
shsh-check	Run pnpm exec playwright install --with-deps chromium firefox webkit	2026-09-18T07:54:12.6479146Z   libmpeg2encpp-2.1-0t64 libmpg123-0t64 libmplex2-2.1-0t64 libmysofa1
shsh-check	Run pnpm exec playwright install --with-deps chromium firefox webkit	2026-09-18T07:54:12.6479937Z   libneon27t64 libnice10 libopenal-data libopenal1 libopenexr-3-1-30
shsh-check	Run pnpm exec playwright install --with-deps chromium firefox webkit	2026-09-18T07:54:12.6481056Z   libopenh264-7 libopenmpt0t64 libopenni2-0 liborc-0.4-0t64
shsh-check	Run pnpm exec playwright install --with-deps chromium firefox webkit	2026-09-18T07:54:12.6481908Z   libpipewire-0.3-0t64 libplacebo338 libpocketsphinx3 libpostproc57
shsh-check	Run pnpm exec playwright install --with-deps chromium firefox webkit	2026-09-18T07:54:12.6482734Z   libproxy1v5 libpulse0 libqrencode4 libraptor2-0 librav1e0 libraw1394-11
shsh-check	Run pnpm exec playwright install --with-deps chromium firefox webkit	2026-09-18T07:54:12.6483281Z   librist4 librsvg2-2 librubberband2 libsamplerate0 libsbc1 libsdl2-2.0-0
shsh-check	Run pnpm exec playwright install --with-deps chromium firefox webkit	2026-09-18T07:54:12.6483821Z   libsecret-common libserd-0-0 libshine3 libshout3 libsndfile1 libsndio7.0
shsh-check	Run pnpm exec playwright install --with-deps chromium firefox webkit	2026-09-18T07:54:12.6484448Z   libsord-0-0 libsoundtouch1 libsoup-3.0-0 libsoup-3.0-common libsoxr0
shsh-check	Run pnpm exec playwright install --with-deps chromium firefox webkit	2026-09-18T07:54:12.6484977Z   libspa-0.2-modules libspandsp2t64 libspeex1 libsphinxbase3t64 libsratom-0-0
shsh-check	Run pnpm exec playwright install --with-deps chromium firefox webkit	2026-09-18T07:54:12.6485533Z   libsrt1.5-gnutls libsrtp2-1 libssh-gcrypt-4 libsvtav1enc1d1 libswresample4
shsh-check	Run pnpm exec playwright install --with-deps chromium firefox webkit	2026-09-18T07:54:12.6486364Z   libswscale7 libtag1v5 libtag1v5-vanilla libtheora0 libtwolame0 libudfread0
shsh-check	Run pnpm exec playwright install --with-deps chromium firefox webkit	2026-09-18T07:54:12.6487373Z   libunibreak5 libv4l-0t64 libv4lconvert0t64 libva-drm2 libva-x11-2 libva2
shsh-check	Run pnpm exec playwright install --with-deps chromium firefox webkit	2026-09-18T07:54:12.6488171Z   libvdpau1 libvidstab1.1 libvisual-0.4-0 libvo-aacenc0 libvo-amrwbenc0
shsh-check	Run pnpm exec playwright install --with-deps chromium firefox webkit	2026-09-18T07:54:12.6488750Z   libvorbisenc2 libvpl2 libwavpack1 libwebrtc-audio-processing1 libwildmidi2
shsh-check	Run pnpm exec playwright install --with-deps chromium firefox webkit	2026-09-18T07:54:12.6489326Z   libx265-199 libxcb-xkb1 libxkbcommon-x11-0 libxvidcore4 libyuv0 libzbar0t64
shsh-check	Run pnpm exec playwright install --with-deps chromium firefox webkit	2026-09-18T07:54:12.6489913Z   libzimg2 libzix-0-0 libzvbi-common libzvbi0t64 libzxing3 ocl-icd-libopencl1
shsh-check	Run pnpm exec playwright install --with-deps chromium firefox webkit	2026-09-18T07:54:12.6490724Z   session-migration timgm6mb-soundfont xfonts-encodings xfonts-utils
shsh-check	Run pnpm exec playwright install --with-deps chromium firefox webkit	2026-09-18T07:54:12.6491412Z Suggested packages:
shsh-check	Run pnpm exec playwright install --with-deps chromium firefox webkit	2026-09-18T07:54:12.6492124Z   frei0r-plugins gvfs libcuda1 libnvcuvid1 libnvidia-encode1 libbluray-bdj
shsh-check	Run pnpm exec playwright install --with-deps chromium firefox webkit	2026-09-18T07:54:12.6493144Z   libdirectfb-extra libdv-bin oss-compat libdvdcss2 libvisual-0.4-plugins
shsh-check	Run pnpm exec playwright install --with-deps chromium firefox webkit	2026-09-18T07:54:12.6494141Z   jackd2 liblrdf0-dev libportaudio2 opus-tools pipewire pulseaudio
shsh-check	Run pnpm exec playwright install --with-deps chromium firefox webkit	2026-09-18T07:54:12.6495053Z   raptor2-utils libraw1394-doc librsvg2-bin serdi sndiod sordi speex
shsh-check	Run pnpm exec playwright install --with-deps chromium firefox webkit	2026-09-18T07:54:12.6495856Z   libwildmidi-config opencl-icd fluid-soundfont-gm
shsh-check	Run pnpm exec playwright install --with-deps chromium firefox webkit	2026-09-18T07:54:12.6496527Z Recommended packages:
shsh-check	Run pnpm exec playwright install --with-deps chromium firefox webkit	2026-09-18T07:54:12.6497136Z   fonts-ipafont-mincho fonts-tlwg-loma gstreamer1.0-x libaacs0
shsh-check	Run pnpm exec playwright install --with-deps chromium firefox webkit	2026-09-18T07:54:12.6498012Z   default-libdecor-0-plugin-1 | libdecor-0-plugin-1 gstreamer1.0-gl
shsh-check	Run pnpm exec playwright install --with-deps chromium firefox webkit	2026-09-18T07:54:12.6499260Z   libgtk-4-bin librsvg2-common libgtk-4-media-gstreamer libpipewire-0.3-common
shsh-check	Run pnpm exec playwright install --with-deps chromium firefox webkit	2026-09-18T07:54:12.6500329Z   pocketsphinx-en-us va-driver-all | va-driver vdpau-driver-all | vdpau-driver
shsh-check	Run pnpm exec playwright install --with-deps chromium firefox webkit	2026-09-18T07:54:12.6501330Z   libmagickcore-6.q16-7-extra
shsh-check	Run pnpm exec playwright install --with-deps chromium firefox webkit	2026-09-18T07:54:12.7168061Z The following NEW packages will be installed:
shsh-check	Run pnpm exec playwright install --with-deps chromium firefox webkit	2026-09-18T07:54:12.7169218Z   fonts-freefont-ttf fonts-ipafont-gothic fonts-tlwg-loma-otf fonts-unifont
shsh-check	Run pnpm exec playwright install --with-deps chromium firefox webkit	2026-09-18T07:54:12.7170243Z   fonts-wqy-zenhei glib-networking glib-networking-common
shsh-check	Run pnpm exec playwright install --with-deps chromium firefox webkit	2026-09-18T07:54:12.7171507Z   glib-networking-services gsettings-desktop-schemas gstreamer1.0-libav
shsh-check	Run pnpm exec playwright install --with-deps chromium firefox webkit	2026-09-18T07:54:12.7172249Z   gstreamer1.0-plugins-bad gstreamer1.0-plugins-base gstreamer1.0-plugins-good
shsh-check	Run pnpm exec playwright install --with-deps chromium firefox webkit	2026-09-18T07:54:12.7173063Z   libaa1 libabsl20220623t64 libass9 libasyncns0 libavc1394-0 libavcodec60
shsh-check	Run pnpm exec playwright install --with-deps chromium firefox webkit	2026-09-18T07:54:12.7173547Z   libavfilter9 libavformat60 libavif16 libavtp0 libavutil58 libblas3
shsh-check	Run pnpm exec playwright install --with-deps chromium firefox webkit	2026-09-18T07:54:12.7174082Z   libbluray2 libbs2b0 libcaca0 libcairo-script-interpreter2 libcdparanoia0
shsh-check	Run pnpm exec playwright install --with-deps chromium firefox webkit	2026-09-18T07:54:12.7174839Z   libchromaprint1 libcjson1 libcodec2-1.2 libdav1d7 libdc1394-25 libdca0
shsh-check	Run pnpm exec playwright install --with-deps chromium firefox webkit	2026-09-18T07:54:12.7175360Z   libde265-0 libdecor-0-0 libdirectfb-1.7-7t64 libdv4t64 libdvdnav4
shsh-check	Run pnpm exec playwright install --with-deps chromium firefox webkit	2026-09-18T07:54:12.7175857Z   libdvdread8t64 libegl-mesa0 libegl1 libevent-2.1-7t64 libfaad2 libflac12t64
shsh-check	Run pnpm exec playwright install --with-deps chromium firefox webkit	2026-09-18T07:54:12.7176349Z   libflite1 libfluidsynth3 libfreeaptx0 libgav1-1 libgles2 libgme0
shsh-check	Run pnpm exec playwright install --with-deps chromium firefox webkit	2026-09-18T07:54:12.7176796Z   libgraphene-1.0-0 libgsm1 libgssdp-1.6-0 libgstreamer-gl1.0-0
shsh-check	Run pnpm exec playwright install --with-deps chromium firefox webkit	2026-09-18T07:54:12.7177234Z   libgstreamer-plugins-bad1.0-0 libgstreamer-plugins-base1.0-0
shsh-check	Run pnpm exec playwright install --with-deps chromium firefox webkit	2026-09-18T07:54:12.7177725Z   libgstreamer-plugins-good1.0-0 libgtk-4-1 libgtk-4-common libgupnp-1.6-0
shsh-check	Run pnpm exec playwright install --with-deps chromium firefox webkit	2026-09-18T07:54:12.7178239Z   libgupnp-igd-1.6-0 libharfbuzz-icu0 libhwy1t64 libhyphen0 libiec61883-0
shsh-check	Run pnpm exec playwright install --with-deps chromium firefox webkit	2026-09-18T07:54:12.7178751Z   libimath-3-1-29t64 libinstpatch-1.0-2 libjack-jackd2-0 libjxl0.7 liblapack3
shsh-check	Run pnpm exec playwright install --with-deps chromium firefox webkit	2026-09-18T07:54:12.7179250Z   liblc3-1 libldacbt-enc2 liblilv-0-0 liblrdf0 libltc11 libmanette-0.2-0
shsh-check	Run pnpm exec playwright install --with-deps chromium firefox webkit	2026-09-18T07:54:12.7179737Z   libmbedcrypto7t64 libmfx1 libmjpegutils-2.1-0t64 libmodplug1 libmp3lame0
shsh-check	Run pnpm exec playwright install --with-deps chromium firefox webkit	2026-09-18T07:54:12.7180213Z   libmpcdec6 libmpeg2encpp-2.1-0t64 libmpg123-0t64 libmplex2-2.1-0t64
shsh-check	Run pnpm exec playwright install --with-deps chromium firefox webkit	2026-09-18T07:54:12.7180780Z   libmysofa1 libneon27t64 libnice10 libopenal-data libopenal1
shsh-check	Run pnpm exec playwright install --with-deps chromium firefox webkit	2026-09-18T07:54:12.7181234Z   libopenexr-3-1-30 libopenh264-7 libopenmpt0t64 libopenni2-0 libopus0
shsh-check	Run pnpm exec playwright install --with-deps chromium firefox webkit	2026-09-18T07:54:12.7181695Z   liborc-0.4-0t64 libpipewire-0.3-0t64 libplacebo338 libpocketsphinx3
shsh-check	Run pnpm exec playwright install --with-deps chromium firefox webkit	2026-09-18T07:54:12.7182169Z   libpostproc57 libproxy1v5 libpulse0 libqrencode4 libraptor2-0 librav1e0
shsh-check	Run pnpm exec playwright install --with-deps chromium firefox webkit	2026-09-18T07:54:12.7182643Z   libraw1394-11 librist4 librsvg2-2 librubberband2 libsamplerate0 libsbc1
shsh-check	Run pnpm exec playwright install --with-deps chromium firefox webkit	2026-09-18T07:54:12.7183145Z   libsdl2-2.0-0 libsecret-1-0 libsecret-common libserd-0-0 libshine3 libshout3
shsh-check	Run pnpm exec playwright install --with-deps chromium firefox webkit	2026-09-18T07:54:12.7183617Z   libsndfile1 libsndio7.0 libsord-0-0 libsoundtouch1 libsoup-3.0-0
shsh-check	Run pnpm exec playwright install --with-deps chromium firefox webkit	2026-09-18T07:54:12.7184069Z   libsoup-3.0-common libsoxr0 libspa-0.2-modules libspandsp2t64 libspeex1
shsh-check	Run pnpm exec playwright install --with-deps chromium firefox webkit	2026-09-18T07:54:12.7184568Z   libsphinxbase3t64 libsratom-0-0 libsrt1.5-gnutls libsrtp2-1 libssh-gcrypt-4
shsh-check	Run pnpm exec playwright install --with-deps chromium firefox webkit	2026-09-18T07:54:12.7185062Z   libsvtav1enc1d1 libswresample4 libswscale7 libtag1v5 libtag1v5-vanilla
shsh-check	Run pnpm exec playwright install --with-deps chromium firefox webkit	2026-09-18T07:54:12.7185512Z   libtheora0 libtwolame0 libudfread0 libunibreak5 libv4l-0t64
shsh-check	Run pnpm exec playwright install --with-deps chromium firefox webkit	2026-09-18T07:54:12.7185958Z   libv4lconvert0t64 libva-drm2 libva-x11-2 libva2 libvdpau1 libvidstab1.1
shsh-check	Run pnpm exec playwright install --with-deps chromium firefox webkit	2026-09-18T07:54:12.7186446Z   libvisual-0.4-0 libvo-aacenc0 libvo-amrwbenc0 libvorbisenc2 libvpl2 libvpx9
shsh-check	Run pnpm exec playwright install --with-deps chromium firefox webkit	2026-09-18T07:54:12.7186947Z   libwavpack1 libwayland-server0 libwebrtc-audio-processing1 libwildmidi2
shsh-check	Run pnpm exec playwright install --with-deps chromium firefox webkit	2026-09-18T07:54:12.7187444Z   libwoff1 libx264-164 libx265-199 libxcb-xkb1 libxkbcommon-x11-0 libxvidcore4
shsh-check	Run pnpm exec playwright install --with-deps chromium firefox webkit	2026-09-18T07:54:12.7187951Z   libyuv0 libzbar0t64 libzimg2 libzix-0-0 libzvbi-common libzvbi0t64 libzxing3
shsh-check	Run pnpm exec playwright install --with-deps chromium firefox webkit	2026-09-18T07:54:12.7188473Z   ocl-icd-libopencl1 session-migration timgm6mb-soundfont xfonts-cyrillic
shsh-check	Run pnpm exec playwright install --with-deps chromium firefox webkit	2026-09-18T07:54:12.7188897Z   xfonts-encodings xfonts-scalable xfonts-utils
shsh-check	Run pnpm exec playwright install --with-deps chromium firefox webkit	2026-09-18T07:54:12.7386580Z 0 upgraded, 181 newly installed, 0 to remove and 73 not upgraded.
shsh-check	Run pnpm exec playwright install --with-deps chromium firefox webkit	2026-09-18T07:54:12.7387302Z Need to get 114 MB of archives.
shsh-check	Run pnpm exec playwright install --with-deps chromium firefox webkit	2026-09-18T07:54:12.7388071Z After this operation, 364 MB of additional disk space will be used.
shsh-check	Run pnpm exec playwright install --with-deps chromium firefox webkit	2026-09-18T07:54:12.7388945Z Get:1 file:/etc/apt/apt-mirrors.txt Mirrorlist [144 B]
shsh-check	Run pnpm exec playwright install --with-deps chromium firefox webkit	2026-09-18T07:54:12.7597289Z Get:2 http://azure.archive.ubuntu.com/ubuntu noble/universe amd64 fonts-ipafont-gothic all 00303-21ubuntu1 [3513 kB]
shsh-check	Run pnpm exec playwright install --with-deps chromium firefox webkit	2026-09-18T07:54:12.7980334Z Get:3 http://azure.archive.ubuntu.com/ubuntu noble/main amd64 fonts-freefont-ttf all 20211204+svn4273-2 [5641 kB]
shsh-check	Run pnpm exec playwright install --with-deps chromium firefox webkit	2026-09-18T07:54:12.8607067Z Get:4 http://azure.archive.ubuntu.com/ubuntu noble/universe amd64 fonts-tlwg-loma-otf all 1:0.7.3-1 [107 kB]
shsh-check	Run pnpm exec playwright install --with-deps chromium firefox webkit	2026-09-18T07:54:12.8681149Z Get:5 http://azure.archive.ubuntu.com/ubuntu noble/universe amd64 fonts-unifont all 1:15.1.01-1build1 [2993 kB]
shsh-check	Run pnpm exec playwright install --with-deps chromium firefox webkit	2026-09-18T07:54:12.9177573Z Get:6 http://azure.archive.ubuntu.com/ubuntu noble/universe amd64 fonts-wqy-zenhei all 0.9.45-8 [7472 kB]
shsh-check	Run pnpm exec playwright install --with-deps chromium firefox webkit	2026-09-18T07:54:13.0117108Z Get:7 http://azure.archive.ubuntu.com/ubuntu noble/main amd64 libproxy1v5 amd64 0.5.4-4build1 [26.5 kB]
shsh-check	Run pnpm exec playwright install --with-deps chromium firefox webkit	2026-09-18T07:54:13.0181416Z Get:8 http://azure.archive.ubuntu.com/ubuntu noble/main amd64 glib-networking-common all 2.80.0-1build1 [6702 B]
shsh-check	Run pnpm exec playwright install --with-deps chromium firefox webkit	2026-09-18T07:54:13.0244903Z Get:9 http://azure.archive.ubuntu.com/ubuntu noble/main amd64 glib-networking-services amd64 2.80.0-1build1 [12.8 kB]
shsh-check	Run pnpm exec playwright install --with-deps chromium firefox webkit	2026-09-18T07:54:13.0311707Z Get:10 http://azure.archive.ubuntu.com/ubuntu noble/main amd64 session-migration amd64 0.3.9build1 [9034 B]
shsh-check	Run pnpm exec playwright install --with-deps chromium firefox webkit	2026-09-18T07:54:13.0384493Z Get:11 http://azure.archive.ubuntu.com/ubuntu noble-updates/main amd64 gsettings-desktop-schemas all 46.1-0ubuntu1 [35.6 kB]
shsh-check	Run pnpm exec playwright install --with-deps chromium firefox webkit	2026-09-18T07:54:13.0450244Z Get:12 http://azure.archive.ubuntu.com/ubuntu noble/main amd64 glib-networking amd64 2.80.0-1build1 [64.1 kB]
shsh-check	Run pnpm exec playwright install --with-deps chromium firefox webkit	2026-09-18T07:54:13.0519380Z Get:13 http://azure.archive.ubuntu.com/ubuntu noble-updates/universe amd64 libva2 amd64 2.20.0-2ubuntu0.2 [66.4 kB]
shsh-check	Run pnpm exec playwright install --with-deps chromium firefox webkit	2026-09-18T07:54:13.0588888Z Get:14 http://azure.archive.ubuntu.com/ubuntu noble-updates/universe amd64 libva-drm2 amd64 2.20.0-2ubuntu0.2 [7124 B]
shsh-check	Run pnpm exec playwright install --with-deps chromium firefox webkit	2026-09-18T07:54:13.0653149Z Get:15 http://azure.archive.ubuntu.com/ubuntu noble-updates/universe amd64 libva-x11-2 amd64 2.20.0-2ubuntu0.2 [12.0 kB]
shsh-check	Run pnpm exec playwright install --with-deps chromium firefox webkit	2026-09-18T07:54:13.0714714Z Get:16 http://azure.archive.ubuntu.com/ubuntu noble/main amd64 libvdpau1 amd64 1.5-2build1 [27.8 kB]
shsh-check	Run pnpm exec playwright install --with-deps chromium firefox webkit	2026-09-18T07:54:13.0778905Z Get:17 http://azure.archive.ubuntu.com/ubuntu noble/universe amd64 libvpl2 amd64 2023.3.0-1build1 [99.8 kB]
shsh-check	Run pnpm exec playwright install --with-deps chromium firefox webkit	2026-09-18T07:54:13.0847348Z Get:18 http://azure.archive.ubuntu.com/ubuntu noble/universe amd64 ocl-icd-libopencl1 amd64 2.3.2-1build1 [38.5 kB]
shsh-check	Run pnpm exec playwright install --with-deps chromium firefox webkit	2026-09-18T07:54:13.0910999Z Get:19 http://azure.archive.ubuntu.com/ubuntu noble/universe amd64 libavutil58 amd64 7:6.1.1-3ubuntu5 [401 kB]
shsh-check	Run pnpm exec playwright install --with-deps chromium firefox webkit	2026-09-18T07:54:13.1475186Z Get:20 http://azure.archive.ubuntu.com/ubuntu noble/universe amd64 libcodec2-1.2 amd64 1.2.0-2build1 [8998 kB]
shsh-check	Run pnpm exec playwright install --with-deps chromium firefox webkit	2026-09-18T07:54:13.2039916Z Get:21 http://azure.archive.ubuntu.com/ubuntu noble/universe amd64 libdav1d7 amd64 1.4.1-1build1 [604 kB]
shsh-check	Run pnpm exec playwright install --with-deps chromium firefox webkit	2026-09-18T07:54:13.2139301Z Get:22 http://azure.archive.ubuntu.com/ubuntu noble/universe amd64 libgsm1 amd64 1.0.22-1build1 [27.8 kB]
shsh-check	Run pnpm exec playwright install --with-deps chromium firefox webkit	2026-09-18T07:54:13.2201933Z Get:23 http://azure.archive.ubuntu.com/ubuntu noble/universe amd64 libhwy1t64 amd64 1.0.7-8.1build1 [584 kB]
shsh-check	Run pnpm exec playwright install --with-deps chromium firefox webkit	2026-09-18T07:54:13.2335908Z Get:24 http://azure.archive.ubuntu.com/ubuntu noble-updates/universe amd64 libjxl0.7 amd64 0.7.0-10.2ubuntu6.1 [1001 kB]
shsh-check	Run pnpm exec playwright install --with-deps chromium firefox webkit	2026-09-18T07:54:13.2460065Z Get:25 http://azure.archive.ubuntu.com/ubuntu noble/main amd64 libmp3lame0 amd64 3.100-6build1 [142 kB]
shsh-check	Run pnpm exec playwright install --with-deps chromium firefox webkit	2026-09-18T07:54:13.2533251Z Get:26 http://azure.archive.ubuntu.com/ubuntu noble/main amd64 libopus0 amd64 1.4-1build1 [208 kB]
shsh-check	Run pnpm exec playwright install --with-deps chromium firefox webkit	2026-09-18T07:54:13.2645219Z Get:27 http://azure.archive.ubuntu.com/ubuntu noble/universe amd64 librav1e0 amd64 0.7.1-2 [1022 kB]
shsh-check	Run pnpm exec playwright install --with-deps chromium firefox webkit	2026-09-18T07:54:13.2806299Z Get:28 http://azure.archive.ubuntu.com/ubuntu noble/main amd64 librsvg2-2 amd64 2.58.0+dfsg-1build1 [2135 kB]
shsh-check	Run pnpm exec playwright install --with-deps chromium firefox webkit	2026-09-18T07:54:13.3050036Z Get:29 http://azure.archive.ubuntu.com/ubuntu noble/universe amd64 libshine3 amd64 3.1.1-2build1 [23.2 kB]
shsh-check	Run pnpm exec playwright install --with-deps chromium firefox webkit	2026-09-18T07:54:13.3112806Z Get:30 http://azure.archive.ubuntu.com/ubuntu noble-updates/main amd64 libspeex1 amd64 1.2.1-2ubuntu2.24.04.1 [59.6 kB]
shsh-check	Run pnpm exec playwright install --with-deps chromium firefox webkit	2026-09-18T07:54:13.3179075Z Get:31 http://azure.archive.ubuntu.com/ubuntu noble/universe amd64 libsvtav1enc1d1 amd64 1.7.0+dfsg-2build1 [2425 kB]
shsh-check	Run pnpm exec playwright install --with-deps chromium firefox webkit	2026-09-18T07:54:13.3463611Z Get:32 http://azure.archive.ubuntu.com/ubuntu noble/universe amd64 libsoxr0 amd64 0.1.3-4build3 [80.0 kB]
shsh-check	Run pnpm exec playwright install --with-deps chromium firefox webkit	2026-09-18T07:54:13.3532987Z Get:33 http://azure.archive.ubuntu.com/ubuntu noble/universe amd64 libswresample4 amd64 7:6.1.1-3ubuntu5 [63.8 kB]
shsh-check	Run pnpm exec playwright install --with-deps chromium firefox webkit	2026-09-18T07:54:13.3600532Z Get:34 http://azure.archive.ubuntu.com/ubuntu noble/main amd64 libtheora0 amd64 1.1.1+dfsg.1-16.1build3 [211 kB]
shsh-check	Run pnpm exec playwright install --with-deps chromium firefox webkit	2026-09-18T07:54:13.3681970Z Get:35 http://azure.archive.ubuntu.com/ubuntu noble/main amd64 libtwolame0 amd64 0.4.0-2build3 [52.3 kB]
shsh-check	Run pnpm exec playwright install --with-deps chromium firefox webkit	2026-09-18T07:54:13.3748065Z Get:36 http://azure.archive.ubuntu.com/ubuntu noble/main amd64 libvorbisenc2 amd64 1.3.7-1build3 [80.8 kB]
shsh-check	Run pnpm exec playwright install --with-deps chromium firefox webkit	2026-09-18T07:54:13.3819931Z Get:37 http://azure.archive.ubuntu.com/ubuntu noble-updates/main amd64 libvpx9 amd64 1.14.0-1ubuntu2.3 [1143 kB]
shsh-check	Run pnpm exec playwright install --with-deps chromium firefox webkit	2026-09-18T07:54:13.4009774Z Get:38 http://azure.archive.ubuntu.com/ubuntu noble/universe amd64 libx264-164 amd64 2:0.164.3108+git31e19f9-1 [604 kB]
shsh-check	Run pnpm exec playwright install --with-deps chromium firefox webkit	2026-09-18T07:54:13.4546172Z Get:39 http://azure.archive.ubuntu.com/ubuntu noble/universe amd64 libx265-199 amd64 3.5-2build1 [1226 kB]
shsh-check	Run pnpm exec playwright install --with-deps chromium firefox webkit	2026-09-18T07:54:13.4692181Z Get:40 http://azure.archive.ubuntu.com/ubuntu noble/universe amd64 libxvidcore4 amd64 2:1.3.7-1build1 [219 kB]
shsh-check	Run pnpm exec playwright install --with-deps chromium firefox webkit	2026-09-18T07:54:13.4779247Z Get:41 http://azure.archive.ubuntu.com/ubuntu noble/universe amd64 libzvbi-common all 0.2.42-2 [42.4 kB]
shsh-check	Run pnpm exec playwright install --with-deps chromium firefox webkit	2026-09-18T07:54:13.4861604Z Get:42 http://azure.archive.ubuntu.com/ubuntu noble/universe amd64 libzvbi0t64 amd64 0.2.42-2 [261 kB]
shsh-check	Run pnpm exec playwright install --with-deps chromium firefox webkit	2026-09-18T07:54:13.4941577Z Get:43 http://azure.archive.ubuntu.com/ubuntu noble/universe amd64 libavcodec60 amd64 7:6.1.1-3ubuntu5 [5851 kB]
shsh-check	Run pnpm exec playwright install --with-deps chromium firefox webkit	2026-09-18T07:54:13.5596810Z Get:44 http://azure.archive.ubuntu.com/ubuntu noble/universe amd64 libunibreak5 amd64 5.1-2build1 [25.0 kB]
shsh-check	Run pnpm exec playwright install --with-deps chromium firefox webkit	2026-09-18T07:54:13.5659892Z Get:45 http://azure.archive.ubuntu.com/ubuntu noble/universe amd64 libass9 amd64 1:0.17.1-2build1 [104 kB]
shsh-check	Run pnpm exec playwright install --with-deps chromium firefox webkit	2026-09-18T07:54:13.5737103Z Get:46 http://azure.archive.ubuntu.com/ubuntu noble/universe amd64 libudfread0 amd64 1.1.2-1build1 [19.0 kB]
shsh-check	Run pnpm exec playwright install --with-deps chromium firefox webkit	2026-09-18T07:54:13.5801703Z Get:47 http://azure.archive.ubuntu.com/ubuntu noble/universe amd64 libbluray2 amd64 1:1.3.4-1build1 [159 kB]
shsh-check	Run pnpm exec playwright install --with-deps chromium firefox webkit	2026-09-18T07:54:13.5880000Z Get:48 http://azure.archive.ubuntu.com/ubuntu noble/universe amd64 libchromaprint1 amd64 1.5.1-5 [30.5 kB]
shsh-check	Run pnpm exec playwright install --with-deps chromium firefox webkit	2026-09-18T07:54:13.5944782Z Get:49 http://azure.archive.ubuntu.com/ubuntu noble/universe amd64 libgme0 amd64 0.6.3-7build1 [134 kB]
shsh-check	Run pnpm exec playwright install --with-deps chromium firefox webkit	2026-09-18T07:54:13.6016051Z Get:50 http://azure.archive.ubuntu.com/ubuntu noble-updates/main amd64 libmpg123-0t64 amd64 1.32.5-1ubuntu1.1 [169 kB]
shsh-check	Run pnpm exec playwright install --with-deps chromium firefox webkit	2026-09-18T07:54:13.6088530Z Get:51 http://azure.archive.ubuntu.com/ubuntu noble/universe amd64 libopenmpt0t64 amd64 0.7.3-1.1build3 [647 kB]
shsh-check	Run pnpm exec playwright install --with-deps chromium firefox webkit	2026-09-18T07:54:13.6194779Z Get:52 http://azure.archive.ubuntu.com/ubuntu noble/universe amd64 libcjson1 amd64 1.7.17-1 [24.8 kB]
shsh-check	Run pnpm exec playwright install --with-deps chromium firefox webkit	2026-09-18T07:54:13.6259796Z Get:53 http://azure.archive.ubuntu.com/ubuntu noble/universe amd64 libmbedcrypto7t64 amd64 2.28.8-1 [209 kB]
shsh-check	Run pnpm exec playwright install --with-deps chromium firefox webkit	2026-09-18T07:54:13.6336799Z Get:54 http://azure.archive.ubuntu.com/ubuntu noble/universe amd64 librist4 amd64 0.2.10+dfsg-2 [74.9 kB]
shsh-check	Run pnpm exec playwright install --with-deps chromium firefox webkit	2026-09-18T07:54:13.6408969Z Get:55 http://azure.archive.ubuntu.com/ubuntu noble/universe amd64 libsrt1.5-gnutls amd64 1.5.3-1build2 [316 kB]
shsh-check	Run pnpm exec playwright install --with-deps chromium firefox webkit	2026-09-18T07:54:13.6490253Z Get:56 http://azure.archive.ubuntu.com/ubuntu noble-updates/main amd64 libssh-gcrypt-4 amd64 0.10.6-2ubuntu0.5 [226 kB]
shsh-check	Run pnpm exec playwright install --with-deps chromium firefox webkit	2026-09-18T07:54:13.6566662Z Get:57 http://azure.archive.ubuntu.com/ubuntu noble/universe amd64 libavformat60 amd64 7:6.1.1-3ubuntu5 [1153 kB]
shsh-check	Run pnpm exec playwright install --with-deps chromium firefox webkit	2026-09-18T07:54:13.7103565Z Get:58 http://azure.archive.ubuntu.com/ubuntu noble/universe amd64 libbs2b0 amd64 3.1.0+dfsg-7build1 [10.6 kB]
shsh-check	Run pnpm exec playwright install --with-deps chromium firefox webkit	2026-09-18T07:54:13.7165928Z Get:59 http://azure.archive.ubuntu.com/ubuntu noble/universe amd64 libflite1 amd64 2.2-6build3 [13.6 MB]
shsh-check	Run pnpm exec playwright install --with-deps chromium firefox webkit	2026-09-18T07:54:13.8214003Z Get:60 http://azure.archive.ubuntu.com/ubuntu noble/universe amd64 libserd-0-0 amd64 0.32.2-1 [43.6 kB]
shsh-check	Run pnpm exec playwright install --with-deps chromium firefox webkit	2026-09-18T07:54:13.8278175Z Get:61 http://azure.archive.ubuntu.com/ubuntu noble/universe amd64 libzix-0-0 amd64 0.4.2-2build1 [23.6 kB]
shsh-check	Run pnpm exec playwright install --with-deps chromium firefox webkit	2026-09-18T07:54:13.8340951Z Get:62 http://azure.archive.ubuntu.com/ubuntu noble/universe amd64 libsord-0-0 amd64 0.16.16-2build1 [15.8 kB]
shsh-check	Run pnpm exec playwright install --with-deps chromium firefox webkit	2026-09-18T07:54:13.8403160Z Get:63 http://azure.archive.ubuntu.com/ubuntu noble/universe amd64 libsratom-0-0 amd64 0.6.16-1build1 [17.3 kB]
shsh-check	Run pnpm exec playwright install --with-deps chromium firefox webkit	2026-09-18T07:54:13.8465865Z Get:64 http://azure.archive.ubuntu.com/ubuntu noble/universe amd64 liblilv-0-0 amd64 0.24.22-1build1 [41.0 kB]
shsh-check	Run pnpm exec playwright install --with-deps chromium firefox webkit	2026-09-18T07:54:13.8531871Z Get:65 http://azure.archive.ubuntu.com/ubuntu noble/universe amd64 libmysofa1 amd64 1.3.2+dfsg-2ubuntu2 [1158 kB]
shsh-check	Run pnpm exec playwright install --with-deps chromium firefox webkit	2026-09-18T07:54:13.8679560Z Get:66 http://azure.archive.ubuntu.com/ubuntu noble/universe amd64 libplacebo338 amd64 6.338.2-2build1 [2654 kB]
shsh-check	Run pnpm exec playwright install --with-deps chromium firefox webkit	2026-09-18T07:54:13.8962660Z Get:67 http://azure.archive.ubuntu.com/ubuntu noble-updates/main amd64 libblas3 amd64 3.12.0-3build1.1 [238 kB]
shsh-check	Run pnpm exec playwright install --with-deps chromium firefox webkit	2026-09-18T07:54:13.9041801Z Get:68 http://azure.archive.ubuntu.com/ubuntu noble-updates/main amd64 liblapack3 amd64 3.12.0-3build1.1 [2646 kB]
shsh-check	Run pnpm exec playwright install --with-deps chromium firefox webkit	2026-09-18T07:54:13.9271375Z Get:69 http://azure.archive.ubuntu.com/ubuntu noble/main amd64 libasyncns0 amd64 0.8-6build4 [11.3 kB]
shsh-check	Run pnpm exec playwright install --with-deps chromium firefox webkit	2026-09-18T07:54:13.9334061Z Get:70 http://azure.archive.ubuntu.com/ubuntu noble/main amd64 libflac12t64 amd64 1.4.3+ds-2.1ubuntu2 [197 kB]
shsh-check	Run pnpm exec playwright install --with-deps chromium firefox webkit	2026-09-18T07:54:13.9410714Z Get:71 http://azure.archive.ubuntu.com/ubuntu noble-updates/main amd64 libsndfile1 amd64 1.2.2-1ubuntu5.24.04.1 [209 kB]
shsh-check	Run pnpm exec playwright install --with-deps chromium firefox webkit	2026-09-18T07:54:13.9487016Z Get:72 http://azure.archive.ubuntu.com/ubuntu noble-updates/main amd64 libpulse0 amd64 1:16.1+dfsg1-2ubuntu10.1 [292 kB]
shsh-check	Run pnpm exec playwright install --with-deps chromium firefox webkit	2026-09-18T07:54:13.9565780Z Get:73 http://azure.archive.ubuntu.com/ubuntu noble/universe amd64 libsphinxbase3t64 amd64 0.8+5prealpha+1-17build2 [126 kB]
shsh-check	Run pnpm exec playwright install --with-deps chromium firefox webkit	2026-09-18T07:54:13.9640062Z Get:74 http://azure.archive.ubuntu.com/ubuntu noble/universe amd64 libpocketsphinx3 amd64 0.8.0+real5prealpha+1-15ubuntu5 [133 kB]
shsh-check	Run pnpm exec playwright install --with-deps chromium firefox webkit	2026-09-18T07:54:13.9712015Z Get:75 http://azure.archive.ubuntu.com/ubuntu noble/universe amd64 libpostproc57 amd64 7:6.1.1-3ubuntu5 [49.9 kB]
shsh-check	Run pnpm exec playwright install --with-deps chromium firefox webkit	2026-09-18T07:54:14.0295565Z Get:76 http://azure.archive.ubuntu.com/ubuntu noble/main amd64 libsamplerate0 amd64 0.2.2-4build1 [1344 kB]
shsh-check	Run pnpm exec playwright install --with-deps chromium firefox webkit	2026-09-18T07:54:14.0483501Z Get:77 http://azure.archive.ubuntu.com/ubuntu noble/universe amd64 librubberband2 amd64 3.3.0+dfsg-2build1 [130 kB]
shsh-check	Run pnpm exec playwright install --with-deps chromium firefox webkit	2026-09-18T07:54:14.0557084Z Get:78 http://azure.archive.ubuntu.com/ubuntu noble/universe amd64 libswscale7 amd64 7:6.1.1-3ubuntu5 [193 kB]
shsh-check	Run pnpm exec playwright install --with-deps chromium firefox webkit	2026-09-18T07:54:14.0639283Z Get:79 http://azure.archive.ubuntu.com/ubuntu noble/universe amd64 libvidstab1.1 amd64 1.1.0-2build1 [38.5 kB]
shsh-check	Run pnpm exec playwright install --with-deps chromium firefox webkit	2026-09-18T07:54:14.0705660Z Get:80 http://azure.archive.ubuntu.com/ubuntu noble/universe amd64 libzimg2 amd64 3.0.5+ds1-1build1 [254 kB]
shsh-check	Run pnpm exec playwright install --with-deps chromium firefox webkit	2026-09-18T07:54:14.0795670Z Get:81 http://azure.archive.ubuntu.com/ubuntu noble/universe amd64 libavfilter9 amd64 7:6.1.1-3ubuntu5 [4235 kB]
shsh-check	Run pnpm exec playwright install --with-deps chromium firefox webkit	2026-09-18T07:54:14.1385619Z Get:82 http://azure.archive.ubuntu.com/ubuntu noble-updates/main amd64 liborc-0.4-0t64 amd64 1:0.4.38-1ubuntu0.1 [207 kB]
shsh-check	Run pnpm exec playwright install --with-deps chromium firefox webkit	2026-09-18T07:54:14.1470171Z Get:83 http://azure.archive.ubuntu.com/ubuntu noble-updates/main amd64 libgstreamer-plugins-base1.0-0 amd64 1.24.2-1ubuntu0.4 [862 kB]
shsh-check	Run pnpm exec playwright install --with-deps chromium firefox webkit	2026-09-18T07:54:14.1605162Z Get:84 http://azure.archive.ubuntu.com/ubuntu noble/universe amd64 gstreamer1.0-libav amd64 1.24.1-1build1 [103 kB]
shsh-check	Run pnpm exec playwright install --with-deps chromium firefox webkit	2026-09-18T07:54:14.1675701Z Get:85 http://azure.archive.ubuntu.com/ubuntu noble/main amd64 libcdparanoia0 amd64 3.10.2+debian-14build3 [48.5 kB]
shsh-check	Run pnpm exec playwright install --with-deps chromium firefox webkit	2026-09-18T07:54:14.1743852Z Get:86 http://azure.archive.ubuntu.com/ubuntu noble/main amd64 libvisual-0.4-0 amd64 0.4.2-2build1 [115 kB]
shsh-check	Run pnpm exec playwright install --with-deps chromium firefox webkit	2026-09-18T07:54:14.1812525Z Get:87 http://azure.archive.ubuntu.com/ubuntu noble-updates/main amd64 gstreamer1.0-plugins-base amd64 1.24.2-1ubuntu0.4 [721 kB]
shsh-check	Run pnpm exec playwright install --with-deps chromium firefox webkit	2026-09-18T07:54:14.1921759Z Get:88 http://azure.archive.ubuntu.com/ubuntu noble/main amd64 libaa1 amd64 1.4p5-51.1 [49.9 kB]
shsh-check	Run pnpm exec playwright install --with-deps chromium firefox webkit	2026-09-18T07:54:14.1987552Z Get:89 http://azure.archive.ubuntu.com/ubuntu noble/main amd64 libraw1394-11 amd64 2.1.2-2build3 [26.2 kB]
shsh-check	Run pnpm exec playwright install --with-deps chromium firefox webkit	2026-09-18T07:54:14.2052739Z Get:90 http://azure.archive.ubuntu.com/ubuntu noble/main amd64 libavc1394-0 amd64 0.5.4-5build3 [15.4 kB]
shsh-check	Run pnpm exec playwright install --with-deps chromium firefox webkit	2026-09-18T07:54:14.2115796Z Get:91 http://azure.archive.ubuntu.com/ubuntu noble-updates/main amd64 libcaca0 amd64 0.99.beta20-4ubuntu0.2 [209 kB]
shsh-check	Run pnpm exec playwright install --with-deps chromium firefox webkit	2026-09-18T07:54:14.2194821Z Get:92 http://azure.archive.ubuntu.com/ubuntu noble/main amd64 libdv4t64 amd64 1.0.0-17.1build1 [63.2 kB]
shsh-check	Run pnpm exec playwright install --with-deps chromium firefox webkit	2026-09-18T07:54:14.2267116Z Get:93 http://azure.archive.ubuntu.com/ubuntu noble-updates/main amd64 libgstreamer-plugins-good1.0-0 amd64 1.24.2-1ubuntu1.6 [33.7 kB]
shsh-check	Run pnpm exec playwright install --with-deps chromium firefox webkit	2026-09-18T07:54:14.2331908Z Get:94 http://azure.archive.ubuntu.com/ubuntu noble/main amd64 libiec61883-0 amd64 1.2.0-6build1 [24.5 kB]
shsh-check	Run pnpm exec playwright install --with-deps chromium firefox webkit	2026-09-18T07:54:14.2821299Z Get:95 http://azure.archive.ubuntu.com/ubuntu noble/main amd64 libshout3 amd64 2.4.6-1build2 [50.3 kB]
shsh-check	Run pnpm exec playwright install --with-deps chromium firefox webkit	2026-09-18T07:54:14.2886216Z Get:96 http://azure.archive.ubuntu.com/ubuntu noble/main amd64 libtag1v5-vanilla amd64 1.13.1-1build1 [326 kB]
shsh-check	Run pnpm exec playwright install --with-deps chromium firefox webkit	2026-09-18T07:54:14.2969635Z Get:97 http://azure.archive.ubuntu.com/ubuntu noble/main amd64 libtag1v5 amd64 1.13.1-1build1 [11.7 kB]
shsh-check	Run pnpm exec playwright install --with-deps chromium firefox webkit	2026-09-18T07:54:14.3032675Z Get:98 http://azure.archive.ubuntu.com/ubuntu noble/main amd64 libv4lconvert0t64 amd64 1.26.1-4build3 [87.6 kB]
shsh-check	Run pnpm exec playwright install --with-deps chromium firefox webkit	2026-09-18T07:54:14.3104406Z Get:99 http://azure.archive.ubuntu.com/ubuntu noble/main amd64 libv4l-0t64 amd64 1.26.1-4build3 [46.9 kB]
shsh-check	Run pnpm exec playwright install --with-deps chromium firefox webkit	2026-09-18T07:54:14.3171586Z Get:100 http://azure.archive.ubuntu.com/ubuntu noble/main amd64 libwavpack1 amd64 5.6.0-1build1 [84.6 kB]
shsh-check	Run pnpm exec playwright install --with-deps chromium firefox webkit	2026-09-18T07:54:14.3240110Z Get:101 http://azure.archive.ubuntu.com/ubuntu noble-updates/main amd64 libsoup-3.0-common all 3.4.4-5ubuntu0.8 [11.7 kB]
shsh-check	Run pnpm exec playwright install --with-deps chromium firefox webkit	2026-09-18T07:54:14.3303572Z Get:102 http://azure.archive.ubuntu.com/ubuntu noble-updates/main amd64 libsoup-3.0-0 amd64 3.4.4-5ubuntu0.8 [290 kB]
shsh-check	Run pnpm exec playwright install --with-deps chromium firefox webkit	2026-09-18T07:54:14.3471099Z Get:103 http://azure.archive.ubuntu.com/ubuntu noble-updates/main amd64 gstreamer1.0-plugins-good amd64 1.24.2-1ubuntu1.6 [2237 kB]
shsh-check	Run pnpm exec playwright install --with-deps chromium firefox webkit	2026-09-18T07:54:14.4177394Z Get:104 http://azure.archive.ubuntu.com/ubuntu noble-updates/main amd64 libabsl20220623t64 amd64 20220623.1-3.1ubuntu3.2 [423 kB]
shsh-check	Run pnpm exec playwright install --with-deps chromium firefox webkit	2026-09-18T07:54:14.4317995Z Get:105 http://azure.archive.ubuntu.com/ubuntu noble/universe amd64 libgav1-1 amd64 0.18.0-1build3 [357 kB]
shsh-check	Run pnpm exec playwright install --with-deps chromium firefox webkit	2026-09-18T07:54:14.4484660Z Get:106 http://azure.archive.ubuntu.com/ubuntu noble/universe amd64 libyuv0 amd64 0.0~git202401110.af6ac82-1 [178 kB]
shsh-check	Run pnpm exec playwright install --with-deps chromium firefox webkit	2026-09-18T07:54:14.4562319Z Get:107 http://azure.archive.ubuntu.com/ubuntu noble/universe amd64 libavif16 amd64 1.0.4-1ubuntu3 [91.2 kB]
shsh-check	Run pnpm exec playwright install --with-deps chromium firefox webkit	2026-09-18T07:54:14.4646453Z Get:108 http://azure.archive.ubuntu.com/ubuntu noble/universe amd64 libavtp0 amd64 0.2.0-1build1 [6414 B]
shsh-check	Run pnpm exec playwright install --with-deps chromium firefox webkit	2026-09-18T07:54:14.4716802Z Get:109 http://azure.archive.ubuntu.com/ubuntu noble/main amd64 libcairo-script-interpreter2 amd64 1.18.0-3build1 [60.3 kB]
shsh-check	Run pnpm exec playwright install --with-deps chromium firefox webkit	2026-09-18T07:54:14.4794118Z Get:110 http://azure.archive.ubuntu.com/ubuntu noble/universe amd64 libdc1394-25 amd64 2.2.6-4build1 [90.1 kB]
shsh-check	Run pnpm exec playwright install --with-deps chromium firefox webkit	2026-09-18T07:54:14.4867563Z Get:111 http://azure.archive.ubuntu.com/ubuntu noble-updates/main amd64 libde265-0 amd64 1.0.15-1ubuntu0.1 [167 kB]
shsh-check	Run pnpm exec playwright install --with-deps chromium firefox webkit	2026-09-18T07:54:14.4958305Z Get:112 http://azure.archive.ubuntu.com/ubuntu noble/main amd64 libdecor-0-0 amd64 0.2.2-1build2 [16.5 kB]
shsh-check	Run pnpm exec playwright install --with-deps chromium firefox webkit	2026-09-18T07:54:14.5026225Z Get:113 http://azure.archive.ubuntu.com/ubuntu noble/main amd64 libgles2 amd64 1.7.0-1build1 [17.1 kB]
shsh-check	Run pnpm exec playwright install --with-deps chromium firefox webkit	2026-09-18T07:54:14.5094390Z Get:114 http://azure.archive.ubuntu.com/ubuntu noble/universe amd64 libdirectfb-1.7-7t64 amd64 1.7.7-11.1ubuntu2 [1035 kB]
shsh-check	Run pnpm exec playwright install --with-deps chromium firefox webkit	2026-09-18T07:54:14.5230076Z Get:115 http://azure.archive.ubuntu.com/ubuntu noble/universe amd64 libdvdread8t64 amd64 6.1.3-1.1build1 [54.7 kB]
shsh-check	Run pnpm exec playwright install --with-deps chromium firefox webkit	2026-09-18T07:54:14.5301256Z Get:116 http://azure.archive.ubuntu.com/ubuntu noble/universe amd64 libdvdnav4 amd64 6.1.1-3build1 [39.5 kB]
shsh-check	Run pnpm exec playwright install --with-deps chromium firefox webkit	2026-09-18T07:54:14.5375302Z Get:117 http://azure.archive.ubuntu.com/ubuntu noble-updates/main amd64 libegl-mesa0 amd64 25.2.8-0ubuntu0.24.04.2 [117 kB]
shsh-check	Run pnpm exec playwright install --with-deps chromium firefox webkit	2026-09-18T07:54:14.5454157Z Get:118 http://azure.archive.ubuntu.com/ubuntu noble-updates/main amd64 libevent-2.1-7t64 amd64 2.1.12-stable-9ubuntu2.1 [146 kB]
shsh-check	Run pnpm exec playwright install --with-deps chromium firefox webkit	2026-09-18T07:54:14.5553491Z Get:119 http://azure.archive.ubuntu.com/ubuntu noble/universe amd64 libfaad2 amd64 2.11.1-1build1 [207 kB]
shsh-check	Run pnpm exec playwright install --with-deps chromium firefox webkit	2026-09-18T07:54:14.5640314Z Get:120 http://azure.archive.ubuntu.com/ubuntu noble/universe amd64 libinstpatch-1.0-2 amd64 1.1.6-1build2 [251 kB]
shsh-check	Run pnpm exec playwright install --with-deps chromium firefox webkit	2026-09-18T07:54:14.6141080Z Get:121 http://azure.archive.ubuntu.com/ubuntu noble/main amd64 libjack-jackd2-0 amd64 1.9.21~dfsg-3ubuntu3 [289 kB]
shsh-check	Run pnpm exec playwright install --with-deps chromium firefox webkit	2026-09-18T07:54:14.6229460Z Get:122 http://azure.archive.ubuntu.com/ubuntu noble/main amd64 libwebrtc-audio-processing1 amd64 0.3.1-0ubuntu6 [290 kB]
shsh-check	Run pnpm exec playwright install --with-deps chromium firefox webkit	2026-09-18T07:54:14.6340728Z Get:123 http://azure.archive.ubuntu.com/ubuntu noble-updates/main amd64 libspa-0.2-modules amd64 1.0.5-1ubuntu3.3 [628 kB]
shsh-check	Run pnpm exec playwright install --with-deps chromium firefox webkit	2026-09-18T07:54:14.6523518Z Get:124 http://azure.archive.ubuntu.com/ubuntu noble-updates/main amd64 libpipewire-0.3-0t64 amd64 1.0.5-1ubuntu3.3 [252 kB]
shsh-check	Run pnpm exec playwright install --with-deps chromium firefox webkit	2026-09-18T07:54:14.6608659Z Get:125 http://azure.archive.ubuntu.com/ubuntu noble-updates/main amd64 libsdl2-2.0-0 amd64 2.30.0+dfsg-1ubuntu3.1 [686 kB]
shsh-check	Run pnpm exec playwright install --with-deps chromium firefox webkit	2026-09-18T07:54:14.6735660Z Get:126 http://azure.archive.ubuntu.com/ubuntu noble/universe amd64 timgm6mb-soundfont all 1.3-5 [5427 kB]
shsh-check	Run pnpm exec playwright install --with-deps chromium firefox webkit	2026-09-18T07:54:14.7238770Z Get:127 http://azure.archive.ubuntu.com/ubuntu noble/universe amd64 libfluidsynth3 amd64 2.3.4-1build3 [249 kB]
shsh-check	Run pnpm exec playwright install --with-deps chromium firefox webkit	2026-09-18T07:54:14.7326676Z Get:128 http://azure.archive.ubuntu.com/ubuntu noble/main amd64 libfreeaptx0 amd64 0.1.1-2build1 [13.5 kB]
shsh-check	Run pnpm exec playwright install --with-deps chromium firefox webkit	2026-09-18T07:54:14.7399904Z Get:129 http://azure.archive.ubuntu.com/ubuntu noble/main amd64 libgraphene-1.0-0 amd64 1.10.8-3build2 [46.2 kB]
shsh-check	Run pnpm exec playwright install --with-deps chromium firefox webkit	2026-09-18T07:54:14.7470652Z Get:130 http://azure.archive.ubuntu.com/ubuntu noble/main amd64 libgssdp-1.6-0 amd64 1.6.3-1build3 [40.4 kB]
shsh-check	Run pnpm exec playwright install --with-deps chromium firefox webkit	2026-09-18T07:54:14.7541792Z Get:131 http://azure.archive.ubuntu.com/ubuntu noble/main amd64 libegl1 amd64 1.7.0-1build1 [28.7 kB]
shsh-check	Run pnpm exec playwright install --with-deps chromium firefox webkit	2026-09-18T07:54:14.7611424Z Get:132 http://azure.archive.ubuntu.com/ubuntu noble-updates/main amd64 libgstreamer-gl1.0-0 amd64 1.24.2-1ubuntu0.4 [214 kB]
shsh-check	Run pnpm exec playwright install --with-deps chromium firefox webkit	2026-09-18T07:54:14.7697105Z Get:133 http://azure.archive.ubuntu.com/ubuntu noble-updates/main amd64 libgtk-4-common all 4.14.5+ds-0ubuntu0.10 [1497 kB]
shsh-check	Run pnpm exec playwright install --with-deps chromium firefox webkit	2026-09-18T07:54:14.7866125Z Get:134 http://azure.archive.ubuntu.com/ubuntu noble-updates/main amd64 libgtk-4-1 amd64 4.14.5+ds-0ubuntu0.10 [3295 kB]
shsh-check	Run pnpm exec playwright install --with-deps chromium firefox webkit	2026-09-18T07:54:14.8219216Z Get:135 http://azure.archive.ubuntu.com/ubuntu noble/main amd64 libgupnp-1.6-0 amd64 1.6.6-1build3 [92.7 kB]
shsh-check	Run pnpm exec playwright install --with-deps chromium firefox webkit	2026-09-18T07:54:14.8293977Z Get:136 http://azure.archive.ubuntu.com/ubuntu noble/universe amd64 libgupnp-igd-1.6-0 amd64 1.6.0-3build3 [16.5 kB]
shsh-check	Run pnpm exec playwright install --with-deps chromium firefox webkit	2026-09-18T07:54:14.8362406Z Get:137 http://azure.archive.ubuntu.com/ubuntu noble/main amd64 libharfbuzz-icu0 amd64 8.3.0-2build2 [13.3 kB]
shsh-check	Run pnpm exec playwright install --with-deps chromium firefox webkit	2026-09-18T07:54:14.8430651Z Get:138 http://azure.archive.ubuntu.com/ubuntu noble/main amd64 libhyphen0 amd64 2.8.8-7build3 [26.5 kB]
shsh-check	Run pnpm exec playwright install --with-deps chromium firefox webkit	2026-09-18T07:54:14.8939520Z Get:139 http://azure.archive.ubuntu.com/ubuntu noble/universe amd64 libimath-3-1-29t64 amd64 3.1.9-3.1ubuntu2 [72.2 kB]
shsh-check	Run pnpm exec playwright install --with-deps chromium firefox webkit	2026-09-18T07:54:14.9014774Z Get:140 http://azure.archive.ubuntu.com/ubuntu noble/main amd64 liblc3-1 amd64 1.0.4-3build1 [69.7 kB]
shsh-check	Run pnpm exec playwright install --with-deps chromium firefox webkit	2026-09-18T07:54:14.9087711Z Get:141 http://azure.archive.ubuntu.com/ubuntu noble/main amd64 libldacbt-enc2 amd64 2.0.2.3+git20200429+ed310a0-4ubuntu2 [27.1 kB]
shsh-check	Run pnpm exec playwright install --with-deps chromium firefox webkit	2026-09-18T07:54:14.9158281Z Get:142 http://azure.archive.ubuntu.com/ubuntu noble-updates/main amd64 libraptor2-0 amd64 2.0.16-3ubuntu0.1 [165 kB]
shsh-check	Run pnpm exec playwright install --with-deps chromium firefox webkit	2026-09-18T07:54:14.9240075Z Get:143 http://azure.archive.ubuntu.com/ubuntu noble/universe amd64 liblrdf0 amd64 0.6.1-4build1 [18.5 kB]
shsh-check	Run pnpm exec playwright install --with-deps chromium firefox webkit	2026-09-18T07:54:14.9310924Z Get:144 http://azure.archive.ubuntu.com/ubuntu noble/universe amd64 libltc11 amd64 1.3.2-1build1 [13.0 kB]
shsh-check	Run pnpm exec playwright install --with-deps chromium firefox webkit	2026-09-18T07:54:14.9381519Z Get:145 http://azure.archive.ubuntu.com/ubuntu noble/main amd64 libmanette-0.2-0 amd64 0.2.7-1build2 [30.6 kB]
shsh-check	Run pnpm exec playwright install --with-deps chromium firefox webkit	2026-09-18T07:54:14.9453023Z Get:146 http://azure.archive.ubuntu.com/ubuntu noble/universe amd64 libmfx1 amd64 22.5.4-1 [3124 kB]
shsh-check	Run pnpm exec playwright install --with-deps chromium firefox webkit	2026-09-18T07:54:14.9750990Z Get:147 http://azure.archive.ubuntu.com/ubuntu noble/universe amd64 libmjpegutils-2.1-0t64 amd64 1:2.1.0+debian-8.1build1 [25.5 kB]
shsh-check	Run pnpm exec playwright install --with-deps chromium firefox webkit	2026-09-18T07:54:14.9821822Z Get:148 http://azure.archive.ubuntu.com/ubuntu noble/universe amd64 libmodplug1 amd64 1:0.8.9.0-3build1 [166 kB]
shsh-check	Run pnpm exec playwright install --with-deps chromium firefox webkit	2026-09-18T07:54:14.9907261Z Get:149 http://azure.archive.ubuntu.com/ubuntu noble/universe amd64 libmpcdec6 amd64 2:0.1~r495-2build1 [32.7 kB]
shsh-check	Run pnpm exec playwright install --with-deps chromium firefox webkit	2026-09-18T07:54:14.9979047Z Get:150 http://azure.archive.ubuntu.com/ubuntu noble/universe amd64 libmpeg2encpp-2.1-0t64 amd64 1:2.1.0+debian-8.1build1 [75.6 kB]
shsh-check	Run pnpm exec playwright install --with-deps chromium firefox webkit	2026-09-18T07:54:15.0054412Z Get:151 http://azure.archive.ubuntu.com/ubuntu noble/universe amd64 libmplex2-2.1-0t64 amd64 1:2.1.0+debian-8.1build1 [46.1 kB]
shsh-check	Run pnpm exec playwright install --with-deps chromium firefox webkit	2026-09-18T07:54:15.0129762Z Get:152 http://azure.archive.ubuntu.com/ubuntu noble/universe amd64 libneon27t64 amd64 0.33.0-1.1build3 [102 kB]
shsh-check	Run pnpm exec playwright install --with-deps chromium firefox webkit	2026-09-18T07:54:15.0205883Z Get:153 http://azure.archive.ubuntu.com/ubuntu noble/universe amd64 libnice10 amd64 0.1.21-2build3 [157 kB]
shsh-check	Run pnpm exec playwright install --with-deps chromium firefox webkit	2026-09-18T07:54:15.0286843Z Get:154 http://azure.archive.ubuntu.com/ubuntu noble/universe amd64 libopenal-data all 1:1.23.1-4build1 [161 kB]
shsh-check	Run pnpm exec playwright install --with-deps chromium firefox webkit	2026-09-18T07:54:15.0369422Z Get:155 http://azure.archive.ubuntu.com/ubuntu noble/universe amd64 libopenexr-3-1-30 amd64 3.1.5-5.1build3 [1004 kB]
shsh-check	Run pnpm exec playwright install --with-deps chromium firefox webkit	2026-09-18T07:54:15.0504342Z Get:156 http://azure.archive.ubuntu.com/ubuntu noble/universe amd64 libopenh264-7 amd64 2.4.1+dfsg-1 [409 kB]
shsh-check	Run pnpm exec playwright install --with-deps chromium firefox webkit	2026-09-18T07:54:15.0602482Z Get:157 http://azure.archive.ubuntu.com/ubuntu noble/universe amd64 libopenni2-0 amd64 2.2.0.33+dfsg-18 [370 kB]
shsh-check	Run pnpm exec playwright install --with-deps chromium firefox webkit	2026-09-18T07:54:15.1137220Z Get:158 http://azure.archive.ubuntu.com/ubuntu noble/universe amd64 libqrencode4 amd64 4.1.1-1build2 [25.0 kB]
shsh-check	Run pnpm exec playwright install --with-deps chromium firefox webkit	2026-09-18T07:54:15.1205954Z Get:159 http://azure.archive.ubuntu.com/ubuntu noble/main amd64 libsecret-common all 0.21.4-1build3 [4962 B]
shsh-check	Run pnpm exec playwright install --with-deps chromium firefox webkit	2026-09-18T07:54:15.1274084Z Get:160 http://azure.archive.ubuntu.com/ubuntu noble/main amd64 libsecret-1-0 amd64 0.21.4-1build3 [116 kB]
shsh-check	Run pnpm exec playwright install --with-deps chromium firefox webkit	2026-09-18T07:54:15.1354529Z Get:161 http://azure.archive.ubuntu.com/ubuntu noble/universe amd64 libsndio7.0 amd64 1.9.0-0.3build3 [29.6 kB]
shsh-check	Run pnpm exec playwright install --with-deps chromium firefox webkit	2026-09-18T07:54:15.1431270Z Get:162 http://azure.archive.ubuntu.com/ubuntu noble/universe amd64 libsoundtouch1 amd64 2.3.2+ds1-1build1 [60.5 kB]
shsh-check	Run pnpm exec playwright install --with-deps chromium firefox webkit	2026-09-18T07:54:15.1512888Z Get:163 http://azure.archive.ubuntu.com/ubuntu noble/universe amd64 libspandsp2t64 amd64 0.0.6+dfsg-2.1build1 [311 kB]
shsh-check	Run pnpm exec playwright install --with-deps chromium firefox webkit	2026-09-18T07:54:15.1606700Z Get:164 http://azure.archive.ubuntu.com/ubuntu noble/universe amd64 libsrtp2-1 amd64 2.5.0-3build1 [41.9 kB]
shsh-check	Run pnpm exec playwright install --with-deps chromium firefox webkit	2026-09-18T07:54:15.1679445Z Get:165 http://azure.archive.ubuntu.com/ubuntu noble/main amd64 libwayland-server0 amd64 1.22.0-2.1build1 [33.9 kB]
shsh-check	Run pnpm exec playwright install --with-deps chromium firefox webkit	2026-09-18T07:54:15.1751518Z Get:166 http://azure.archive.ubuntu.com/ubuntu noble/universe amd64 libwildmidi2 amd64 0.4.3-1build3 [68.5 kB]
shsh-check	Run pnpm exec playwright install --with-deps chromium firefox webkit	2026-09-18T07:54:15.1825322Z Get:167 http://azure.archive.ubuntu.com/ubuntu noble/main amd64 libwoff1 amd64 1.0.2-2build1 [45.3 kB]
shsh-check	Run pnpm exec playwright install --with-deps chromium firefox webkit	2026-09-18T07:54:15.1896103Z Get:168 http://azure.archive.ubuntu.com/ubuntu noble/main amd64 libxcb-xkb1 amd64 1.15-1ubuntu2 [32.3 kB]
shsh-check	Run pnpm exec playwright install --with-deps chromium firefox webkit	2026-09-18T07:54:15.1965469Z Get:169 http://azure.archive.ubuntu.com/ubuntu noble/main amd64 libxkbcommon-x11-0 amd64 1.6.0-1build1 [14.5 kB]
shsh-check	Run pnpm exec playwright install --with-deps chromium firefox webkit	2026-09-18T07:54:15.2034450Z Get:170 http://azure.archive.ubuntu.com/ubuntu noble/universe amd64 libzbar0t64 amd64 0.23.93-4build3 [123 kB]
shsh-check	Run pnpm exec playwright install --with-deps chromium firefox webkit	2026-09-18T07:54:15.2142858Z Get:171 http://azure.archive.ubuntu.com/ubuntu noble/universe amd64 libzxing3 amd64 2.2.1-3 [583 kB]
shsh-check	Run pnpm exec playwright install --with-deps chromium firefox webkit	2026-09-18T07:54:15.2239914Z Get:172 http://azure.archive.ubuntu.com/ubuntu noble/main amd64 xfonts-encodings all 1:1.0.5-0ubuntu2 [578 kB]
shsh-check	Run pnpm exec playwright install --with-deps chromium firefox webkit	2026-09-18T07:54:15.2356230Z Get:173 http://azure.archive.ubuntu.com/ubuntu noble/main amd64 xfonts-utils amd64 1:7.7+6build3 [94.4 kB]
shsh-check	Run pnpm exec playwright install --with-deps chromium firefox webkit	2026-09-18T07:54:15.2434438Z Get:174 http://azure.archive.ubuntu.com/ubuntu noble/universe amd64 xfonts-cyrillic all 1:1.0.5+nmu1 [384 kB]
shsh-check	Run pnpm exec playwright install --with-deps chromium firefox webkit	2026-09-18T07:54:15.2565522Z Get:175 http://azure.archive.ubuntu.com/ubuntu noble/main amd64 xfonts-scalable all 1:1.0.3-1.3 [304 kB]
shsh-check	Run pnpm exec playwright install --with-deps chromium firefox webkit	2026-09-18T07:54:15.3097250Z Get:176 http://azure.archive.ubuntu.com/ubuntu noble/universe amd64 libgstreamer-plugins-bad1.0-0 amd64 1.24.2-1ubuntu4 [797 kB]
shsh-check	Run pnpm exec playwright install --with-deps chromium firefox webkit	2026-09-18T07:54:15.3283771Z Get:177 http://azure.archive.ubuntu.com/ubuntu noble/universe amd64 libdca0 amd64 0.0.7-2build1 [93.8 kB]
shsh-check	Run pnpm exec playwright install --with-deps chromium firefox webkit	2026-09-18T07:54:15.3358148Z Get:178 http://azure.archive.ubuntu.com/ubuntu noble/universe amd64 libopenal1 amd64 1:1.23.1-4build1 [540 kB]
shsh-check	Run pnpm exec playwright install --with-deps chromium firefox webkit	2026-09-18T07:54:15.3471964Z Get:179 http://azure.archive.ubuntu.com/ubuntu noble/main amd64 libsbc1 amd64 2.0-1build1 [33.9 kB]
shsh-check	Run pnpm exec playwright install --with-deps chromium firefox webkit	2026-09-18T07:54:15.3545985Z Get:180 http://azure.archive.ubuntu.com/ubuntu noble/universe amd64 libvo-aacenc0 amd64 0.1.3-2build1 [67.8 kB]
shsh-check	Run pnpm exec playwright install --with-deps chromium firefox webkit	2026-09-18T07:54:15.3621841Z Get:181 http://azure.archive.ubuntu.com/ubuntu noble/universe amd64 libvo-amrwbenc0 amd64 0.1.3-2build1 [76.7 kB]
shsh-check	Run pnpm exec playwright install --with-deps chromium firefox webkit	2026-09-18T07:54:15.3699876Z Get:182 http://azure.archive.ubuntu.com/ubuntu noble/universe amd64 gstreamer1.0-plugins-bad amd64 1.24.2-1ubuntu4 [3081 kB]
shsh-check	Run pnpm exec playwright install --with-deps chromium firefox webkit	2026-09-18T07:54:15.7787140Z Fetched 114 MB in 3s (42.6 MB/s)
shsh-check	Run pnpm exec playwright install --with-deps chromium firefox webkit	2026-09-18T07:54:15.8067844Z Selecting previously unselected package fonts-ipafont-gothic.
shsh-check	Run pnpm exec playwright install --with-deps chromium firefox webkit	2026-09-18T07:54:15.8393755Z (Reading database ...
shsh-check	Run pnpm exec playwright install --with-deps chromium firefox webkit	2026-09-18T07:54:15.8394274Z (Reading database ... 5%
shsh-check	Run pnpm exec playwright install --with-deps chromium firefox webkit	2026-09-18T07:54:15.8394708Z (Reading database ... 10%
shsh-check	Run pnpm exec playwright install --with-deps chromium firefox webkit	2026-09-18T07:54:15.8394982Z (Reading database ... 15%
shsh-check	Run pnpm exec playwright install --with-deps chromium firefox webkit	2026-09-18T07:54:15.8395241Z (Reading database ... 20%
shsh-check	Run pnpm exec playwright install --with-deps chromium firefox webkit	2026-09-18T07:54:15.8395492Z (Reading database ... 25%
shsh-check	Run pnpm exec playwright install --with-deps chromium firefox webkit	2026-09-18T07:54:15.8395740Z (Reading database ... 30%
shsh-check	Run pnpm exec playwright install --with-deps chromium firefox webkit	2026-09-18T07:54:15.8395980Z (Reading database ... 35%
shsh-check	Run pnpm exec playwright install --with-deps chromium firefox webkit	2026-09-18T07:54:15.8396215Z (Reading database ... 40%
shsh-check	Run pnpm exec playwright install --with-deps chromium firefox webkit	2026-09-18T07:54:15.8396570Z (Reading database ... 45%
shsh-check	Run pnpm exec playwright install --with-deps chromium firefox webkit	2026-09-18T07:54:15.8397058Z (Reading database ... 50%
shsh-check	Run pnpm exec playwright install --with-deps chromium firefox webkit	2026-09-18T07:54:15.8446884Z (Reading database ... 55%
shsh-check	Run pnpm exec playwright install --with-deps chromium firefox webkit	2026-09-18T07:54:15.9878344Z (Reading database ... 60%
shsh-check	Run pnpm exec playwright install --with-deps chromium firefox webkit	2026-09-18T07:54:16.1469161Z (Reading database ... 65%
shsh-check	Run pnpm exec playwright install --with-deps chromium firefox webkit	2026-09-18T07:54:16.3372115Z (Reading database ... 70%
shsh-check	Run pnpm exec playwright install --with-deps chromium firefox webkit	2026-09-18T07:54:16.4885679Z (Reading database ... 75%
shsh-check	Run pnpm exec playwright install --with-deps chromium firefox webkit	2026-09-18T07:54:16.6464615Z (Reading database ... 80%
shsh-check	Run pnpm exec playwright install --with-deps chromium firefox webkit	2026-09-18T07:54:16.7945430Z (Reading database ... 85%
shsh-check	Run pnpm exec playwright install --with-deps chromium firefox webkit	2026-09-18T07:54:16.9325157Z (Reading database ... 90%
shsh-check	Run pnpm exec playwright install --with-deps chromium firefox webkit	2026-09-18T07:54:17.0874985Z (Reading database ... 95%
shsh-check	Run pnpm exec playwright install --with-deps chromium firefox webkit	2026-09-18T07:54:17.0875578Z (Reading database ... 100%
shsh-check	Run pnpm exec playwright install --with-deps chromium firefox webkit	2026-09-18T07:54:17.0876204Z (Reading database ... 201818 files and directories currently installed.)
shsh-check	Run pnpm exec playwright install --with-deps chromium firefox webkit	2026-09-18T07:54:17.0910349Z Preparing to unpack .../000-fonts-ipafont-gothic_00303-21ubuntu1_all.deb ...
shsh-check	Run pnpm exec playwright install --with-deps chromium firefox webkit	2026-09-18T07:54:17.1000040Z Unpacking fonts-ipafont-gothic (00303-21ubuntu1) ...
shsh-check	Run pnpm exec playwright install --with-deps chromium firefox webkit	2026-09-18T07:54:17.3196274Z Selecting previously unselected package fonts-freefont-ttf.
shsh-check	Run pnpm exec playwright install --with-deps chromium firefox webkit	2026-09-18T07:54:17.3318529Z Preparing to unpack .../001-fonts-freefont-ttf_20211204+svn4273-2_all.deb ...
shsh-check	Run pnpm exec playwright install --with-deps chromium firefox webkit	2026-09-18T07:54:17.3326078Z Unpacking fonts-freefont-ttf (20211204+svn4273-2) ...
shsh-check	Run pnpm exec playwright install --with-deps chromium firefox webkit	2026-09-18T07:54:17.4093593Z Selecting previously unselected package fonts-tlwg-loma-otf.
shsh-check	Run pnpm exec playwright install --with-deps chromium firefox webkit	2026-09-18T07:54:17.4209658Z Preparing to unpack .../002-fonts-tlwg-loma-otf_1%3a0.7.3-1_all.deb ...
shsh-check	Run pnpm exec playwright install --with-deps chromium firefox webkit	2026-09-18T07:54:17.4216775Z Unpacking fonts-tlwg-loma-otf (1:0.7.3-1) ...
shsh-check	Run pnpm exec playwright install --with-deps chromium firefox webkit	2026-09-18T07:54:17.4413830Z Selecting previously unselected package fonts-unifont.
shsh-check	Run pnpm exec playwright install --with-deps chromium firefox webkit	2026-09-18T07:54:17.4529704Z Preparing to unpack .../003-fonts-unifont_1%3a15.1.01-1build1_all.deb ...
shsh-check	Run pnpm exec playwright install --with-deps chromium firefox webkit	2026-09-18T07:54:17.4537506Z Unpacking fonts-unifont (1:15.1.01-1build1) ...
shsh-check	Run pnpm exec playwright install --with-deps chromium firefox webkit	2026-09-18T07:54:17.5639571Z Selecting previously unselected package fonts-wqy-zenhei.
shsh-check	Run pnpm exec playwright install --with-deps chromium firefox webkit	2026-09-18T07:54:17.5758156Z Preparing to unpack .../004-fonts-wqy-zenhei_0.9.45-8_all.deb ...
shsh-check	Run pnpm exec playwright install --with-deps chromium firefox webkit	2026-09-18T07:54:17.5850406Z Unpacking fonts-wqy-zenhei (0.9.45-8) ...
shsh-check	Run pnpm exec playwright install --with-deps chromium firefox webkit	2026-09-18T07:54:18.0311651Z Selecting previously unselected package libproxy1v5:amd64.
shsh-check	Run pnpm exec playwright install --with-deps chromium firefox webkit	2026-09-18T07:54:18.0434457Z Preparing to unpack .../005-libproxy1v5_0.5.4-4build1_amd64.deb ...
shsh-check	Run pnpm exec playwright install --with-deps chromium firefox webkit	2026-09-18T07:54:18.0452764Z Unpacking libproxy1v5:amd64 (0.5.4-4build1) ...
shsh-check	Run pnpm exec playwright install --with-deps chromium firefox webkit	2026-09-18T07:54:18.0666932Z Selecting previously unselected package glib-networking-common.
shsh-check	Run pnpm exec playwright install --with-deps chromium firefox webkit	2026-09-18T07:54:18.0783147Z Preparing to unpack .../006-glib-networking-common_2.80.0-1build1_all.deb ...
shsh-check	Run pnpm exec playwright install --with-deps chromium firefox webkit	2026-09-18T07:54:18.0791940Z Unpacking glib-networking-common (2.80.0-1build1) ...
shsh-check	Run pnpm exec playwright install --with-deps chromium firefox webkit	2026-09-18T07:54:18.0969065Z Selecting previously unselected package glib-networking-services.
shsh-check	Run pnpm exec playwright install --with-deps chromium firefox webkit	2026-09-18T07:54:18.1083713Z Preparing to unpack .../007-glib-networking-services_2.80.0-1build1_amd64.deb ...
shsh-check	Run pnpm exec playwright install --with-deps chromium firefox webkit	2026-09-18T07:54:18.1091752Z Unpacking glib-networking-services (2.80.0-1build1) ...
shsh-check	Run pnpm exec playwright install --with-deps chromium firefox webkit	2026-09-18T07:54:18.1288839Z Selecting previously unselected package session-migration.
shsh-check	Run pnpm exec playwright install --with-deps chromium firefox webkit	2026-09-18T07:54:18.1402558Z Preparing to unpack .../008-session-migration_0.3.9build1_amd64.deb ...
shsh-check	Run pnpm exec playwright install --with-deps chromium firefox webkit	2026-09-18T07:54:18.1411101Z Unpacking session-migration (0.3.9build1) ...
shsh-check	Run pnpm exec playwright install --with-deps chromium firefox webkit	2026-09-18T07:54:18.1630097Z Selecting previously unselected package gsettings-desktop-schemas.
shsh-check	Run pnpm exec playwright install --with-deps chromium firefox webkit	2026-09-18T07:54:18.1743588Z Preparing to unpack .../009-gsettings-desktop-schemas_46.1-0ubuntu1_all.deb ...
shsh-check	Run pnpm exec playwright install --with-deps chromium firefox webkit	2026-09-18T07:54:18.1752055Z Unpacking gsettings-desktop-schemas (46.1-0ubuntu1) ...
shsh-check	Run pnpm exec playwright install --with-deps chromium firefox webkit	2026-09-18T07:54:18.2073926Z Selecting previously unselected package glib-networking:amd64.
shsh-check	Run pnpm exec playwright install --with-deps chromium firefox webkit	2026-09-18T07:54:18.2187336Z Preparing to unpack .../010-glib-networking_2.80.0-1build1_amd64.deb ...
shsh-check	Run pnpm exec playwright install --with-deps chromium firefox webkit	2026-09-18T07:54:18.2195346Z Unpacking glib-networking:amd64 (2.80.0-1build1) ...
shsh-check	Run pnpm exec playwright install --with-deps chromium firefox webkit	2026-09-18T07:54:18.2407224Z Selecting previously unselected package libva2:amd64.
shsh-check	Run pnpm exec playwright install --with-deps chromium firefox webkit	2026-09-18T07:54:18.2520238Z Preparing to unpack .../011-libva2_2.20.0-2ubuntu0.2_amd64.deb ...
shsh-check	Run pnpm exec playwright install --with-deps chromium firefox webkit	2026-09-18T07:54:18.2528562Z Unpacking libva2:amd64 (2.20.0-2ubuntu0.2) ...
shsh-check	Run pnpm exec playwright install --with-deps chromium firefox webkit	2026-09-18T07:54:18.2729465Z Selecting previously unselected package libva-drm2:amd64.
shsh-check	Run pnpm exec playwright install --with-deps chromium firefox webkit	2026-09-18T07:54:18.2843599Z Preparing to unpack .../012-libva-drm2_2.20.0-2ubuntu0.2_amd64.deb ...
shsh-check	Run pnpm exec playwright install --with-deps chromium firefox webkit	2026-09-18T07:54:18.2852247Z Unpacking libva-drm2:amd64 (2.20.0-2ubuntu0.2) ...
shsh-check	Run pnpm exec playwright install --with-deps chromium firefox webkit	2026-09-18T07:54:18.3047537Z Selecting previously unselected package libva-x11-2:amd64.
shsh-check	Run pnpm exec playwright install --with-deps chromium firefox webkit	2026-09-18T07:54:18.3160884Z Preparing to unpack .../013-libva-x11-2_2.20.0-2ubuntu0.2_amd64.deb ...
shsh-check	Run pnpm exec playwright install --with-deps chromium firefox webkit	2026-09-18T07:54:18.3169663Z Unpacking libva-x11-2:amd64 (2.20.0-2ubuntu0.2) ...
shsh-check	Run pnpm exec playwright install --with-deps chromium firefox webkit	2026-09-18T07:54:18.3368603Z Selecting previously unselected package libvdpau1:amd64.
shsh-check	Run pnpm exec playwright install --with-deps chromium firefox webkit	2026-09-18T07:54:18.3481985Z Preparing to unpack .../014-libvdpau1_1.5-2build1_amd64.deb ...
shsh-check	Run pnpm exec playwright install --with-deps chromium firefox webkit	2026-09-18T07:54:18.3491171Z Unpacking libvdpau1:amd64 (1.5-2build1) ...
shsh-check	Run pnpm exec playwright install --with-deps chromium firefox webkit	2026-09-18T07:54:18.3697007Z Selecting previously unselected package libvpl2.
shsh-check	Run pnpm exec playwright install --with-deps chromium firefox webkit	2026-09-18T07:54:18.3810041Z Preparing to unpack .../015-libvpl2_2023.3.0-1build1_amd64.deb ...
shsh-check	Run pnpm exec playwright install --with-deps chromium firefox webkit	2026-09-18T07:54:18.3818943Z Unpacking libvpl2 (2023.3.0-1build1) ...
shsh-check	Run pnpm exec playwright install --with-deps chromium firefox webkit	2026-09-18T07:54:18.4035590Z Selecting previously unselected package ocl-icd-libopencl1:amd64.
shsh-check	Run pnpm exec playwright install --with-deps chromium firefox webkit	2026-09-18T07:54:18.4148535Z Preparing to unpack .../016-ocl-icd-libopencl1_2.3.2-1build1_amd64.deb ...
shsh-check	Run pnpm exec playwright install --with-deps chromium firefox webkit	2026-09-18T07:54:18.4156937Z Unpacking ocl-icd-libopencl1:amd64 (2.3.2-1build1) ...
shsh-check	Run pnpm exec playwright install --with-deps chromium firefox webkit	2026-09-18T07:54:18.4543902Z Selecting previously unselected package libavutil58:amd64.
shsh-check	Run pnpm exec playwright install --with-deps chromium firefox webkit	2026-09-18T07:54:18.4657380Z Preparing to unpack .../017-libavutil58_7%3a6.1.1-3ubuntu5_amd64.deb ...
shsh-check	Run pnpm exec playwright install --with-deps chromium firefox webkit	2026-09-18T07:54:18.4667025Z Unpacking libavutil58:amd64 (7:6.1.1-3ubuntu5) ...
shsh-check	Run pnpm exec playwright install --with-deps chromium firefox webkit	2026-09-18T07:54:18.4903412Z Selecting previously unselected package libcodec2-1.2:amd64.
shsh-check	Run pnpm exec playwright install --with-deps chromium firefox webkit	2026-09-18T07:54:18.5017518Z Preparing to unpack .../018-libcodec2-1.2_1.2.0-2build1_amd64.deb ...
shsh-check	Run pnpm exec playwright install --with-deps chromium firefox webkit	2026-09-18T07:54:18.5026380Z Unpacking libcodec2-1.2:amd64 (1.2.0-2build1) ...
shsh-check	Run pnpm exec playwright install --with-deps chromium firefox webkit	2026-09-18T07:54:18.5714726Z Selecting previously unselected package libdav1d7:amd64.
shsh-check	Run pnpm exec playwright install --with-deps chromium firefox webkit	2026-09-18T07:54:18.5836301Z Preparing to unpack .../019-libdav1d7_1.4.1-1build1_amd64.deb ...
shsh-check	Run pnpm exec playwright install --with-deps chromium firefox webkit	2026-09-18T07:54:18.5844077Z Unpacking libdav1d7:amd64 (1.4.1-1build1) ...
shsh-check	Run pnpm exec playwright install --with-deps chromium firefox webkit	2026-09-18T07:54:18.6097536Z Selecting previously unselected package libgsm1:amd64.
shsh-check	Run pnpm exec playwright install --with-deps chromium firefox webkit	2026-09-18T07:54:18.6216009Z Preparing to unpack .../020-libgsm1_1.0.22-1build1_amd64.deb ...
shsh-check	Run pnpm exec playwright install --with-deps chromium firefox webkit	2026-09-18T07:54:18.6223226Z Unpacking libgsm1:amd64 (1.0.22-1build1) ...
shsh-check	Run pnpm exec playwright install --with-deps chromium firefox webkit	2026-09-18T07:54:18.6416041Z Selecting previously unselected package libhwy1t64:amd64.
shsh-check	Run pnpm exec playwright install --with-deps chromium firefox webkit	2026-09-18T07:54:18.6531836Z Preparing to unpack .../021-libhwy1t64_1.0.7-8.1build1_amd64.deb ...
shsh-check	Run pnpm exec playwright install --with-deps chromium firefox webkit	2026-09-18T07:54:18.6539759Z Unpacking libhwy1t64:amd64 (1.0.7-8.1build1) ...
shsh-check	Run pnpm exec playwright install --with-deps chromium firefox webkit	2026-09-18T07:54:18.6844537Z Selecting previously unselected package libjxl0.7:amd64.
shsh-check	Run pnpm exec playwright install --with-deps chromium firefox webkit	2026-09-18T07:54:18.6961149Z Preparing to unpack .../022-libjxl0.7_0.7.0-10.2ubuntu6.1_amd64.deb ...
shsh-check	Run pnpm exec playwright install --with-deps chromium firefox webkit	2026-09-18T07:54:18.6972335Z Unpacking libjxl0.7:amd64 (0.7.0-10.2ubuntu6.1) ...
shsh-check	Run pnpm exec playwright install --with-deps chromium firefox webkit	2026-09-18T07:54:18.7293816Z Selecting previously unselected package libmp3lame0:amd64.
shsh-check	Run pnpm exec playwright install --with-deps chromium firefox webkit	2026-09-18T07:54:18.7410211Z Preparing to unpack .../023-libmp3lame0_3.100-6build1_amd64.deb ...
shsh-check	Run pnpm exec playwright install --with-deps chromium firefox webkit	2026-09-18T07:54:18.7419341Z Unpacking libmp3lame0:amd64 (3.100-6build1) ...
shsh-check	Run pnpm exec playwright install --with-deps chromium firefox webkit	2026-09-18T07:54:18.7620813Z Selecting previously unselected package libopus0:amd64.
shsh-check	Run pnpm exec playwright install --with-deps chromium firefox webkit	2026-09-18T07:54:18.7733260Z Preparing to unpack .../024-libopus0_1.4-1build1_amd64.deb ...
shsh-check	Run pnpm exec playwright install --with-deps chromium firefox webkit	2026-09-18T07:54:18.7741889Z Unpacking libopus0:amd64 (1.4-1build1) ...
shsh-check	Run pnpm exec playwright install --with-deps chromium firefox webkit	2026-09-18T07:54:18.7949386Z Selecting previously unselected package librav1e0:amd64.
shsh-check	Run pnpm exec playwright install --with-deps chromium firefox webkit	2026-09-18T07:54:18.8060665Z Preparing to unpack .../025-librav1e0_0.7.1-2_amd64.deb ...
shsh-check	Run pnpm exec playwright install --with-deps chromium firefox webkit	2026-09-18T07:54:18.8067784Z Unpacking librav1e0:amd64 (0.7.1-2) ...
shsh-check	Run pnpm exec playwright install --with-deps chromium firefox webkit	2026-09-18T07:54:18.8375600Z Selecting previously unselected package librsvg2-2:amd64.
shsh-check	Run pnpm exec playwright install --with-deps chromium firefox webkit	2026-09-18T07:54:18.8493018Z Preparing to unpack .../026-librsvg2-2_2.58.0+dfsg-1build1_amd64.deb ...
shsh-check	Run pnpm exec playwright install --with-deps chromium firefox webkit	2026-09-18T07:54:18.8500949Z Unpacking librsvg2-2:amd64 (2.58.0+dfsg-1build1) ...
shsh-check	Run pnpm exec playwright install --with-deps chromium firefox webkit	2026-09-18T07:54:18.8950989Z Selecting previously unselected package libshine3:amd64.
shsh-check	Run pnpm exec playwright install --with-deps chromium firefox webkit	2026-09-18T07:54:18.9068375Z Preparing to unpack .../027-libshine3_3.1.1-2build1_amd64.deb ...
shsh-check	Run pnpm exec playwright install --with-deps chromium firefox webkit	2026-09-18T07:54:18.9077543Z Unpacking libshine3:amd64 (3.1.1-2build1) ...
shsh-check	Run pnpm exec playwright install --with-deps chromium firefox webkit	2026-09-18T07:54:18.9259243Z Selecting previously unselected package libspeex1:amd64.
shsh-check	Run pnpm exec playwright install --with-deps chromium firefox webkit	2026-09-18T07:54:18.9369983Z Preparing to unpack .../028-libspeex1_1.2.1-2ubuntu2.24.04.1_amd64.deb ...
shsh-check	Run pnpm exec playwright install --with-deps chromium firefox webkit	2026-09-18T07:54:18.9376963Z Unpacking libspeex1:amd64 (1.2.1-2ubuntu2.24.04.1) ...
shsh-check	Run pnpm exec playwright install --with-deps chromium firefox webkit	2026-09-18T07:54:18.9569797Z Selecting previously unselected package libsvtav1enc1d1:amd64.
shsh-check	Run pnpm exec playwright install --with-deps chromium firefox webkit	2026-09-18T07:54:18.9681640Z Preparing to unpack .../029-libsvtav1enc1d1_1.7.0+dfsg-2build1_amd64.deb ...
shsh-check	Run pnpm exec playwright install --with-deps chromium firefox webkit	2026-09-18T07:54:18.9689305Z Unpacking libsvtav1enc1d1:amd64 (1.7.0+dfsg-2build1) ...
shsh-check	Run pnpm exec playwright install --with-deps chromium firefox webkit	2026-09-18T07:54:19.0161532Z Selecting previously unselected package libsoxr0:amd64.
shsh-check	Run pnpm exec playwright install --with-deps chromium firefox webkit	2026-09-18T07:54:19.0278886Z Preparing to unpack .../030-libsoxr0_0.1.3-4build3_amd64.deb ...
shsh-check	Run pnpm exec playwright install --with-deps chromium firefox webkit	2026-09-18T07:54:19.0286937Z Unpacking libsoxr0:amd64 (0.1.3-4build3) ...
shsh-check	Run pnpm exec playwright install --with-deps chromium firefox webkit	2026-09-18T07:54:19.0499523Z Selecting previously unselected package libswresample4:amd64.
shsh-check	Run pnpm exec playwright install --with-deps chromium firefox webkit	2026-09-18T07:54:19.0615778Z Preparing to unpack .../031-libswresample4_7%3a6.1.1-3ubuntu5_amd64.deb ...
shsh-check	Run pnpm exec playwright install --with-deps chromium firefox webkit	2026-09-18T07:54:19.0623822Z Unpacking libswresample4:amd64 (7:6.1.1-3ubuntu5) ...
shsh-check	Run pnpm exec playwright install --with-deps chromium firefox webkit	2026-09-18T07:54:19.0833948Z Selecting previously unselected package libtheora0:amd64.
shsh-check	Run pnpm exec playwright install --with-deps chromium firefox webkit	2026-09-18T07:54:19.0952325Z Preparing to unpack .../032-libtheora0_1.1.1+dfsg.1-16.1build3_amd64.deb ...
shsh-check	Run pnpm exec playwright install --with-deps chromium firefox webkit	2026-09-18T07:54:19.0960364Z Unpacking libtheora0:amd64 (1.1.1+dfsg.1-16.1build3) ...
shsh-check	Run pnpm exec playwright install --with-deps chromium firefox webkit	2026-09-18T07:54:19.1187490Z Selecting previously unselected package libtwolame0:amd64.
shsh-check	Run pnpm exec playwright install --with-deps chromium firefox webkit	2026-09-18T07:54:19.1304202Z Preparing to unpack .../033-libtwolame0_0.4.0-2build3_amd64.deb ...
shsh-check	Run pnpm exec playwright install --with-deps chromium firefox webkit	2026-09-18T07:54:19.1312152Z Unpacking libtwolame0:amd64 (0.4.0-2build3) ...
shsh-check	Run pnpm exec playwright install --with-deps chromium firefox webkit	2026-09-18T07:54:19.1510075Z Selecting previously unselected package libvorbisenc2:amd64.
shsh-check	Run pnpm exec playwright install --with-deps chromium firefox webkit	2026-09-18T07:54:19.1625471Z Preparing to unpack .../034-libvorbisenc2_1.3.7-1build3_amd64.deb ...
shsh-check	Run pnpm exec playwright install --with-deps chromium firefox webkit	2026-09-18T07:54:19.1633005Z Unpacking libvorbisenc2:amd64 (1.3.7-1build3) ...
shsh-check	Run pnpm exec playwright install --with-deps chromium firefox webkit	2026-09-18T07:54:19.1843135Z Selecting previously unselected package libvpx9:amd64.
shsh-check	Run pnpm exec playwright install --with-deps chromium firefox webkit	2026-09-18T07:54:19.1953833Z Preparing to unpack .../035-libvpx9_1.14.0-1ubuntu2.3_amd64.deb ...
shsh-check	Run pnpm exec playwright install --with-deps chromium firefox webkit	2026-09-18T07:54:19.1962718Z Unpacking libvpx9:amd64 (1.14.0-1ubuntu2.3) ...
shsh-check	Run pnpm exec playwright install --with-deps chromium firefox webkit	2026-09-18T07:54:19.2272639Z Selecting previously unselected package libx264-164:amd64.
shsh-check	Run pnpm exec playwright install --with-deps chromium firefox webkit	2026-09-18T07:54:19.2382401Z Preparing to unpack .../036-libx264-164_2%3a0.164.3108+git31e19f9-1_amd64.deb ...
shsh-check	Run pnpm exec playwright install --with-deps chromium firefox webkit	2026-09-18T07:54:19.2389914Z Unpacking libx264-164:amd64 (2:0.164.3108+git31e19f9-1) ...
shsh-check	Run pnpm exec playwright install --with-deps chromium firefox webkit	2026-09-18T07:54:19.2640784Z Selecting previously unselected package libx265-199:amd64.
shsh-check	Run pnpm exec playwright install --with-deps chromium firefox webkit	2026-09-18T07:54:19.2752344Z Preparing to unpack .../037-libx265-199_3.5-2build1_amd64.deb ...
shsh-check	Run pnpm exec playwright install --with-deps chromium firefox webkit	2026-09-18T07:54:19.2759820Z Unpacking libx265-199:amd64 (3.5-2build1) ...
shsh-check	Run pnpm exec playwright install --with-deps chromium firefox webkit	2026-09-18T07:54:19.3391747Z Selecting previously unselected package libxvidcore4:amd64.
shsh-check	Run pnpm exec playwright install --with-deps chromium firefox webkit	2026-09-18T07:54:19.3513449Z Preparing to unpack .../038-libxvidcore4_2%3a1.3.7-1build1_amd64.deb ...
shsh-check	Run pnpm exec playwright install --with-deps chromium firefox webkit	2026-09-18T07:54:19.3521977Z Unpacking libxvidcore4:amd64 (2:1.3.7-1build1) ...
shsh-check	Run pnpm exec playwright install --with-deps chromium firefox webkit	2026-09-18T07:54:19.3732656Z Selecting previously unselected package libzvbi-common.
shsh-check	Run pnpm exec playwright install --with-deps chromium firefox webkit	2026-09-18T07:54:19.3852350Z Preparing to unpack .../039-libzvbi-common_0.2.42-2_all.deb ...
shsh-check	Run pnpm exec playwright install --with-deps chromium firefox webkit	2026-09-18T07:54:19.3860265Z Unpacking libzvbi-common (0.2.42-2) ...
shsh-check	Run pnpm exec playwright install --with-deps chromium firefox webkit	2026-09-18T07:54:19.4463295Z Selecting previously unselected package libzvbi0t64:amd64.
shsh-check	Run pnpm exec playwright install --with-deps chromium firefox webkit	2026-09-18T07:54:19.4581730Z Preparing to unpack .../040-libzvbi0t64_0.2.42-2_amd64.deb ...
shsh-check	Run pnpm exec playwright install --with-deps chromium firefox webkit	2026-09-18T07:54:19.4590342Z Unpacking libzvbi0t64:amd64 (0.2.42-2) ...
shsh-check	Run pnpm exec playwright install --with-deps chromium firefox webkit	2026-09-18T07:54:19.5931757Z Selecting previously unselected package libavcodec60:amd64.
shsh-check	Run pnpm exec playwright install --with-deps chromium firefox webkit	2026-09-18T07:54:19.6052113Z Preparing to unpack .../041-libavcodec60_7%3a6.1.1-3ubuntu5_amd64.deb ...
shsh-check	Run pnpm exec playwright install --with-deps chromium firefox webkit	2026-09-18T07:54:19.6408168Z Unpacking libavcodec60:amd64 (7:6.1.1-3ubuntu5) ...
shsh-check	Run pnpm exec playwright install --with-deps chromium firefox webkit	2026-09-18T07:54:19.7194376Z Selecting previously unselected package libunibreak5:amd64.
shsh-check	Run pnpm exec playwright install --with-deps chromium firefox webkit	2026-09-18T07:54:19.7317439Z Preparing to unpack .../042-libunibreak5_5.1-2build1_amd64.deb ...
shsh-check	Run pnpm exec playwright install --with-deps chromium firefox webkit	2026-09-18T07:54:19.7324840Z Unpacking libunibreak5:amd64 (5.1-2build1) ...
shsh-check	Run pnpm exec playwright install --with-deps chromium firefox webkit	2026-09-18T07:54:19.7527798Z Selecting previously unselected package libass9:amd64.
shsh-check	Run pnpm exec playwright install --with-deps chromium firefox webkit	2026-09-18T07:54:19.7648569Z Preparing to unpack .../043-libass9_1%3a0.17.1-2build1_amd64.deb ...
shsh-check	Run pnpm exec playwright install --with-deps chromium firefox webkit	2026-09-18T07:54:19.7656866Z Unpacking libass9:amd64 (1:0.17.1-2build1) ...
shsh-check	Run pnpm exec playwright install --with-deps chromium firefox webkit	2026-09-18T07:54:19.7869202Z Selecting previously unselected package libudfread0:amd64.
shsh-check	Run pnpm exec playwright install --with-deps chromium firefox webkit	2026-09-18T07:54:19.7989504Z Preparing to unpack .../044-libudfread0_1.1.2-1build1_amd64.deb ...
shsh-check	Run pnpm exec playwright install --with-deps chromium firefox webkit	2026-09-18T07:54:19.7997605Z Unpacking libudfread0:amd64 (1.1.2-1build1) ...
shsh-check	Run pnpm exec playwright install --with-deps chromium firefox webkit	2026-09-18T07:54:19.8190687Z Selecting previously unselected package libbluray2:amd64.
shsh-check	Run pnpm exec playwright install --with-deps chromium firefox webkit	2026-09-18T07:54:19.8308600Z Preparing to unpack .../045-libbluray2_1%3a1.3.4-1build1_amd64.deb ...
shsh-check	Run pnpm exec playwright install --with-deps chromium firefox webkit	2026-09-18T07:54:19.8317069Z Unpacking libbluray2:amd64 (1:1.3.4-1build1) ...
shsh-check	Run pnpm exec playwright install --with-deps chromium firefox webkit	2026-09-18T07:54:19.8547074Z Selecting previously unselected package libchromaprint1:amd64.
shsh-check	Run pnpm exec playwright install --with-deps chromium firefox webkit	2026-09-18T07:54:19.8664319Z Preparing to unpack .../046-libchromaprint1_1.5.1-5_amd64.deb ...
shsh-check	Run pnpm exec playwright install --with-deps chromium firefox webkit	2026-09-18T07:54:19.8672572Z Unpacking libchromaprint1:amd64 (1.5.1-5) ...
shsh-check	Run pnpm exec playwright install --with-deps chromium firefox webkit	2026-09-18T07:54:19.8871641Z Selecting previously unselected package libgme0:amd64.
shsh-check	Run pnpm exec playwright install --with-deps chromium firefox webkit	2026-09-18T07:54:19.8984868Z Preparing to unpack .../047-libgme0_0.6.3-7build1_amd64.deb ...
shsh-check	Run pnpm exec playwright install --with-deps chromium firefox webkit	2026-09-18T07:54:19.8994601Z Unpacking libgme0:amd64 (0.6.3-7build1) ...
shsh-check	Run pnpm exec playwright install --with-deps chromium firefox webkit	2026-09-18T07:54:19.9203617Z Selecting previously unselected package libmpg123-0t64:amd64.
shsh-check	Run pnpm exec playwright install --with-deps chromium firefox webkit	2026-09-18T07:54:19.9317139Z Preparing to unpack .../048-libmpg123-0t64_1.32.5-1ubuntu1.1_amd64.deb ...
shsh-check	Run pnpm exec playwright install --with-deps chromium firefox webkit	2026-09-18T07:54:19.9326004Z Unpacking libmpg123-0t64:amd64 (1.32.5-1ubuntu1.1) ...
shsh-check	Run pnpm exec playwright install --with-deps chromium firefox webkit	2026-09-18T07:54:19.9540929Z Selecting previously unselected package libopenmpt0t64:amd64.
shsh-check	Run pnpm exec playwright install --with-deps chromium firefox webkit	2026-09-18T07:54:19.9654213Z Preparing to unpack .../049-libopenmpt0t64_0.7.3-1.1build3_amd64.deb ...
shsh-check	Run pnpm exec playwright install --with-deps chromium firefox webkit	2026-09-18T07:54:19.9663000Z Unpacking libopenmpt0t64:amd64 (0.7.3-1.1build3) ...
shsh-check	Run pnpm exec playwright install --with-deps chromium firefox webkit	2026-09-18T07:54:19.9928662Z Selecting previously unselected package libcjson1:amd64.
shsh-check	Run pnpm exec playwright install --with-deps chromium firefox webkit	2026-09-18T07:54:20.0045084Z Preparing to unpack .../050-libcjson1_1.7.17-1_amd64.deb ...
shsh-check	Run pnpm exec playwright install --with-deps chromium firefox webkit	2026-09-18T07:54:20.0052820Z Unpacking libcjson1:amd64 (1.7.17-1) ...
shsh-check	Run pnpm exec playwright install --with-deps chromium firefox webkit	2026-09-18T07:54:20.0249286Z Selecting previously unselected package libmbedcrypto7t64:amd64.
shsh-check	Run pnpm exec playwright install --with-deps chromium firefox webkit	2026-09-18T07:54:20.0356005Z Preparing to unpack .../051-libmbedcrypto7t64_2.28.8-1_amd64.deb ...
shsh-check	Run pnpm exec playwright install --with-deps chromium firefox webkit	2026-09-18T07:54:20.0372828Z Unpacking libmbedcrypto7t64:amd64 (2.28.8-1) ...
shsh-check	Run pnpm exec playwright install --with-deps chromium firefox webkit	2026-09-18T07:54:20.0590232Z Selecting previously unselected package librist4:amd64.
shsh-check	Run pnpm exec playwright install --with-deps chromium firefox webkit	2026-09-18T07:54:20.0704973Z Preparing to unpack .../052-librist4_0.2.10+dfsg-2_amd64.deb ...
shsh-check	Run pnpm exec playwright install --with-deps chromium firefox webkit	2026-09-18T07:54:20.0712807Z Unpacking librist4:amd64 (0.2.10+dfsg-2) ...
shsh-check	Run pnpm exec playwright install --with-deps chromium firefox webkit	2026-09-18T07:54:20.0914495Z Selecting previously unselected package libsrt1.5-gnutls:amd64.
shsh-check	Run pnpm exec playwright install --with-deps chromium firefox webkit	2026-09-18T07:54:20.1023109Z Preparing to unpack .../053-libsrt1.5-gnutls_1.5.3-1build2_amd64.deb ...
shsh-check	Run pnpm exec playwright install --with-deps chromium firefox webkit	2026-09-18T07:54:20.1031418Z Unpacking libsrt1.5-gnutls:amd64 (1.5.3-1build2) ...
shsh-check	Run pnpm exec playwright install --with-deps chromium firefox webkit	2026-09-18T07:54:20.1264724Z Selecting previously unselected package libssh-gcrypt-4:amd64.
shsh-check	Run pnpm exec playwright install --with-deps chromium firefox webkit	2026-09-18T07:54:20.1378529Z Preparing to unpack .../054-libssh-gcrypt-4_0.10.6-2ubuntu0.5_amd64.deb ...
shsh-check	Run pnpm exec playwright install --with-deps chromium firefox webkit	2026-09-18T07:54:20.1387289Z Unpacking libssh-gcrypt-4:amd64 (0.10.6-2ubuntu0.5) ...
shsh-check	Run pnpm exec playwright install --with-deps chromium firefox webkit	2026-09-18T07:54:20.1795452Z Selecting previously unselected package libavformat60:amd64.
shsh-check	Run pnpm exec playwright install --with-deps chromium firefox webkit	2026-09-18T07:54:20.1909697Z Preparing to unpack .../055-libavformat60_7%3a6.1.1-3ubuntu5_amd64.deb ...
shsh-check	Run pnpm exec playwright install --with-deps chromium firefox webkit	2026-09-18T07:54:20.1918399Z Unpacking libavformat60:amd64 (7:6.1.1-3ubuntu5) ...
shsh-check	Run pnpm exec playwright install --with-deps chromium firefox webkit	2026-09-18T07:54:20.2216351Z Selecting previously unselected package libbs2b0:amd64.
shsh-check	Run pnpm exec playwright install --with-deps chromium firefox webkit	2026-09-18T07:54:20.2332711Z Preparing to unpack .../056-libbs2b0_3.1.0+dfsg-7build1_amd64.deb ...
shsh-check	Run pnpm exec playwright install --with-deps chromium firefox webkit	2026-09-18T07:54:20.2341368Z Unpacking libbs2b0:amd64 (3.1.0+dfsg-7build1) ...
shsh-check	Run pnpm exec playwright install --with-deps chromium firefox webkit	2026-09-18T07:54:20.2560555Z Selecting previously unselected package libflite1:amd64.
shsh-check	Run pnpm exec playwright install --with-deps chromium firefox webkit	2026-09-18T07:54:20.2676126Z Preparing to unpack .../057-libflite1_2.2-6build3_amd64.deb ...
shsh-check	Run pnpm exec playwright install --with-deps chromium firefox webkit	2026-09-18T07:54:20.2685125Z Unpacking libflite1:amd64 (2.2-6build3) ...
shsh-check	Run pnpm exec playwright install --with-deps chromium firefox webkit	2026-09-18T07:54:20.3725791Z Selecting previously unselected package libserd-0-0:amd64.
shsh-check	Run pnpm exec playwright install --with-deps chromium firefox webkit	2026-09-18T07:54:20.3847061Z Preparing to unpack .../058-libserd-0-0_0.32.2-1_amd64.deb ...
shsh-check	Run pnpm exec playwright install --with-deps chromium firefox webkit	2026-09-18T07:54:20.3854578Z Unpacking libserd-0-0:amd64 (0.32.2-1) ...
shsh-check	Run pnpm exec playwright install --with-deps chromium firefox webkit	2026-09-18T07:54:20.4055586Z Selecting previously unselected package libzix-0-0:amd64.
shsh-check	Run pnpm exec playwright install --with-deps chromium firefox webkit	2026-09-18T07:54:20.4175811Z Preparing to unpack .../059-libzix-0-0_0.4.2-2build1_amd64.deb ...
shsh-check	Run pnpm exec playwright install --with-deps chromium firefox webkit	2026-09-18T07:54:20.4184704Z Unpacking libzix-0-0:amd64 (0.4.2-2build1) ...
shsh-check	Run pnpm exec playwright install --with-deps chromium firefox webkit	2026-09-18T07:54:20.4382075Z Selecting previously unselected package libsord-0-0:amd64.
shsh-check	Run pnpm exec playwright install --with-deps chromium firefox webkit	2026-09-18T07:54:20.4500346Z Preparing to unpack .../060-libsord-0-0_0.16.16-2build1_amd64.deb ...
shsh-check	Run pnpm exec playwright install --with-deps chromium firefox webkit	2026-09-18T07:54:20.4508414Z Unpacking libsord-0-0:amd64 (0.16.16-2build1) ...
shsh-check	Run pnpm exec playwright install --with-deps chromium firefox webkit	2026-09-18T07:54:20.4697808Z Selecting previously unselected package libsratom-0-0:amd64.
shsh-check	Run pnpm exec playwright install --with-deps chromium firefox webkit	2026-09-18T07:54:20.4810936Z Preparing to unpack .../061-libsratom-0-0_0.6.16-1build1_amd64.deb ...
shsh-check	Run pnpm exec playwright install --with-deps chromium firefox webkit	2026-09-18T07:54:20.4819947Z Unpacking libsratom-0-0:amd64 (0.6.16-1build1) ...
shsh-check	Run pnpm exec playwright install --with-deps chromium firefox webkit	2026-09-18T07:54:20.5017172Z Selecting previously unselected package liblilv-0-0:amd64.
shsh-check	Run pnpm exec playwright install --with-deps chromium firefox webkit	2026-09-18T07:54:20.5131356Z Preparing to unpack .../062-liblilv-0-0_0.24.22-1build1_amd64.deb ...
shsh-check	Run pnpm exec playwright install --with-deps chromium firefox webkit	2026-09-18T07:54:20.5139775Z Unpacking liblilv-0-0:amd64 (0.24.22-1build1) ...
shsh-check	Run pnpm exec playwright install --with-deps chromium firefox webkit	2026-09-18T07:54:20.5338495Z Selecting previously unselected package libmysofa1:amd64.
shsh-check	Run pnpm exec playwright install --with-deps chromium firefox webkit	2026-09-18T07:54:20.5457535Z Preparing to unpack .../063-libmysofa1_1.3.2+dfsg-2ubuntu2_amd64.deb ...
shsh-check	Run pnpm exec playwright install --with-deps chromium firefox webkit	2026-09-18T07:54:20.5466234Z Unpacking libmysofa1:amd64 (1.3.2+dfsg-2ubuntu2) ...
shsh-check	Run pnpm exec playwright install --with-deps chromium firefox webkit	2026-09-18T07:54:20.5705250Z Selecting previously unselected package libplacebo338:amd64.
shsh-check	Run pnpm exec playwright install --with-deps chromium firefox webkit	2026-09-18T07:54:20.5821851Z Preparing to unpack .../064-libplacebo338_6.338.2-2build1_amd64.deb ...
shsh-check	Run pnpm exec playwright install --with-deps chromium firefox webkit	2026-09-18T07:54:20.5829102Z Unpacking libplacebo338:amd64 (6.338.2-2build1) ...
shsh-check	Run pnpm exec playwright install --with-deps chromium firefox webkit	2026-09-18T07:54:20.6342433Z Selecting previously unselected package libblas3:amd64.
shsh-check	Run pnpm exec playwright install --with-deps chromium firefox webkit	2026-09-18T07:54:20.6463969Z Preparing to unpack .../065-libblas3_3.12.0-3build1.1_amd64.deb ...
shsh-check	Run pnpm exec playwright install --with-deps chromium firefox webkit	2026-09-18T07:54:20.6492110Z Unpacking libblas3:amd64 (3.12.0-3build1.1) ...
shsh-check	Run pnpm exec playwright install --with-deps chromium firefox webkit	2026-09-18T07:54:20.6722413Z Selecting previously unselected package liblapack3:amd64.
shsh-check	Run pnpm exec playwright install --with-deps chromium firefox webkit	2026-09-18T07:54:20.6841450Z Preparing to unpack .../066-liblapack3_3.12.0-3build1.1_amd64.deb ...
shsh-check	Run pnpm exec playwright install --with-deps chromium firefox webkit	2026-09-18T07:54:20.6869586Z Unpacking liblapack3:amd64 (3.12.0-3build1.1) ...
shsh-check	Run pnpm exec playwright install --with-deps chromium firefox webkit	2026-09-18T07:54:20.7319160Z Selecting previously unselected package libasyncns0:amd64.
shsh-check	Run pnpm exec playwright install --with-deps chromium firefox webkit	2026-09-18T07:54:20.7439803Z Preparing to unpack .../067-libasyncns0_0.8-6build4_amd64.deb ...
shsh-check	Run pnpm exec playwright install --with-deps chromium firefox webkit	2026-09-18T07:54:20.7447651Z Unpacking libasyncns0:amd64 (0.8-6build4) ...
shsh-check	Run pnpm exec playwright install --with-deps chromium firefox webkit	2026-09-18T07:54:20.7658579Z Selecting previously unselected package libflac12t64:amd64.
shsh-check	Run pnpm exec playwright install --with-deps chromium firefox webkit	2026-09-18T07:54:20.7776491Z Preparing to unpack .../068-libflac12t64_1.4.3+ds-2.1ubuntu2_amd64.deb ...
shsh-check	Run pnpm exec playwright install --with-deps chromium firefox webkit	2026-09-18T07:54:20.7785835Z Unpacking libflac12t64:amd64 (1.4.3+ds-2.1ubuntu2) ...
shsh-check	Run pnpm exec playwright install --with-deps chromium firefox webkit	2026-09-18T07:54:20.8039750Z Selecting previously unselected package libsndfile1:amd64.
shsh-check	Run pnpm exec playwright install --with-deps chromium firefox webkit	2026-09-18T07:54:20.8157538Z Preparing to unpack .../069-libsndfile1_1.2.2-1ubuntu5.24.04.1_amd64.deb ...
shsh-check	Run pnpm exec playwright install --with-deps chromium firefox webkit	2026-09-18T07:54:20.8166204Z Unpacking libsndfile1:amd64 (1.2.2-1ubuntu5.24.04.1) ...
shsh-check	Run pnpm exec playwright install --with-deps chromium firefox webkit	2026-09-18T07:54:20.8403721Z Selecting previously unselected package libpulse0:amd64.
shsh-check	Run pnpm exec playwright install --with-deps chromium firefox webkit	2026-09-18T07:54:20.8520693Z Preparing to unpack .../070-libpulse0_1%3a16.1+dfsg1-2ubuntu10.1_amd64.deb ...
shsh-check	Run pnpm exec playwright install --with-deps chromium firefox webkit	2026-09-18T07:54:20.8582912Z Unpacking libpulse0:amd64 (1:16.1+dfsg1-2ubuntu10.1) ...
shsh-check	Run pnpm exec playwright install --with-deps chromium firefox webkit	2026-09-18T07:54:20.8821556Z Selecting previously unselected package libsphinxbase3t64:amd64.
shsh-check	Run pnpm exec playwright install --with-deps chromium firefox webkit	2026-09-18T07:54:20.8938251Z Preparing to unpack .../071-libsphinxbase3t64_0.8+5prealpha+1-17build2_amd64.deb ...
shsh-check	Run pnpm exec playwright install --with-deps chromium firefox webkit	2026-09-18T07:54:20.8948101Z Unpacking libsphinxbase3t64:amd64 (0.8+5prealpha+1-17build2) ...
shsh-check	Run pnpm exec playwright install --with-deps chromium firefox webkit	2026-09-18T07:54:20.9158193Z Selecting previously unselected package libpocketsphinx3:amd64.
shsh-check	Run pnpm exec playwright install --with-deps chromium firefox webkit	2026-09-18T07:54:20.9273138Z Preparing to unpack .../072-libpocketsphinx3_0.8.0+real5prealpha+1-15ubuntu5_amd64.deb ...
shsh-check	Run pnpm exec playwright install --with-deps chromium firefox webkit	2026-09-18T07:54:20.9281874Z Unpacking libpocketsphinx3:amd64 (0.8.0+real5prealpha+1-15ubuntu5) ...
shsh-check	Run pnpm exec playwright install --with-deps chromium firefox webkit	2026-09-18T07:54:20.9490738Z Selecting previously unselected package libpostproc57:amd64.
shsh-check	Run pnpm exec playwright install --with-deps chromium firefox webkit	2026-09-18T07:54:20.9604638Z Preparing to unpack .../073-libpostproc57_7%3a6.1.1-3ubuntu5_amd64.deb ...
shsh-check	Run pnpm exec playwright install --with-deps chromium firefox webkit	2026-09-18T07:54:20.9612951Z Unpacking libpostproc57:amd64 (7:6.1.1-3ubuntu5) ...
shsh-check	Run pnpm exec playwright install --with-deps chromium firefox webkit	2026-09-18T07:54:20.9814872Z Selecting previously unselected package libsamplerate0:amd64.
shsh-check	Run pnpm exec playwright install --with-deps chromium firefox webkit	2026-09-18T07:54:20.9928671Z Preparing to unpack .../074-libsamplerate0_0.2.2-4build1_amd64.deb ...
shsh-check	Run pnpm exec playwright install --with-deps chromium firefox webkit	2026-09-18T07:54:20.9937127Z Unpacking libsamplerate0:amd64 (0.2.2-4build1) ...
shsh-check	Run pnpm exec playwright install --with-deps chromium firefox webkit	2026-09-18T07:54:21.0213118Z Selecting previously unselected package librubberband2:amd64.
shsh-check	Run pnpm exec playwright install --with-deps chromium firefox webkit	2026-09-18T07:54:21.0326524Z Preparing to unpack .../075-librubberband2_3.3.0+dfsg-2build1_amd64.deb ...
shsh-check	Run pnpm exec playwright install --with-deps chromium firefox webkit	2026-09-18T07:54:21.0334366Z Unpacking librubberband2:amd64 (3.3.0+dfsg-2build1) ...
shsh-check	Run pnpm exec playwright install --with-deps chromium firefox webkit	2026-09-18T07:54:21.0538412Z Selecting previously unselected package libswscale7:amd64.
shsh-check	Run pnpm exec playwright install --with-deps chromium firefox webkit	2026-09-18T07:54:21.0646644Z Preparing to unpack .../076-libswscale7_7%3a6.1.1-3ubuntu5_amd64.deb ...
shsh-check	Run pnpm exec playwright install --with-deps chromium firefox webkit	2026-09-18T07:54:21.0657402Z Unpacking libswscale7:amd64 (7:6.1.1-3ubuntu5) ...
shsh-check	Run pnpm exec playwright install --with-deps chromium firefox webkit	2026-09-18T07:54:21.0880147Z Selecting previously unselected package libvidstab1.1:amd64.
shsh-check	Run pnpm exec playwright install --with-deps chromium firefox webkit	2026-09-18T07:54:21.0994326Z Preparing to unpack .../077-libvidstab1.1_1.1.0-2build1_amd64.deb ...
shsh-check	Run pnpm exec playwright install --with-deps chromium firefox webkit	2026-09-18T07:54:21.1002694Z Unpacking libvidstab1.1:amd64 (1.1.0-2build1) ...
shsh-check	Run pnpm exec playwright install --with-deps chromium firefox webkit	2026-09-18T07:54:21.1199152Z Selecting previously unselected package libzimg2:amd64.
shsh-check	Run pnpm exec playwright install --with-deps chromium firefox webkit	2026-09-18T07:54:21.1311698Z Preparing to unpack .../078-libzimg2_3.0.5+ds1-1build1_amd64.deb ...
shsh-check	Run pnpm exec playwright install --with-deps chromium firefox webkit	2026-09-18T07:54:21.1320905Z Unpacking libzimg2:amd64 (3.0.5+ds1-1build1) ...
shsh-check	Run pnpm exec playwright install --with-deps chromium firefox webkit	2026-09-18T07:54:21.1554852Z Selecting previously unselected package libavfilter9:amd64.
shsh-check	Run pnpm exec playwright install --with-deps chromium firefox webkit	2026-09-18T07:54:21.1660969Z Preparing to unpack .../079-libavfilter9_7%3a6.1.1-3ubuntu5_amd64.deb ...
shsh-check	Run pnpm exec playwright install --with-deps chromium firefox webkit	2026-09-18T07:54:21.1674329Z Unpacking libavfilter9:amd64 (7:6.1.1-3ubuntu5) ...
shsh-check	Run pnpm exec playwright install --with-deps chromium firefox webkit	2026-09-18T07:54:21.2377999Z Selecting previously unselected package liborc-0.4-0t64:amd64.
shsh-check	Run pnpm exec playwright install --with-deps chromium firefox webkit	2026-09-18T07:54:21.2498795Z Preparing to unpack .../080-liborc-0.4-0t64_1%3a0.4.38-1ubuntu0.1_amd64.deb ...
shsh-check	Run pnpm exec playwright install --with-deps chromium firefox webkit	2026-09-18T07:54:21.2507507Z Unpacking liborc-0.4-0t64:amd64 (1:0.4.38-1ubuntu0.1) ...
shsh-check	Run pnpm exec playwright install --with-deps chromium firefox webkit	2026-09-18T07:54:21.2746108Z Selecting previously unselected package libgstreamer-plugins-base1.0-0:amd64.
shsh-check	Run pnpm exec playwright install --with-deps chromium firefox webkit	2026-09-18T07:54:21.2865899Z Preparing to unpack .../081-libgstreamer-plugins-base1.0-0_1.24.2-1ubuntu0.4_amd64.deb ...
shsh-check	Run pnpm exec playwright install --with-deps chromium firefox webkit	2026-09-18T07:54:21.2874551Z Unpacking libgstreamer-plugins-base1.0-0:amd64 (1.24.2-1ubuntu0.4) ...
shsh-check	Run pnpm exec playwright install --with-deps chromium firefox webkit	2026-09-18T07:54:21.3304649Z Selecting previously unselected package gstreamer1.0-libav:amd64.
shsh-check	Run pnpm exec playwright install --with-deps chromium firefox webkit	2026-09-18T07:54:21.3425001Z Preparing to unpack .../082-gstreamer1.0-libav_1.24.1-1build1_amd64.deb ...
shsh-check	Run pnpm exec playwright install --with-deps chromium firefox webkit	2026-09-18T07:54:21.3435642Z Unpacking gstreamer1.0-libav:amd64 (1.24.1-1build1) ...
shsh-check	Run pnpm exec playwright install --with-deps chromium firefox webkit	2026-09-18T07:54:21.3646520Z Selecting previously unselected package libcdparanoia0:amd64.
shsh-check	Run pnpm exec playwright install --with-deps chromium firefox webkit	2026-09-18T07:54:21.3765217Z Preparing to unpack .../083-libcdparanoia0_3.10.2+debian-14build3_amd64.deb ...
shsh-check	Run pnpm exec playwright install --with-deps chromium firefox webkit	2026-09-18T07:54:21.3773867Z Unpacking libcdparanoia0:amd64 (3.10.2+debian-14build3) ...
shsh-check	Run pnpm exec playwright install --with-deps chromium firefox webkit	2026-09-18T07:54:21.3985003Z Selecting previously unselected package libvisual-0.4-0:amd64.
shsh-check	Run pnpm exec playwright install --with-deps chromium firefox webkit	2026-09-18T07:54:21.4103032Z Preparing to unpack .../084-libvisual-0.4-0_0.4.2-2build1_amd64.deb ...
shsh-check	Run pnpm exec playwright install --with-deps chromium firefox webkit	2026-09-18T07:54:21.4113999Z Unpacking libvisual-0.4-0:amd64 (0.4.2-2build1) ...
shsh-check	Run pnpm exec playwright install --with-deps chromium firefox webkit	2026-09-18T07:54:21.4327698Z Selecting previously unselected package gstreamer1.0-plugins-base:amd64.
shsh-check	Run pnpm exec playwright install --with-deps chromium firefox webkit	2026-09-18T07:54:21.4444082Z Preparing to unpack .../085-gstreamer1.0-plugins-base_1.24.2-1ubuntu0.4_amd64.deb ...
shsh-check	Run pnpm exec playwright install --with-deps chromium firefox webkit	2026-09-18T07:54:21.4452573Z Unpacking gstreamer1.0-plugins-base:amd64 (1.24.2-1ubuntu0.4) ...
shsh-check	Run pnpm exec playwright install --with-deps chromium firefox webkit	2026-09-18T07:54:21.4765233Z Selecting previously unselected package libaa1:amd64.
shsh-check	Run pnpm exec playwright install --with-deps chromium firefox webkit	2026-09-18T07:54:21.4882384Z Preparing to unpack .../086-libaa1_1.4p5-51.1_amd64.deb ...
shsh-check	Run pnpm exec playwright install --with-deps chromium firefox webkit	2026-09-18T07:54:21.4898300Z Unpacking libaa1:amd64 (1.4p5-51.1) ...
shsh-check	Run pnpm exec playwright install --with-deps chromium firefox webkit	2026-09-18T07:54:21.5107283Z Selecting previously unselected package libraw1394-11:amd64.
shsh-check	Run pnpm exec playwright install --with-deps chromium firefox webkit	2026-09-18T07:54:21.5222721Z Preparing to unpack .../087-libraw1394-11_2.1.2-2build3_amd64.deb ...
shsh-check	Run pnpm exec playwright install --with-deps chromium firefox webkit	2026-09-18T07:54:21.5231246Z Unpacking libraw1394-11:amd64 (2.1.2-2build3) ...
shsh-check	Run pnpm exec playwright install --with-deps chromium firefox webkit	2026-09-18T07:54:21.5436156Z Selecting previously unselected package libavc1394-0:amd64.
shsh-check	Run pnpm exec playwright install --with-deps chromium firefox webkit	2026-09-18T07:54:21.5548760Z Preparing to unpack .../088-libavc1394-0_0.5.4-5build3_amd64.deb ...
shsh-check	Run pnpm exec playwright install --with-deps chromium firefox webkit	2026-09-18T07:54:21.5557075Z Unpacking libavc1394-0:amd64 (0.5.4-5build3) ...
shsh-check	Run pnpm exec playwright install --with-deps chromium firefox webkit	2026-09-18T07:54:21.5759881Z Selecting previously unselected package libcaca0:amd64.
shsh-check	Run pnpm exec playwright install --with-deps chromium firefox webkit	2026-09-18T07:54:21.5874461Z Preparing to unpack .../089-libcaca0_0.99.beta20-4ubuntu0.2_amd64.deb ...
shsh-check	Run pnpm exec playwright install --with-deps chromium firefox webkit	2026-09-18T07:54:21.5882419Z Unpacking libcaca0:amd64 (0.99.beta20-4ubuntu0.2) ...
shsh-check	Run pnpm exec playwright install --with-deps chromium firefox webkit	2026-09-18T07:54:21.6109171Z Selecting previously unselected package libdv4t64:amd64.
shsh-check	Run pnpm exec playwright install --with-deps chromium firefox webkit	2026-09-18T07:54:21.6217707Z Preparing to unpack .../090-libdv4t64_1.0.0-17.1build1_amd64.deb ...
shsh-check	Run pnpm exec playwright install --with-deps chromium firefox webkit	2026-09-18T07:54:21.6224502Z Unpacking libdv4t64:amd64 (1.0.0-17.1build1) ...
shsh-check	Run pnpm exec playwright install --with-deps chromium firefox webkit	2026-09-18T07:54:21.6428688Z Selecting previously unselected package libgstreamer-plugins-good1.0-0:amd64.
shsh-check	Run pnpm exec playwright install --with-deps chromium firefox webkit	2026-09-18T07:54:21.6542191Z Preparing to unpack .../091-libgstreamer-plugins-good1.0-0_1.24.2-1ubuntu1.6_amd64.deb ...
shsh-check	Run pnpm exec playwright install --with-deps chromium firefox webkit	2026-09-18T07:54:21.6551457Z Unpacking libgstreamer-plugins-good1.0-0:amd64 (1.24.2-1ubuntu1.6) ...
shsh-check	Run pnpm exec playwright install --with-deps chromium firefox webkit	2026-09-18T07:54:21.6754734Z Selecting previously unselected package libiec61883-0:amd64.
shsh-check	Run pnpm exec playwright install --with-deps chromium firefox webkit	2026-09-18T07:54:21.6863296Z Preparing to unpack .../092-libiec61883-0_1.2.0-6build1_amd64.deb ...
shsh-check	Run pnpm exec playwright install --with-deps chromium firefox webkit	2026-09-18T07:54:21.6870813Z Unpacking libiec61883-0:amd64 (1.2.0-6build1) ...
shsh-check	Run pnpm exec playwright install --with-deps chromium firefox webkit	2026-09-18T07:54:21.7080896Z Selecting previously unselected package libshout3:amd64.
shsh-check	Run pnpm exec playwright install --with-deps chromium firefox webkit	2026-09-18T07:54:21.7192907Z Preparing to unpack .../093-libshout3_2.4.6-1build2_amd64.deb ...
shsh-check	Run pnpm exec playwright install --with-deps chromium firefox webkit	2026-09-18T07:54:21.7201083Z Unpacking libshout3:amd64 (2.4.6-1build2) ...
shsh-check	Run pnpm exec playwright install --with-deps chromium firefox webkit	2026-09-18T07:54:21.7414935Z Selecting previously unselected package libtag1v5-vanilla:amd64.
shsh-check	Run pnpm exec playwright install --with-deps chromium firefox webkit	2026-09-18T07:54:21.7527732Z Preparing to unpack .../094-libtag1v5-vanilla_1.13.1-1build1_amd64.deb ...
shsh-check	Run pnpm exec playwright install --with-deps chromium firefox webkit	2026-09-18T07:54:21.7536213Z Unpacking libtag1v5-vanilla:amd64 (1.13.1-1build1) ...
shsh-check	Run pnpm exec playwright install --with-deps chromium firefox webkit	2026-09-18T07:54:21.7768827Z Selecting previously unselected package libtag1v5:amd64.
shsh-check	Run pnpm exec playwright install --with-deps chromium firefox webkit	2026-09-18T07:54:21.7881642Z Preparing to unpack .../095-libtag1v5_1.13.1-1build1_amd64.deb ...
shsh-check	Run pnpm exec playwright install --with-deps chromium firefox webkit	2026-09-18T07:54:21.7890740Z Unpacking libtag1v5:amd64 (1.13.1-1build1) ...
shsh-check	Run pnpm exec playwright install --with-deps chromium firefox webkit	2026-09-18T07:54:21.8079949Z Selecting previously unselected package libv4lconvert0t64:amd64.
shsh-check	Run pnpm exec playwright install --with-deps chromium firefox webkit	2026-09-18T07:54:21.8186283Z Preparing to unpack .../096-libv4lconvert0t64_1.26.1-4build3_amd64.deb ...
shsh-check	Run pnpm exec playwright install --with-deps chromium firefox webkit	2026-09-18T07:54:21.8193597Z Unpacking libv4lconvert0t64:amd64 (1.26.1-4build3) ...
shsh-check	Run pnpm exec playwright install --with-deps chromium firefox webkit	2026-09-18T07:54:21.8409947Z Selecting previously unselected package libv4l-0t64:amd64.
shsh-check	Run pnpm exec playwright install --with-deps chromium firefox webkit	2026-09-18T07:54:21.8521645Z Preparing to unpack .../097-libv4l-0t64_1.26.1-4build3_amd64.deb ...
shsh-check	Run pnpm exec playwright install --with-deps chromium firefox webkit	2026-09-18T07:54:21.8530071Z Unpacking libv4l-0t64:amd64 (1.26.1-4build3) ...
shsh-check	Run pnpm exec playwright install --with-deps chromium firefox webkit	2026-09-18T07:54:21.8741446Z Selecting previously unselected package libwavpack1:amd64.
shsh-check	Run pnpm exec playwright install --with-deps chromium firefox webkit	2026-09-18T07:54:21.8847289Z Preparing to unpack .../098-libwavpack1_5.6.0-1build1_amd64.deb ...
shsh-check	Run pnpm exec playwright install --with-deps chromium firefox webkit	2026-09-18T07:54:21.8854663Z Unpacking libwavpack1:amd64 (5.6.0-1build1) ...
shsh-check	Run pnpm exec playwright install --with-deps chromium firefox webkit	2026-09-18T07:54:21.9045789Z Selecting previously unselected package libsoup-3.0-common.
shsh-check	Run pnpm exec playwright install --with-deps chromium firefox webkit	2026-09-18T07:54:21.9153069Z Preparing to unpack .../099-libsoup-3.0-common_3.4.4-5ubuntu0.8_all.deb ...
shsh-check	Run pnpm exec playwright install --with-deps chromium firefox webkit	2026-09-18T07:54:21.9161080Z Unpacking libsoup-3.0-common (3.4.4-5ubuntu0.8) ...
shsh-check	Run pnpm exec playwright install --with-deps chromium firefox webkit	2026-09-18T07:54:21.9346677Z Selecting previously unselected package libsoup-3.0-0:amd64.
shsh-check	Run pnpm exec playwright install --with-deps chromium firefox webkit	2026-09-18T07:54:21.9453668Z Preparing to unpack .../100-libsoup-3.0-0_3.4.4-5ubuntu0.8_amd64.deb ...
shsh-check	Run pnpm exec playwright install --with-deps chromium firefox webkit	2026-09-18T07:54:21.9462565Z Unpacking libsoup-3.0-0:amd64 (3.4.4-5ubuntu0.8) ...
shsh-check	Run pnpm exec playwright install --with-deps chromium firefox webkit	2026-09-18T07:54:21.9684168Z Selecting previously unselected package gstreamer1.0-plugins-good:amd64.
shsh-check	Run pnpm exec playwright install --with-deps chromium firefox webkit	2026-09-18T07:54:21.9790187Z Preparing to unpack .../101-gstreamer1.0-plugins-good_1.24.2-1ubuntu1.6_amd64.deb ...
shsh-check	Run pnpm exec playwright install --with-deps chromium firefox webkit	2026-09-18T07:54:21.9797465Z Unpacking gstreamer1.0-plugins-good:amd64 (1.24.2-1ubuntu1.6) ...
shsh-check	Run pnpm exec playwright install --with-deps chromium firefox webkit	2026-09-18T07:54:22.0318982Z Selecting previously unselected package libabsl20220623t64:amd64.
shsh-check	Run pnpm exec playwright install --with-deps chromium firefox webkit	2026-09-18T07:54:22.0434404Z Preparing to unpack .../102-libabsl20220623t64_20220623.1-3.1ubuntu3.2_amd64.deb ...
shsh-check	Run pnpm exec playwright install --with-deps chromium firefox webkit	2026-09-18T07:54:22.0441598Z Unpacking libabsl20220623t64:amd64 (20220623.1-3.1ubuntu3.2) ...
shsh-check	Run pnpm exec playwright install --with-deps chromium firefox webkit	2026-09-18T07:54:22.0849747Z Selecting previously unselected package libgav1-1:amd64.
shsh-check	Run pnpm exec playwright install --with-deps chromium firefox webkit	2026-09-18T07:54:22.0970752Z Preparing to unpack .../103-libgav1-1_0.18.0-1build3_amd64.deb ...
shsh-check	Run pnpm exec playwright install --with-deps chromium firefox webkit	2026-09-18T07:54:22.0978746Z Unpacking libgav1-1:amd64 (0.18.0-1build3) ...
shsh-check	Run pnpm exec playwright install --with-deps chromium firefox webkit	2026-09-18T07:54:22.1212262Z Selecting previously unselected package libyuv0:amd64.
shsh-check	Run pnpm exec playwright install --with-deps chromium firefox webkit	2026-09-18T07:54:22.1331114Z Preparing to unpack .../104-libyuv0_0.0~git202401110.af6ac82-1_amd64.deb ...
shsh-check	Run pnpm exec playwright install --with-deps chromium firefox webkit	2026-09-18T07:54:22.1339808Z Unpacking libyuv0:amd64 (0.0~git202401110.af6ac82-1) ...
shsh-check	Run pnpm exec playwright install --with-deps chromium firefox webkit	2026-09-18T07:54:22.1564385Z Selecting previously unselected package libavif16:amd64.
shsh-check	Run pnpm exec playwright install --with-deps chromium firefox webkit	2026-09-18T07:54:22.1682556Z Preparing to unpack .../105-libavif16_1.0.4-1ubuntu3_amd64.deb ...
shsh-check	Run pnpm exec playwright install --with-deps chromium firefox webkit	2026-09-18T07:54:22.1691697Z Unpacking libavif16:amd64 (1.0.4-1ubuntu3) ...
shsh-check	Run pnpm exec playwright install --with-deps chromium firefox webkit	2026-09-18T07:54:22.1896937Z Selecting previously unselected package libavtp0:amd64.
shsh-check	Run pnpm exec playwright install --with-deps chromium firefox webkit	2026-09-18T07:54:22.2014056Z Preparing to unpack .../106-libavtp0_0.2.0-1build1_amd64.deb ...
shsh-check	Run pnpm exec playwright install --with-deps chromium firefox webkit	2026-09-18T07:54:22.2021342Z Unpacking libavtp0:amd64 (0.2.0-1build1) ...
shsh-check	Run pnpm exec playwright install --with-deps chromium firefox webkit	2026-09-18T07:54:22.2223531Z Selecting previously unselected package libcairo-script-interpreter2:amd64.
shsh-check	Run pnpm exec playwright install --with-deps chromium firefox webkit	2026-09-18T07:54:22.2339252Z Preparing to unpack .../107-libcairo-script-interpreter2_1.18.0-3build1_amd64.deb ...
shsh-check	Run pnpm exec playwright install --with-deps chromium firefox webkit	2026-09-18T07:54:22.2347032Z Unpacking libcairo-script-interpreter2:amd64 (1.18.0-3build1) ...
shsh-check	Run pnpm exec playwright install --with-deps chromium firefox webkit	2026-09-18T07:54:22.2547544Z Selecting previously unselected package libdc1394-25:amd64.
shsh-check	Run pnpm exec playwright install --with-deps chromium firefox webkit	2026-09-18T07:54:22.2654681Z Preparing to unpack .../108-libdc1394-25_2.2.6-4build1_amd64.deb ...
shsh-check	Run pnpm exec playwright install --with-deps chromium firefox webkit	2026-09-18T07:54:22.2661868Z Unpacking libdc1394-25:amd64 (2.2.6-4build1) ...
shsh-check	Run pnpm exec playwright install --with-deps chromium firefox webkit	2026-09-18T07:54:22.2861696Z Selecting previously unselected package libde265-0:amd64.
shsh-check	Run pnpm exec playwright install --with-deps chromium firefox webkit	2026-09-18T07:54:22.2968325Z Preparing to unpack .../109-libde265-0_1.0.15-1ubuntu0.1_amd64.deb ...
shsh-check	Run pnpm exec playwright install --with-deps chromium firefox webkit	2026-09-18T07:54:22.2977785Z Unpacking libde265-0:amd64 (1.0.15-1ubuntu0.1) ...
shsh-check	Run pnpm exec playwright install --with-deps chromium firefox webkit	2026-09-18T07:54:22.3182388Z Selecting previously unselected package libdecor-0-0:amd64.
shsh-check	Run pnpm exec playwright install --with-deps chromium firefox webkit	2026-09-18T07:54:22.3288550Z Preparing to unpack .../110-libdecor-0-0_0.2.2-1build2_amd64.deb ...
shsh-check	Run pnpm exec playwright install --with-deps chromium firefox webkit	2026-09-18T07:54:22.3295474Z Unpacking libdecor-0-0:amd64 (0.2.2-1build2) ...
shsh-check	Run pnpm exec playwright install --with-deps chromium firefox webkit	2026-09-18T07:54:22.3485168Z Selecting previously unselected package libgles2:amd64.
shsh-check	Run pnpm exec playwright install --with-deps chromium firefox webkit	2026-09-18T07:54:22.3599195Z Preparing to unpack .../111-libgles2_1.7.0-1build1_amd64.deb ...
shsh-check	Run pnpm exec playwright install --with-deps chromium firefox webkit	2026-09-18T07:54:22.3607595Z Unpacking libgles2:amd64 (1.7.0-1build1) ...
shsh-check	Run pnpm exec playwright install --with-deps chromium firefox webkit	2026-09-18T07:54:22.3811077Z Selecting previously unselected package libdirectfb-1.7-7t64:amd64.
shsh-check	Run pnpm exec playwright install --with-deps chromium firefox webkit	2026-09-18T07:54:22.3924264Z Preparing to unpack .../112-libdirectfb-1.7-7t64_1.7.7-11.1ubuntu2_amd64.deb ...
shsh-check	Run pnpm exec playwright install --with-deps chromium firefox webkit	2026-09-18T07:54:22.3932093Z Unpacking libdirectfb-1.7-7t64:amd64 (1.7.7-11.1ubuntu2) ...
shsh-check	Run pnpm exec playwright install --with-deps chromium firefox webkit	2026-09-18T07:54:22.4317286Z Selecting previously unselected package libdvdread8t64:amd64.
shsh-check	Run pnpm exec playwright install --with-deps chromium firefox webkit	2026-09-18T07:54:22.4433441Z Preparing to unpack .../113-libdvdread8t64_6.1.3-1.1build1_amd64.deb ...
shsh-check	Run pnpm exec playwright install --with-deps chromium firefox webkit	2026-09-18T07:54:22.4441070Z Unpacking libdvdread8t64:amd64 (6.1.3-1.1build1) ...
shsh-check	Run pnpm exec playwright install --with-deps chromium firefox webkit	2026-09-18T07:54:22.4637602Z Selecting previously unselected package libdvdnav4:amd64.
shsh-check	Run pnpm exec playwright install --with-deps chromium firefox webkit	2026-09-18T07:54:22.4748441Z Preparing to unpack .../114-libdvdnav4_6.1.1-3build1_amd64.deb ...
shsh-check	Run pnpm exec playwright install --with-deps chromium firefox webkit	2026-09-18T07:54:22.4756696Z Unpacking libdvdnav4:amd64 (6.1.1-3build1) ...
shsh-check	Run pnpm exec playwright install --with-deps chromium firefox webkit	2026-09-18T07:54:22.4958024Z Selecting previously unselected package libegl-mesa0:amd64.
shsh-check	Run pnpm exec playwright install --with-deps chromium firefox webkit	2026-09-18T07:54:22.5067956Z Preparing to unpack .../115-libegl-mesa0_25.2.8-0ubuntu0.24.04.2_amd64.deb ...
shsh-check	Run pnpm exec playwright install --with-deps chromium firefox webkit	2026-09-18T07:54:22.5076029Z Unpacking libegl-mesa0:amd64 (25.2.8-0ubuntu0.24.04.2) ...
shsh-check	Run pnpm exec playwright install --with-deps chromium firefox webkit	2026-09-18T07:54:22.5287571Z Selecting previously unselected package libevent-2.1-7t64:amd64.
shsh-check	Run pnpm exec playwright install --with-deps chromium firefox webkit	2026-09-18T07:54:22.5396345Z Preparing to unpack .../116-libevent-2.1-7t64_2.1.12-stable-9ubuntu2.1_amd64.deb ...
shsh-check	Run pnpm exec playwright install --with-deps chromium firefox webkit	2026-09-18T07:54:22.5404462Z Unpacking libevent-2.1-7t64:amd64 (2.1.12-stable-9ubuntu2.1) ...
shsh-check	Run pnpm exec playwright install --with-deps chromium firefox webkit	2026-09-18T07:54:22.5613340Z Selecting previously unselected package libfaad2:amd64.
shsh-check	Run pnpm exec playwright install --with-deps chromium firefox webkit	2026-09-18T07:54:22.5721593Z Preparing to unpack .../117-libfaad2_2.11.1-1build1_amd64.deb ...
shsh-check	Run pnpm exec playwright install --with-deps chromium firefox webkit	2026-09-18T07:54:22.5740316Z Unpacking libfaad2:amd64 (2.11.1-1build1) ...
shsh-check	Run pnpm exec playwright install --with-deps chromium firefox webkit	2026-09-18T07:54:22.5968134Z Selecting previously unselected package libinstpatch-1.0-2:amd64.
shsh-check	Run pnpm exec playwright install --with-deps chromium firefox webkit	2026-09-18T07:54:22.6081257Z Preparing to unpack .../118-libinstpatch-1.0-2_1.1.6-1build2_amd64.deb ...
shsh-check	Run pnpm exec playwright install --with-deps chromium firefox webkit	2026-09-18T07:54:22.6089918Z Unpacking libinstpatch-1.0-2:amd64 (1.1.6-1build2) ...
shsh-check	Run pnpm exec playwright install --with-deps chromium firefox webkit	2026-09-18T07:54:22.6326863Z Selecting previously unselected package libjack-jackd2-0:amd64.
shsh-check	Run pnpm exec playwright install --with-deps chromium firefox webkit	2026-09-18T07:54:22.6440544Z Preparing to unpack .../119-libjack-jackd2-0_1.9.21~dfsg-3ubuntu3_amd64.deb ...
shsh-check	Run pnpm exec playwright install --with-deps chromium firefox webkit	2026-09-18T07:54:22.6453626Z Unpacking libjack-jackd2-0:amd64 (1.9.21~dfsg-3ubuntu3) ...
shsh-check	Run pnpm exec playwright install --with-deps chromium firefox webkit	2026-09-18T07:54:22.6695801Z Selecting previously unselected package libwebrtc-audio-processing1:amd64.
shsh-check	Run pnpm exec playwright install --with-deps chromium firefox webkit	2026-09-18T07:54:22.6810233Z Preparing to unpack .../120-libwebrtc-audio-processing1_0.3.1-0ubuntu6_amd64.deb ...
shsh-check	Run pnpm exec playwright install --with-deps chromium firefox webkit	2026-09-18T07:54:22.6818619Z Unpacking libwebrtc-audio-processing1:amd64 (0.3.1-0ubuntu6) ...
shsh-check	Run pnpm exec playwright install --with-deps chromium firefox webkit	2026-09-18T07:54:22.7036266Z Selecting previously unselected package libspa-0.2-modules:amd64.
shsh-check	Run pnpm exec playwright install --with-deps chromium firefox webkit	2026-09-18T07:54:22.7149789Z Preparing to unpack .../121-libspa-0.2-modules_1.0.5-1ubuntu3.3_amd64.deb ...
shsh-check	Run pnpm exec playwright install --with-deps chromium firefox webkit	2026-09-18T07:54:22.7156822Z Unpacking libspa-0.2-modules:amd64 (1.0.5-1ubuntu3.3) ...
shsh-check	Run pnpm exec playwright install --with-deps chromium firefox webkit	2026-09-18T07:54:22.7451611Z Selecting previously unselected package libpipewire-0.3-0t64:amd64.
shsh-check	Run pnpm exec playwright install --with-deps chromium firefox webkit	2026-09-18T07:54:22.7567071Z Preparing to unpack .../122-libpipewire-0.3-0t64_1.0.5-1ubuntu3.3_amd64.deb ...
shsh-check	Run pnpm exec playwright install --with-deps chromium firefox webkit	2026-09-18T07:54:22.7575547Z Unpacking libpipewire-0.3-0t64:amd64 (1.0.5-1ubuntu3.3) ...
shsh-check	Run pnpm exec playwright install --with-deps chromium firefox webkit	2026-09-18T07:54:22.7814882Z Selecting previously unselected package libsdl2-2.0-0:amd64.
shsh-check	Run pnpm exec playwright install --with-deps chromium firefox webkit	2026-09-18T07:54:22.7927913Z Preparing to unpack .../123-libsdl2-2.0-0_2.30.0+dfsg-1ubuntu3.1_amd64.deb ...
shsh-check	Run pnpm exec playwright install --with-deps chromium firefox webkit	2026-09-18T07:54:22.7936116Z Unpacking libsdl2-2.0-0:amd64 (2.30.0+dfsg-1ubuntu3.1) ...
shsh-check	Run pnpm exec playwright install --with-deps chromium firefox webkit	2026-09-18T07:54:22.8209543Z Selecting previously unselected package timgm6mb-soundfont.
shsh-check	Run pnpm exec playwright install --with-deps chromium firefox webkit	2026-09-18T07:54:22.8322838Z Preparing to unpack .../124-timgm6mb-soundfont_1.3-5_all.deb ...
shsh-check	Run pnpm exec playwright install --with-deps chromium firefox webkit	2026-09-18T07:54:22.8331129Z Unpacking timgm6mb-soundfont (1.3-5) ...
shsh-check	Run pnpm exec playwright install --with-deps chromium firefox webkit	2026-09-18T07:54:23.1670135Z Selecting previously unselected package libfluidsynth3:amd64.
shsh-check	Run pnpm exec playwright install --with-deps chromium firefox webkit	2026-09-18T07:54:23.1792921Z Preparing to unpack .../125-libfluidsynth3_2.3.4-1build3_amd64.deb ...
shsh-check	Run pnpm exec playwright install --with-deps chromium firefox webkit	2026-09-18T07:54:23.1802586Z Unpacking libfluidsynth3:amd64 (2.3.4-1build3) ...
shsh-check	Run pnpm exec playwright install --with-deps chromium firefox webkit	2026-09-18T07:54:23.2036182Z Selecting previously unselected package libfreeaptx0:amd64.
shsh-check	Run pnpm exec playwright install --with-deps chromium firefox webkit	2026-09-18T07:54:23.2157575Z Preparing to unpack .../126-libfreeaptx0_0.1.1-2build1_amd64.deb ...
shsh-check	Run pnpm exec playwright install --with-deps chromium firefox webkit	2026-09-18T07:54:23.2165888Z Unpacking libfreeaptx0:amd64 (0.1.1-2build1) ...
shsh-check	Run pnpm exec playwright install --with-deps chromium firefox webkit	2026-09-18T07:54:23.2368129Z Selecting previously unselected package libgraphene-1.0-0:amd64.
shsh-check	Run pnpm exec playwright install --with-deps chromium firefox webkit	2026-09-18T07:54:23.2487620Z Preparing to unpack .../127-libgraphene-1.0-0_1.10.8-3build2_amd64.deb ...
shsh-check	Run pnpm exec playwright install --with-deps chromium firefox webkit	2026-09-18T07:54:23.2496752Z Unpacking libgraphene-1.0-0:amd64 (1.10.8-3build2) ...
shsh-check	Run pnpm exec playwright install --with-deps chromium firefox webkit	2026-09-18T07:54:23.2704317Z Selecting previously unselected package libgssdp-1.6-0:amd64.
shsh-check	Run pnpm exec playwright install --with-deps chromium firefox webkit	2026-09-18T07:54:23.2823036Z Preparing to unpack .../128-libgssdp-1.6-0_1.6.3-1build3_amd64.deb ...
shsh-check	Run pnpm exec playwright install --with-deps chromium firefox webkit	2026-09-18T07:54:23.2831215Z Unpacking libgssdp-1.6-0:amd64 (1.6.3-1build3) ...
shsh-check	Run pnpm exec playwright install --with-deps chromium firefox webkit	2026-09-18T07:54:23.3033723Z Selecting previously unselected package libegl1:amd64.
shsh-check	Run pnpm exec playwright install --with-deps chromium firefox webkit	2026-09-18T07:54:23.3150060Z Preparing to unpack .../129-libegl1_1.7.0-1build1_amd64.deb ...
shsh-check	Run pnpm exec playwright install --with-deps chromium firefox webkit	2026-09-18T07:54:23.3158899Z Unpacking libegl1:amd64 (1.7.0-1build1) ...
shsh-check	Run pnpm exec playwright install --with-deps chromium firefox webkit	2026-09-18T07:54:23.3370224Z Selecting previously unselected package libgstreamer-gl1.0-0:amd64.
shsh-check	Run pnpm exec playwright install --with-deps chromium firefox webkit	2026-09-18T07:54:23.3486549Z Preparing to unpack .../130-libgstreamer-gl1.0-0_1.24.2-1ubuntu0.4_amd64.deb ...
shsh-check	Run pnpm exec playwright install --with-deps chromium firefox webkit	2026-09-18T07:54:23.3495402Z Unpacking libgstreamer-gl1.0-0:amd64 (1.24.2-1ubuntu0.4) ...
shsh-check	Run pnpm exec playwright install --with-deps chromium firefox webkit	2026-09-18T07:54:23.3709611Z Selecting previously unselected package libgtk-4-common.
shsh-check	Run pnpm exec playwright install --with-deps chromium firefox webkit	2026-09-18T07:54:23.3826106Z Preparing to unpack .../131-libgtk-4-common_4.14.5+ds-0ubuntu0.10_all.deb ...
shsh-check	Run pnpm exec playwright install --with-deps chromium firefox webkit	2026-09-18T07:54:23.3833065Z Unpacking libgtk-4-common (4.14.5+ds-0ubuntu0.10) ...
shsh-check	Run pnpm exec playwright install --with-deps chromium firefox webkit	2026-09-18T07:54:23.4307155Z Selecting previously unselected package libgtk-4-1:amd64.
shsh-check	Run pnpm exec playwright install --with-deps chromium firefox webkit	2026-09-18T07:54:23.4427062Z Preparing to unpack .../132-libgtk-4-1_4.14.5+ds-0ubuntu0.10_amd64.deb ...
shsh-check	Run pnpm exec playwright install --with-deps chromium firefox webkit	2026-09-18T07:54:23.4436301Z Unpacking libgtk-4-1:amd64 (4.14.5+ds-0ubuntu0.10) ...
shsh-check	Run pnpm exec playwright install --with-deps chromium firefox webkit	2026-09-18T07:54:23.5040986Z Selecting previously unselected package libgupnp-1.6-0:amd64.
shsh-check	Run pnpm exec playwright install --with-deps chromium firefox webkit	2026-09-18T07:54:23.5163025Z Preparing to unpack .../133-libgupnp-1.6-0_1.6.6-1build3_amd64.deb ...
shsh-check	Run pnpm exec playwright install --with-deps chromium firefox webkit	2026-09-18T07:54:23.5171238Z Unpacking libgupnp-1.6-0:amd64 (1.6.6-1build3) ...
shsh-check	Run pnpm exec playwright install --with-deps chromium firefox webkit	2026-09-18T07:54:23.5385168Z Selecting previously unselected package libgupnp-igd-1.6-0:amd64.
shsh-check	Run pnpm exec playwright install --with-deps chromium firefox webkit	2026-09-18T07:54:23.5508135Z Preparing to unpack .../134-libgupnp-igd-1.6-0_1.6.0-3build3_amd64.deb ...
shsh-check	Run pnpm exec playwright install --with-deps chromium firefox webkit	2026-09-18T07:54:23.5515954Z Unpacking libgupnp-igd-1.6-0:amd64 (1.6.0-3build3) ...
shsh-check	Run pnpm exec playwright install --with-deps chromium firefox webkit	2026-09-18T07:54:23.5718403Z Selecting previously unselected package libharfbuzz-icu0:amd64.
shsh-check	Run pnpm exec playwright install --with-deps chromium firefox webkit	2026-09-18T07:54:23.5836963Z Preparing to unpack .../135-libharfbuzz-icu0_8.3.0-2build2_amd64.deb ...
shsh-check	Run pnpm exec playwright install --with-deps chromium firefox webkit	2026-09-18T07:54:23.5845856Z Unpacking libharfbuzz-icu0:amd64 (8.3.0-2build2) ...
shsh-check	Run pnpm exec playwright install --with-deps chromium firefox webkit	2026-09-18T07:54:23.6047804Z Selecting previously unselected package libhyphen0:amd64.
shsh-check	Run pnpm exec playwright install --with-deps chromium firefox webkit	2026-09-18T07:54:23.6164823Z Preparing to unpack .../136-libhyphen0_2.8.8-7build3_amd64.deb ...
shsh-check	Run pnpm exec playwright install --with-deps chromium firefox webkit	2026-09-18T07:54:23.6174387Z Unpacking libhyphen0:amd64 (2.8.8-7build3) ...
shsh-check	Run pnpm exec playwright install --with-deps chromium firefox webkit	2026-09-18T07:54:23.6382180Z Selecting previously unselected package libimath-3-1-29t64:amd64.
shsh-check	Run pnpm exec playwright install --with-deps chromium firefox webkit	2026-09-18T07:54:23.6497634Z Preparing to unpack .../137-libimath-3-1-29t64_3.1.9-3.1ubuntu2_amd64.deb ...
shsh-check	Run pnpm exec playwright install --with-deps chromium firefox webkit	2026-09-18T07:54:23.6505661Z Unpacking libimath-3-1-29t64:amd64 (3.1.9-3.1ubuntu2) ...
shsh-check	Run pnpm exec playwright install --with-deps chromium firefox webkit	2026-09-18T07:54:23.6720079Z Selecting previously unselected package liblc3-1:amd64.
shsh-check	Run pnpm exec playwright install --with-deps chromium firefox webkit	2026-09-18T07:54:23.6831801Z Preparing to unpack .../138-liblc3-1_1.0.4-3build1_amd64.deb ...
shsh-check	Run pnpm exec playwright install --with-deps chromium firefox webkit	2026-09-18T07:54:23.6839702Z Unpacking liblc3-1:amd64 (1.0.4-3build1) ...
shsh-check	Run pnpm exec playwright install --with-deps chromium firefox webkit	2026-09-18T07:54:23.7037837Z Selecting previously unselected package libldacbt-enc2:amd64.
shsh-check	Run pnpm exec playwright install --with-deps chromium firefox webkit	2026-09-18T07:54:23.7151649Z Preparing to unpack .../139-libldacbt-enc2_2.0.2.3+git20200429+ed310a0-4ubuntu2_amd64.deb ...
shsh-check	Run pnpm exec playwright install --with-deps chromium firefox webkit	2026-09-18T07:54:23.7160322Z Unpacking libldacbt-enc2:amd64 (2.0.2.3+git20200429+ed310a0-4ubuntu2) ...
shsh-check	Run pnpm exec playwright install --with-deps chromium firefox webkit	2026-09-18T07:54:23.7356423Z Selecting previously unselected package libraptor2-0:amd64.
shsh-check	Run pnpm exec playwright install --with-deps chromium firefox webkit	2026-09-18T07:54:23.7465694Z Preparing to unpack .../140-libraptor2-0_2.0.16-3ubuntu0.1_amd64.deb ...
shsh-check	Run pnpm exec playwright install --with-deps chromium firefox webkit	2026-09-18T07:54:23.7480017Z Unpacking libraptor2-0:amd64 (2.0.16-3ubuntu0.1) ...
shsh-check	Run pnpm exec playwright install --with-deps chromium firefox webkit	2026-09-18T07:54:23.7696185Z Selecting previously unselected package liblrdf0:amd64.
shsh-check	Run pnpm exec playwright install --with-deps chromium firefox webkit	2026-09-18T07:54:23.7809341Z Preparing to unpack .../141-liblrdf0_0.6.1-4build1_amd64.deb ...
shsh-check	Run pnpm exec playwright install --with-deps chromium firefox webkit	2026-09-18T07:54:23.7818095Z Unpacking liblrdf0:amd64 (0.6.1-4build1) ...
shsh-check	Run pnpm exec playwright install --with-deps chromium firefox webkit	2026-09-18T07:54:23.8026184Z Selecting previously unselected package libltc11:amd64.
shsh-check	Run pnpm exec playwright install --with-deps chromium firefox webkit	2026-09-18T07:54:23.8137852Z Preparing to unpack .../142-libltc11_1.3.2-1build1_amd64.deb ...
shsh-check	Run pnpm exec playwright install --with-deps chromium firefox webkit	2026-09-18T07:54:23.8146218Z Unpacking libltc11:amd64 (1.3.2-1build1) ...
shsh-check	Run pnpm exec playwright install --with-deps chromium firefox webkit	2026-09-18T07:54:23.8335101Z Selecting previously unselected package libmanette-0.2-0:amd64.
shsh-check	Run pnpm exec playwright install --with-deps chromium firefox webkit	2026-09-18T07:54:23.8442503Z Preparing to unpack .../143-libmanette-0.2-0_0.2.7-1build2_amd64.deb ...
shsh-check	Run pnpm exec playwright install --with-deps chromium firefox webkit	2026-09-18T07:54:23.8450307Z Unpacking libmanette-0.2-0:amd64 (0.2.7-1build2) ...
shsh-check	Run pnpm exec playwright install --with-deps chromium firefox webkit	2026-09-18T07:54:23.8649933Z Selecting previously unselected package libmfx1:amd64.
shsh-check	Run pnpm exec playwright install --with-deps chromium firefox webkit	2026-09-18T07:54:23.8763164Z Preparing to unpack .../144-libmfx1_22.5.4-1_amd64.deb ...
shsh-check	Run pnpm exec playwright install --with-deps chromium firefox webkit	2026-09-18T07:54:23.8773079Z Unpacking libmfx1:amd64 (22.5.4-1) ...
shsh-check	Run pnpm exec playwright install --with-deps chromium firefox webkit	2026-09-18T07:54:23.9653245Z Selecting previously unselected package libmjpegutils-2.1-0t64:amd64.
shsh-check	Run pnpm exec playwright install --with-deps chromium firefox webkit	2026-09-18T07:54:23.9776266Z Preparing to unpack .../145-libmjpegutils-2.1-0t64_1%3a2.1.0+debian-8.1build1_amd64.deb ...
shsh-check	Run pnpm exec playwright install --with-deps chromium firefox webkit	2026-09-18T07:54:23.9785851Z Unpacking libmjpegutils-2.1-0t64:amd64 (1:2.1.0+debian-8.1build1) ...
shsh-check	Run pnpm exec playwright install --with-deps chromium firefox webkit	2026-09-18T07:54:23.9994991Z Selecting previously unselected package libmodplug1:amd64.
shsh-check	Run pnpm exec playwright install --with-deps chromium firefox webkit	2026-09-18T07:54:24.0115869Z Preparing to unpack .../146-libmodplug1_1%3a0.8.9.0-3build1_amd64.deb ...
shsh-check	Run pnpm exec playwright install --with-deps chromium firefox webkit	2026-09-18T07:54:24.0124831Z Unpacking libmodplug1:amd64 (1:0.8.9.0-3build1) ...
shsh-check	Run pnpm exec playwright install --with-deps chromium firefox webkit	2026-09-18T07:54:24.0341328Z Selecting previously unselected package libmpcdec6:amd64.
shsh-check	Run pnpm exec playwright install --with-deps chromium firefox webkit	2026-09-18T07:54:24.0461666Z Preparing to unpack .../147-libmpcdec6_2%3a0.1~r495-2build1_amd64.deb ...
shsh-check	Run pnpm exec playwright install --with-deps chromium firefox webkit	2026-09-18T07:54:24.0473354Z Unpacking libmpcdec6:amd64 (2:0.1~r495-2build1) ...
shsh-check	Run pnpm exec playwright install --with-deps chromium firefox webkit	2026-09-18T07:54:24.0680670Z Selecting previously unselected package libmpeg2encpp-2.1-0t64:amd64.
shsh-check	Run pnpm exec playwright install --with-deps chromium firefox webkit	2026-09-18T07:54:24.0798484Z Preparing to unpack .../148-libmpeg2encpp-2.1-0t64_1%3a2.1.0+debian-8.1build1_amd64.deb ...
shsh-check	Run pnpm exec playwright install --with-deps chromium firefox webkit	2026-09-18T07:54:24.0806111Z Unpacking libmpeg2encpp-2.1-0t64:amd64 (1:2.1.0+debian-8.1build1) ...
shsh-check	Run pnpm exec playwright install --with-deps chromium firefox webkit	2026-09-18T07:54:24.1013256Z Selecting previously unselected package libmplex2-2.1-0t64:amd64.
shsh-check	Run pnpm exec playwright install --with-deps chromium firefox webkit	2026-09-18T07:54:24.1130177Z Preparing to unpack .../149-libmplex2-2.1-0t64_1%3a2.1.0+debian-8.1build1_amd64.deb ...
shsh-check	Run pnpm exec playwright install --with-deps chromium firefox webkit	2026-09-18T07:54:24.1138667Z Unpacking libmplex2-2.1-0t64:amd64 (1:2.1.0+debian-8.1build1) ...
shsh-check	Run pnpm exec playwright install --with-deps chromium firefox webkit	2026-09-18T07:54:24.1339274Z Selecting previously unselected package libneon27t64:amd64.
shsh-check	Run pnpm exec playwright install --with-deps chromium firefox webkit	2026-09-18T07:54:24.1449920Z Preparing to unpack .../150-libneon27t64_0.33.0-1.1build3_amd64.deb ...
shsh-check	Run pnpm exec playwright install --with-deps chromium firefox webkit	2026-09-18T07:54:24.1457156Z Unpacking libneon27t64:amd64 (0.33.0-1.1build3) ...
shsh-check	Run pnpm exec playwright install --with-deps chromium firefox webkit	2026-09-18T07:54:24.1681087Z Selecting previously unselected package libnice10:amd64.
shsh-check	Run pnpm exec playwright install --with-deps chromium firefox webkit	2026-09-18T07:54:24.1796389Z Preparing to unpack .../151-libnice10_0.1.21-2build3_amd64.deb ...
shsh-check	Run pnpm exec playwright install --with-deps chromium firefox webkit	2026-09-18T07:54:24.1804774Z Unpacking libnice10:amd64 (0.1.21-2build3) ...
shsh-check	Run pnpm exec playwright install --with-deps chromium firefox webkit	2026-09-18T07:54:24.2011460Z Selecting previously unselected package libopenal-data.
shsh-check	Run pnpm exec playwright install --with-deps chromium firefox webkit	2026-09-18T07:54:24.2122926Z Preparing to unpack .../152-libopenal-data_1%3a1.23.1-4build1_all.deb ...
shsh-check	Run pnpm exec playwright install --with-deps chromium firefox webkit	2026-09-18T07:54:24.2130992Z Unpacking libopenal-data (1:1.23.1-4build1) ...
shsh-check	Run pnpm exec playwright install --with-deps chromium firefox webkit	2026-09-18T07:54:24.2349204Z Selecting previously unselected package libopenexr-3-1-30:amd64.
shsh-check	Run pnpm exec playwright install --with-deps chromium firefox webkit	2026-09-18T07:54:24.2456476Z Preparing to unpack .../153-libopenexr-3-1-30_3.1.5-5.1build3_amd64.deb ...
shsh-check	Run pnpm exec playwright install --with-deps chromium firefox webkit	2026-09-18T07:54:24.2467314Z Unpacking libopenexr-3-1-30:amd64 (3.1.5-5.1build3) ...
shsh-check	Run pnpm exec playwright install --with-deps chromium firefox webkit	2026-09-18T07:54:24.2798900Z Selecting previously unselected package libopenh264-7:amd64.
shsh-check	Run pnpm exec playwright install --with-deps chromium firefox webkit	2026-09-18T07:54:24.2916017Z Preparing to unpack .../154-libopenh264-7_2.4.1+dfsg-1_amd64.deb ...
shsh-check	Run pnpm exec playwright install --with-deps chromium firefox webkit	2026-09-18T07:54:24.2923530Z Unpacking libopenh264-7:amd64 (2.4.1+dfsg-1) ...
shsh-check	Run pnpm exec playwright install --with-deps chromium firefox webkit	2026-09-18T07:54:24.3176765Z Selecting previously unselected package libopenni2-0:amd64.
shsh-check	Run pnpm exec playwright install --with-deps chromium firefox webkit	2026-09-18T07:54:24.3293130Z Preparing to unpack .../155-libopenni2-0_2.2.0.33+dfsg-18_amd64.deb ...
shsh-check	Run pnpm exec playwright install --with-deps chromium firefox webkit	2026-09-18T07:54:24.3321660Z Unpacking libopenni2-0:amd64 (2.2.0.33+dfsg-18) ...
shsh-check	Run pnpm exec playwright install --with-deps chromium firefox webkit	2026-09-18T07:54:24.3580242Z Selecting previously unselected package libqrencode4:amd64.
shsh-check	Run pnpm exec playwright install --with-deps chromium firefox webkit	2026-09-18T07:54:24.3692094Z Preparing to unpack .../156-libqrencode4_4.1.1-1build2_amd64.deb ...
shsh-check	Run pnpm exec playwright install --with-deps chromium firefox webkit	2026-09-18T07:54:24.3701527Z Unpacking libqrencode4:amd64 (4.1.1-1build2) ...
shsh-check	Run pnpm exec playwright install --with-deps chromium firefox webkit	2026-09-18T07:54:24.3895878Z Selecting previously unselected package libsecret-common.
shsh-check	Run pnpm exec playwright install --with-deps chromium firefox webkit	2026-09-18T07:54:24.4010784Z Preparing to unpack .../157-libsecret-common_0.21.4-1build3_all.deb ...
shsh-check	Run pnpm exec playwright install --with-deps chromium firefox webkit	2026-09-18T07:54:24.4019966Z Unpacking libsecret-common (0.21.4-1build3) ...
shsh-check	Run pnpm exec playwright install --with-deps chromium firefox webkit	2026-09-18T07:54:24.4221692Z Selecting previously unselected package libsecret-1-0:amd64.
shsh-check	Run pnpm exec playwright install --with-deps chromium firefox webkit	2026-09-18T07:54:24.4335425Z Preparing to unpack .../158-libsecret-1-0_0.21.4-1build3_amd64.deb ...
shsh-check	Run pnpm exec playwright install --with-deps chromium firefox webkit	2026-09-18T07:54:24.4345457Z Unpacking libsecret-1-0:amd64 (0.21.4-1build3) ...
shsh-check	Run pnpm exec playwright install --with-deps chromium firefox webkit	2026-09-18T07:54:24.4564550Z Selecting previously unselected package libsndio7.0:amd64.
shsh-check	Run pnpm exec playwright install --with-deps chromium firefox webkit	2026-09-18T07:54:24.4678628Z Preparing to unpack .../159-libsndio7.0_1.9.0-0.3build3_amd64.deb ...
shsh-check	Run pnpm exec playwright install --with-deps chromium firefox webkit	2026-09-18T07:54:24.4686876Z Unpacking libsndio7.0:amd64 (1.9.0-0.3build3) ...
shsh-check	Run pnpm exec playwright install --with-deps chromium firefox webkit	2026-09-18T07:54:24.4887743Z Selecting previously unselected package libsoundtouch1:amd64.
shsh-check	Run pnpm exec playwright install --with-deps chromium firefox webkit	2026-09-18T07:54:24.5000961Z Preparing to unpack .../160-libsoundtouch1_2.3.2+ds1-1build1_amd64.deb ...
shsh-check	Run pnpm exec playwright install --with-deps chromium firefox webkit	2026-09-18T07:54:24.5009286Z Unpacking libsoundtouch1:amd64 (2.3.2+ds1-1build1) ...
shsh-check	Run pnpm exec playwright install --with-deps chromium firefox webkit	2026-09-18T07:54:24.5216255Z Selecting previously unselected package libspandsp2t64:amd64.
shsh-check	Run pnpm exec playwright install --with-deps chromium firefox webkit	2026-09-18T07:54:24.5329397Z Preparing to unpack .../161-libspandsp2t64_0.0.6+dfsg-2.1build1_amd64.deb ...
shsh-check	Run pnpm exec playwright install --with-deps chromium firefox webkit	2026-09-18T07:54:24.5342388Z Unpacking libspandsp2t64:amd64 (0.0.6+dfsg-2.1build1) ...
shsh-check	Run pnpm exec playwright install --with-deps chromium firefox webkit	2026-09-18T07:54:24.5582754Z Selecting previously unselected package libsrtp2-1:amd64.
shsh-check	Run pnpm exec playwright install --with-deps chromium firefox webkit	2026-09-18T07:54:24.5696568Z Preparing to unpack .../162-libsrtp2-1_2.5.0-3build1_amd64.deb ...
shsh-check	Run pnpm exec playwright install --with-deps chromium firefox webkit	2026-09-18T07:54:24.5706241Z Unpacking libsrtp2-1:amd64 (2.5.0-3build1) ...
shsh-check	Run pnpm exec playwright install --with-deps chromium firefox webkit	2026-09-18T07:54:24.5909875Z Selecting previously unselected package libwayland-server0:amd64.
shsh-check	Run pnpm exec playwright install --with-deps chromium firefox webkit	2026-09-18T07:54:24.6022745Z Preparing to unpack .../163-libwayland-server0_1.22.0-2.1build1_amd64.deb ...
shsh-check	Run pnpm exec playwright install --with-deps chromium firefox webkit	2026-09-18T07:54:24.6031558Z Unpacking libwayland-server0:amd64 (1.22.0-2.1build1) ...
shsh-check	Run pnpm exec playwright install --with-deps chromium firefox webkit	2026-09-18T07:54:24.6235935Z Selecting previously unselected package libwildmidi2:amd64.
shsh-check	Run pnpm exec playwright install --with-deps chromium firefox webkit	2026-09-18T07:54:24.6348182Z Preparing to unpack .../164-libwildmidi2_0.4.3-1build3_amd64.deb ...
shsh-check	Run pnpm exec playwright install --with-deps chromium firefox webkit	2026-09-18T07:54:24.6358065Z Unpacking libwildmidi2:amd64 (0.4.3-1build3) ...
shsh-check	Run pnpm exec playwright install --with-deps chromium firefox webkit	2026-09-18T07:54:24.6676907Z Selecting previously unselected package libwoff1:amd64.
shsh-check	Run pnpm exec playwright install --with-deps chromium firefox webkit	2026-09-18T07:54:24.6791243Z Preparing to unpack .../165-libwoff1_1.0.2-2build1_amd64.deb ...
shsh-check	Run pnpm exec playwright install --with-deps chromium firefox webkit	2026-09-18T07:54:24.6799654Z Unpacking libwoff1:amd64 (1.0.2-2build1) ...
shsh-check	Run pnpm exec playwright install --with-deps chromium firefox webkit	2026-09-18T07:54:24.7012073Z Selecting previously unselected package libxcb-xkb1:amd64.
shsh-check	Run pnpm exec playwright install --with-deps chromium firefox webkit	2026-09-18T07:54:24.7125085Z Preparing to unpack .../166-libxcb-xkb1_1.15-1ubuntu2_amd64.deb ...
shsh-check	Run pnpm exec playwright install --with-deps chromium firefox webkit	2026-09-18T07:54:24.7132970Z Unpacking libxcb-xkb1:amd64 (1.15-1ubuntu2) ...
shsh-check	Run pnpm exec playwright install --with-deps chromium firefox webkit	2026-09-18T07:54:24.7332448Z Selecting previously unselected package libxkbcommon-x11-0:amd64.
shsh-check	Run pnpm exec playwright install --with-deps chromium firefox webkit	2026-09-18T07:54:24.7445492Z Preparing to unpack .../167-libxkbcommon-x11-0_1.6.0-1build1_amd64.deb ...
shsh-check	Run pnpm exec playwright install --with-deps chromium firefox webkit	2026-09-18T07:54:24.7452706Z Unpacking libxkbcommon-x11-0:amd64 (1.6.0-1build1) ...
shsh-check	Run pnpm exec playwright install --with-deps chromium firefox webkit	2026-09-18T07:54:24.7655931Z Selecting previously unselected package libzbar0t64:amd64.
shsh-check	Run pnpm exec playwright install --with-deps chromium firefox webkit	2026-09-18T07:54:24.7767380Z Preparing to unpack .../168-libzbar0t64_0.23.93-4build3_amd64.deb ...
shsh-check	Run pnpm exec playwright install --with-deps chromium firefox webkit	2026-09-18T07:54:24.7775252Z Unpacking libzbar0t64:amd64 (0.23.93-4build3) ...
shsh-check	Run pnpm exec playwright install --with-deps chromium firefox webkit	2026-09-18T07:54:24.7985413Z Selecting previously unselected package libzxing3:amd64.
shsh-check	Run pnpm exec playwright install --with-deps chromium firefox webkit	2026-09-18T07:54:24.8098298Z Preparing to unpack .../169-libzxing3_2.2.1-3_amd64.deb ...
shsh-check	Run pnpm exec playwright install --with-deps chromium firefox webkit	2026-09-18T07:54:24.8106883Z Unpacking libzxing3:amd64 (2.2.1-3) ...
shsh-check	Run pnpm exec playwright install --with-deps chromium firefox webkit	2026-09-18T07:54:24.8350064Z Selecting previously unselected package xfonts-encodings.
shsh-check	Run pnpm exec playwright install --with-deps chromium firefox webkit	2026-09-18T07:54:24.8465204Z Preparing to unpack .../170-xfonts-encodings_1%3a1.0.5-0ubuntu2_all.deb ...
shsh-check	Run pnpm exec playwright install --with-deps chromium firefox webkit	2026-09-18T07:54:24.8474297Z Unpacking xfonts-encodings (1:1.0.5-0ubuntu2) ...
shsh-check	Run pnpm exec playwright install --with-deps chromium firefox webkit	2026-09-18T07:54:24.8771229Z Selecting previously unselected package xfonts-utils.
shsh-check	Run pnpm exec playwright install --with-deps chromium firefox webkit	2026-09-18T07:54:24.8885308Z Preparing to unpack .../171-xfonts-utils_1%3a7.7+6build3_amd64.deb ...
shsh-check	Run pnpm exec playwright install --with-deps chromium firefox webkit	2026-09-18T07:54:24.8893257Z Unpacking xfonts-utils (1:7.7+6build3) ...
shsh-check	Run pnpm exec playwright install --with-deps chromium firefox webkit	2026-09-18T07:54:24.9253966Z Selecting previously unselected package xfonts-cyrillic.
shsh-check	Run pnpm exec playwright install --with-deps chromium firefox webkit	2026-09-18T07:54:24.9369281Z Preparing to unpack .../172-xfonts-cyrillic_1%3a1.0.5+nmu1_all.deb ...
shsh-check	Run pnpm exec playwright install --with-deps chromium firefox webkit	2026-09-18T07:54:24.9379336Z Unpacking xfonts-cyrillic (1:1.0.5+nmu1) ...
shsh-check	Run pnpm exec playwright install --with-deps chromium firefox webkit	2026-09-18T07:54:24.9715952Z Selecting previously unselected package xfonts-scalable.
shsh-check	Run pnpm exec playwright install --with-deps chromium firefox webkit	2026-09-18T07:54:24.9830103Z Preparing to unpack .../173-xfonts-scalable_1%3a1.0.3-1.3_all.deb ...
shsh-check	Run pnpm exec playwright install --with-deps chromium firefox webkit	2026-09-18T07:54:24.9838266Z Unpacking xfonts-scalable (1:1.0.3-1.3) ...
shsh-check	Run pnpm exec playwright install --with-deps chromium firefox webkit	2026-09-18T07:54:25.0082469Z Selecting previously unselected package libgstreamer-plugins-bad1.0-0:amd64.
shsh-check	Run pnpm exec playwright install --with-deps chromium firefox webkit	2026-09-18T07:54:25.0199078Z Preparing to unpack .../174-libgstreamer-plugins-bad1.0-0_1.24.2-1ubuntu4_amd64.deb ...
shsh-check	Run pnpm exec playwright install --with-deps chromium firefox webkit	2026-09-18T07:54:25.0207849Z Unpacking libgstreamer-plugins-bad1.0-0:amd64 (1.24.2-1ubuntu4) ...
shsh-check	Run pnpm exec playwright install --with-deps chromium firefox webkit	2026-09-18T07:54:25.0580146Z Selecting previously unselected package libdca0:amd64.
shsh-check	Run pnpm exec playwright install --with-deps chromium firefox webkit	2026-09-18T07:54:25.0698144Z Preparing to unpack .../175-libdca0_0.0.7-2build1_amd64.deb ...
shsh-check	Run pnpm exec playwright install --with-deps chromium firefox webkit	2026-09-18T07:54:25.0706697Z Unpacking libdca0:amd64 (0.0.7-2build1) ...
shsh-check	Run pnpm exec playwright install --with-deps chromium firefox webkit	2026-09-18T07:54:25.0916707Z Selecting previously unselected package libopenal1:amd64.
shsh-check	Run pnpm exec playwright install --with-deps chromium firefox webkit	2026-09-18T07:54:25.1033937Z Preparing to unpack .../176-libopenal1_1%3a1.23.1-4build1_amd64.deb ...
shsh-check	Run pnpm exec playwright install --with-deps chromium firefox webkit	2026-09-18T07:54:25.1041350Z Unpacking libopenal1:amd64 (1:1.23.1-4build1) ...
shsh-check	Run pnpm exec playwright install --with-deps chromium firefox webkit	2026-09-18T07:54:25.1290032Z Selecting previously unselected package libsbc1:amd64.
shsh-check	Run pnpm exec playwright install --with-deps chromium firefox webkit	2026-09-18T07:54:25.1405282Z Preparing to unpack .../177-libsbc1_2.0-1build1_amd64.deb ...
shsh-check	Run pnpm exec playwright install --with-deps chromium firefox webkit	2026-09-18T07:54:25.1413203Z Unpacking libsbc1:amd64 (2.0-1build1) ...
shsh-check	Run pnpm exec playwright install --with-deps chromium firefox webkit	2026-09-18T07:54:25.1614587Z Selecting previously unselected package libvo-aacenc0:amd64.
shsh-check	Run pnpm exec playwright install --with-deps chromium firefox webkit	2026-09-18T07:54:25.1728753Z Preparing to unpack .../178-libvo-aacenc0_0.1.3-2build1_amd64.deb ...
shsh-check	Run pnpm exec playwright install --with-deps chromium firefox webkit	2026-09-18T07:54:25.1737487Z Unpacking libvo-aacenc0:amd64 (0.1.3-2build1) ...
shsh-check	Run pnpm exec playwright install --with-deps chromium firefox webkit	2026-09-18T07:54:25.1942451Z Selecting previously unselected package libvo-amrwbenc0:amd64.
shsh-check	Run pnpm exec playwright install --with-deps chromium firefox webkit	2026-09-18T07:54:25.2056658Z Preparing to unpack .../179-libvo-amrwbenc0_0.1.3-2build1_amd64.deb ...
shsh-check	Run pnpm exec playwright install --with-deps chromium firefox webkit	2026-09-18T07:54:25.2064598Z Unpacking libvo-amrwbenc0:amd64 (0.1.3-2build1) ...
shsh-check	Run pnpm exec playwright install --with-deps chromium firefox webkit	2026-09-18T07:54:25.2270005Z Selecting previously unselected package gstreamer1.0-plugins-bad:amd64.
shsh-check	Run pnpm exec playwright install --with-deps chromium firefox webkit	2026-09-18T07:54:25.2383723Z Preparing to unpack .../180-gstreamer1.0-plugins-bad_1.24.2-1ubuntu4_amd64.deb ...
shsh-check	Run pnpm exec playwright install --with-deps chromium firefox webkit	2026-09-18T07:54:25.2392415Z Unpacking gstreamer1.0-plugins-bad:amd64 (1.24.2-1ubuntu4) ...
shsh-check	Run pnpm exec playwright install --with-deps chromium firefox webkit	2026-09-18T07:54:25.4422762Z Setting up libgme0:amd64 (0.6.3-7build1) ...
shsh-check	Run pnpm exec playwright install --with-deps chromium firefox webkit	2026-09-18T07:54:25.4449608Z Setting up libchromaprint1:amd64 (1.5.1-5) ...
shsh-check	Run pnpm exec playwright install --with-deps chromium firefox webkit	2026-09-18T07:54:25.4470153Z Setting up libssh-gcrypt-4:amd64 (0.10.6-2ubuntu0.5) ...
shsh-check	Run pnpm exec playwright install --with-deps chromium firefox webkit	2026-09-18T07:54:25.4492990Z Setting up libhwy1t64:amd64 (1.0.7-8.1build1) ...
shsh-check	Run pnpm exec playwright install --with-deps chromium firefox webkit	2026-09-18T07:54:25.4516477Z Setting up libcairo-script-interpreter2:amd64 (1.18.0-3build1) ...
shsh-check	Run pnpm exec playwright install --with-deps chromium firefox webkit	2026-09-18T07:54:25.4541042Z Setting up libfreeaptx0:amd64 (0.1.1-2build1) ...
shsh-check	Run pnpm exec playwright install --with-deps chromium firefox webkit	2026-09-18T07:54:25.4564928Z Setting up libdvdread8t64:amd64 (6.1.3-1.1build1) ...
shsh-check	Run pnpm exec playwright install --with-deps chromium firefox webkit	2026-09-18T07:54:25.4587697Z Setting up libudfread0:amd64 (1.1.2-1build1) ...
shsh-check	Run pnpm exec playwright install --with-deps chromium firefox webkit	2026-09-18T07:54:25.4612570Z Setting up libmodplug1:amd64 (1:0.8.9.0-3build1) ...
shsh-check	Run pnpm exec playwright install --with-deps chromium firefox webkit	2026-09-18T07:54:25.4634984Z Setting up libcdparanoia0:amd64 (3.10.2+debian-14build3) ...
shsh-check	Run pnpm exec playwright install --with-deps chromium firefox webkit	2026-09-18T07:54:25.4657277Z Setting up libwayland-server0:amd64 (1.22.0-2.1build1) ...
shsh-check	Run pnpm exec playwright install --with-deps chromium firefox webkit	2026-09-18T07:54:25.4682571Z Setting up libvo-amrwbenc0:amd64 (0.1.3-2build1) ...
shsh-check	Run pnpm exec playwright install --with-deps chromium firefox webkit	2026-09-18T07:54:25.4704342Z Setting up session-migration (0.3.9build1) ...
shsh-check	Run pnpm exec playwright install --with-deps chromium firefox webkit	2026-09-18T07:54:25.6017977Z Created symlink /etc/systemd/user/graphical-session-pre.target.wants/session-migration.service → /usr/lib/systemd/user/session-migration.service.
shsh-check	Run pnpm exec playwright install --with-deps chromium firefox webkit	2026-09-18T07:54:25.6019113Z
shsh-check	Run pnpm exec playwright install --with-deps chromium firefox webkit	2026-09-18T07:54:25.6046530Z Setting up libraw1394-11:amd64 (2.1.2-2build3) ...
shsh-check	Run pnpm exec playwright install --with-deps chromium firefox webkit	2026-09-18T07:54:25.6067120Z Setting up libsbc1:amd64 (2.0-1build1) ...
shsh-check	Run pnpm exec playwright install --with-deps chromium firefox webkit	2026-09-18T07:54:25.6087589Z Setting up libproxy1v5:amd64 (0.5.4-4build1) ...
shsh-check	Run pnpm exec playwright install --with-deps chromium firefox webkit	2026-09-18T07:54:25.6113858Z Setting up libneon27t64:amd64 (0.33.0-1.1build3) ...
shsh-check	Run pnpm exec playwright install --with-deps chromium firefox webkit	2026-09-18T07:54:25.6134924Z Setting up libtag1v5-vanilla:amd64 (1.13.1-1build1) ...
shsh-check	Run pnpm exec playwright install --with-deps chromium firefox webkit	2026-09-18T07:54:25.6156273Z Setting up libharfbuzz-icu0:amd64 (8.3.0-2build2) ...
shsh-check	Run pnpm exec playwright install --with-deps chromium firefox webkit	2026-09-18T07:54:25.6178971Z Setting up libopenni2-0:amd64 (2.2.0.33+dfsg-18) ...
shsh-check	Run pnpm exec playwright install --with-deps chromium firefox webkit	2026-09-18T07:54:25.6451616Z Setting up libspeex1:amd64 (1.2.1-2ubuntu2.24.04.1) ...
shsh-check	Run pnpm exec playwright install --with-deps chromium firefox webkit	2026-09-18T07:54:25.6477248Z Setting up libshine3:amd64 (3.1.1-2build1) ...
shsh-check	Run pnpm exec playwright install --with-deps chromium firefox webkit	2026-09-18T07:54:25.6501078Z Setting up libcaca0:amd64 (0.99.beta20-4ubuntu0.2) ...
shsh-check	Run pnpm exec playwright install --with-deps chromium firefox webkit	2026-09-18T07:54:25.6521803Z Setting up libvpl2 (2023.3.0-1build1) ...
shsh-check	Run pnpm exec playwright install --with-deps chromium firefox webkit	2026-09-18T07:54:25.6545288Z Setting up libv4lconvert0t64:amd64 (1.26.1-4build3) ...
shsh-check	Run pnpm exec playwright install --with-deps chromium firefox webkit	2026-09-18T07:54:25.6566297Z Setting up libx264-164:amd64 (2:0.164.3108+git31e19f9-1) ...
shsh-check	Run pnpm exec playwright install --with-deps chromium firefox webkit	2026-09-18T07:54:25.6585958Z Setting up libtwolame0:amd64 (0.4.0-2build3) ...
shsh-check	Run pnpm exec playwright install --with-deps chromium firefox webkit	2026-09-18T07:54:25.6608248Z Setting up libmbedcrypto7t64:amd64 (2.28.8-1) ...
shsh-check	Run pnpm exec playwright install --with-deps chromium firefox webkit	2026-09-18T07:54:25.6628147Z Setting up libwoff1:amd64 (1.0.2-2build1) ...
shsh-check	Run pnpm exec playwright install --with-deps chromium firefox webkit	2026-09-18T07:54:25.6650153Z Setting up liblc3-1:amd64 (1.0.4-3build1) ...
shsh-check	Run pnpm exec playwright install --with-deps chromium firefox webkit	2026-09-18T07:54:25.6674388Z Setting up libqrencode4:amd64 (4.1.1-1build2) ...
shsh-check	Run pnpm exec playwright install --with-deps chromium firefox webkit	2026-09-18T07:54:25.6695604Z Setting up libhyphen0:amd64 (2.8.8-7build3) ...
shsh-check	Run pnpm exec playwright install --with-deps chromium firefox webkit	2026-09-18T07:54:25.6716957Z Setting up libgsm1:amd64 (1.0.22-1build1) ...
shsh-check	Run pnpm exec playwright install --with-deps chromium firefox webkit	2026-09-18T07:54:25.6742978Z Setting up libvisual-0.4-0:amd64 (0.4.2-2build1) ...
shsh-check	Run pnpm exec playwright install --with-deps chromium firefox webkit	2026-09-18T07:54:25.6764033Z Setting up libsoxr0:amd64 (0.1.3-4build3) ...
shsh-check	Run pnpm exec playwright install --with-deps chromium firefox webkit	2026-09-18T07:54:25.6786791Z Setting up libzix-0-0:amd64 (0.4.2-2build1) ...
shsh-check	Run pnpm exec playwright install --with-deps chromium firefox webkit	2026-09-18T07:54:25.6808279Z Setting up libcodec2-1.2:amd64 (1.2.0-2build1) ...
shsh-check	Run pnpm exec playwright install --with-deps chromium firefox webkit	2026-09-18T07:54:25.6830285Z Setting up libmanette-0.2-0:amd64 (0.2.7-1build2) ...
shsh-check	Run pnpm exec playwright install --with-deps chromium firefox webkit	2026-09-18T07:54:25.6852870Z Setting up libsrtp2-1:amd64 (2.5.0-3build1) ...
shsh-check	Run pnpm exec playwright install --with-deps chromium firefox webkit	2026-09-18T07:54:25.6874927Z Setting up libmysofa1:amd64 (1.3.2+dfsg-2ubuntu2) ...
shsh-check	Run pnpm exec playwright install --with-deps chromium firefox webkit	2026-09-18T07:54:25.6898456Z Setting up libraptor2-0:amd64 (2.0.16-3ubuntu0.1) ...
shsh-check	Run pnpm exec playwright install --with-deps chromium firefox webkit	2026-09-18T07:54:25.6922213Z Setting up libldacbt-enc2:amd64 (2.0.2.3+git20200429+ed310a0-4ubuntu2) ...
shsh-check	Run pnpm exec playwright install --with-deps chromium firefox webkit	2026-09-18T07:54:25.6942451Z Setting up fonts-wqy-zenhei (0.9.45-8) ...
shsh-check	Run pnpm exec playwright install --with-deps chromium firefox webkit	2026-09-18T07:54:25.7059193Z Setting up libwebrtc-audio-processing1:amd64 (0.3.1-0ubuntu6) ...
shsh-check	Run pnpm exec playwright install --with-deps chromium firefox webkit	2026-09-18T07:54:25.7080672Z Setting up fonts-freefont-ttf (20211204+svn4273-2) ...
shsh-check	Run pnpm exec playwright install --with-deps chromium firefox webkit	2026-09-18T07:54:25.7105350Z Setting up libevent-2.1-7t64:amd64 (2.1.12-stable-9ubuntu2.1) ...
shsh-check	Run pnpm exec playwright install --with-deps chromium firefox webkit	2026-09-18T07:54:25.7127093Z Setting up libsvtav1enc1d1:amd64 (1.7.0+dfsg-2build1) ...
shsh-check	Run pnpm exec playwright install --with-deps chromium firefox webkit	2026-09-18T07:54:25.7149522Z Setting up libsoup-3.0-common (3.4.4-5ubuntu0.8) ...
shsh-check	Run pnpm exec playwright install --with-deps chromium firefox webkit	2026-09-18T07:54:25.7173504Z Setting up libmpg123-0t64:amd64 (1.32.5-1ubuntu1.1) ...
shsh-check	Run pnpm exec playwright install --with-deps chromium firefox webkit	2026-09-18T07:54:25.7199037Z Setting up libcjson1:amd64 (1.7.17-1) ...
shsh-check	Run pnpm exec playwright install --with-deps chromium firefox webkit	2026-09-18T07:54:25.7221830Z Setting up libxvidcore4:amd64 (2:1.3.7-1build1) ...
shsh-check	Run pnpm exec playwright install --with-deps chromium firefox webkit	2026-09-18T07:54:25.7246046Z Setting up libmpcdec6:amd64 (2:0.1~r495-2build1) ...
shsh-check	Run pnpm exec playwright install --with-deps chromium firefox webkit	2026-09-18T07:54:25.7267965Z Setting up libmjpegutils-2.1-0t64:amd64 (1:2.1.0+debian-8.1build1) ...
shsh-check	Run pnpm exec playwright install --with-deps chromium firefox webkit	2026-09-18T07:54:25.7294794Z Setting up librav1e0:amd64 (0.7.1-2) ...
shsh-check	Run pnpm exec playwright install --with-deps chromium firefox webkit	2026-09-18T07:54:25.7319537Z Setting up liborc-0.4-0t64:amd64 (1:0.4.38-1ubuntu0.1) ...
shsh-check	Run pnpm exec playwright install --with-deps chromium firefox webkit	2026-09-18T07:54:25.7340629Z Setting up libxcb-xkb1:amd64 (1.15-1ubuntu2) ...
shsh-check	Run pnpm exec playwright install --with-deps chromium firefox webkit	2026-09-18T07:54:25.7365042Z Setting up libvo-aacenc0:amd64 (0.1.3-2build1) ...
shsh-check	Run pnpm exec playwright install --with-deps chromium firefox webkit	2026-09-18T07:54:25.7388359Z Setting up librist4:amd64 (0.2.10+dfsg-2) ...
shsh-check	Run pnpm exec playwright install --with-deps chromium firefox webkit	2026-09-18T07:54:25.7412057Z Setting up librsvg2-2:amd64 (2.58.0+dfsg-1build1) ...
shsh-check	Run pnpm exec playwright install --with-deps chromium firefox webkit	2026-09-18T07:54:25.7435617Z Setting up libblas3:amd64 (3.12.0-3build1.1) ...
shsh-check	Run pnpm exec playwright install --with-deps chromium firefox webkit	2026-09-18T07:54:25.7495727Z update-alternatives: using /usr/lib/x86_64-linux-gnu/blas/libblas.so.3 to provide /usr/lib/x86_64-linux-gnu/libblas.so.3 (libblas.so.3-x86_64-linux-gnu) in auto mode
shsh-check	Run pnpm exec playwright install --with-deps chromium firefox webkit	2026-09-18T07:54:25.7513558Z Setting up libegl-mesa0:amd64 (25.2.8-0ubuntu0.24.04.2) ...
shsh-check	Run pnpm exec playwright install --with-deps chromium firefox webkit	2026-09-18T07:54:25.7539902Z Setting up libsoundtouch1:amd64 (2.3.2+ds1-1build1) ...
shsh-check	Run pnpm exec playwright install --with-deps chromium firefox webkit	2026-09-18T07:54:25.7562365Z Setting up libplacebo338:amd64 (6.338.2-2build1) ...
shsh-check	Run pnpm exec playwright install --with-deps chromium firefox webkit	2026-09-18T07:54:25.7585114Z Setting up libgles2:amd64 (1.7.0-1build1) ...
shsh-check	Run pnpm exec playwright install --with-deps chromium firefox webkit	2026-09-18T07:54:25.7608567Z Setting up fonts-tlwg-loma-otf (1:0.7.3-1) ...
shsh-check	Run pnpm exec playwright install --with-deps chromium firefox webkit	2026-09-18T07:54:25.7630308Z Setting up libva2:amd64 (2.20.0-2ubuntu0.2) ...
shsh-check	Run pnpm exec playwright install --with-deps chromium firefox webkit	2026-09-18T07:54:25.7655499Z Setting up libspa-0.2-modules:amd64 (1.0.5-1ubuntu3.3) ...
shsh-check	Run pnpm exec playwright install --with-deps chromium firefox webkit	2026-09-18T07:54:25.7682305Z Setting up libzxing3:amd64 (2.2.1-3) ...
shsh-check	Run pnpm exec playwright install --with-deps chromium firefox webkit	2026-09-18T07:54:25.7704928Z Setting up xfonts-encodings (1:1.0.5-0ubuntu2) ...
shsh-check	Run pnpm exec playwright install --with-deps chromium firefox webkit	2026-09-18T07:54:25.7728086Z Setting up libopus0:amd64 (1.4-1build1) ...
shsh-check	Run pnpm exec playwright install --with-deps chromium firefox webkit	2026-09-18T07:54:25.7749285Z Setting up libfaad2:amd64 (2.11.1-1build1) ...
shsh-check	Run pnpm exec playwright install --with-deps chromium firefox webkit	2026-09-18T07:54:25.7770281Z Setting up libxkbcommon-x11-0:amd64 (1.6.0-1build1) ...
shsh-check	Run pnpm exec playwright install --with-deps chromium firefox webkit	2026-09-18T07:54:25.7796621Z Setting up libdc1394-25:amd64 (2.2.6-4build1) ...
shsh-check	Run pnpm exec playwright install --with-deps chromium firefox webkit	2026-09-18T07:54:25.7819428Z Setting up libimath-3-1-29t64:amd64 (3.1.9-3.1ubuntu2) ...
shsh-check	Run pnpm exec playwright install --with-deps chromium firefox webkit	2026-09-18T07:54:25.7844253Z Setting up libunibreak5:amd64 (5.1-2build1) ...
shsh-check	Run pnpm exec playwright install --with-deps chromium firefox webkit	2026-09-18T07:54:25.7868394Z Setting up libdv4t64:amd64 (1.0.0-17.1build1) ...
shsh-check	Run pnpm exec playwright install --with-deps chromium firefox webkit	2026-09-18T07:54:25.7895408Z Setting up libjxl0.7:amd64 (0.7.0-10.2ubuntu6.1) ...
shsh-check	Run pnpm exec playwright install --with-deps chromium firefox webkit	2026-09-18T07:54:25.7917698Z Setting up libopenh264-7:amd64 (2.4.1+dfsg-1) ...
shsh-check	Run pnpm exec playwright install --with-deps chromium firefox webkit	2026-09-18T07:54:25.7943773Z Setting up libltc11:amd64 (1.3.2-1build1) ...
shsh-check	Run pnpm exec playwright install --with-deps chromium firefox webkit	2026-09-18T07:54:25.7964837Z Setting up libx265-199:amd64 (3.5-2build1) ...
shsh-check	Run pnpm exec playwright install --with-deps chromium firefox webkit	2026-09-18T07:54:25.7987339Z Setting up libv4l-0t64:amd64 (1.26.1-4build3) ...
shsh-check	Run pnpm exec playwright install --with-deps chromium firefox webkit	2026-09-18T07:54:25.8012500Z Setting up libavtp0:amd64 (0.2.0-1build1) ...
shsh-check	Run pnpm exec playwright install --with-deps chromium firefox webkit	2026-09-18T07:54:25.8033953Z Setting up libsndio7.0:amd64 (1.9.0-0.3build3) ...
shsh-check	Run pnpm exec playwright install --with-deps chromium firefox webkit	2026-09-18T07:54:25.8163768Z Setting up libdirectfb-1.7-7t64:amd64 (1.7.7-11.1ubuntu2) ...
shsh-check	Run pnpm exec playwright install --with-deps chromium firefox webkit	2026-09-18T07:54:25.8185586Z Setting up libspandsp2t64:amd64 (0.0.6+dfsg-2.1build1) ...
shsh-check	Run pnpm exec playwright install --with-deps chromium firefox webkit	2026-09-18T07:54:25.8207604Z Setting up libvidstab1.1:amd64 (1.1.0-2build1) ...
shsh-check	Run pnpm exec playwright install --with-deps chromium firefox webkit	2026-09-18T07:54:25.8228320Z Setting up libvpx9:amd64 (1.14.0-1ubuntu2.3) ...
shsh-check	Run pnpm exec playwright install --with-deps chromium firefox webkit	2026-09-18T07:54:25.8251904Z Setting up libsrt1.5-gnutls:amd64 (1.5.3-1build2) ...
shsh-check	Run pnpm exec playwright install --with-deps chromium firefox webkit	2026-09-18T07:54:25.8272615Z Setting up libtag1v5:amd64 (1.13.1-1build1) ...
shsh-check	Run pnpm exec playwright install --with-deps chromium firefox webkit	2026-09-18T07:54:25.8293981Z Setting up libflite1:amd64 (2.2-6build3) ...
shsh-check	Run pnpm exec playwright install --with-deps chromium firefox webkit	2026-09-18T07:54:25.8316580Z Setting up libdav1d7:amd64 (1.4.1-1build1) ...
shsh-check	Run pnpm exec playwright install --with-deps chromium firefox webkit	2026-09-18T07:54:25.8336897Z Setting up libva-drm2:amd64 (2.20.0-2ubuntu0.2) ...
shsh-check	Run pnpm exec playwright install --with-deps chromium firefox webkit	2026-09-18T07:54:25.8357908Z Setting up fonts-ipafont-gothic (00303-21ubuntu1) ...
shsh-check	Run pnpm exec playwright install --with-deps chromium firefox webkit	2026-09-18T07:54:25.8425297Z update-alternatives: using /usr/share/fonts/opentype/ipafont-gothic/ipag.ttf to provide /usr/share/fonts/truetype/fonts-japanese-gothic.ttf (fonts-japanese-gothic.ttf) in auto mode
shsh-check	Run pnpm exec playwright install --with-deps chromium firefox webkit	2026-09-18T07:54:25.8442372Z Setting up ocl-icd-libopencl1:amd64 (2.3.2-1build1) ...
shsh-check	Run pnpm exec playwright install --with-deps chromium firefox webkit	2026-09-18T07:54:25.8462321Z Setting up libasyncns0:amd64 (0.8-6build4) ...
shsh-check	Run pnpm exec playwright install --with-deps chromium firefox webkit	2026-09-18T07:54:25.8484579Z Setting up libwildmidi2:amd64 (0.4.3-1build3) ...
shsh-check	Run pnpm exec playwright install --with-deps chromium firefox webkit	2026-09-18T07:54:25.8505022Z Setting up libvdpau1:amd64 (1.5-2build1) ...
shsh-check	Run pnpm exec playwright install --with-deps chromium firefox webkit	2026-09-18T07:54:25.8535261Z Setting up libwavpack1:amd64 (5.6.0-1build1) ...
shsh-check	Run pnpm exec playwright install --with-deps chromium firefox webkit	2026-09-18T07:54:25.8555499Z Setting up libbs2b0:amd64 (3.1.0+dfsg-7build1) ...
shsh-check	Run pnpm exec playwright install --with-deps chromium firefox webkit	2026-09-18T07:54:25.8573306Z Setting up libtheora0:amd64 (1.1.1+dfsg.1-16.1build3) ...
shsh-check	Run pnpm exec playwright install --with-deps chromium firefox webkit	2026-09-18T07:54:25.8592351Z Setting up libegl1:amd64 (1.7.0-1build1) ...
shsh-check	Run pnpm exec playwright install --with-deps chromium firefox webkit	2026-09-18T07:54:25.8615938Z Setting up libdecor-0-0:amd64 (0.2.2-1build2) ...
shsh-check	Run pnpm exec playwright install --with-deps chromium firefox webkit	2026-09-18T07:54:25.8637815Z Setting up libdca0:amd64 (0.0.7-2build1) ...
shsh-check	Run pnpm exec playwright install --with-deps chromium firefox webkit	2026-09-18T07:54:25.8659307Z Setting up libzimg2:amd64 (3.0.5+ds1-1build1) ...
shsh-check	Run pnpm exec playwright install --with-deps chromium firefox webkit	2026-09-18T07:54:25.8678729Z Setting up libopenal-data (1:1.23.1-4build1) ...
shsh-check	Run pnpm exec playwright install --with-deps chromium firefox webkit	2026-09-18T07:54:25.8708549Z Setting up libabsl20220623t64:amd64 (20220623.1-3.1ubuntu3.2) ...
shsh-check	Run pnpm exec playwright install --with-deps chromium firefox webkit	2026-09-18T07:54:25.8730338Z Setting up libflac12t64:amd64 (1.4.3+ds-2.1ubuntu2) ...
shsh-check	Run pnpm exec playwright install --with-deps chromium firefox webkit	2026-09-18T07:54:25.8749441Z Setting up libgtk-4-common (4.14.5+ds-0ubuntu0.10) ...
shsh-check	Run pnpm exec playwright install --with-deps chromium firefox webkit	2026-09-18T07:54:25.8777708Z Setting up libmpeg2encpp-2.1-0t64:amd64 (1:2.1.0+debian-8.1build1) ...
shsh-check	Run pnpm exec playwright install --with-deps chromium firefox webkit	2026-09-18T07:54:25.8798520Z Setting up glib-networking-common (2.80.0-1build1) ...
shsh-check	Run pnpm exec playwright install --with-deps chromium firefox webkit	2026-09-18T07:54:25.8822754Z Setting up libmfx1:amd64 (22.5.4-1) ...
shsh-check	Run pnpm exec playwright install --with-deps chromium firefox webkit	2026-09-18T07:54:25.8844576Z Setting up libbluray2:amd64 (1:1.3.4-1build1) ...
shsh-check	Run pnpm exec playwright install --with-deps chromium firefox webkit	2026-09-18T07:54:25.8865601Z Setting up libde265-0:amd64 (1.0.15-1ubuntu0.1) ...
shsh-check	Run pnpm exec playwright install --with-deps chromium firefox webkit	2026-09-18T07:54:25.8887420Z Setting up libsamplerate0:amd64 (0.2.2-4build1) ...
shsh-check	Run pnpm exec playwright install --with-deps chromium firefox webkit	2026-09-18T07:54:25.8907866Z Setting up timgm6mb-soundfont (1.3-5) ...
shsh-check	Run pnpm exec playwright install --with-deps chromium firefox webkit	2026-09-18T07:54:25.8988144Z update-alternatives: using /usr/share/sounds/sf2/TimGM6mb.sf2 to provide /usr/share/sounds/sf2/default-GM.sf2 (default-GM.sf2) in auto mode
shsh-check	Run pnpm exec playwright install --with-deps chromium firefox webkit	2026-09-18T07:54:25.9035042Z update-alternatives: using /usr/share/sounds/sf2/TimGM6mb.sf2 to provide /usr/share/sounds/sf3/default-GM.sf3 (default-GM.sf3) in auto mode
shsh-check	Run pnpm exec playwright install --with-deps chromium firefox webkit	2026-09-18T07:54:25.9051341Z Setting up libva-x11-2:amd64 (2.20.0-2ubuntu0.2) ...
shsh-check	Run pnpm exec playwright install --with-deps chromium firefox webkit	2026-09-18T07:54:25.9075465Z Setting up libyuv0:amd64 (0.0~git202401110.af6ac82-1) ...
shsh-check	Run pnpm exec playwright install --with-deps chromium firefox webkit	2026-09-18T07:54:25.9100843Z Setting up libmplex2-2.1-0t64:amd64 (1:2.1.0+debian-8.1build1) ...
shsh-check	Run pnpm exec playwright install --with-deps chromium firefox webkit	2026-09-18T07:54:25.9124189Z Setting up libpipewire-0.3-0t64:amd64 (1.0.5-1ubuntu3.3) ...
shsh-check	Run pnpm exec playwright install --with-deps chromium firefox webkit	2026-09-18T07:54:25.9145831Z Setting up libopenmpt0t64:amd64 (0.7.3-1.1build3) ...
shsh-check	Run pnpm exec playwright install --with-deps chromium firefox webkit	2026-09-18T07:54:25.9168219Z Setting up libzvbi-common (0.2.42-2) ...
shsh-check	Run pnpm exec playwright install --with-deps chromium firefox webkit	2026-09-18T07:54:25.9189640Z Setting up libsecret-common (0.21.4-1build3) ...
shsh-check	Run pnpm exec playwright install --with-deps chromium firefox webkit	2026-09-18T07:54:25.9213446Z Setting up libmp3lame0:amd64 (3.100-6build1) ...
shsh-check	Run pnpm exec playwright install --with-deps chromium firefox webkit	2026-09-18T07:54:25.9238055Z Setting up libgraphene-1.0-0:amd64 (1.10.8-3build2) ...
shsh-check	Run pnpm exec playwright install --with-deps chromium firefox webkit	2026-09-18T07:54:25.9259339Z Setting up libvorbisenc2:amd64 (1.3.7-1build3) ...
shsh-check	Run pnpm exec playwright install --with-deps chromium firefox webkit	2026-09-18T07:54:25.9287556Z Setting up libdvdnav4:amd64 (6.1.1-3build1) ...
shsh-check	Run pnpm exec playwright install --with-deps chromium firefox webkit	2026-09-18T07:54:25.9308939Z Setting up fonts-unifont (1:15.1.01-1build1) ...
shsh-check	Run pnpm exec playwright install --with-deps chromium firefox webkit	2026-09-18T07:54:25.9329723Z Setting up libaa1:amd64 (1.4p5-51.1) ...
shsh-check	Run pnpm exec playwright install --with-deps chromium firefox webkit	2026-09-18T07:54:25.9352549Z Setting up libiec61883-0:amd64 (1.2.0-6build1) ...
shsh-check	Run pnpm exec playwright install --with-deps chromium firefox webkit	2026-09-18T07:54:25.9375592Z Setting up libserd-0-0:amd64 (0.32.2-1) ...
shsh-check	Run pnpm exec playwright install --with-deps chromium firefox webkit	2026-09-18T07:54:25.9397494Z Setting up libavc1394-0:amd64 (0.5.4-5build3) ...
shsh-check	Run pnpm exec playwright install --with-deps chromium firefox webkit	2026-09-18T07:54:25.9422653Z Setting up gsettings-desktop-schemas (46.1-0ubuntu1) ...
shsh-check	Run pnpm exec playwright install --with-deps chromium firefox webkit	2026-09-18T07:54:25.9444554Z Setting up glib-networking-services (2.80.0-1build1) ...
shsh-check	Run pnpm exec playwright install --with-deps chromium firefox webkit	2026-09-18T07:54:25.9467083Z Setting up liblapack3:amd64 (3.12.0-3build1.1) ...
shsh-check	Run pnpm exec playwright install --with-deps chromium firefox webkit	2026-09-18T07:54:25.9529219Z update-alternatives: using /usr/lib/x86_64-linux-gnu/lapack/liblapack.so.3 to provide /usr/lib/x86_64-linux-gnu/liblapack.so.3 (liblapack.so.3-x86_64-linux-gnu) in auto mode
shsh-check	Run pnpm exec playwright install --with-deps chromium firefox webkit	2026-09-18T07:54:25.9549612Z Setting up libzvbi0t64:amd64 (0.2.42-2) ...
shsh-check	Run pnpm exec playwright install --with-deps chromium firefox webkit	2026-09-18T07:54:25.9574057Z Setting up liblrdf0:amd64 (0.6.1-4build1) ...
shsh-check	Run pnpm exec playwright install --with-deps chromium firefox webkit	2026-09-18T07:54:25.9597384Z Setting up libzbar0t64:amd64 (0.23.93-4build3) ...
shsh-check	Run pnpm exec playwright install --with-deps chromium firefox webkit	2026-09-18T07:54:25.9619967Z Setting up libgstreamer-plugins-base1.0-0:amd64 (1.24.2-1ubuntu0.4) ...
shsh-check	Run pnpm exec playwright install --with-deps chromium firefox webkit	2026-09-18T07:54:25.9642315Z Setting up libavutil58:amd64 (7:6.1.1-3ubuntu5) ...
shsh-check	Run pnpm exec playwright install --with-deps chromium firefox webkit	2026-09-18T07:54:25.9667788Z Setting up libopenal1:amd64 (1:1.23.1-4build1) ...
shsh-check	Run pnpm exec playwright install --with-deps chromium firefox webkit	2026-09-18T07:54:25.9690011Z Setting up xfonts-utils (1:7.7+6build3) ...
shsh-check	Run pnpm exec playwright install --with-deps chromium firefox webkit	2026-09-18T07:54:25.9734492Z Setting up libsecret-1-0:amd64 (0.21.4-1build3) ...
shsh-check	Run pnpm exec playwright install --with-deps chromium firefox webkit	2026-09-18T07:54:25.9757556Z Setting up libgstreamer-plugins-good1.0-0:amd64 (1.24.2-1ubuntu1.6) ...
shsh-check	Run pnpm exec playwright install --with-deps chromium firefox webkit	2026-09-18T07:54:25.9778998Z Setting up libgstreamer-gl1.0-0:amd64 (1.24.2-1ubuntu0.4) ...
shsh-check	Run pnpm exec playwright install --with-deps chromium firefox webkit	2026-09-18T07:54:25.9803787Z Setting up gstreamer1.0-plugins-base:amd64 (1.24.2-1ubuntu0.4) ...
shsh-check	Run pnpm exec playwright install --with-deps chromium firefox webkit	2026-09-18T07:54:25.9826302Z Setting up libass9:amd64 (1:0.17.1-2build1) ...
shsh-check	Run pnpm exec playwright install --with-deps chromium firefox webkit	2026-09-18T07:54:25.9848006Z Setting up libswresample4:amd64 (7:6.1.1-3ubuntu5) ...
shsh-check	Run pnpm exec playwright install --with-deps chromium firefox webkit	2026-09-18T07:54:25.9870975Z Setting up libopenexr-3-1-30:amd64 (3.1.5-5.1build3) ...
shsh-check	Run pnpm exec playwright install --with-deps chromium firefox webkit	2026-09-18T07:54:25.9892591Z Setting up libshout3:amd64 (2.4.6-1build2) ...
shsh-check	Run pnpm exec playwright install --with-deps chromium firefox webkit	2026-09-18T07:54:25.9917372Z Setting up libgav1-1:amd64 (0.18.0-1build3) ...
shsh-check	Run pnpm exec playwright install --with-deps chromium firefox webkit	2026-09-18T07:54:25.9938831Z Setting up libavcodec60:amd64 (7:6.1.1-3ubuntu5) ...
shsh-check	Run pnpm exec playwright install --with-deps chromium firefox webkit	2026-09-18T07:54:25.9958449Z Setting up librubberband2:amd64 (3.3.0+dfsg-2build1) ...
shsh-check	Run pnpm exec playwright install --with-deps chromium firefox webkit	2026-09-18T07:54:25.9982415Z Setting up libjack-jackd2-0:amd64 (1.9.21~dfsg-3ubuntu3) ...
shsh-check	Run pnpm exec playwright install --with-deps chromium firefox webkit	2026-09-18T07:54:26.0002117Z Setting up libsord-0-0:amd64 (0.16.16-2build1) ...
shsh-check	Run pnpm exec playwright install --with-deps chromium firefox webkit	2026-09-18T07:54:26.0024741Z Setting up xfonts-cyrillic (1:1.0.5+nmu1) ...
shsh-check	Run pnpm exec playwright install --with-deps chromium firefox webkit	2026-09-18T07:54:26.0318087Z Setting up libpostproc57:amd64 (7:6.1.1-3ubuntu5) ...
shsh-check	Run pnpm exec playwright install --with-deps chromium firefox webkit	2026-09-18T07:54:26.0338760Z Setting up libsratom-0-0:amd64 (0.6.16-1build1) ...
shsh-check	Run pnpm exec playwright install --with-deps chromium firefox webkit	2026-09-18T07:54:26.0362363Z Setting up libsndfile1:amd64 (1.2.2-1ubuntu5.24.04.1) ...
shsh-check	Run pnpm exec playwright install --with-deps chromium firefox webkit	2026-09-18T07:54:26.0384023Z Setting up liblilv-0-0:amd64 (0.24.22-1build1) ...
shsh-check	Run pnpm exec playwright install --with-deps chromium firefox webkit	2026-09-18T07:54:26.0403205Z Setting up libinstpatch-1.0-2:amd64 (1.1.6-1build2) ...
shsh-check	Run pnpm exec playwright install --with-deps chromium firefox webkit	2026-09-18T07:54:26.0427278Z Setting up xfonts-scalable (1:1.0.3-1.3) ...
shsh-check	Run pnpm exec playwright install --with-deps chromium firefox webkit	2026-09-18T07:54:26.0695916Z Setting up libswscale7:amd64 (7:6.1.1-3ubuntu5) ...
shsh-check	Run pnpm exec playwright install --with-deps chromium firefox webkit	2026-09-18T07:54:26.0722508Z Setting up libavif16:amd64 (1.0.4-1ubuntu3) ...
shsh-check	Run pnpm exec playwright install --with-deps chromium firefox webkit	2026-09-18T07:54:26.0750121Z Setting up libpulse0:amd64 (1:16.1+dfsg1-2ubuntu10.1) ...
shsh-check	Run pnpm exec playwright install --with-deps chromium firefox webkit	2026-09-18T07:54:26.0935480Z Setting up libavformat60:amd64 (7:6.1.1-3ubuntu5) ...
shsh-check	Run pnpm exec playwright install --with-deps chromium firefox webkit	2026-09-18T07:54:26.0956405Z Setting up libsphinxbase3t64:amd64 (0.8+5prealpha+1-17build2) ...
shsh-check	Run pnpm exec playwright install --with-deps chromium firefox webkit	2026-09-18T07:54:26.0981028Z Setting up libsdl2-2.0-0:amd64 (2.30.0+dfsg-1ubuntu3.1) ...
shsh-check	Run pnpm exec playwright install --with-deps chromium firefox webkit	2026-09-18T07:54:26.1005562Z Setting up libfluidsynth3:amd64 (2.3.4-1build3) ...
shsh-check	Run pnpm exec playwright install --with-deps chromium firefox webkit	2026-09-18T07:54:26.1025859Z Setting up libpocketsphinx3:amd64 (0.8.0+real5prealpha+1-15ubuntu5) ...
shsh-check	Run pnpm exec playwright install --with-deps chromium firefox webkit	2026-09-18T07:54:26.1052469Z Setting up libavfilter9:amd64 (7:6.1.1-3ubuntu5) ...
shsh-check	Run pnpm exec playwright install --with-deps chromium firefox webkit	2026-09-18T07:54:26.1073452Z Setting up gstreamer1.0-libav:amd64 (1.24.1-1build1) ...
shsh-check	Run pnpm exec playwright install --with-deps chromium firefox webkit	2026-09-18T07:54:26.1369306Z Processing triggers for fontconfig (2.15.0-1.1ubuntu2) ...
shsh-check	Run pnpm exec playwright install --with-deps chromium firefox webkit	2026-09-18T07:54:26.2236552Z Processing triggers for libc-bin (2.39-0ubuntu8.8) ...
shsh-check	Run pnpm exec playwright install --with-deps chromium firefox webkit	2026-09-18T07:54:26.2749843Z Processing triggers for man-db (2.12.0-4build2) ...
shsh-check	Run pnpm exec playwright install --with-deps chromium firefox webkit	2026-09-18T07:54:26.2771191Z Not building database; man-db/auto-update is not 'true'.
shsh-check	Run pnpm exec playwright install --with-deps chromium firefox webkit	2026-09-18T07:54:26.2797551Z Processing triggers for libglib2.0-0t64:amd64 (2.80.0-6ubuntu3.8) ...
shsh-check	Run pnpm exec playwright install --with-deps chromium firefox webkit	2026-09-18T07:54:26.3115108Z Setting up libgtk-4-1:amd64 (4.14.5+ds-0ubuntu0.10) ...
shsh-check	Run pnpm exec playwright install --with-deps chromium firefox webkit	2026-09-18T07:54:26.4075081Z Setting up glib-networking:amd64 (2.80.0-1build1) ...
shsh-check	Run pnpm exec playwright install --with-deps chromium firefox webkit	2026-09-18T07:54:26.4115879Z Setting up libsoup-3.0-0:amd64 (3.4.4-5ubuntu0.8) ...
shsh-check	Run pnpm exec playwright install --with-deps chromium firefox webkit	2026-09-18T07:54:26.4158918Z Setting up libgssdp-1.6-0:amd64 (1.6.3-1build3) ...
shsh-check	Run pnpm exec playwright install --with-deps chromium firefox webkit	2026-09-18T07:54:26.4233011Z Setting up gstreamer1.0-plugins-good:amd64 (1.24.2-1ubuntu1.6) ...
shsh-check	Run pnpm exec playwright install --with-deps chromium firefox webkit	2026-09-18T07:54:26.4274826Z Setting up libgupnp-1.6-0:amd64 (1.6.6-1build3) ...
shsh-check	Run pnpm exec playwright install --with-deps chromium firefox webkit	2026-09-18T07:54:26.4336262Z Setting up libgupnp-igd-1.6-0:amd64 (1.6.0-3build3) ...
shsh-check	Run pnpm exec playwright install --with-deps chromium firefox webkit	2026-09-18T07:54:26.4374397Z Setting up libnice10:amd64 (0.1.21-2build3) ...
shsh-check	Run pnpm exec playwright install --with-deps chromium firefox webkit	2026-09-18T07:54:26.4430271Z Setting up libgstreamer-plugins-bad1.0-0:amd64 (1.24.2-1ubuntu4) ...
shsh-check	Run pnpm exec playwright install --with-deps chromium firefox webkit	2026-09-18T07:54:26.4473596Z Setting up gstreamer1.0-plugins-bad:amd64 (1.24.2-1ubuntu4) ...
shsh-check	Run pnpm exec playwright install --with-deps chromium firefox webkit	2026-09-18T07:54:26.4502148Z Processing triggers for libc-bin (2.39-0ubuntu8.8) ...
shsh-check	Run pnpm exec playwright install --with-deps chromium firefox webkit	2026-09-18T07:54:27.0833658Z
shsh-check	Run pnpm exec playwright install --with-deps chromium firefox webkit	2026-09-18T07:54:27.0834502Z Running kernel seems to be up-to-date.
shsh-check	Run pnpm exec playwright install --with-deps chromium firefox webkit	2026-09-18T07:54:27.0834983Z
shsh-check	Run pnpm exec playwright install --with-deps chromium firefox webkit	2026-09-18T07:54:27.0835260Z No services need to be restarted.
shsh-check	Run pnpm exec playwright install --with-deps chromium firefox webkit	2026-09-18T07:54:27.0835525Z
shsh-check	Run pnpm exec playwright install --with-deps chromium firefox webkit	2026-09-18T07:54:27.0835708Z No containers need to be restarted.
shsh-check	Run pnpm exec playwright install --with-deps chromium firefox webkit	2026-09-18T07:54:27.0835947Z
shsh-check	Run pnpm exec playwright install --with-deps chromium firefox webkit	2026-09-18T07:54:27.0836171Z No user sessions are running outdated binaries.
shsh-check	Run pnpm exec playwright install --with-deps chromium firefox webkit	2026-09-18T07:54:27.0836444Z
shsh-check	Run pnpm exec playwright install --with-deps chromium firefox webkit	2026-09-18T07:54:27.0836800Z No VM guests are running outdated hypervisor (qemu) binaries on this host.
shsh-check	Run pnpm exec playwright install --with-deps chromium firefox webkit	2026-09-18T07:54:27.8541135Z Downloading Chrome for Testing 153.0.8010.12 (playwright chromium v1243) from https://cdn.playwright.dev/builds/cft/153.0.8010.12/linux64/chrome-linux64.zip
shsh-check	Run pnpm exec playwright install --with-deps chromium firefox webkit	2026-09-18T07:54:28.2098985Z |                                                                                |   0% of 186.8 MiB
shsh-check	Run pnpm exec playwright install --with-deps chromium firefox webkit	2026-09-18T07:54:28.3811141Z |■■■■■■■■                                                                        |  10% of 186.8 MiB
shsh-check	Run pnpm exec playwright install --with-deps chromium firefox webkit	2026-09-18T07:54:28.4695257Z |■■■■■■■■■■■■■■■■                                                                |  20% of 186.8 MiB
shsh-check	Run pnpm exec playwright install --with-deps chromium firefox webkit	2026-09-18T07:54:28.5750619Z |■■■■■■■■■■■■■■■■■■■■■■■■                                                        |  30% of 186.8 MiB
shsh-check	Run pnpm exec playwright install --with-deps chromium firefox webkit	2026-09-18T07:54:28.6385253Z |■■■■■■■■■■■■■■■■■■■■■■■■■■■■■■■■                                                |  40% of 186.8 MiB
shsh-check	Run pnpm exec playwright install --with-deps chromium firefox webkit	2026-09-18T07:54:28.7120199Z |■■■■■■■■■■■■■■■■■■■■■■■■■■■■■■■■■■■■■■■■                                        |  50% of 186.8 MiB
shsh-check	Run pnpm exec playwright install --with-deps chromium firefox webkit	2026-09-18T07:54:28.7698228Z |■■■■■■■■■■■■■■■■■■■■■■■■■■■■■■■■■■■■■■■■■■■■■■■■                                |  60% of 186.8 MiB
shsh-check	Run pnpm exec playwright install --with-deps chromium firefox webkit	2026-09-18T07:54:28.8514415Z |■■■■■■■■■■■■■■■■■■■■■■■■■■■■■■■■■■■■■■■■■■■■■■■■■■■■■■■■                        |  70% of 186.8 MiB
shsh-check	Run pnpm exec playwright install --with-deps chromium firefox webkit	2026-09-18T07:54:28.9228089Z |■■■■■■■■■■■■■■■■■■■■■■■■■■■■■■■■■■■■■■■■■■■■■■■■■■■■■■■■■■■■■■■■                |  80% of 186.8 MiB
shsh-check	Run pnpm exec playwright install --with-deps chromium firefox webkit	2026-09-18T07:54:29.0019643Z |■■■■■■■■■■■■■■■■■■■■■■■■■■■■■■■■■■■■■■■■■■■■■■■■■■■■■■■■■■■■■■■■■■■■■■■■        |  90% of 186.8 MiB
shsh-check	Run pnpm exec playwright install --with-deps chromium firefox webkit	2026-09-18T07:54:29.0847429Z |■■■■■■■■■■■■■■■■■■■■■■■■■■■■■■■■■■■■■■■■■■■■■■■■■■■■■■■■■■■■■■■■■■■■■■■■■■■■■■■■| 100% of 186.8 MiB
shsh-check	Run pnpm exec playwright install --with-deps chromium firefox webkit	2026-09-18T07:54:32.1068017Z Chrome for Testing 153.0.8010.12 (playwright chromium v1243) downloaded to /home/runner/.cache/ms-playwright/chromium-1243
shsh-check	Run pnpm exec playwright install --with-deps chromium firefox webkit	2026-09-18T07:54:32.1072134Z Downloading FFmpeg (playwright ffmpeg v1011) from https://cdn.playwright.dev/dbazure/download/playwright/builds/ffmpeg/1011/ffmpeg-linux.zip
shsh-check	Run pnpm exec playwright install --with-deps chromium firefox webkit	2026-09-18T07:54:32.5321734Z |                                                                                |   0% of 2.3 MiB
shsh-check	Run pnpm exec playwright install --with-deps chromium firefox webkit	2026-09-18T07:54:32.5361969Z |■■■■■■■■                                                                        |  10% of 2.3 MiB
shsh-check	Run pnpm exec playwright install --with-deps chromium firefox webkit	2026-09-18T07:54:32.5393860Z |■■■■■■■■■■■■■■■■                                                                |  20% of 2.3 MiB
shsh-check	Run pnpm exec playwright install --with-deps chromium firefox webkit	2026-09-18T07:54:32.5421130Z |■■■■■■■■■■■■■■■■■■■■■■■■                                                        |  30% of 2.3 MiB
shsh-check	Run pnpm exec playwright install --with-deps chromium firefox webkit	2026-09-18T07:54:32.5446634Z |■■■■■■■■■■■■■■■■■■■■■■■■■■■■■■■■                                                |  40% of 2.3 MiB
shsh-check	Run pnpm exec playwright install --with-deps chromium firefox webkit	2026-09-18T07:54:32.5461593Z |■■■■■■■■■■■■■■■■■■■■■■■■■■■■■■■■■■■■■■■■                                        |  50% of 2.3 MiB
shsh-check	Run pnpm exec playwright install --with-deps chromium firefox webkit	2026-09-18T07:54:32.5476094Z |■■■■■■■■■■■■■■■■■■■■■■■■■■■■■■■■■■■■■■■■■■■■■■■■                                |  60% of 2.3 MiB
shsh-check	Run pnpm exec playwright install --with-deps chromium firefox webkit	2026-09-18T07:54:32.5496864Z |■■■■■■■■■■■■■■■■■■■■■■■■■■■■■■■■■■■■■■■■■■■■■■■■■■■■■■■■                        |  70% of 2.3 MiB
shsh-check	Run pnpm exec playwright install --with-deps chromium firefox webkit	2026-09-18T07:54:32.5511408Z |■■■■■■■■■■■■■■■■■■■■■■■■■■■■■■■■■■■■■■■■■■■■■■■■■■■■■■■■■■■■■■■■                |  80% of 2.3 MiB
shsh-check	Run pnpm exec playwright install --with-deps chromium firefox webkit	2026-09-18T07:54:32.5527619Z |■■■■■■■■■■■■■■■■■■■■■■■■■■■■■■■■■■■■■■■■■■■■■■■■■■■■■■■■■■■■■■■■■■■■■■■■        |  90% of 2.3 MiB
shsh-check	Run pnpm exec playwright install --with-deps chromium firefox webkit	2026-09-18T07:54:32.5538161Z |■■■■■■■■■■■■■■■■■■■■■■■■■■■■■■■■■■■■■■■■■■■■■■■■■■■■■■■■■■■■■■■■■■■■■■■■■■■■■■■■| 100% of 2.3 MiB
shsh-check	Run pnpm exec playwright install --with-deps chromium firefox webkit	2026-09-18T07:54:32.6115796Z FFmpeg (playwright ffmpeg v1011) downloaded to /home/runner/.cache/ms-playwright/ffmpeg-1011
shsh-check	Run pnpm exec playwright install --with-deps chromium firefox webkit	2026-09-18T07:54:32.6119073Z Downloading Chrome Headless Shell 153.0.8010.12 (playwright chromium-headless-shell v1243) from https://cdn.playwright.dev/builds/cft/153.0.8010.12/linux64/chrome-headless-shell-linux64.zip
shsh-check	Run pnpm exec playwright install --with-deps chromium firefox webkit	2026-09-18T07:54:32.9632662Z |                                                                                |   0% of 114.3 MiB
shsh-check	Run pnpm exec playwright install --with-deps chromium firefox webkit	2026-09-18T07:54:33.1288262Z |■■■■■■■■                                                                        |  10% of 114.3 MiB
shsh-check	Run pnpm exec playwright install --with-deps chromium firefox webkit	2026-09-18T07:54:33.2179686Z |■■■■■■■■■■■■■■■■                                                                |  20% of 114.3 MiB
shsh-check	Run pnpm exec playwright install --with-deps chromium firefox webkit	2026-09-18T07:54:33.3498610Z |■■■■■■■■■■■■■■■■■■■■■■■■                                                        |  30% of 114.3 MiB
shsh-check	Run pnpm exec playwright install --with-deps chromium firefox webkit	2026-09-18T07:54:33.4049066Z |■■■■■■■■■■■■■■■■■■■■■■■■■■■■■■■■                                                |  40% of 114.3 MiB
shsh-check	Run pnpm exec playwright install --with-deps chromium firefox webkit	2026-09-18T07:54:33.4700002Z |■■■■■■■■■■■■■■■■■■■■■■■■■■■■■■■■■■■■■■■■                                        |  50% of 114.3 MiB
shsh-check	Run pnpm exec playwright install --with-deps chromium firefox webkit	2026-09-18T07:54:33.5108771Z |■■■■■■■■■■■■■■■■■■■■■■■■■■■■■■■■■■■■■■■■■■■■■■■■                                |  60% of 114.3 MiB
shsh-check	Run pnpm exec playwright install --with-deps chromium firefox webkit	2026-09-18T07:54:33.5629058Z |■■■■■■■■■■■■■■■■■■■■■■■■■■■■■■■■■■■■■■■■■■■■■■■■■■■■■■■■                        |  70% of 114.3 MiB
shsh-check	Run pnpm exec playwright install --with-deps chromium firefox webkit	2026-09-18T07:54:33.6211544Z |■■■■■■■■■■■■■■■■■■■■■■■■■■■■■■■■■■■■■■■■■■■■■■■■■■■■■■■■■■■■■■■■                |  80% of 114.3 MiB
shsh-check	Run pnpm exec playwright install --with-deps chromium firefox webkit	2026-09-18T07:54:33.6681732Z |■■■■■■■■■■■■■■■■■■■■■■■■■■■■■■■■■■■■■■■■■■■■■■■■■■■■■■■■■■■■■■■■■■■■■■■■        |  90% of 114.3 MiB
shsh-check	Run pnpm exec playwright install --with-deps chromium firefox webkit	2026-09-18T07:54:33.7327054Z |■■■■■■■■■■■■■■■■■■■■■■■■■■■■■■■■■■■■■■■■■■■■■■■■■■■■■■■■■■■■■■■■■■■■■■■■■■■■■■■■| 100% of 114.3 MiB
shsh-check	Run pnpm exec playwright install --with-deps chromium firefox webkit	2026-09-18T07:54:36.3216509Z Chrome Headless Shell 153.0.8010.12 (playwright chromium-headless-shell v1243) downloaded to /home/runner/.cache/ms-playwright/chromium_headless_shell-1243
shsh-check	Run pnpm exec playwright install --with-deps chromium firefox webkit	2026-09-18T07:54:36.3219523Z Downloading Firefox 155.0 (playwright firefox v1543) from https://cdn.playwright.dev/dbazure/download/playwright/builds/firefox/1543/firefox-ubuntu-24.04.zip
shsh-check	Run pnpm exec playwright install --with-deps chromium firefox webkit	2026-09-18T07:54:36.6667374Z |                                                                                |   0% of 109.5 MiB
shsh-check	Run pnpm exec playwright install --with-deps chromium firefox webkit	2026-09-18T07:54:36.7439942Z |■■■■■■■■                                                                        |  10% of 109.5 MiB
shsh-check	Run pnpm exec playwright install --with-deps chromium firefox webkit	2026-09-18T07:54:36.8242566Z |■■■■■■■■■■■■■■■■                                                                |  20% of 109.5 MiB
shsh-check	Run pnpm exec playwright install --with-deps chromium firefox webkit	2026-09-18T07:54:36.8845832Z |■■■■■■■■■■■■■■■■■■■■■■■■                                                        |  30% of 109.5 MiB
shsh-check	Run pnpm exec playwright install --with-deps chromium firefox webkit	2026-09-18T07:54:36.9407490Z |■■■■■■■■■■■■■■■■■■■■■■■■■■■■■■■■                                                |  40% of 109.5 MiB
shsh-check	Run pnpm exec playwright install --with-deps chromium firefox webkit	2026-09-18T07:54:37.0105340Z |■■■■■■■■■■■■■■■■■■■■■■■■■■■■■■■■■■■■■■■■                                        |  50% of 109.5 MiB
shsh-check	Run pnpm exec playwright install --with-deps chromium firefox webkit	2026-09-18T07:54:37.0574082Z |■■■■■■■■■■■■■■■■■■■■■■■■■■■■■■■■■■■■■■■■■■■■■■■■                                |  60% of 109.5 MiB
shsh-check	Run pnpm exec playwright install --with-deps chromium firefox webkit	2026-09-18T07:54:37.1056332Z |■■■■■■■■■■■■■■■■■■■■■■■■■■■■■■■■■■■■■■■■■■■■■■■■■■■■■■■■                        |  70% of 109.5 MiB
shsh-check	Run pnpm exec playwright install --with-deps chromium firefox webkit	2026-09-18T07:54:37.1695457Z |■■■■■■■■■■■■■■■■■■■■■■■■■■■■■■■■■■■■■■■■■■■■■■■■■■■■■■■■■■■■■■■■                |  80% of 109.5 MiB
shsh-check	Run pnpm exec playwright install --with-deps chromium firefox webkit	2026-09-18T07:54:37.2076706Z |■■■■■■■■■■■■■■■■■■■■■■■■■■■■■■■■■■■■■■■■■■■■■■■■■■■■■■■■■■■■■■■■■■■■■■■■        |  90% of 109.5 MiB
shsh-check	Run pnpm exec playwright install --with-deps chromium firefox webkit	2026-09-18T07:54:37.2986437Z |■■■■■■■■■■■■■■■■■■■■■■■■■■■■■■■■■■■■■■■■■■■■■■■■■■■■■■■■■■■■■■■■■■■■■■■■■■■■■■■■| 100% of 109.5 MiB
shsh-check	Run pnpm exec playwright install --with-deps chromium firefox webkit	2026-09-18T07:54:39.5147224Z Firefox 155.0 (playwright firefox v1543) downloaded to /home/runner/.cache/ms-playwright/firefox-1543
shsh-check	Run pnpm exec playwright install --with-deps chromium firefox webkit	2026-09-18T07:54:39.5151033Z Downloading WebKit 26.6 (playwright webkit v2359) from https://cdn.playwright.dev/dbazure/download/playwright/builds/webkit/2359/webkit-ubuntu-24.04.zip
shsh-check	Run pnpm exec playwright install --with-deps chromium firefox webkit	2026-09-18T07:54:39.8440192Z |                                                                                |   0% of 102.3 MiB
shsh-check	Run pnpm exec playwright install --with-deps chromium firefox webkit	2026-09-18T07:54:39.9049850Z |■■■■■■■■                                                                        |  10% of 102.3 MiB
shsh-check	Run pnpm exec playwright install --with-deps chromium firefox webkit	2026-09-18T07:54:39.9665881Z |■■■■■■■■■■■■■■■■                                                                |  20% of 102.3 MiB
shsh-check	Run pnpm exec playwright install --with-deps chromium firefox webkit	2026-09-18T07:54:40.0078092Z |■■■■■■■■■■■■■■■■■■■■■■■■                                                        |  30% of 102.3 MiB
shsh-check	Run pnpm exec playwright install --with-deps chromium firefox webkit	2026-09-18T07:54:40.0561599Z |■■■■■■■■■■■■■■■■■■■■■■■■■■■■■■■■                                                |  40% of 102.3 MiB
shsh-check	Run pnpm exec playwright install --with-deps chromium firefox webkit	2026-09-18T07:54:40.1203810Z |■■■■■■■■■■■■■■■■■■■■■■■■■■■■■■■■■■■■■■■■                                        |  50% of 102.3 MiB
shsh-check	Run pnpm exec playwright install --with-deps chromium firefox webkit	2026-09-18T07:54:40.1557786Z |■■■■■■■■■■■■■■■■■■■■■■■■■■■■■■■■■■■■■■■■■■■■■■■■                                |  60% of 102.3 MiB
shsh-check	Run pnpm exec playwright install --with-deps chromium firefox webkit	2026-09-18T07:54:40.1912161Z |■■■■■■■■■■■■■■■■■■■■■■■■■■■■■■■■■■■■■■■■■■■■■■■■■■■■■■■■                        |  70% of 102.3 MiB
shsh-check	Run pnpm exec playwright install --with-deps chromium firefox webkit	2026-09-18T07:54:40.2406392Z |■■■■■■■■■■■■■■■■■■■■■■■■■■■■■■■■■■■■■■■■■■■■■■■■■■■■■■■■■■■■■■■■                |  80% of 102.3 MiB
shsh-check	Run pnpm exec playwright install --with-deps chromium firefox webkit	2026-09-18T07:54:40.2722332Z |■■■■■■■■■■■■■■■■■■■■■■■■■■■■■■■■■■■■■■■■■■■■■■■■■■■■■■■■■■■■■■■■■■■■■■■■        |  90% of 102.3 MiB
shsh-check	Run pnpm exec playwright install --with-deps chromium firefox webkit	2026-09-18T07:54:40.3061349Z |■■■■■■■■■■■■■■■■■■■■■■■■■■■■■■■■■■■■■■■■■■■■■■■■■■■■■■■■■■■■■■■■■■■■■■■■■■■■■■■■| 100% of 102.3 MiB
shsh-check	Run pnpm exec playwright install --with-deps chromium firefox webkit	2026-09-18T07:54:42.3147013Z WebKit 26.6 (playwright webkit v2359) downloaded to /home/runner/.cache/ms-playwright/webkit-2359
shsh-check	Verify theme, migrated output and browser behavior	﻿2026-09-18T07:54:42.8489350Z ##[group]Run mkdir -p .cache/ci
shsh-check	Verify theme, migrated output and browser behavior	2026-09-18T07:54:42.8489666Z ^[[36;1mmkdir -p .cache/ci^[[0m
shsh-check	Verify theme, migrated output and browser behavior	2026-09-18T07:54:42.8489900Z ^[[36;1mstart=$(date +%s)^[[0m
shsh-check	Verify theme, migrated output and browser behavior	2026-09-18T07:54:42.8490108Z ^[[36;1mset +e^[[0m
shsh-check	Verify theme, migrated output and browser behavior	2026-09-18T07:54:42.8490329Z ^[[36;1mpnpm check 2>&1 | tee .cache/ci/check.log^[[0m
shsh-check	Verify theme, migrated output and browser behavior	2026-09-18T07:54:42.8494188Z ^[[36;1mresult=${PIPESTATUS[0]}^[[0m
shsh-check	Verify theme, migrated output and browser behavior	2026-09-18T07:54:42.8494542Z ^[[36;1mprintf '%s\n' "$(( $(date +%s) - start ))" > .cache/ci/seconds.txt^[[0m
shsh-check	Verify theme, migrated output and browser behavior	2026-09-18T07:54:42.8494882Z ^[[36;1mexit "$result"^[[0m
shsh-check	Verify theme, migrated output and browser behavior	2026-09-18T07:54:42.8529332Z shell: /usr/bin/bash --noprofile --norc -e -o pipefail {0}
shsh-check	Verify theme, migrated output and browser behavior	2026-09-18T07:54:42.8529864Z env:
shsh-check	Verify theme, migrated output and browser behavior	2026-09-18T07:54:42.8530119Z   PNPM_HOME: /home/runner/setup-pnpm/node_modules/.bin
shsh-check	Verify theme, migrated output and browser behavior	2026-09-18T07:54:42.8530662Z ##[endgroup]
shsh-check	Verify theme, migrated output and browser behavior	2026-09-18T07:54:42.8759446Z $ pnpm format:check && pnpm lint && pnpm lint:css && pnpm check:progress && pnpm check:tooling && pnpm build:fixtures && pnpm check:theme && pnpm check:collections && pnpm check:prose && pnpm check:media && pnpm check:sharing && pnpm check:metadata && pnpm build:review && pnpm build:full-review && pnpm build:site-fixture && pnpm check:site-inputs && pnpm check:site-output && pnpm test
shsh-check	Verify theme, migrated output and browser behavior	2026-09-18T07:54:42.8905567Z $ node scripts/format.mjs
shsh-check	Verify theme, migrated output and browser behavior	2026-09-18T07:54:43.0054962Z Checking formatting...
shsh-check	Verify theme, migrated output and browser behavior	2026-09-18T07:54:43.0055377Z
shsh-check	Verify theme, migrated output and browser behavior	2026-09-18T07:54:44.2141455Z All matched files use the correct format.
shsh-check	Verify theme, migrated output and browser behavior	2026-09-18T07:54:44.2143005Z Finished in 1207ms on 208 files using 4 threads.
shsh-check	Verify theme, migrated output and browser behavior	2026-09-18T07:54:45.0331811Z Go templates: 58 checked, 0 differ.
shsh-check	Verify theme, migrated output and browser behavior	2026-09-18T07:54:45.0596584Z $ oxlint --type-aware --type-check --deny-warnings scripts tests assets playwright.config.ts
shsh-check	Verify theme, migrated output and browser behavior	2026-09-18T07:54:45.5514471Z Found 0 warnings and 0 errors.
shsh-check	Verify theme, migrated output and browser behavior	2026-09-18T07:54:45.5515610Z Finished in 452ms on 41 files with 112 rules using 4 threads.
shsh-check	Verify theme, migrated output and browser behavior	2026-09-18T07:54:45.5694134Z $ stylelint "assets/css/**/*.css" "tests/fixtures/**/*.css" --allow-empty-input
shsh-check	Verify theme, migrated output and browser behavior	2026-09-18T07:54:46.2416592Z $ node scripts/verify-progress.mjs
shsh-check	Verify theme, migrated output and browser behavior	2026-09-18T07:54:46.4068253Z Progress valid: 41 tasks; requirements Q1–Q34; discipline Q1–Q9; references and DAG checked. Human evidence still requires review.
shsh-check	Verify theme, migrated output and browser behavior	2026-09-18T07:54:46.4311612Z $ node --experimental-strip-types scripts/verify-tooling.ts
shsh-check	Verify theme, migrated output and browser behavior	2026-09-18T07:54:47.3751688Z Toolchain probes passed. Hugo/formatter output is ready for three-engine browser comparison.
shsh-check	Verify theme, migrated output and browser behavior	2026-09-18T07:54:47.3755291Z { hugo_before_ms: 48, template_format_ms: 103, hugo_after_ms: 48 }
shsh-check	Verify theme, migrated output and browser behavior	2026-09-18T07:54:47.4193999Z $ node scripts/build-fixtures.ts
shsh-check	Verify theme, migrated output and browser behavior	2026-09-18T07:54:47.5134590Z Start building sites …
shsh-check	Verify theme, migrated output and browser behavior	2026-09-18T07:54:47.5135775Z hugo v0.166.0-78400b4de8adc99273d3e674ed6c4d14c3bdf669 linux/amd64 BuildDate=2026-09-09T14:45:02Z VendorInfo=gohugoio
shsh-check	Verify theme, migrated output and browser behavior	2026-09-18T07:54:47.5136594Z
shsh-check	Verify theme, migrated output and browser behavior	2026-09-18T07:54:47.5848646Z
shsh-check	Verify theme, migrated output and browser behavior	2026-09-18T07:54:47.5852161Z                   │ JA
shsh-check	Verify theme, migrated output and browser behavior	2026-09-18T07:54:47.5852584Z ──────────────────┼────
shsh-check	Verify theme, migrated output and browser behavior	2026-09-18T07:54:47.5852858Z  Pages            │ 16
shsh-check	Verify theme, migrated output and browser behavior	2026-09-18T07:54:47.5853112Z  Paginator pages  │  4
shsh-check	Verify theme, migrated output and browser behavior	2026-09-18T07:54:47.5853788Z  Non-page files   │  0
shsh-check	Verify theme, migrated output and browser behavior	2026-09-18T07:54:47.5854087Z  Static files     │  0
shsh-check	Verify theme, migrated output and browser behavior	2026-09-18T07:54:47.5854376Z  Processed images │  0
shsh-check	Verify theme, migrated output and browser behavior	2026-09-18T07:54:47.5854627Z  Aliases          │  2
shsh-check	Verify theme, migrated output and browser behavior	2026-09-18T07:54:47.5854859Z  Cleaned          │  0
shsh-check	Verify theme, migrated output and browser behavior	2026-09-18T07:54:47.5854985Z
shsh-check	Verify theme, migrated output and browser behavior	2026-09-18T07:54:47.5855072Z Total in 73 ms
shsh-check	Verify theme, migrated output and browser behavior	2026-09-18T07:54:47.6211307Z Start building sites …
shsh-check	Verify theme, migrated output and browser behavior	2026-09-18T07:54:47.6212793Z hugo v0.166.0-78400b4de8adc99273d3e674ed6c4d14c3bdf669 linux/amd64 BuildDate=2026-09-09T14:45:02Z VendorInfo=gohugoio
shsh-check	Verify theme, migrated output and browser behavior	2026-09-18T07:54:47.6213313Z
shsh-check	Verify theme, migrated output and browser behavior	2026-09-18T07:54:47.6833690Z
shsh-check	Verify theme, migrated output and browser behavior	2026-09-18T07:54:47.6834984Z                   │ JA
shsh-check	Verify theme, migrated output and browser behavior	2026-09-18T07:54:47.6835679Z ──────────────────┼────
shsh-check	Verify theme, migrated output and browser behavior	2026-09-18T07:54:47.6858300Z  Pages            │ 16
shsh-check	Verify theme, migrated output and browser behavior	2026-09-18T07:54:47.6858838Z  Paginator pages  │  4
shsh-check	Verify theme, migrated output and browser behavior	2026-09-18T07:54:47.6859294Z  Non-page files   │  0
shsh-check	Verify theme, migrated output and browser behavior	2026-09-18T07:54:47.6859667Z  Static files     │  0
shsh-check	Verify theme, migrated output and browser behavior	2026-09-18T07:54:47.6859943Z  Processed images │  0
shsh-check	Verify theme, migrated output and browser behavior	2026-09-18T07:54:47.6860197Z  Aliases          │  2
shsh-check	Verify theme, migrated output and browser behavior	2026-09-18T07:54:47.6860725Z  Cleaned          │  0
shsh-check	Verify theme, migrated output and browser behavior	2026-09-18T07:54:47.6861009Z
shsh-check	Verify theme, migrated output and browser behavior	2026-09-18T07:54:47.6861390Z Total in 63 ms
shsh-check	Verify theme, migrated output and browser behavior	2026-09-18T07:54:47.7200192Z Start building sites …
shsh-check	Verify theme, migrated output and browser behavior	2026-09-18T07:54:47.7201670Z hugo v0.166.0-78400b4de8adc99273d3e674ed6c4d14c3bdf669 linux/amd64 BuildDate=2026-09-09T14:45:02Z VendorInfo=gohugoio
shsh-check	Verify theme, migrated output and browser behavior	2026-09-18T07:54:47.7202559Z
shsh-check	Verify theme, migrated output and browser behavior	2026-09-18T07:54:47.7835452Z
shsh-check	Verify theme, migrated output and browser behavior	2026-09-18T07:54:47.7838189Z                   │ JA
shsh-check	Verify theme, migrated output and browser behavior	2026-09-18T07:54:47.7838572Z ──────────────────┼────
shsh-check	Verify theme, migrated output and browser behavior	2026-09-18T07:54:47.7838856Z  Pages            │ 16
shsh-check	Verify theme, migrated output and browser behavior	2026-09-18T07:54:47.7839121Z  Paginator pages  │  4
shsh-check	Verify theme, migrated output and browser behavior	2026-09-18T07:54:47.7839380Z  Non-page files   │  0
shsh-check	Verify theme, migrated output and browser behavior	2026-09-18T07:54:47.7839897Z  Static files     │  0
shsh-check	Verify theme, migrated output and browser behavior	2026-09-18T07:54:47.7840150Z  Processed images │  0
shsh-check	Verify theme, migrated output and browser behavior	2026-09-18T07:54:47.7840394Z  Aliases          │  2
shsh-check	Verify theme, migrated output and browser behavior	2026-09-18T07:54:47.7841045Z  Cleaned          │  0
shsh-check	Verify theme, migrated output and browser behavior	2026-09-18T07:54:47.7841189Z
shsh-check	Verify theme, migrated output and browser behavior	2026-09-18T07:54:47.7841275Z Total in 64 ms
shsh-check	Verify theme, migrated output and browser behavior	2026-09-18T07:54:47.8069715Z $ node scripts/verify-theme.ts
shsh-check	Verify theme, migrated output and browser behavior	2026-09-18T07:54:49.5491033Z Theme foundation: HTML, production/preview/development assets, invalid configuration and minimal alternative site passed.
shsh-check	Verify theme, migrated output and browser behavior	2026-09-18T07:54:49.5780742Z $ node scripts/verify-collections.ts
shsh-check	Verify theme, migrated output and browser behavior	2026-09-18T07:54:51.2153063Z Collections: empty/single/default10/custom2, UTC ties, mainSections, publication filters, summaries, dates and invalid inputs passed.
shsh-check	Verify theme, migrated output and browser behavior	2026-09-18T07:54:51.2963426Z Discovery: local year/month, all-section order, tie navigation, fixed-page exclusion, original term case and HTML/feed title consistency passed.
shsh-check	Verify theme, migrated output and browser behavior	2026-09-18T07:54:51.3177681Z $ node scripts/verify-prose.ts
shsh-check	Verify theme, migrated output and browser behavior	2026-09-18T07:54:52.0023390Z Prose: date fallback/day boundaries/visibility/types, legal footnote IDs, full real article HTML and native heading IDs passed.
shsh-check	Verify theme, migrated output and browser behavior	2026-09-18T07:54:52.0278495Z $ node scripts/verify-media.ts
shsh-check	Verify theme, migrated output and browser behavior	2026-09-18T07:54:52.2663974Z Start building sites …
shsh-check	Verify theme, migrated output and browser behavior	2026-09-18T07:54:52.2665237Z hugo v0.166.0-78400b4de8adc99273d3e674ed6c4d14c3bdf669 linux/amd64 BuildDate=2026-09-09T14:45:02Z VendorInfo=gohugoio
shsh-check	Verify theme, migrated output and browser behavior	2026-09-18T07:54:52.2666079Z
shsh-check	Verify theme, migrated output and browser behavior	2026-09-18T07:54:59.4659133Z
shsh-check	Verify theme, migrated output and browser behavior	2026-09-18T07:54:59.4662125Z                   │ JA
shsh-check	Verify theme, migrated output and browser behavior	2026-09-18T07:54:59.4662719Z ──────────────────┼────
shsh-check	Verify theme, migrated output and browser behavior	2026-09-18T07:54:59.4663287Z  Pages            │ 15
shsh-check	Verify theme, migrated output and browser behavior	2026-09-18T07:54:59.4663742Z  Paginator pages  │  2
shsh-check	Verify theme, migrated output and browser behavior	2026-09-18T07:54:59.4664149Z  Non-page files   │ 13
shsh-check	Verify theme, migrated output and browser behavior	2026-09-18T07:54:59.4664547Z  Static files     │  4
shsh-check	Verify theme, migrated output and browser behavior	2026-09-18T07:54:59.4664938Z  Processed images │ 46
shsh-check	Verify theme, migrated output and browser behavior	2026-09-18T07:54:59.4665338Z  Aliases          │  2
shsh-check	Verify theme, migrated output and browser behavior	2026-09-18T07:54:59.4665719Z  Cleaned          │  0
shsh-check	Verify theme, migrated output and browser behavior	2026-09-18T07:54:59.4665994Z
shsh-check	Verify theme, migrated output and browser behavior	2026-09-18T07:54:59.4666274Z Total in 7200 ms
shsh-check	Verify theme, migrated output and browser behavior	2026-09-18T07:54:59.5108743Z Start building sites …
shsh-check	Verify theme, migrated output and browser behavior	2026-09-18T07:54:59.5110156Z hugo v0.166.0-78400b4de8adc99273d3e674ed6c4d14c3bdf669 linux/amd64 BuildDate=2026-09-09T14:45:02Z VendorInfo=gohugoio
shsh-check	Verify theme, migrated output and browser behavior	2026-09-18T07:54:59.5111374Z
shsh-check	Verify theme, migrated output and browser behavior	2026-09-18T07:54:59.5909526Z
shsh-check	Verify theme, migrated output and browser behavior	2026-09-18T07:54:59.5934021Z                   │ JA
shsh-check	Verify theme, migrated output and browser behavior	2026-09-18T07:54:59.5934677Z ──────────────────┼────
shsh-check	Verify theme, migrated output and browser behavior	2026-09-18T07:54:59.5935236Z  Pages            │ 15
shsh-check	Verify theme, migrated output and browser behavior	2026-09-18T07:54:59.5935787Z  Paginator pages  │  2
shsh-check	Verify theme, migrated output and browser behavior	2026-09-18T07:54:59.5936318Z  Non-page files   │ 13
shsh-check	Verify theme, migrated output and browser behavior	2026-09-18T07:54:59.5936870Z  Static files     │  4
shsh-check	Verify theme, migrated output and browser behavior	2026-09-18T07:54:59.5937407Z  Processed images │ 46
shsh-check	Verify theme, migrated output and browser behavior	2026-09-18T07:54:59.5937944Z  Aliases          │  2
shsh-check	Verify theme, migrated output and browser behavior	2026-09-18T07:54:59.5938456Z  Cleaned          │  0
shsh-check	Verify theme, migrated output and browser behavior	2026-09-18T07:54:59.5938764Z
shsh-check	Verify theme, migrated output and browser behavior	2026-09-18T07:54:59.5939106Z Total in 81 ms
shsh-check	Verify theme, migrated output and browser behavior	2026-09-18T07:55:01.0899110Z Media: production/preview HTML, unchanged original media, unavailable external URL and invalid inputs passed.
shsh-check	Verify theme, migrated output and browser behavior	2026-09-18T07:55:01.1250415Z $ node scripts/verify-sharing.ts
shsh-check	Verify theme, migrated output and browser behavior	2026-09-18T07:55:02.3942194Z Sharing: defaults, ordered services, fixed pages/posts, escaped title/URLs, author setting, invalid inputs and preview isolation passed.
shsh-check	Verify theme, migrated output and browser behavior	2026-09-18T07:55:02.4184599Z $ node scripts/verify-metadata.ts
shsh-check	Verify theme, migrated output and browser behavior	2026-09-18T07:55:07.1010875Z Metadata fixtures: all HTML valid; asset/static/external defaults, bundle isolation, input failures, preview and empty feed built. XML/head assertions run in metadata.spec.ts.
shsh-check	Verify theme, migrated output and browser behavior	2026-09-18T07:55:07.1444172Z $ node scripts/build-review-fixture.ts
shsh-check	Verify theme, migrated output and browser behavior	2026-09-18T07:55:07.3029225Z Start building sites …
shsh-check	Verify theme, migrated output and browser behavior	2026-09-18T07:55:07.3030340Z hugo v0.166.0-78400b4de8adc99273d3e674ed6c4d14c3bdf669 linux/amd64 BuildDate=2026-09-09T14:45:02Z VendorInfo=gohugoio
shsh-check	Verify theme, migrated output and browser behavior	2026-09-18T07:55:07.3031100Z
shsh-check	Verify theme, migrated output and browser behavior	2026-09-18T07:55:22.2060402Z
shsh-check	Verify theme, migrated output and browser behavior	2026-09-18T07:55:22.2062234Z                   │ JA
shsh-check	Verify theme, migrated output and browser behavior	2026-09-18T07:55:22.2062900Z ──────────────────┼────
shsh-check	Verify theme, migrated output and browser behavior	2026-09-18T07:55:22.2063469Z  Pages            │ 46
shsh-check	Verify theme, migrated output and browser behavior	2026-09-18T07:55:22.2063955Z  Paginator pages  │  5
shsh-check	Verify theme, migrated output and browser behavior	2026-09-18T07:55:22.2064403Z  Non-page files   │  6
shsh-check	Verify theme, migrated output and browser behavior	2026-09-18T07:55:22.2064839Z  Static files     │  0
shsh-check	Verify theme, migrated output and browser behavior	2026-09-18T07:55:22.2065383Z  Processed images │ 54
shsh-check	Verify theme, migrated output and browser behavior	2026-09-18T07:55:22.2065642Z  Aliases          │ 15
shsh-check	Verify theme, migrated output and browser behavior	2026-09-18T07:55:22.2065891Z  Cleaned          │  0
shsh-check	Verify theme, migrated output and browser behavior	2026-09-18T07:55:22.2066025Z
shsh-check	Verify theme, migrated output and browser behavior	2026-09-18T07:55:22.2066130Z Total in 14904 ms
shsh-check	Verify theme, migrated output and browser behavior	2026-09-18T07:55:22.2455364Z Start building sites …
shsh-check	Verify theme, migrated output and browser behavior	2026-09-18T07:55:22.2456765Z hugo v0.166.0-78400b4de8adc99273d3e674ed6c4d14c3bdf669 linux/amd64 BuildDate=2026-09-09T14:45:02Z VendorInfo=gohugoio
shsh-check	Verify theme, migrated output and browser behavior	2026-09-18T07:55:22.2457770Z
shsh-check	Verify theme, migrated output and browser behavior	2026-09-18T07:55:22.3593990Z
shsh-check	Verify theme, migrated output and browser behavior	2026-09-18T07:55:22.3597047Z                   │ JA
shsh-check	Verify theme, migrated output and browser behavior	2026-09-18T07:55:22.3601465Z ──────────────────┼────
shsh-check	Verify theme, migrated output and browser behavior	2026-09-18T07:55:22.3601971Z  Pages            │ 46
shsh-check	Verify theme, migrated output and browser behavior	2026-09-18T07:55:22.3602366Z  Paginator pages  │  5
shsh-check	Verify theme, migrated output and browser behavior	2026-09-18T07:55:22.3602662Z  Non-page files   │  6
shsh-check	Verify theme, migrated output and browser behavior	2026-09-18T07:55:22.3602930Z  Static files     │  0
shsh-check	Verify theme, migrated output and browser behavior	2026-09-18T07:55:22.3603189Z  Processed images │ 54
shsh-check	Verify theme, migrated output and browser behavior	2026-09-18T07:55:22.3603446Z  Aliases          │ 15
shsh-check	Verify theme, migrated output and browser behavior	2026-09-18T07:55:22.3603690Z  Cleaned          │  0
shsh-check	Verify theme, migrated output and browser behavior	2026-09-18T07:55:22.3603817Z
shsh-check	Verify theme, migrated output and browser behavior	2026-09-18T07:55:22.3603912Z Total in 115 ms
shsh-check	Verify theme, migrated output and browser behavior	2026-09-18T07:55:22.3827532Z $ node scripts/build-full-review.ts
shsh-check	Verify theme, migrated output and browser behavior	2026-09-18T07:55:22.6165211Z Start building sites …
shsh-check	Verify theme, migrated output and browser behavior	2026-09-18T07:55:22.6166099Z hugo v0.166.0-78400b4de8adc99273d3e674ed6c4d14c3bdf669 linux/amd64 BuildDate=2026-09-09T14:45:02Z VendorInfo=gohugoio
shsh-check	Verify theme, migrated output and browser behavior	2026-09-18T07:55:22.6166606Z
shsh-check	Verify theme, migrated output and browser behavior	2026-09-18T07:55:22.7252812Z
shsh-check	Verify theme, migrated output and browser behavior	2026-09-18T07:55:22.7255282Z                   │ JA
shsh-check	Verify theme, migrated output and browser behavior	2026-09-18T07:55:22.7255832Z ──────────────────┼────
shsh-check	Verify theme, migrated output and browser behavior	2026-09-18T07:55:22.7256241Z  Pages            │ 24
shsh-check	Verify theme, migrated output and browser behavior	2026-09-18T07:55:22.7256664Z  Paginator pages  │  8
shsh-check	Verify theme, migrated output and browser behavior	2026-09-18T07:55:22.7257051Z  Non-page files   │  6
shsh-check	Verify theme, migrated output and browser behavior	2026-09-18T07:55:22.7257423Z  Static files     │  0
shsh-check	Verify theme, migrated output and browser behavior	2026-09-18T07:55:22.7257814Z  Processed images │ 54
shsh-check	Verify theme, migrated output and browser behavior	2026-09-18T07:55:22.7258196Z  Aliases          │  4
shsh-check	Verify theme, migrated output and browser behavior	2026-09-18T07:55:22.7258560Z  Cleaned          │  0
shsh-check	Verify theme, migrated output and browser behavior	2026-09-18T07:55:22.7258762Z
shsh-check	Verify theme, migrated output and browser behavior	2026-09-18T07:55:22.7258890Z Total in 110 ms
shsh-check	Verify theme, migrated output and browser behavior	2026-09-18T07:55:22.7711228Z Start building sites …
shsh-check	Verify theme, migrated output and browser behavior	2026-09-18T07:55:22.7712662Z hugo v0.166.0-78400b4de8adc99273d3e674ed6c4d14c3bdf669 linux/amd64 BuildDate=2026-09-09T14:45:02Z VendorInfo=gohugoio
shsh-check	Verify theme, migrated output and browser behavior	2026-09-18T07:55:22.7713205Z
shsh-check	Verify theme, migrated output and browser behavior	2026-09-18T07:55:22.8377766Z
shsh-check	Verify theme, migrated output and browser behavior	2026-09-18T07:55:22.8381597Z                   │ JA
shsh-check	Verify theme, migrated output and browser behavior	2026-09-18T07:55:22.8382068Z ──────────────────┼────
shsh-check	Verify theme, migrated output and browser behavior	2026-09-18T07:55:22.8382353Z  Pages            │ 15
shsh-check	Verify theme, migrated output and browser behavior	2026-09-18T07:55:22.8382603Z  Paginator pages  │  0
shsh-check	Verify theme, migrated output and browser behavior	2026-09-18T07:55:22.8382853Z  Non-page files   │  0
shsh-check	Verify theme, migrated output and browser behavior	2026-09-18T07:55:22.8383098Z  Static files     │  0
shsh-check	Verify theme, migrated output and browser behavior	2026-09-18T07:55:22.8383342Z  Processed images │ 15
shsh-check	Verify theme, migrated output and browser behavior	2026-09-18T07:55:22.8383603Z  Aliases          │  2
shsh-check	Verify theme, migrated output and browser behavior	2026-09-18T07:55:22.8383835Z  Cleaned          │  0
shsh-check	Verify theme, migrated output and browser behavior	2026-09-18T07:55:22.8383958Z
shsh-check	Verify theme, migrated output and browser behavior	2026-09-18T07:55:22.8384043Z Total in 68 ms
shsh-check	Verify theme, migrated output and browser behavior	2026-09-18T07:55:22.8804593Z Start building sites …
shsh-check	Verify theme, migrated output and browser behavior	2026-09-18T07:55:22.8805311Z hugo v0.166.0-78400b4de8adc99273d3e674ed6c4d14c3bdf669 linux/amd64 BuildDate=2026-09-09T14:45:02Z VendorInfo=gohugoio
shsh-check	Verify theme, migrated output and browser behavior	2026-09-18T07:55:22.8805942Z
shsh-check	Verify theme, migrated output and browser behavior	2026-09-18T07:55:22.9477029Z
shsh-check	Verify theme, migrated output and browser behavior	2026-09-18T07:55:22.9481646Z                   │ JA
shsh-check	Verify theme, migrated output and browser behavior	2026-09-18T07:55:22.9482072Z ──────────────────┼────
shsh-check	Verify theme, migrated output and browser behavior	2026-09-18T07:55:22.9482374Z  Pages            │ 16
shsh-check	Verify theme, migrated output and browser behavior	2026-09-18T07:55:22.9482617Z  Paginator pages  │  0
shsh-check	Verify theme, migrated output and browser behavior	2026-09-18T07:55:22.9482866Z  Non-page files   │  0
shsh-check	Verify theme, migrated output and browser behavior	2026-09-18T07:55:22.9483095Z  Static files     │  0
shsh-check	Verify theme, migrated output and browser behavior	2026-09-18T07:55:22.9483336Z  Processed images │ 15
shsh-check	Verify theme, migrated output and browser behavior	2026-09-18T07:55:22.9483566Z  Aliases          │  2
shsh-check	Verify theme, migrated output and browser behavior	2026-09-18T07:55:22.9483789Z  Cleaned          │  0
shsh-check	Verify theme, migrated output and browser behavior	2026-09-18T07:55:22.9483912Z
shsh-check	Verify theme, migrated output and browser behavior	2026-09-18T07:55:22.9483998Z Total in 68 ms
shsh-check	Verify theme, migrated output and browser behavior	2026-09-18T07:55:22.9514502Z Full review: 40 frozen product screens mapped; specimen stays in representative suite.
shsh-check	Verify theme, migrated output and browser behavior	2026-09-18T07:55:24.6416528Z Full review HTML: all production, preview and boundary fixture pages valid.
shsh-check	Verify theme, migrated output and browser behavior	2026-09-18T07:55:24.6813628Z $ node scripts/build-site-fixture.ts
shsh-check	Verify theme, migrated output and browser behavior	2026-09-18T07:55:43.2273457Z {
shsh-check	Verify theme, migrated output and browser behavior	2026-09-18T07:55:43.2273774Z   "command": [
shsh-check	Verify theme, migrated output and browser behavior	2026-09-18T07:55:43.2274013Z     "hugo",
shsh-check	Verify theme, migrated output and browser behavior	2026-09-18T07:55:43.2274226Z     "--source",
shsh-check	Verify theme, migrated output and browser behavior	2026-09-18T07:55:43.2274641Z     "/home/runner/work/shimoju.jp/shimoju.jp/themes/shsh/.cache/site/source",
shsh-check	Verify theme, migrated output and browser behavior	2026-09-18T07:55:43.2275375Z     "--themesDir",
shsh-check	Verify theme, migrated output and browser behavior	2026-09-18T07:55:43.2275698Z     "/home/runner/work/shimoju.jp/shimoju.jp/themes",
shsh-check	Verify theme, migrated output and browser behavior	2026-09-18T07:55:43.2276024Z     "--destination",
shsh-check	Verify theme, migrated output and browser behavior	2026-09-18T07:55:43.2276437Z     "/home/runner/work/shimoju.jp/shimoju.jp/themes/shsh/.cache/site/production",
shsh-check	Verify theme, migrated output and browser behavior	2026-09-18T07:55:43.2276863Z     "--cacheDir",
shsh-check	Verify theme, migrated output and browser behavior	2026-09-18T07:55:43.2277243Z     "/home/runner/work/shimoju.jp/shimoju.jp/themes/shsh/.cache/site/hugo-cache",
shsh-check	Verify theme, migrated output and browser behavior	2026-09-18T07:55:43.2277642Z     "--environment",
shsh-check	Verify theme, migrated output and browser behavior	2026-09-18T07:55:43.2277867Z     "production",
shsh-check	Verify theme, migrated output and browser behavior	2026-09-18T07:55:43.2278064Z     "--clock",
shsh-check	Verify theme, migrated output and browser behavior	2026-09-18T07:55:43.2278404Z     "2026-09-17T12:00:00+09:00",
shsh-check	Verify theme, migrated output and browser behavior	2026-09-18T07:55:43.2278859Z     "--cleanDestinationDir",
shsh-check	Verify theme, migrated output and browser behavior	2026-09-18T07:55:43.2279292Z     "--panicOnWarning"
shsh-check	Verify theme, migrated output and browser behavior	2026-09-18T07:55:43.2279656Z   ],
shsh-check	Verify theme, migrated output and browser behavior	2026-09-18T07:55:43.2279966Z   "live": false,
shsh-check	Verify theme, migrated output and browser behavior	2026-09-18T07:55:43.2280357Z   "environment": "production",
shsh-check	Verify theme, migrated output and browser behavior	2026-09-18T07:55:43.2280985Z   "exitCode": 0,
shsh-check	Verify theme, migrated output and browser behavior	2026-09-18T07:55:43.2281344Z   "seconds": 18.471054456,
shsh-check	Verify theme, migrated output and browser behavior	2026-09-18T07:55:43.2284777Z   "stdout": "Start building sites … \nhugo v0.166.0-78400b4de8adc99273d3e674ed6c4d14c3bdf669 linux/amd64 BuildDate=2026-09-09T14:45:02Z VendorInfo=gohugoio\n\n\n                  │ JA  \n──────────────────┼─────\n Pages            │ 160 \n Paginator pages  │  14 \n Non-page files   │  19 \n Static files     │   6 \n Processed images │ 124 \n Aliases          │  46 \n Cleaned          │   0 \n\nTotal in 18426 ms\n",
shsh-check	Verify theme, migrated output and browser behavior	2026-09-18T07:55:43.2286983Z   "stderr": ""
shsh-check	Verify theme, migrated output and browser behavior	2026-09-18T07:55:43.2287205Z }
shsh-check	Verify theme, migrated output and browser behavior	2026-09-18T07:55:43.5380062Z {
shsh-check	Verify theme, migrated output and browser behavior	2026-09-18T07:55:43.5380362Z   "command": [
shsh-check	Verify theme, migrated output and browser behavior	2026-09-18T07:55:43.5380907Z     "hugo",
shsh-check	Verify theme, migrated output and browser behavior	2026-09-18T07:55:43.5381115Z     "--source",
shsh-check	Verify theme, migrated output and browser behavior	2026-09-18T07:55:43.5381533Z     "/home/runner/work/shimoju.jp/shimoju.jp/themes/shsh/.cache/site/source",
shsh-check	Verify theme, migrated output and browser behavior	2026-09-18T07:55:43.5381951Z     "--themesDir",
shsh-check	Verify theme, migrated output and browser behavior	2026-09-18T07:55:43.5382251Z     "/home/runner/work/shimoju.jp/shimoju.jp/themes",
shsh-check	Verify theme, migrated output and browser behavior	2026-09-18T07:55:43.5382568Z     "--destination",
shsh-check	Verify theme, migrated output and browser behavior	2026-09-18T07:55:43.5382964Z     "/home/runner/work/shimoju.jp/shimoju.jp/themes/shsh/.cache/site/preview",
shsh-check	Verify theme, migrated output and browser behavior	2026-09-18T07:55:43.5383392Z     "--cacheDir",
shsh-check	Verify theme, migrated output and browser behavior	2026-09-18T07:55:43.5383800Z     "/home/runner/work/shimoju.jp/shimoju.jp/themes/shsh/.cache/site/hugo-cache",
shsh-check	Verify theme, migrated output and browser behavior	2026-09-18T07:55:43.5384198Z     "--environment",
shsh-check	Verify theme, migrated output and browser behavior	2026-09-18T07:55:43.5384406Z     "preview",
shsh-check	Verify theme, migrated output and browser behavior	2026-09-18T07:55:43.5384603Z     "--clock",
shsh-check	Verify theme, migrated output and browser behavior	2026-09-18T07:55:43.5384822Z     "2026-09-17T12:00:00+09:00",
shsh-check	Verify theme, migrated output and browser behavior	2026-09-18T07:55:43.5385076Z     "--cleanDestinationDir",
shsh-check	Verify theme, migrated output and browser behavior	2026-09-18T07:55:43.5385325Z     "--panicOnWarning",
shsh-check	Verify theme, migrated output and browser behavior	2026-09-18T07:55:43.5385557Z     "--baseURL",
shsh-check	Verify theme, migrated output and browser behavior	2026-09-18T07:55:43.5385804Z     "https://preview.invalid/"
shsh-check	Verify theme, migrated output and browser behavior	2026-09-18T07:55:43.5386054Z   ],
shsh-check	Verify theme, migrated output and browser behavior	2026-09-18T07:55:43.5386237Z   "live": false,
shsh-check	Verify theme, migrated output and browser behavior	2026-09-18T07:55:43.5386451Z   "environment": "preview",
shsh-check	Verify theme, migrated output and browser behavior	2026-09-18T07:55:43.5386684Z   "exitCode": 0,
shsh-check	Verify theme, migrated output and browser behavior	2026-09-18T07:55:43.5386910Z   "seconds": 0.3101814749999976,
shsh-check	Verify theme, migrated output and browser behavior	2026-09-18T07:55:43.5389045Z   "stdout": "Start building sites … \nhugo v0.166.0-78400b4de8adc99273d3e674ed6c4d14c3bdf669 linux/amd64 BuildDate=2026-09-09T14:45:02Z VendorInfo=gohugoio\n\n\n                  │ JA  \n──────────────────┼─────\n Pages            │ 160 \n Paginator pages  │  14 \n Non-page files   │  19 \n Static files     │   6 \n Processed images │ 124 \n Aliases          │  46 \n Cleaned          │   0 \n\nTotal in 272 ms\n",
shsh-check	Verify theme, migrated output and browser behavior	2026-09-18T07:55:43.5390721Z   "stderr": ""
shsh-check	Verify theme, migrated output and browser behavior	2026-09-18T07:55:43.5390938Z }
shsh-check	Verify theme, migrated output and browser behavior	2026-09-18T07:55:43.5589380Z $ node scripts/verify-site-inputs.ts
shsh-check	Verify theme, migrated output and browser behavior	2026-09-18T07:55:43.8163282Z Site inputs: 80 original source/assets, 7 authorized changes, 62 Markdown files and 46 embeds verified. Offline production/preview passed.
shsh-check	Verify theme, migrated output and browser behavior	2026-09-18T07:55:43.8417971Z $ node scripts/verify-site-output.ts
shsh-check	Verify theme, migrated output and browser behavior	2026-09-18T07:55:47.4686168Z All 340 production/preview HTML files valid; F015 exact-title length exception only.
shsh-check	Verify theme, migrated output and browser behavior	2026-09-18T07:55:47.5116363Z $ playwright test
shsh-check	Verify theme, migrated output and browser behavior	2026-09-18T07:55:48.6177218Z
shsh-check	Verify theme, migrated output and browser behavior	2026-09-18T07:55:48.6180024Z Running 243 tests using 2 workers
shsh-check	Verify theme, migrated output and browser behavior	2026-09-18T07:55:48.6180715Z
shsh-check	Verify theme, migrated output and browser behavior	2026-09-18T07:55:50.5697370Z   ✓    1 [chromium] › tests/collections.spec.ts:4:1 › home and section pagination retain newer-left/older-right and first-page introduction (1.2s)
shsh-check	Verify theme, migrated output and browser behavior	2026-09-18T07:55:51.0073074Z   ✓    3 [chromium] › tests/collections.spec.ts:91:1 › pagination and whole-card links work without JavaScript (424ms)
shsh-check	Verify theme, migrated output and browser behavior	2026-09-18T07:55:55.6438979Z   ✓    2 [chromium] › tests/collections.spec.ts:29:1 › list text, separators and pager preserve frozen mock styles in both widths and palettes (6.3s)
shsh-check	Verify theme, migrated output and browser behavior	2026-09-18T07:55:56.4495259Z   ✓    4 [chromium] › tests/full-review.spec.ts:8:3 › Full screen home (5.4s)
shsh-check	Verify theme, migrated output and browser behavior	2026-09-18T07:56:00.2552689Z   ✓    5 [chromium] › tests/full-review.spec.ts:8:3 › Full screen home-2 (4.6s)
shsh-check	Verify theme, migrated output and browser behavior	2026-09-18T07:56:00.7093757Z   ✓    6 [chromium] › tests/full-review.spec.ts:8:3 › Full screen home-3 (4.2s)
shsh-check	Verify theme, migrated output and browser behavior	2026-09-18T07:56:05.1891878Z   ✓    7 [chromium] › tests/full-review.spec.ts:8:3 › Full screen posts (4.9s)
shsh-check	Verify theme, migrated output and browser behavior	2026-09-18T07:56:05.3754780Z   ✓    8 [chromium] › tests/full-review.spec.ts:8:3 › Full screen posts-2 (4.7s)
shsh-check	Verify theme, migrated output and browser behavior	2026-09-18T07:56:09.3844897Z   ✓    9 [chromium] › tests/full-review.spec.ts:8:3 › Full screen posts-3 (4.2s)
shsh-check	Verify theme, migrated output and browser behavior	2026-09-18T07:56:09.8013072Z   ✓   10 [chromium] › tests/full-review.spec.ts:8:3 › Full screen tags (4.4s)
shsh-check	Verify theme, migrated output and browser behavior	2026-09-18T07:56:13.3035544Z   ✓   11 [chromium] › tests/full-review.spec.ts:8:3 › Full screen tags-empty (3.9s)
shsh-check	Verify theme, migrated output and browser behavior	2026-09-18T07:56:14.5364555Z   ✓   12 [chromium] › tests/full-review.spec.ts:8:3 › Full screen tag-1 (4.7s)
shsh-check	Verify theme, migrated output and browser behavior	2026-09-18T07:56:17.4802090Z   ✓   13 [chromium] › tests/full-review.spec.ts:8:3 › Full screen tag-2 (4.2s)
shsh-check	Verify theme, migrated output and browser behavior	2026-09-18T07:56:19.1604971Z   ✓   14 [chromium] › tests/full-review.spec.ts:8:3 › Full screen tag-3 (4.6s)
shsh-check	Verify theme, migrated output and browser behavior	2026-09-18T07:56:22.2530718Z   ✓   15 [chromium] › tests/full-review.spec.ts:8:3 › Full screen tag-4 (4.8s)
shsh-check	Verify theme, migrated output and browser behavior	2026-09-18T07:56:23.8240880Z   ✓   16 [chromium] › tests/full-review.spec.ts:8:3 › Full screen tag-5 (4.6s)
shsh-check	Verify theme, migrated output and browser behavior	2026-09-18T07:56:26.4477382Z   ✓   17 [chromium] › tests/full-review.spec.ts:8:3 › Full screen tag-6 (4.2s)
shsh-check	Verify theme, migrated output and browser behavior	2026-09-18T07:56:28.4920775Z   ✓   18 [chromium] › tests/full-review.spec.ts:8:3 › Full screen tag-7 (4.7s)
shsh-check	Verify theme, migrated output and browser behavior	2026-09-18T07:56:31.1032659Z   ✓   19 [chromium] › tests/full-review.spec.ts:8:3 › Full screen tag-8 (4.6s)
shsh-check	Verify theme, migrated output and browser behavior	2026-09-18T07:56:32.7264060Z   ✓   20 [chromium] › tests/full-review.spec.ts:8:3 › Full screen tag-9 (4.2s)
shsh-check	Verify theme, migrated output and browser behavior	2026-09-18T07:56:35.8360865Z   ✓   21 [chromium] › tests/full-review.spec.ts:8:3 › Full screen tag-10 (4.7s)
shsh-check	Verify theme, migrated output and browser behavior	2026-09-18T07:56:37.3873640Z   ✓   22 [chromium] › tests/full-review.spec.ts:8:3 › Full screen tag-11 (4.6s)
shsh-check	Verify theme, migrated output and browser behavior	2026-09-18T07:56:39.9332972Z   ✓   23 [chromium] › tests/full-review.spec.ts:8:3 › Full screen categories (4.1s)
shsh-check	Verify theme, migrated output and browser behavior	2026-09-18T07:56:41.3785900Z   ✓   24 [chromium] › tests/full-review.spec.ts:8:3 › Full screen categories-empty (4.0s)
shsh-check	Verify theme, migrated output and browser behavior	2026-09-18T07:56:44.8988130Z   ✓   25 [chromium] › tests/full-review.spec.ts:8:3 › Full screen category-1 (4.9s)
shsh-check	Verify theme, migrated output and browser behavior	2026-09-18T07:56:46.1427780Z   ✓   26 [chromium] › tests/full-review.spec.ts:8:3 › Full screen category-2 (4.8s)
shsh-check	Verify theme, migrated output and browser behavior	2026-09-18T07:56:49.2408816Z   ✓   27 [chromium] › tests/full-review.spec.ts:8:3 › Full screen category-2-2 (4.3s)
shsh-check	Verify theme, migrated output and browser behavior	2026-09-18T07:56:51.2278738Z   ✓   28 [chromium] › tests/full-review.spec.ts:8:3 › Full screen tag-pagination (5.1s)
shsh-check	Verify theme, migrated output and browser behavior	2026-09-18T07:56:53.9712890Z   ✓   29 [chromium] › tests/full-review.spec.ts:8:3 › Full screen tag-pagination-2 (4.7s)
shsh-check	Verify theme, migrated output and browser behavior	2026-09-18T07:56:55.5007696Z   ✓   30 [chromium] › tests/full-review.spec.ts:8:3 › Full screen tag-pagination-3 (4.3s)
shsh-check	Verify theme, migrated output and browser behavior	2026-09-18T07:56:58.9543641Z   ✓   31 [chromium] › tests/full-review.spec.ts:8:3 › Full screen category-pagination (5.0s)
shsh-check	Verify theme, migrated output and browser behavior	2026-09-18T07:57:00.1123578Z   ✓   32 [chromium] › tests/full-review.spec.ts:8:3 › Full screen category-pagination-2 (4.6s)
shsh-check	Verify theme, migrated output and browser behavior	2026-09-18T07:57:03.1149480Z   ✓   33 [chromium] › tests/full-review.spec.ts:8:3 › Full screen category-pagination-3 (4.1s)
shsh-check	Verify theme, migrated output and browser behavior	2026-09-18T07:57:11.4496421Z   ✓   35 [chromium] › tests/full-review.spec.ts:8:3 › Full screen article-hugo (8.3s)
shsh-check	Verify theme, migrated output and browser behavior	2026-09-18T07:57:15.9258282Z   ✓   36 [chromium] › tests/full-review.spec.ts:8:3 › Full screen article-diary (4.5s)
shsh-check	Verify theme, migrated output and browser behavior	2026-09-18T07:57:20.6094265Z   ✓   37 [chromium] › tests/full-review.spec.ts:8:3 › Full screen article-bgm (4.7s)
shsh-check	Verify theme, migrated output and browser behavior	2026-09-18T07:57:22.4815287Z   ✓   34 [chromium] › tests/full-review.spec.ts:8:3 › Full screen article (22.4s)
shsh-check	Verify theme, migrated output and browser behavior	2026-09-18T07:57:26.9882304Z   ✓   38 [chromium] › tests/full-review.spec.ts:8:3 › Full screen article-pasmo (6.4s)
shsh-check	Verify theme, migrated output and browser behavior	2026-09-18T07:57:31.8332317Z   ✓   40 [chromium] › tests/full-review.spec.ts:8:3 › Full screen archives (4.8s)
shsh-check	Verify theme, migrated output and browser behavior	2026-09-18T07:57:35.5957821Z   ✓   41 [chromium] › tests/full-review.spec.ts:8:3 › Full screen 404 (3.8s)
shsh-check	Verify theme, migrated output and browser behavior	2026-09-18T07:57:36.6746870Z   ✓   39 [chromium] › tests/full-review.spec.ts:8:3 › Full screen about (14.2s)
shsh-check	Verify theme, migrated output and browser behavior	2026-09-18T07:57:39.5676038Z   ✓   42 [chromium] › tests/full-review.spec.ts:8:3 › Full screen empty (4.0s)
shsh-check	Verify theme, migrated output and browser behavior	2026-09-18T07:57:40.8011226Z   ✓   43 [chromium] › tests/full-review.spec.ts:8:3 › Full screen single-item (4.1s)
shsh-check	Verify theme, migrated output and browser behavior	2026-09-18T07:57:41.7924305Z   ✓   45 [chromium] › tests/media.spec.ts:10:1 › responsive candidates, originals, dimensions, loading and figure semantics (956ms)
shsh-check	Verify theme, migrated output and browser behavior	2026-09-18T07:57:43.9836700Z   ✓   44 [chromium] › tests/full-review.spec.ts:136:1 › discovery semantics, keyboard, fixed pages and JavaScript-disabled navigation (4.4s)
shsh-check	Verify theme, migrated output and browser behavior	2026-09-18T07:57:44.7158972Z   ✓   46 [chromium] › tests/media.spec.ts:88:1 › WebP preserves PNG pixels and transparency at each generated width (2.9s)
shsh-check	Verify theme, migrated output and browser behavior	2026-09-18T07:57:45.3557054Z   ✓   48 [chromium] › tests/media.spec.ts:193:1 › DPR chooses fitting candidates and JavaScript-free media remain usable (622ms)
shsh-check	Verify theme, migrated output and browser behavior	2026-09-18T07:57:45.4433117Z   ✓   49 [chromium] › tests/metadata.spec.ts:52:1 › RSS uses all ordered articles, plain common summaries and stable document GUIDs (73ms)
shsh-check	Verify theme, migrated output and browser behavior	2026-09-18T07:57:45.5387796Z   ✓   50 [chromium] › tests/metadata.spec.ts:79:1 › taxonomy feeds contain term pages, term feeds filter posts, empty feeds have no fake dates (84ms)
shsh-check	Verify theme, migrated output and browser behavior	2026-09-18T07:57:45.6995142Z   ✓   51 [chromium] › tests/metadata.spec.ts:109:1 › canonical and discovery URLs follow the active pager and build baseURL (148ms)
shsh-check	Verify theme, migrated output and browser behavior	2026-09-18T07:57:45.8328740Z   ✓   52 [chromium] › tests/metadata.spec.ts:135:1 › description, dates and JSON-LD preserve page roles and safe text (118ms)
shsh-check	Verify theme, migrated output and browser behavior	2026-09-18T07:57:45.9725391Z   ✓   53 [chromium] › tests/metadata.spec.ts:170:1 › SNS images use cover, global assets/static/external defaults or none, never body images (127ms)
shsh-check	Verify theme, migrated output and browser behavior	2026-09-18T07:57:46.1554620Z   ✓   54 [chromium] › tests/metadata.spec.ts:193:1 › all XML parses, sitemap and robots follow production and preview (173ms)
shsh-check	Verify theme, migrated output and browser behavior	2026-09-18T07:57:48.6672379Z   ✓   55 [chromium] › tests/migration.spec.ts:36:3 › All migrated outputs: production (2.5s)
shsh-check	Verify theme, migrated output and browser behavior	2026-09-18T07:57:49.4371518Z   ✓   56 [chromium] › tests/migration.spec.ts:36:3 › All migrated outputs: preview (756ms)
shsh-check	Verify theme, migrated output and browser behavior	2026-09-18T07:57:50.0306201Z   ✓   47 [chromium] › tests/media.spec.ts:151:1 › media geometry matches mock, small images stay small, both colors remain accessible (6.0s)
shsh-check	Verify theme, migrated output and browser behavior	2026-09-18T07:57:50.1742462Z   ✓   57 [chromium] › tests/prose.spec.ts:18:1 › copy preserves code with Japanese, inline/table numbers, unknown language and no label (717ms)
shsh-check	Verify theme, migrated output and browser behavior	2026-09-18T07:57:50.4943816Z   ✓   58 [chromium] › tests/prose.spec.ts:46:1 › failed copy announces manual fallback, permits retry, and resets success after three seconds (445ms)
shsh-check	Verify theme, migrated output and browser behavior	2026-09-18T07:57:50.8815283Z   ✓   59 [chromium] › tests/prose.spec.ts:73:1 › keyboard reveals copy and Escape returns focus to selectable code (691ms)
shsh-check	Verify theme, migrated output and browser behavior	2026-09-18T07:57:51.0499568Z   ✓   60 [chromium] › tests/prose.spec.ts:94:1 › touch reveals copy, outside tap and horizontal scroll dismiss it (541ms)
shsh-check	Verify theme, migrated output and browser behavior	2026-09-18T07:57:51.5565698Z   ✓   61 [chromium] › tests/prose.spec.ts:115:1 › the first tap on a revealed copy button copies exactly once (661ms)
shsh-check	Verify theme, migrated output and browser behavior	2026-09-18T07:57:55.2303405Z   ✓   63 [chromium] › tests/prose.spec.ts:254:1 › full real article preserves mock prose layout in both palettes and widths (3.7s)
shsh-check	Verify theme, migrated output and browser behavior	2026-09-18T07:57:57.9320703Z   ✓   62 [chromium] › tests/prose.spec.ts:159:1 › prose matches mock type and spacing; footnotes, headings, dates and JS-free reading work (6.9s)
shsh-check	Verify theme, migrated output and browser behavior	2026-09-18T07:58:00.4462735Z   ✓   64 [chromium] › tests/review.spec.ts:69:3 › Representative home comparison, both widths/colors and text enlargement (5.2s)
shsh-check	Verify theme, migrated output and browser behavior	2026-09-18T07:58:02.9277466Z   ✓   65 [chromium] › tests/review.spec.ts:69:3 › Representative posts comparison, both widths/colors and text enlargement (5.0s)
shsh-check	Verify theme, migrated output and browser behavior	2026-09-18T07:58:16.6984479Z   ✓   67 [chromium] › tests/review.spec.ts:69:3 › Representative specimen comparison, both widths/colors and text enlargement (13.8s)
shsh-check	Verify theme, migrated output and browser behavior	2026-09-18T07:58:18.5607411Z   ✓   68 [chromium] › tests/sharing.spec.ts:14:1 › shared document URLs, encoded titles, service order and keyboard navigation (1.8s)
shsh-check	Verify theme, migrated output and browser behavior	2026-09-18T07:58:19.3043899Z   ✓   69 [chromium] › tests/sharing.spec.ts:59:1 › failed star download preserves reading and share links and announces failure (735ms)
shsh-check	Verify theme, migrated output and browser behavior	2026-09-18T07:58:19.7462079Z   ✓   70 [chromium] › tests/sharing.spec.ts:72:1 › preview cannot share or load stars; JS-free production retains ordinary links (430ms)
shsh-check	Verify theme, migrated output and browser behavior	2026-09-18T07:58:21.1678982Z   ✓   71 [chromium] › tests/sharing.spec.ts:103:1 › sharing retains mock geometry and icon styling at both widths and palettes (1.4s)
shsh-check	Verify theme, migrated output and browser behavior	2026-09-18T07:58:23.2573584Z   ✓   66 [chromium] › tests/review.spec.ts:69:3 › Representative article comparison, both widths/colors and text enlargement (22.8s)
shsh-check	Verify theme, migrated output and browser behavior	2026-09-18T07:58:24.4465618Z   ✓   72 [chromium] › tests/site.spec.ts:9:3 › Migrated site production: all embed positions, URLs and publication controls (3.3s)
shsh-check	Verify theme, migrated output and browser behavior	2026-09-18T07:58:25.0348428Z   ✓   74 [chromium] › tests/site.spec.ts:99:1 › real video reserves its intrinsic ratio before loading; native playback dimensions agree (575ms)
shsh-check	Verify theme, migrated output and browser behavior	2026-09-18T07:58:25.2654974Z   ✓   75 [chromium] › tests/theme.spec.ts:4:1 › saved pref-theme is applied before styles load (212ms)
shsh-check	Verify theme, migrated output and browser behavior	2026-09-18T07:58:25.7278953Z   ✓   76 [chromium] › tests/theme.spec.ts:25:1 › OS follows until a keyboard choice, persists and ignores mock query parameters (451ms)
shsh-check	Verify theme, migrated output and browser behavior	2026-09-18T07:58:25.9780643Z   ✓   77 [chromium] › tests/theme.spec.ts:53:1 › invalid and unavailable storage retain OS fallback and allow a page-local choice (236ms)
shsh-check	Verify theme, migrated output and browser behavior	2026-09-18T07:58:26.1609819Z   ✓   78 [chromium] › tests/theme.spec.ts:78:1 › invalid saved value uses OS preference (170ms)
shsh-check	Verify theme, migrated output and browser behavior	2026-09-18T07:58:26.4882098Z   ✓   79 [chromium] › tests/theme.spec.ts:85:1 › without JavaScript both OS palettes, navigation and subscription remain usable (314ms)
shsh-check	Verify theme, migrated output and browser behavior	2026-09-18T07:58:26.8372060Z   ✓   73 [chromium] › tests/site.spec.ts:9:3 › Migrated site preview: all embed positions, URLs and publication controls (3.6s)
shsh-check	Verify theme, migrated output and browser behavior	2026-09-18T07:58:28.0877969Z   ✓   81 [chromium] › tests/tooling.spec.ts:5:1 › Hugo formatting preserves inline spaces, attributes, render hooks and compiled assets (1.2s)
shsh-check	Verify theme, migrated output and browser behavior	2026-09-18T07:58:29.8129986Z   ✓   80 [chromium] › tests/theme.spec.ts:102:1 › shared shell keeps mock dimensions at desktop and mobile widths in both palettes (3.3s)
shsh-check	Verify theme, migrated output and browser behavior	2026-09-18T07:58:32.6763675Z   ✓   82 [firefox] › tests/collections.spec.ts:4:1 › home and section pagination retain newer-left/older-right and first-page introduction (3.2s)
shsh-check	Verify theme, migrated output and browser behavior	2026-09-18T07:58:33.5949231Z   ✓   84 [firefox] › tests/collections.spec.ts:91:1 › pagination and whole-card links work without JavaScript (903ms)
shsh-check	Verify theme, migrated output and browser behavior	2026-09-18T07:58:40.8788665Z   ✓   85 [firefox] › tests/full-review.spec.ts:8:3 › Full screen home (7.2s)
shsh-check	Verify theme, migrated output and browser behavior	2026-09-18T07:58:42.9735029Z   ✓   83 [firefox] › tests/collections.spec.ts:29:1 › list text, separators and pager preserve frozen mock styles in both widths and palettes (11.8s)
shsh-check	Verify theme, migrated output and browser behavior	2026-09-18T07:58:47.6919709Z   ✓   86 [firefox] › tests/full-review.spec.ts:8:3 › Full screen home-2 (6.8s)
shsh-check	Verify theme, migrated output and browser behavior	2026-09-18T07:58:49.5076758Z   ✓   87 [firefox] › tests/full-review.spec.ts:8:3 › Full screen home-3 (6.5s)
shsh-check	Verify theme, migrated output and browser behavior	2026-09-18T07:58:54.4801283Z   ✓   88 [firefox] › tests/full-review.spec.ts:8:3 › Full screen posts (6.8s)
shsh-check	Verify theme, migrated output and browser behavior	2026-09-18T07:58:56.0546055Z   ✓   89 [firefox] › tests/full-review.spec.ts:8:3 › Full screen posts-2 (6.5s)
shsh-check	Verify theme, migrated output and browser behavior	2026-09-18T07:59:02.6818978Z   ✓   91 [firefox] › tests/full-review.spec.ts:8:3 › Full screen tags (6.6s)
shsh-check	Verify theme, migrated output and browser behavior	2026-09-18T07:59:02.8784477Z   ✓   90 [firefox] › tests/full-review.spec.ts:8:3 › Full screen posts-3 (8.4s)
shsh-check	Verify theme, migrated output and browser behavior	2026-09-18T07:59:08.7049598Z   ✓   92 [firefox] › tests/full-review.spec.ts:8:3 › Full screen tags-empty (6.0s)
shsh-check	Verify theme, migrated output and browser behavior	2026-09-18T07:59:09.3221537Z   ✓   93 [firefox] › tests/full-review.spec.ts:8:3 › Full screen tag-1 (6.4s)
shsh-check	Verify theme, migrated output and browser behavior	2026-09-18T07:59:15.5978534Z   ✓   95 [firefox] › tests/full-review.spec.ts:8:3 › Full screen tag-3 (6.3s)
shsh-check	Verify theme, migrated output and browser behavior	2026-09-18T07:59:17.3285600Z   ✓   94 [firefox] › tests/full-review.spec.ts:8:3 › Full screen tag-2 (8.6s)
shsh-check	Verify theme, migrated output and browser behavior	2026-09-18T07:59:22.1063727Z   ✓   96 [firefox] › tests/full-review.spec.ts:8:3 › Full screen tag-4 (6.5s)
shsh-check	Verify theme, migrated output and browser behavior	2026-09-18T07:59:23.6622656Z   ✓   97 [firefox] › tests/full-review.spec.ts:8:3 › Full screen tag-5 (6.3s)
shsh-check	Verify theme, migrated output and browser behavior	2026-09-18T07:59:28.3344142Z   ✓   98 [firefox] › tests/full-review.spec.ts:8:3 › Full screen tag-6 (6.2s)
shsh-check	Verify theme, migrated output and browser behavior	2026-09-18T07:59:30.2271816Z   ✓   99 [firefox] › tests/full-review.spec.ts:8:3 › Full screen tag-7 (6.5s)
shsh-check	Verify theme, migrated output and browser behavior	2026-09-18T07:59:36.4300022Z   ✓  101 [firefox] › tests/full-review.spec.ts:8:3 › Full screen tag-9 (6.2s)
shsh-check	Verify theme, migrated output and browser behavior	2026-09-18T07:59:37.4280333Z   ✓  100 [firefox] › tests/full-review.spec.ts:8:3 › Full screen tag-8 (9.1s)
shsh-check	Verify theme, migrated output and browser behavior	2026-09-18T07:59:42.8221555Z   ✓  102 [firefox] › tests/full-review.spec.ts:8:3 › Full screen tag-10 (6.4s)
shsh-check	Verify theme, migrated output and browser behavior	2026-09-18T07:59:43.8078882Z   ✓  103 [firefox] › tests/full-review.spec.ts:8:3 › Full screen tag-11 (6.4s)
shsh-check	Verify theme, migrated output and browser behavior	2026-09-18T07:59:49.5874586Z   ✓  105 [firefox] › tests/full-review.spec.ts:8:3 › Full screen categories-empty (5.8s)
shsh-check	Verify theme, migrated output and browser behavior	2026-09-18T07:59:51.6509884Z   ✓  104 [firefox] › tests/full-review.spec.ts:8:3 › Full screen categories (8.8s)
shsh-check	Verify theme, migrated output and browser behavior	2026-09-18T07:59:56.1243447Z   ✓  106 [firefox] › tests/full-review.spec.ts:8:3 › Full screen category-1 (6.5s)
shsh-check	Verify theme, migrated output and browser behavior	2026-09-18T07:59:58.1820418Z   ✓  107 [firefox] › tests/full-review.spec.ts:8:3 › Full screen category-2 (6.5s)
shsh-check	Verify theme, migrated output and browser behavior	2026-09-18T08:00:02.4733245Z   ✓  108 [firefox] › tests/full-review.spec.ts:8:3 › Full screen category-2-2 (6.3s)
shsh-check	Verify theme, migrated output and browser behavior	2026-09-18T08:00:04.9456769Z   ✓  109 [firefox] › tests/full-review.spec.ts:8:3 › Full screen tag-pagination (6.7s)
shsh-check	Verify theme, migrated output and browser behavior	2026-09-18T08:00:11.2407527Z   ✓  110 [firefox] › tests/full-review.spec.ts:8:3 › Full screen tag-pagination-2 (8.7s)
shsh-check	Verify theme, migrated output and browser behavior	2026-09-18T08:00:11.3066126Z   ✓  111 [firefox] › tests/full-review.spec.ts:8:3 › Full screen tag-pagination-3 (6.3s)
shsh-check	Verify theme, migrated output and browser behavior	2026-09-18T08:00:17.8834868Z   ✓  113 [firefox] › tests/full-review.spec.ts:8:3 › Full screen category-pagination-2 (6.6s)
shsh-check	Verify theme, migrated output and browser behavior	2026-09-18T08:00:17.9566410Z   ✓  112 [firefox] › tests/full-review.spec.ts:8:3 › Full screen category-pagination (6.7s)
shsh-check	Verify theme, migrated output and browser behavior	2026-09-18T08:00:26.9792524Z   ✓  114 [firefox] › tests/full-review.spec.ts:8:3 › Full screen category-pagination-3 (9.1s)
shsh-check	Verify theme, migrated output and browser behavior	2026-09-18T08:00:36.9335934Z   ✓  116 [firefox] › tests/full-review.spec.ts:8:3 › Full screen article-hugo (9.9s)
shsh-check	Verify theme, migrated output and browser behavior	2026-09-18T08:00:37.2332432Z   ✓  115 [firefox] › tests/full-review.spec.ts:8:3 › Full screen article (19.2s)
shsh-check	Verify theme, migrated output and browser behavior	2026-09-18T08:00:43.8633044Z   ✓  117 [firefox] › tests/full-review.spec.ts:8:3 › Full screen article-diary (6.9s)
shsh-check	Verify theme, migrated output and browser behavior	2026-09-18T08:00:44.6726381Z   ✓  118 [firefox] › tests/full-review.spec.ts:8:3 › Full screen article-bgm (7.4s)
shsh-check	Verify theme, migrated output and browser behavior	2026-09-18T08:00:51.2994991Z   ✓  119 [firefox] › tests/full-review.spec.ts:8:3 › Full screen article-pasmo (7.4s)
shsh-check	Verify theme, migrated output and browser behavior	2026-09-18T08:00:57.8101070Z   ✓  120 [firefox] › tests/full-review.spec.ts:8:3 › Full screen about (13.1s)
shsh-check	Verify theme, migrated output and browser behavior	2026-09-18T08:00:58.2115606Z   ✓  121 [firefox] › tests/full-review.spec.ts:8:3 › Full screen archives (6.9s)
shsh-check	Verify theme, migrated output and browser behavior	2026-09-18T08:01:04.8912359Z   ✓  122 [firefox] › tests/full-review.spec.ts:8:3 › Full screen 404 (7.1s)
shsh-check	Verify theme, migrated output and browser behavior	2026-09-18T08:01:06.7573858Z   ✓  123 [firefox] › tests/full-review.spec.ts:8:3 › Full screen empty (8.5s)
shsh-check	Verify theme, migrated output and browser behavior	2026-09-18T08:01:11.4094562Z   ✓  124 [firefox] › tests/full-review.spec.ts:8:3 › Full screen single-item (6.5s)
shsh-check	Verify theme, migrated output and browser behavior	2026-09-18T08:01:13.0783914Z   ✓  126 [firefox] › tests/media.spec.ts:10:1 › responsive candidates, originals, dimensions, loading and figure semantics (1.6s)
shsh-check	Verify theme, migrated output and browser behavior	2026-09-18T08:01:14.3131514Z   ✓  125 [firefox] › tests/full-review.spec.ts:136:1 › discovery semantics, keyboard, fixed pages and JavaScript-disabled navigation (7.5s)
shsh-check	Verify theme, migrated output and browser behavior	2026-09-18T08:01:15.7687674Z   ✓  127 [firefox] › tests/media.spec.ts:88:1 › WebP preserves PNG pixels and transparency at each generated width (2.7s)
shsh-check	Verify theme, migrated output and browser behavior	2026-09-18T08:01:17.4329127Z   ✓  129 [firefox] › tests/media.spec.ts:193:1 › DPR chooses fitting candidates and JavaScript-free media remain usable (1.6s)
shsh-check	Verify theme, migrated output and browser behavior	2026-09-18T08:01:17.7815565Z   ✓  130 [firefox] › tests/metadata.spec.ts:52:1 › RSS uses all ordered articles, plain common summaries and stable document GUIDs (330ms)
shsh-check	Verify theme, migrated output and browser behavior	2026-09-18T08:01:18.1837891Z   ✓  131 [firefox] › tests/metadata.spec.ts:79:1 › taxonomy feeds contain term pages, term feeds filter posts, empty feeds have no fake dates (388ms)
shsh-check	Verify theme, migrated output and browser behavior	2026-09-18T08:01:20.2778310Z   ✓  132 [firefox] › tests/metadata.spec.ts:109:1 › canonical and discovery URLs follow the active pager and build baseURL (2.1s)
shsh-check	Verify theme, migrated output and browser behavior	2026-09-18T08:01:20.6506050Z   ✓  133 [firefox] › tests/metadata.spec.ts:135:1 › description, dates and JSON-LD preserve page roles and safe text (360ms)
shsh-check	Verify theme, migrated output and browser behavior	2026-09-18T08:01:21.0252919Z   ✓  134 [firefox] › tests/metadata.spec.ts:170:1 › SNS images use cover, global assets/static/external defaults or none, never body images (350ms)
shsh-check	Verify theme, migrated output and browser behavior	2026-09-18T08:01:21.4778391Z   ✓  135 [firefox] › tests/metadata.spec.ts:193:1 › all XML parses, sitemap and robots follow production and preview (434ms)
shsh-check	Verify theme, migrated output and browser behavior	2026-09-18T08:01:21.9532394Z   ✓  128 [firefox] › tests/media.spec.ts:151:1 › media geometry matches mock, small images stay small, both colors remain accessible (7.6s)
shsh-check	Verify theme, migrated output and browser behavior	2026-09-18T08:01:22.8927109Z   ✓  137 [firefox] › tests/migration.spec.ts:36:3 › All migrated outputs: preview (900ms)
shsh-check	Verify theme, migrated output and browser behavior	2026-09-18T08:01:24.0453200Z   ✓  138 [firefox] › tests/prose.spec.ts:18:1 › copy preserves code with Japanese, inline/table numbers, unknown language and no label (1.1s)
shsh-check	Verify theme, migrated output and browser behavior	2026-09-18T08:01:24.2834628Z   ✓  136 [firefox] › tests/migration.spec.ts:36:3 › All migrated outputs: production (2.8s)
shsh-check	Verify theme, migrated output and browser behavior	2026-09-18T08:01:24.8159175Z   ✓  139 [firefox] › tests/prose.spec.ts:46:1 › failed copy announces manual fallback, permits retry, and resets success after three seconds (756ms)
shsh-check	Verify theme, migrated output and browser behavior	2026-09-18T08:01:25.4078521Z   ✓  140 [firefox] › tests/prose.spec.ts:73:1 › keyboard reveals copy and Escape returns focus to selectable code (1.1s)
shsh-check	Verify theme, migrated output and browser behavior	2026-09-18T08:01:26.0031500Z   ✓  141 [firefox] › tests/prose.spec.ts:94:1 › touch reveals copy, outside tap and horizontal scroll dismiss it (1.2s)
shsh-check	Verify theme, migrated output and browser behavior	2026-09-18T08:01:26.6312006Z   ✓  142 [firefox] › tests/prose.spec.ts:115:1 › the first tap on a revealed copy button copies exactly once (1.2s)
shsh-check	Verify theme, migrated output and browser behavior	2026-09-18T08:01:30.1223880Z   ✓  144 [firefox] › tests/prose.spec.ts:254:1 › full real article preserves mock prose layout in both palettes and widths (3.5s)
shsh-check	Verify theme, migrated output and browser behavior	2026-09-18T08:01:38.3893845Z   ✓  145 [firefox] › tests/review.spec.ts:69:3 › Representative home comparison, both widths/colors and text enlargement (8.2s)
shsh-check	Verify theme, migrated output and browser behavior	2026-09-18T08:01:38.9741412Z   ✓  143 [firefox] › tests/prose.spec.ts:159:1 › prose matches mock type and spacing; footnotes, headings, dates and JS-free reading work (12.9s)
shsh-check	Verify theme, migrated output and browser behavior	2026-09-18T08:01:44.9689988Z   ✓  146 [firefox] › tests/review.spec.ts:69:3 › Representative posts comparison, both widths/colors and text enlargement (6.6s)
shsh-check	Verify theme, migrated output and browser behavior	2026-09-18T08:01:58.1820237Z   ✓  147 [firefox] › tests/review.spec.ts:69:3 › Representative article comparison, both widths/colors and text enlargement (19.2s)
shsh-check	Verify theme, migrated output and browser behavior	2026-09-18T08:01:59.0474300Z   ✓  148 [firefox] › tests/review.spec.ts:69:3 › Representative specimen comparison, both widths/colors and text enlargement (14.1s)
shsh-check	Verify theme, migrated output and browser behavior	2026-09-18T08:02:00.3570708Z   ✓  150 [firefox] › tests/sharing.spec.ts:59:1 › failed star download preserves reading and share links and announces failure (1.3s)
shsh-check	Verify theme, migrated output and browser behavior	2026-09-18T08:02:01.3592811Z   ✓  151 [firefox] › tests/sharing.spec.ts:72:1 › preview cannot share or load stars; JS-free production retains ordinary links (990ms)
shsh-check	Verify theme, migrated output and browser behavior	2026-09-18T08:02:01.3852249Z   ✓  149 [firefox] › tests/sharing.spec.ts:14:1 › shared document URLs, encoded titles, service order and keyboard navigation (3.2s)
shsh-check	Verify theme, migrated output and browser behavior	2026-09-18T08:02:04.0189505Z   ✓  152 [firefox] › tests/sharing.spec.ts:103:1 › sharing retains mock geometry and icon styling at both widths and palettes (2.6s)
shsh-check	Verify theme, migrated output and browser behavior	2026-09-18T08:02:07.2322619Z   ✓  153 [firefox] › tests/site.spec.ts:9:3 › Migrated site production: all embed positions, URLs and publication controls (5.8s)
shsh-check	Verify theme, migrated output and browser behavior	2026-09-18T08:02:08.4392173Z   ✓  155 [firefox] › tests/site.spec.ts:99:1 › real video reserves its intrinsic ratio before loading; native playback dimensions agree (1.2s)
shsh-check	Verify theme, migrated output and browser behavior	2026-09-18T08:02:09.0246388Z   ✓  156 [firefox] › tests/theme.spec.ts:4:1 › saved pref-theme is applied before styles load (564ms)
shsh-check	Verify theme, migrated output and browser behavior	2026-09-18T08:02:09.7208087Z   ✓  154 [firefox] › tests/site.spec.ts:9:3 › Migrated site preview: all embed positions, URLs and publication controls (5.7s)
shsh-check	Verify theme, migrated output and browser behavior	2026-09-18T08:02:09.8512953Z   ✓  157 [firefox] › tests/theme.spec.ts:25:1 › OS follows until a keyboard choice, persists and ignores mock query parameters (809ms)
shsh-check	Verify theme, migrated output and browser behavior	2026-09-18T08:02:10.3002132Z   ✓  159 [firefox] › tests/theme.spec.ts:78:1 › invalid saved value uses OS preference (434ms)
shsh-check	Verify theme, migrated output and browser behavior	2026-09-18T08:02:11.7026018Z   ✓  158 [firefox] › tests/theme.spec.ts:53:1 › invalid and unavailable storage retain OS fallback and allow a page-local choice (2.0s)
shsh-check	Verify theme, migrated output and browser behavior	2026-09-18T08:02:12.0391056Z   ✓  160 [firefox] › tests/theme.spec.ts:85:1 › without JavaScript both OS palettes, navigation and subscription remain usable (1.7s)
shsh-check	Verify theme, migrated output and browser behavior	2026-09-18T08:02:14.2474262Z   ✓  162 [firefox] › tests/tooling.spec.ts:5:1 › Hugo formatting preserves inline spaces, attributes, render hooks and compiled assets (2.2s)
shsh-check	Verify theme, migrated output and browser behavior	2026-09-18T08:02:17.1769371Z   ✓  161 [firefox] › tests/theme.spec.ts:102:1 › shared shell keeps mock dimensions at desktop and mobile widths in both palettes (5.5s)
shsh-check	Verify theme, migrated output and browser behavior	2026-09-18T08:02:19.8129856Z   ✓  163 [webkit] › tests/collections.spec.ts:4:1 › home and section pagination retain newer-left/older-right and first-page introduction (3.9s)
shsh-check	Verify theme, migrated output and browser behavior	2026-09-18T08:02:20.7331373Z   ✓  165 [webkit] › tests/collections.spec.ts:91:1 › pagination and whole-card links work without JavaScript (907ms)
shsh-check	Verify theme, migrated output and browser behavior	2026-09-18T08:02:26.8672950Z   ✓  164 [webkit] › tests/collections.spec.ts:29:1 › list text, separators and pager preserve frozen mock styles in both widths and palettes (8.8s)
shsh-check	Verify theme, migrated output and browser behavior	2026-09-18T08:02:28.1222709Z   ✓  166 [webkit] › tests/full-review.spec.ts:8:3 › Full screen home (7.3s)
shsh-check	Verify theme, migrated output and browser behavior	2026-09-18T08:02:33.5530804Z   ✓  167 [webkit] › tests/full-review.spec.ts:8:3 › Full screen home-2 (6.6s)
shsh-check	Verify theme, migrated output and browser behavior	2026-09-18T08:02:34.4436922Z   ✓  168 [webkit] › tests/full-review.spec.ts:8:3 › Full screen home-3 (6.3s)
shsh-check	Verify theme, migrated output and browser behavior	2026-09-18T08:02:40.2705485Z   ✓  169 [webkit] › tests/full-review.spec.ts:8:3 › Full screen posts (6.7s)
shsh-check	Verify theme, migrated output and browser behavior	2026-09-18T08:02:41.1509460Z   ✓  170 [webkit] › tests/full-review.spec.ts:8:3 › Full screen posts-2 (6.7s)
shsh-check	Verify theme, migrated output and browser behavior	2026-09-18T08:02:46.6017364Z   ✓  171 [webkit] › tests/full-review.spec.ts:8:3 › Full screen posts-3 (6.3s)
shsh-check	Verify theme, migrated output and browser behavior	2026-09-18T08:02:47.6084013Z   ✓  172 [webkit] › tests/full-review.spec.ts:8:3 › Full screen tags (6.4s)
shsh-check	Verify theme, migrated output and browser behavior	2026-09-18T08:02:52.4297132Z   ✓  173 [webkit] › tests/full-review.spec.ts:8:3 › Full screen tags-empty (5.8s)
shsh-check	Verify theme, migrated output and browser behavior	2026-09-18T08:02:54.3597243Z   ✓  174 [webkit] › tests/full-review.spec.ts:8:3 › Full screen tag-1 (6.7s)
shsh-check	Verify theme, migrated output and browser behavior	2026-09-18T08:02:58.6304903Z   ✓  175 [webkit] › tests/full-review.spec.ts:8:3 › Full screen tag-2 (6.2s)
shsh-check	Verify theme, migrated output and browser behavior	2026-09-18T08:03:00.8629003Z   ✓  176 [webkit] › tests/full-review.spec.ts:8:3 › Full screen tag-3 (6.5s)
shsh-check	Verify theme, migrated output and browser behavior	2026-09-18T08:03:05.0386894Z   ✓  177 [webkit] › tests/full-review.spec.ts:8:3 › Full screen tag-4 (6.4s)
shsh-check	Verify theme, migrated output and browser behavior	2026-09-18T08:03:07.4194443Z   ✓  178 [webkit] › tests/full-review.spec.ts:8:3 › Full screen tag-5 (6.5s)
shsh-check	Verify theme, migrated output and browser behavior	2026-09-18T08:03:11.4448293Z   ✓  179 [webkit] › tests/full-review.spec.ts:8:3 › Full screen tag-6 (6.4s)
shsh-check	Verify theme, migrated output and browser behavior	2026-09-18T08:03:13.9234006Z   ✓  180 [webkit] › tests/full-review.spec.ts:8:3 › Full screen tag-7 (6.5s)
shsh-check	Verify theme, migrated output and browser behavior	2026-09-18T08:03:17.9589983Z   ✓  181 [webkit] › tests/full-review.spec.ts:8:3 › Full screen tag-8 (6.5s)
shsh-check	Verify theme, migrated output and browser behavior	2026-09-18T08:03:20.1802397Z   ✓  182 [webkit] › tests/full-review.spec.ts:8:3 › Full screen tag-9 (6.2s)
shsh-check	Verify theme, migrated output and browser behavior	2026-09-18T08:03:24.6394757Z   ✓  183 [webkit] › tests/full-review.spec.ts:8:3 › Full screen tag-10 (6.7s)
shsh-check	Verify theme, migrated output and browser behavior	2026-09-18T08:03:26.8662276Z   ✓  184 [webkit] › tests/full-review.spec.ts:8:3 › Full screen tag-11 (6.7s)
shsh-check	Verify theme, migrated output and browser behavior	2026-09-18T08:03:30.6110259Z   ✓  185 [webkit] › tests/full-review.spec.ts:8:3 › Full screen categories (6.0s)
shsh-check	Verify theme, migrated output and browser behavior	2026-09-18T08:03:32.7718351Z   ✓  186 [webkit] › tests/full-review.spec.ts:8:3 › Full screen categories-empty (5.9s)
shsh-check	Verify theme, migrated output and browser behavior	2026-09-18T08:03:37.2731235Z   ✓  187 [webkit] › tests/full-review.spec.ts:8:3 › Full screen category-1 (6.6s)
shsh-check	Verify theme, migrated output and browser behavior	2026-09-18T08:03:39.2963953Z   ✓  188 [webkit] › tests/full-review.spec.ts:8:3 › Full screen category-2 (6.5s)
shsh-check	Verify theme, migrated output and browser behavior	2026-09-18T08:03:43.6494230Z   ✓  189 [webkit] › tests/full-review.spec.ts:8:3 › Full screen category-2-2 (6.4s)
shsh-check	Verify theme, migrated output and browser behavior	2026-09-18T08:03:46.2145453Z   ✓  190 [webkit] › tests/full-review.spec.ts:8:3 › Full screen tag-pagination (6.9s)
shsh-check	Verify theme, migrated output and browser behavior	2026-09-18T08:03:50.2448049Z   ✓  191 [webkit] › tests/full-review.spec.ts:8:3 › Full screen tag-pagination-2 (6.6s)
shsh-check	Verify theme, migrated output and browser behavior	2026-09-18T08:03:52.7574126Z   ✓  192 [webkit] › tests/full-review.spec.ts:8:3 › Full screen tag-pagination-3 (6.5s)
shsh-check	Verify theme, migrated output and browser behavior	2026-09-18T08:03:57.0869493Z   ✓  193 [webkit] › tests/full-review.spec.ts:8:3 › Full screen category-pagination (6.8s)
shsh-check	Verify theme, migrated output and browser behavior	2026-09-18T08:03:59.3699606Z   ✓  194 [webkit] › tests/full-review.spec.ts:8:3 › Full screen category-pagination-2 (6.6s)
shsh-check	Verify theme, migrated output and browser behavior	2026-09-18T08:04:03.2661906Z   ✓  195 [webkit] › tests/full-review.spec.ts:8:3 › Full screen category-pagination-3 (6.2s)
shsh-check	Verify theme, migrated output and browser behavior	2026-09-18T08:04:13.1476569Z   ✓  197 [webkit] › tests/full-review.spec.ts:8:3 › Full screen article-hugo (9.9s)
shsh-check	Verify theme, migrated output and browser behavior	2026-09-18T08:04:18.3610122Z   ✓  196 [webkit] › tests/full-review.spec.ts:8:3 › Full screen article (19.0s)
shsh-check	Verify theme, migrated output and browser behavior	2026-09-18T08:04:19.3215148Z   ✓  198 [webkit] › tests/full-review.spec.ts:8:3 › Full screen article-diary (6.2s)
shsh-check	Verify theme, migrated output and browser behavior	2026-09-18T08:04:24.8793287Z   ✓  199 [webkit] › tests/full-review.spec.ts:8:3 › Full screen article-bgm (6.5s)
shsh-check	Verify theme, migrated output and browser behavior	2026-09-18T08:04:26.1383872Z   ✓  200 [webkit] › tests/full-review.spec.ts:8:3 › Full screen article-pasmo (6.8s)
shsh-check	Verify theme, migrated output and browser behavior	2026-09-18T08:04:32.5202383Z   ✓  202 [webkit] › tests/full-review.spec.ts:8:3 › Full screen archives (6.4s)
shsh-check	Verify theme, migrated output and browser behavior	2026-09-18T08:04:36.6324393Z   ✓  201 [webkit] › tests/full-review.spec.ts:8:3 › Full screen about (11.7s)
shsh-check	Verify theme, migrated output and browser behavior	2026-09-18T08:04:38.0079667Z   ✓  203 [webkit] › tests/full-review.spec.ts:8:3 › Full screen 404 (5.5s)
shsh-check	Verify theme, migrated output and browser behavior	2026-09-18T08:04:42.2395984Z   ✓  204 [webkit] › tests/full-review.spec.ts:8:3 › Full screen empty (5.6s)
shsh-check	Verify theme, migrated output and browser behavior	2026-09-18T08:04:43.7992523Z   ✓  205 [webkit] › tests/full-review.spec.ts:8:3 › Full screen single-item (5.8s)
shsh-check	Verify theme, migrated output and browser behavior	2026-09-18T08:04:45.8823668Z   ✓  207 [webkit] › tests/media.spec.ts:10:1 › responsive candidates, originals, dimensions, loading and figure semantics (2.1s)
shsh-check	Verify theme, migrated output and browser behavior	2026-09-18T08:04:49.5513789Z   ✓  208 [webkit] › tests/media.spec.ts:88:1 › WebP preserves PNG pixels and transparency at each generated width (3.7s)
shsh-check	Verify theme, migrated output and browser behavior	2026-09-18T08:04:49.8093443Z   ✓  206 [webkit] › tests/full-review.spec.ts:136:1 › discovery semantics, keyboard, fixed pages and JavaScript-disabled navigation (7.6s)
shsh-check	Verify theme, migrated output and browser behavior	2026-09-18T08:04:51.9807362Z   ✓  210 [webkit] › tests/media.spec.ts:193:1 › DPR chooses fitting candidates and JavaScript-free media remain usable (2.1s)
shsh-check	Verify theme, migrated output and browser behavior	2026-09-18T08:04:52.3657200Z   ✓  211 [webkit] › tests/metadata.spec.ts:52:1 › RSS uses all ordered articles, plain common summaries and stable document GUIDs (356ms)
shsh-check	Verify theme, migrated output and browser behavior	2026-09-18T08:04:52.7623893Z   ✓  212 [webkit] › tests/metadata.spec.ts:79:1 › taxonomy feeds contain term pages, term feeds filter posts, empty feeds have no fake dates (374ms)
shsh-check	Verify theme, migrated output and browser behavior	2026-09-18T08:04:53.3514985Z   ✓  213 [webkit] › tests/metadata.spec.ts:109:1 › canonical and discovery URLs follow the active pager and build baseURL (572ms)
shsh-check	Verify theme, migrated output and browser behavior	2026-09-18T08:04:53.6662811Z   ✓  214 [webkit] › tests/metadata.spec.ts:135:1 › description, dates and JSON-LD preserve page roles and safe text (301ms)
shsh-check	Verify theme, migrated output and browser behavior	2026-09-18T08:04:54.1015885Z   ✓  215 [webkit] › tests/metadata.spec.ts:170:1 › SNS images use cover, global assets/static/external defaults or none, never body images (416ms)
shsh-check	Verify theme, migrated output and browser behavior	2026-09-18T08:04:54.6023170Z   ✓  216 [webkit] › tests/metadata.spec.ts:193:1 › all XML parses, sitemap and robots follow production and preview (483ms)
shsh-check	Verify theme, migrated output and browser behavior	2026-09-18T08:04:57.8552156Z   ✓  217 [webkit] › tests/migration.spec.ts:36:3 › All migrated outputs: production (3.2s)
shsh-check	Verify theme, migrated output and browser behavior	2026-09-18T08:04:58.5605079Z   ✓  209 [webkit] › tests/media.spec.ts:151:1 › media geometry matches mock, small images stay small, both colors remain accessible (9.0s)
shsh-check	Verify theme, migrated output and browser behavior	2026-09-18T08:04:58.8128996Z   ✓  218 [webkit] › tests/migration.spec.ts:36:3 › All migrated outputs: preview (942ms)
shsh-check	Verify theme, migrated output and browser behavior	2026-09-18T08:04:59.9795090Z   ✓  220 [webkit] › tests/prose.spec.ts:46:1 › failed copy announces manual fallback, permits retry, and resets success after three seconds (1.1s)
shsh-check	Verify theme, migrated output and browser behavior	2026-09-18T08:05:00.5845379Z   ✓  219 [webkit] › tests/prose.spec.ts:18:1 › copy preserves code with Japanese, inline/table numbers, unknown language and no label (2.0s)
shsh-check	Verify theme, migrated output and browser behavior	2026-09-18T08:05:01.7665690Z   ✓  221 [webkit] › tests/prose.spec.ts:73:1 › keyboard reveals copy and Escape returns focus to selectable code (1.8s)
shsh-check	Verify theme, migrated output and browser behavior	2026-09-18T08:05:01.9232709Z   ✓  222 [webkit] › tests/prose.spec.ts:94:1 › touch reveals copy, outside tap and horizontal scroll dismiss it (1.3s)
shsh-check	Verify theme, migrated output and browser behavior	2026-09-18T08:05:03.1921910Z   ✓  223 [webkit] › tests/prose.spec.ts:115:1 › the first tap on a revealed copy button copies exactly once (1.4s)
shsh-check	Verify theme, migrated output and browser behavior	2026-09-18T08:05:06.5792749Z   ✓  225 [webkit] › tests/prose.spec.ts:254:1 › full real article preserves mock prose layout in both palettes and widths (3.4s)
shsh-check	Verify theme, migrated output and browser behavior	2026-09-18T08:05:13.0605880Z   ✓  224 [webkit] › tests/prose.spec.ts:159:1 › prose matches mock type and spacing; footnotes, headings, dates and JS-free reading work (11.1s)
shsh-check	Verify theme, migrated output and browser behavior	2026-09-18T08:05:13.3817052Z   ✓  226 [webkit] › tests/review.spec.ts:69:3 › Representative home comparison, both widths/colors and text enlargement (6.8s)
shsh-check	Verify theme, migrated output and browser behavior	2026-09-18T08:05:19.7472693Z   ✓  227 [webkit] › tests/review.spec.ts:69:3 › Representative posts comparison, both widths/colors and text enlargement (6.7s)
shsh-check	Verify theme, migrated output and browser behavior	2026-09-18T08:05:32.0954488Z   ✓  228 [webkit] › tests/review.spec.ts:69:3 › Representative article comparison, both widths/colors and text enlargement (18.7s)
shsh-check	Verify theme, migrated output and browser behavior	2026-09-18T08:05:33.7993847Z   ✓  229 [webkit] › tests/review.spec.ts:69:3 › Representative specimen comparison, both widths/colors and text enlargement (14.0s)
shsh-check	Verify theme, migrated output and browser behavior	2026-09-18T08:05:34.7734893Z   ✓  230 [webkit] › tests/sharing.spec.ts:14:1 › shared document URLs, encoded titles, service order and keyboard navigation (2.7s)
shsh-check	Verify theme, migrated output and browser behavior	2026-09-18T08:05:35.1712677Z   ✓  231 [webkit] › tests/sharing.spec.ts:59:1 › failed star download preserves reading and share links and announces failure (1.3s)
shsh-check	Verify theme, migrated output and browser behavior	2026-09-18T08:05:36.0273364Z   ✓  232 [webkit] › tests/sharing.spec.ts:72:1 › preview cannot share or load stars; JS-free production retains ordinary links (1.2s)
shsh-check	Verify theme, migrated output and browser behavior	2026-09-18T08:05:38.2976303Z   ✓  233 [webkit] › tests/sharing.spec.ts:103:1 › sharing retains mock geometry and icon styling at both widths and palettes (3.1s)
shsh-check	Verify theme, migrated output and browser behavior	2026-09-18T08:05:42.4296833Z   ✓  234 [webkit] › tests/site.spec.ts:9:3 › Migrated site production: all embed positions, URLs and publication controls (6.4s)
shsh-check	Verify theme, migrated output and browser behavior	2026-09-18T08:05:43.7134700Z   ✓  236 [webkit] › tests/site.spec.ts:99:1 › real video reserves its intrinsic ratio before loading; native playback dimensions agree (1.3s)
shsh-check	Verify theme, migrated output and browser behavior	2026-09-18T08:05:44.2578147Z   ✓  235 [webkit] › tests/site.spec.ts:9:3 › Migrated site preview: all embed positions, URLs and publication controls (5.9s)
shsh-check	Verify theme, migrated output and browser behavior	2026-09-18T08:05:44.2775721Z   ✓  237 [webkit] › tests/theme.spec.ts:4:1 › saved pref-theme is applied before styles load (546ms)
shsh-check	Verify theme, migrated output and browser behavior	2026-09-18T08:05:45.1211248Z   ✓  239 [webkit] › tests/theme.spec.ts:53:1 › invalid and unavailable storage retain OS fallback and allow a page-local choice (824ms)
shsh-check	Verify theme, migrated output and browser behavior	2026-09-18T08:05:45.2853195Z   ✓  238 [webkit] › tests/theme.spec.ts:25:1 › OS follows until a keyboard choice, persists and ignores mock query parameters (1.0s)
shsh-check	Verify theme, migrated output and browser behavior	2026-09-18T08:05:45.6580052Z   ✓  240 [webkit] › tests/theme.spec.ts:78:1 › invalid saved value uses OS preference (520ms)
shsh-check	Verify theme, migrated output and browser behavior	2026-09-18T08:05:46.1043502Z   ✓  241 [webkit] › tests/theme.spec.ts:85:1 › without JavaScript both OS palettes, navigation and subscription remain usable (796ms)
shsh-check	Verify theme, migrated output and browser behavior	2026-09-18T08:05:48.2264193Z   ✓  243 [webkit] › tests/tooling.spec.ts:5:1 › Hugo formatting preserves inline spaces, attributes, render hooks and compiled assets (2.1s)
shsh-check	Verify theme, migrated output and browser behavior	2026-09-18T08:05:50.2380981Z   ✓  242 [webkit] › tests/theme.spec.ts:102:1 › shared shell keeps mock dimensions at desktop and mobile widths in both palettes (4.6s)
shsh-check	Verify theme, migrated output and browser behavior	2026-09-18T08:05:50.3682589Z
shsh-check	Verify theme, migrated output and browser behavior	2026-09-18T08:05:50.3688578Z   243 passed (10.0m)
shsh-check	Run actions/upload-artifact@043fb46d1a93c77aae656e7c1c64a875d1fc6a0a	﻿2026-09-18T08:05:51.3232010Z ##[group]Run actions/upload-artifact@043fb46d1a93c77aae656e7c1c64a875d1fc6a0a
shsh-check	Run actions/upload-artifact@043fb46d1a93c77aae656e7c1c64a875d1fc6a0a	2026-09-18T08:05:51.3232443Z with:
shsh-check	Run actions/upload-artifact@043fb46d1a93c77aae656e7c1c64a875d1fc6a0a	2026-09-18T08:05:51.3232641Z   name: shsh-verification
shsh-check	Run actions/upload-artifact@043fb46d1a93c77aae656e7c1c64a875d1fc6a0a	2026-09-18T08:05:51.3232878Z   include-hidden-files: true
shsh-check	Run actions/upload-artifact@043fb46d1a93c77aae656e7c1c64a875d1fc6a0a	2026-09-18T08:05:51.3233414Z   path: themes/shsh/.cache/ci/
shsh-check	Run actions/upload-artifact@043fb46d1a93c77aae656e7c1c64a875d1fc6a0a	themes/shsh/.cache/migration-results/
shsh-check	Run actions/upload-artifact@043fb46d1a93c77aae656e7c1c64a875d1fc6a0a	themes/shsh/playwright-report/
shsh-check	Run actions/upload-artifact@043fb46d1a93c77aae656e7c1c64a875d1fc6a0a	themes/shsh/test-results/
shsh-check	Run actions/upload-artifact@043fb46d1a93c77aae656e7c1c64a875d1fc6a0a
shsh-check	Run actions/upload-artifact@043fb46d1a93c77aae656e7c1c64a875d1fc6a0a	2026-09-18T08:05:51.3233999Z   retention-days: 14
shsh-check	Run actions/upload-artifact@043fb46d1a93c77aae656e7c1c64a875d1fc6a0a	2026-09-18T08:05:51.3234218Z   if-no-files-found: warn
shsh-check	Run actions/upload-artifact@043fb46d1a93c77aae656e7c1c64a875d1fc6a0a	2026-09-18T08:05:51.3234443Z   compression-level: 6
shsh-check	Run actions/upload-artifact@043fb46d1a93c77aae656e7c1c64a875d1fc6a0a	2026-09-18T08:05:51.3234655Z   overwrite: false
shsh-check	Run actions/upload-artifact@043fb46d1a93c77aae656e7c1c64a875d1fc6a0a	2026-09-18T08:05:51.3234848Z   archive: true
shsh-check	Run actions/upload-artifact@043fb46d1a93c77aae656e7c1c64a875d1fc6a0a	2026-09-18T08:05:51.3235040Z env:
shsh-check	Run actions/upload-artifact@043fb46d1a93c77aae656e7c1c64a875d1fc6a0a	2026-09-18T08:05:51.3235273Z   PNPM_HOME: /home/runner/setup-pnpm/node_modules/.bin
shsh-check	Run actions/upload-artifact@043fb46d1a93c77aae656e7c1c64a875d1fc6a0a	2026-09-18T08:05:51.3235576Z ##[endgroup]
shsh-check	Run actions/upload-artifact@043fb46d1a93c77aae656e7c1c64a875d1fc6a0a	2026-09-18T08:05:51.4823306Z Multiple search paths detected. Calculating the least common ancestor of all paths
shsh-check	Run actions/upload-artifact@043fb46d1a93c77aae656e7c1c64a875d1fc6a0a	2026-09-18T08:05:51.4825995Z The least common ancestor is /home/runner/work/shimoju.jp/shimoju.jp/themes/shsh. This will be the root directory of the artifact
shsh-check	Run actions/upload-artifact@043fb46d1a93c77aae656e7c1c64a875d1fc6a0a	2026-09-18T08:05:51.4827378Z With the provided path, there will be 11 files uploaded
shsh-check	Run actions/upload-artifact@043fb46d1a93c77aae656e7c1c64a875d1fc6a0a	2026-09-18T08:05:51.4828271Z Artifact name is valid!
shsh-check	Run actions/upload-artifact@043fb46d1a93c77aae656e7c1c64a875d1fc6a0a	2026-09-18T08:05:51.4828790Z Root directory input is valid!
shsh-check	Run actions/upload-artifact@043fb46d1a93c77aae656e7c1c64a875d1fc6a0a	2026-09-18T08:05:51.7188559Z Uploading artifact: shsh-verification.zip
shsh-check	Run actions/upload-artifact@043fb46d1a93c77aae656e7c1c64a875d1fc6a0a	2026-09-18T08:05:51.7234540Z Beginning upload of artifact content to blob storage
shsh-check	Run actions/upload-artifact@043fb46d1a93c77aae656e7c1c64a875d1fc6a0a	2026-09-18T08:05:51.9868744Z Uploaded bytes 1848541
shsh-check	Run actions/upload-artifact@043fb46d1a93c77aae656e7c1c64a875d1fc6a0a	2026-09-18T08:05:52.0034485Z Finished uploading artifact content to blob storage!
shsh-check	Run actions/upload-artifact@043fb46d1a93c77aae656e7c1c64a875d1fc6a0a	2026-09-18T08:05:52.0035806Z SHA256 digest of uploaded artifact is 50af83a2a855a806892d8d4f25a03461f26799a4e487f708fb6ac392bfc3a360
shsh-check	Run actions/upload-artifact@043fb46d1a93c77aae656e7c1c64a875d1fc6a0a	2026-09-18T08:05:52.0036841Z Finalizing artifact upload
shsh-check	Run actions/upload-artifact@043fb46d1a93c77aae656e7c1c64a875d1fc6a0a	2026-09-18T08:05:52.2187107Z Artifact shsh-verification successfully finalized. Artifact ID 10537298836
shsh-check	Run actions/upload-artifact@043fb46d1a93c77aae656e7c1c64a875d1fc6a0a	2026-09-18T08:05:52.2187964Z Artifact shsh-verification has been successfully uploaded! Final size is 1848541 bytes. Artifact ID is 10537298836
shsh-check	Run actions/upload-artifact@043fb46d1a93c77aae656e7c1c64a875d1fc6a0a	2026-09-18T08:05:52.2190956Z Artifact download URL: https://github.com/shimoju/shimoju.jp/actions/runs/35321648185/artifacts/10537298836
shsh-check	Post Run pnpm/action-setup@0977fd99725f1db4007ccb2928dbb4e90d06cc86	﻿2026-09-18T08:05:52.2338546Z Post job cleanup.
shsh-check	Post Run pnpm/action-setup@0977fd99725f1db4007ccb2928dbb4e90d06cc86	2026-09-18T08:05:52.3742046Z Pruning is unnecessary.
shsh-check	Post Run actions/setup-node@820762786026740c76f36085b0efc47a31fe5020	﻿2026-09-18T08:05:52.3876367Z Post job cleanup.
shsh-check	Post Run actions/checkout@3d3c42e5aac5ba805825da76410c181273ba90b1	﻿2026-09-18T08:05:52.5260036Z Post job cleanup.
shsh-check	Post Run actions/checkout@3d3c42e5aac5ba805825da76410c181273ba90b1	2026-09-18T08:05:52.6116370Z [command]/usr/bin/git version
shsh-check	Post Run actions/checkout@3d3c42e5aac5ba805825da76410c181273ba90b1	2026-09-18T08:05:52.6171070Z git version 2.55.0
shsh-check	Post Run actions/checkout@3d3c42e5aac5ba805825da76410c181273ba90b1	2026-09-18T08:05:52.6208000Z Temporarily overriding HOME='/home/runner/work/_temp/cd0d16dd-c00b-46cc-8392-9c349c5d77e3' before making global git config changes
shsh-check	Post Run actions/checkout@3d3c42e5aac5ba805825da76410c181273ba90b1	2026-09-18T08:05:52.6209518Z Adding repository directory to the temporary git global config as a safe directory
shsh-check	Post Run actions/checkout@3d3c42e5aac5ba805825da76410c181273ba90b1	2026-09-18T08:05:52.6213017Z [command]/usr/bin/git config --global --add safe.directory /home/runner/work/shimoju.jp/shimoju.jp
shsh-check	Post Run actions/checkout@3d3c42e5aac5ba805825da76410c181273ba90b1	2026-09-18T08:05:52.6244698Z Removing SSH command configuration
shsh-check	Post Run actions/checkout@3d3c42e5aac5ba805825da76410c181273ba90b1	2026-09-18T08:05:52.6251696Z [command]/usr/bin/git config --local --name-only --get-regexp core\.sshCommand
shsh-check	Post Run actions/checkout@3d3c42e5aac5ba805825da76410c181273ba90b1	2026-09-18T08:05:52.6285716Z [command]/usr/bin/git submodule foreach --recursive sh -c "git config --local --name-only --get-regexp 'core\.sshCommand' && git config --local --unset-all 'core.sshCommand' || :"
shsh-check	Post Run actions/checkout@3d3c42e5aac5ba805825da76410c181273ba90b1	2026-09-18T08:05:52.6526263Z Removing HTTP extra header
shsh-check	Post Run actions/checkout@3d3c42e5aac5ba805825da76410c181273ba90b1	2026-09-18T08:05:52.6532845Z [command]/usr/bin/git config --local --name-only --get-regexp http\.https\:\/\/github\.com\/\.extraheader
shsh-check	Post Run actions/checkout@3d3c42e5aac5ba805825da76410c181273ba90b1	2026-09-18T08:05:52.6583525Z [command]/usr/bin/git submodule foreach --recursive sh -c "git config --local --name-only --get-regexp 'http\.https\:\/\/github\.com\/\.extraheader' && git config --local --unset-all 'http.https://github.com/.extraheader' || :"
shsh-check	Post Run actions/checkout@3d3c42e5aac5ba805825da76410c181273ba90b1	2026-09-18T08:05:52.6831115Z Removing includeIf entries pointing to credentials config files
shsh-check	Post Run actions/checkout@3d3c42e5aac5ba805825da76410c181273ba90b1	2026-09-18T08:05:52.6838109Z [command]/usr/bin/git config --local --name-only --get-regexp ^includeIf\.gitdir:
shsh-check	Post Run actions/checkout@3d3c42e5aac5ba805825da76410c181273ba90b1	2026-09-18T08:05:52.6893017Z [command]/usr/bin/git submodule foreach --recursive git config --local --show-origin --name-only --get-regexp remote.origin.url
shsh-check	Complete job	﻿2026-09-18T08:05:52.7271167Z Cleaning up orphan processes
